family,n,m,k_colors,average_degree,realized_average_degree,trial,seed,recolor_steps,sweeps,node_evaluations,activation_count,initial_potential,final_potential,converged,edge_bound,degree_square_sum
er,100,202,2,4.0,4.04,0,1934557323,38,0,771,771,106,43,True,202,2056
er,100,192,2,4.0,3.84,1,3383536455,35,0,555,555,95,40,True,192,1842
er,100,204,2,4.0,4.08,2,4283268586,31,0,371,371,94,49,True,204,1960
er,100,195,2,4.0,3.9,3,3597421830,32,0,294,294,100,45,True,195,1886
er,100,192,2,4.0,3.84,4,3742267195,25,0,291,291,89,41,True,192,1808
er,100,200,2,4.0,4.0,5,3455094062,30,0,1292,1292,92,47,True,200,1954
er,100,211,2,4.0,4.22,6,222959503,37,0,688,688,107,50,True,211,2182
er,100,190,2,4.0,3.8,7,1609841846,39,0,573,573,104,38,True,190,1860
er,100,204,2,4.0,4.08,8,3285639427,32,0,793,793,101,46,True,204,2066
er,100,210,2,4.0,4.2,9,3008637242,29,0,520,520,98,46,True,210,2138
er,100,196,2,4.0,3.92,10,3041163038,32,0,236,236,101,47,True,196,1916
er,100,182,2,4.0,3.64,11,2518976357,32,0,529,529,92,38,True,182,1666
er,100,207,2,4.0,4.14,12,1663458600,33,0,511,511,100,49,True,207,2038
er,100,218,2,4.0,4.36,13,1804967937,26,0,653,653,107,52,True,218,2450
er,100,218,2,4.0,4.36,14,3736577949,31,0,435,435,106,51,True,218,2272
er,100,189,2,4.0,3.78,15,3740877292,32,0,952,952,94,37,True,189,1776
er,100,191,2,4.0,3.82,16,1744835052,33,0,241,241,104,49,True,191,1760
er,100,206,2,4.0,4.12,17,4045876115,32,0,404,404,92,50,True,206,1992
er,100,200,2,4.0,4.0,18,2070859965,28,0,397,397,87,43,True,200,1986
er,100,201,2,4.0,4.02,19,204126545,39,0,376,376,110,43,True,201,1924
er,100,226,2,4.0,4.52,20,796219171,33,0,401,401,110,48,True,226,2450
er,100,199,2,4.0,3.98,21,3235293675,32,0,260,260,109,48,True,199,2012
er,100,192,2,4.0,3.84,22,1274846377,27,0,322,322,93,45,True,192,1816
er,100,196,2,4.0,3.92,23,2892676883,39,0,322,322,103,39,True,196,1814
er,100,214,2,4.0,4.28,24,1427796757,34,0,558,558,108,47,True,214,2138
er,100,209,2,4.0,4.18,25,1289082992,35,0,436,436,116,53,True,209,2232
er,100,229,2,4.0,4.58,26,837562426,35,0,437,437,119,54,True,229,2490
er,100,175,2,4.0,3.5,27,3617302536,28,0,357,357,80,33,True,175,1550
er,100,221,2,4.0,4.42,28,1995681971,32,0,397,397,106,53,True,221,2302
er,100,222,2,4.0,4.44,29,621383892,30,0,710,710,97,51,True,222,2416
er,100,219,2,4.0,4.38,30,1583361403,32,0,446,446,106,55,True,219,2356
er,100,189,2,4.0,3.78,31,2490456768,28,0,380,380,97,46,True,189,1830
er,100,199,2,4.0,3.98,32,3489024136,35,0,557,557,104,45,True,199,1924
er,100,205,2,4.0,4.1,33,2223387271,34,0,332,332,102,48,True,205,2080
er,100,191,2,4.0,3.82,34,718182643,41,0,677,677,107,42,True,191,1728
er,100,213,2,4.0,4.26,35,2545527636,29,0,714,714,97,45,True,213,2162
er,100,181,2,4.0,3.62,36,3845262935,36,0,324,324,95,45,True,181,1772
er,100,220,2,4.0,4.4,37,1610256897,37,0,270,270,110,52,True,220,2308
er,100,208,2,4.0,4.16,38,2913332854,36,0,687,687,108,40,True,208,2134
er,100,186,2,4.0,3.72,39,891190815,37,0,392,392,106,41,True,186,1700
er,200,386,2,4.0,3.86,0,1403825569,65,0,853,853,211,87,True,386,3714
er,200,364,2,4.0,3.64,1,3715415040,71,0,1595,1595,193,79,True,364,3398
er,200,368,2,4.0,3.68,2,265062386,54,0,877,877,168,84,True,368,3412
er,200,361,2,4.0,3.61,3,1677551766,64,0,1380,1380,183,81,True,361,3270
er,200,399,2,4.0,3.99,4,1251639492,66,0,1441,1441,195,80,True,399,3974
er,200,370,2,4.0,3.7,5,1703317121,60,0,917,917,179,87,True,370,3454
er,200,395,2,4.0,3.95,6,1271697616,56,0,884,884,191,87,True,395,3988
er,200,415,2,4.0,4.15,7,865885293,70,0,952,952,220,99,True,415,4340
er,200,402,2,4.0,4.02,8,107211846,77,0,1667,1667,206,87,True,402,3994
er,200,379,2,4.0,3.79,9,1836316461,62,0,1496,1496,182,79,True,379,3596
er,200,390,2,4.0,3.9,10,628697458,65,0,805,805,199,74,True,390,3778
er,200,400,2,4.0,4.0,11,1402226324,67,0,1422,1422,197,90,True,400,3942
er,200,419,2,4.0,4.19,12,1278907611,72,0,1154,1154,211,85,True,419,4348
er,200,403,2,4.0,4.03,13,3098081207,69,0,913,913,194,88,True,403,4014
er,200,433,2,4.0,4.33,14,2236995166,59,0,2351,2351,199,85,True,433,4632
er,200,388,2,4.0,3.88,15,3400398615,62,0,817,817,191,89,True,388,3744
er,200,416,2,4.0,4.16,16,2604064035,76,0,1023,1023,225,99,True,416,4288
er,200,396,2,4.0,3.96,17,3823029889,59,0,1256,1256,197,90,True,396,3914
er,200,421,2,4.0,4.21,18,139466354,69,0,1751,1751,217,105,True,421,4322
er,200,396,2,4.0,3.96,19,3469119006,66,0,934,934,189,84,True,396,4004
er,200,444,2,4.0,4.44,20,935104739,73,0,819,819,234,99,True,444,4862
er,200,350,2,4.0,3.5,21,792302687,61,0,925,925,167,70,True,350,3118
er,200,403,2,4.0,4.03,22,1911429442,55,0,1278,1278,206,100,True,403,4032
er,200,434,2,4.0,4.34,23,3325164153,62,0,785,785,219,101,True,434,4704
er,200,405,2,4.0,4.05,24,1434737426,61,0,1021,1021,208,98,True,405,4024
er,200,385,2,4.0,3.85,25,1838581080,59,0,1031,1031,204,97,True,385,3794
er,200,386,2,4.0,3.86,26,801576264,58,0,813,813,181,91,True,386,3644
er,200,404,2,4.0,4.04,27,691512853,72,0,1039,1039,215,89,True,404,4144
er,200,369,2,4.0,3.69,28,1680145267,70,0,491,491,184,82,True,369,3432
er,200,379,2,4.0,3.79,29,3422834544,51,0,790,790,176,83,True,379,3546
er,200,386,2,4.0,3.86,30,1348823789,57,0,818,818,181,88,True,386,3700
er,200,427,2,4.0,4.27,31,2748186447,66,0,847,847,213,98,True,427,4576
er,200,387,2,4.0,3.87,32,2626864021,63,0,1122,1122,181,71,True,387,3852
er,200,398,2,4.0,3.98,33,3434658186,65,0,1055,1055,197,89,True,398,3888
er,200,420,2,4.0,4.2,34,2887872053,72,0,1329,1329,215,108,True,420,4520
er,200,398,2,4.0,3.98,35,4027203390,61,0,1848,1848,189,90,True,398,4004
er,200,441,2,4.0,4.41,36,1317842256,66,0,870,870,218,105,True,441,4880
er,200,391,2,4.0,3.91,37,3653622013,69,0,895,895,193,93,True,391,3864
er,200,402,2,4.0,4.02,38,2133794383,55,0,1494,1494,198,92,True,402,4030
er,200,411,2,4.0,4.11,39,3460643909,59,0,898,898,199,97,True,411,4262
er,400,754,2,4.0,3.77,0,784979647,141,0,2243,2243,379,175,True,754,7346
er,400,804,2,4.0,4.02,1,3224269882,127,0,2280,2280,392,179,True,804,8054
er,400,801,2,4.0,4.005,2,2637515382,133,0,2521,2521,401,191,True,801,7840
er,400,781,2,4.0,3.905,3,2113591270,149,0,2121,2121,398,161,True,781,7790
er,400,790,2,4.0,3.95,4,318765998,129,0,1748,1748,406,175,True,790,7894
er,400,813,2,4.0,4.065,5,877331431,105,0,2750,2750,369,185,True,813,8368
er,400,771,2,4.0,3.855,6,341550194,134,0,2498,2498,399,178,True,771,7670
er,400,808,2,4.0,4.04,7,446186388,125,0,3487,3487,410,192,True,808,8134
er,400,753,2,4.0,3.765,8,3346831780,120,0,1599,1599,382,165,True,753,7192
er,400,794,2,4.0,3.97,9,2333976774,131,0,3156,3156,410,181,True,794,7878
er,400,796,2,4.0,3.98,10,3412867132,118,0,3290,3290,375,177,True,796,8026
er,400,878,2,4.0,4.39,11,2367820302,123,0,2882,2882,414,223,True,878,9410
er,400,834,2,4.0,4.17,12,2637513489,108,0,3018,3018,385,205,True,834,8688
er,400,818,2,4.0,4.09,13,713949108,141,0,2444,2444,442,200,True,818,8252
er,400,810,2,4.0,4.05,14,1161409637,133,0,2931,2931,414,184,True,810,8124
er,400,807,2,4.0,4.035,15,2725795401,123,0,2173,2173,394,194,True,807,8262
er,400,805,2,4.0,4.025,16,1213665061,121,0,2251,2251,407,192,True,805,8090
er,400,809,2,4.0,4.045,17,3138348534,123,0,2375,2375,397,190,True,809,8356
er,400,835,2,4.0,4.175,18,2118102992,138,0,2974,2974,409,182,True,835,8556
er,400,800,2,4.0,4.0,19,1162293492,123,0,1871,1871,395,189,True,800,7972
er,400,793,2,4.0,3.965,20,1660754521,109,0,1554,1554,382,191,True,793,7942
er,400,831,2,4.0,4.155,21,2672676204,129,0,3119,3119,420,185,True,831,8594
er,400,814,2,4.0,4.07,22,3332863830,127,0,2068,2068,407,185,True,814,8242
er,400,788,2,4.0,3.94,23,1980553185,115,0,2263,2263,390,191,True,788,7732
er,400,791,2,4.0,3.955,24,34436143,144,0,2588,2588,420,171,True,791,7888
er,400,792,2,4.0,3.96,25,2809301715,139,0,3249,3249,416,184,True,792,7934
er,400,815,2,4.0,4.075,26,3331742406,121,0,2676,2676,395,174,True,815,8090
er,400,778,2,4.0,3.89,27,3898890827,120,0,2878,2878,378,185,True,778,7806
er,400,782,2,4.0,3.91,28,1385882735,126,0,2374,2374,394,181,True,782,7838
er,400,815,2,4.0,4.075,29,2833834537,129,0,1802,1802,418,185,True,815,8470
er,400,809,2,4.0,4.045,30,2274134804,131,0,2938,2938,381,183,True,809,8288
er,400,768,2,4.0,3.84,31,358878265,131,0,2398,2398,390,169,True,768,7448
er,400,860,2,4.0,4.3,32,16651474,122,0,3276,3276,432,211,True,860,9080
er,400,840,2,4.0,4.2,33,2681979638,132,0,2649,2649,427,192,True,840,8788
er,400,781,2,4.0,3.905,34,1575097171,132,0,2095,2095,423,193,True,781,7762
er,400,763,2,4.0,3.815,35,3310888225,131,0,2340,2340,382,172,True,763,7452
er,400,808,2,4.0,4.04,36,1597309204,117,0,2150,2150,407,179,True,808,7982
er,400,790,2,4.0,3.95,37,1308917815,116,0,2640,2640,407,194,True,790,7930
er,400,799,2,4.0,3.995,38,3076237120,128,0,1743,1743,396,186,True,799,8284
er,400,795,2,4.0,3.975,39,385163376,137,0,2570,2570,402,174,True,795,7790
er,800,1702,2,4.0,4.255,0,343610413,269,0,6441,6441,877,421,True,1702,17746
er,800,1658,2,4.0,4.145,1,2712817830,251,0,5983,5983,819,396,True,1658,17082
er,800,1590,2,4.0,3.975,2,3518069344,252,0,5565,5565,792,348,True,1590,16016
er,800,1528,2,4.0,3.82,3,3381819726,233,0,5306,5306,757,352,True,1528,15094
er,800,1605,2,4.0,4.0125,4,237782959,246,0,8390,8390,799,380,True,1605,15934
er,800,1566,2,4.0,3.915,5,500501465,255,0,8251,8251,768,334,True,1566,15168
er,800,1589,2,4.0,3.9725,6,3086624941,241,0,5626,5626,773,364,True,1589,15558
er,800,1586,2,4.0,3.965,7,3118381398,259,0,4375,4375,776,341,True,1586,15754
er,800,1532,2,4.0,3.83,8,1056218632,264,0,5305,5305,777,344,True,1532,14600
er,800,1634,2,4.0,4.085,9,394793117,281,0,5180,5180,844,382,True,1634,16562
er,800,1491,2,4.0,3.7275,10,4266359515,227,0,4471,4471,727,356,True,1491,14042
er,800,1590,2,4.0,3.975,11,293324203,268,0,5945,5945,815,359,True,1590,16010
er,800,1544,2,4.0,3.86,12,2196122310,232,0,4894,4894,760,364,True,1544,14832
er,800,1520,2,4.0,3.8,13,354086929,241,0,6798,6798,753,345,True,1520,14804
er,800,1563,2,4.0,3.9075,14,3426215952,254,0,5158,5158,794,356,True,1563,15332
er,800,1606,2,4.0,4.015,15,1505732280,237,0,5271,5271,792,386,True,1606,16142
er,800,1675,2,4.0,4.1875,16,1505717677,256,0,6524,6524,814,374,True,1675,17424
er,800,1653,2,4.0,4.1325,17,2442648668,247,0,5587,5587,839,396,True,1653,16894
er,800,1631,2,4.0,4.0775,18,135730217,270,0,5618,5618,821,371,True,1631,16544
er,800,1595,2,4.0,3.9875,19,4068612003,229,0,4957,4957,790,378,True,1595,15700
er,800,1571,2,4.0,3.9275,20,455853976,248,0,5587,5587,755,353,True,1571,15574
er,800,1645,2,4.0,4.1125,21,1470740122,254,0,4409,4409,808,377,True,1645,16768
er,800,1642,2,4.0,4.105,22,221644234,245,0,4260,4260,812,379,True,1642,16550
er,800,1609,2,4.0,4.0225,23,141188725,265,0,5313,5313,797,357,True,1609,15952
er,800,1603,2,4.0,4.0075,24,107142464,251,0,6616,6616,783,378,True,1603,15986
er,800,1516,2,4.0,3.79,25,1695087099,246,0,4844,4844,754,346,True,1516,14428
er,800,1628,2,4.0,4.07,26,3658895622,233,0,5555,5555,778,375,True,1628,16444
er,800,1608,2,4.0,4.02,27,2921106753,266,0,6675,6675,808,369,True,1608,16058
er,800,1524,2,4.0,3.81,28,2360589616,290,0,6698,6698,794,327,True,1524,14378
er,800,1608,2,4.0,4.02,29,26431740,241,0,5954,5954,801,359,True,1608,16262
er,800,1635,2,4.0,4.0875,30,1378216317,245,0,4087,4087,793,388,True,1635,16498
er,800,1560,2,4.0,3.9,31,1261174020,232,0,4340,4340,753,369,True,1560,15418
er,800,1605,2,4.0,4.0125,32,4035059918,260,0,8713,8713,793,369,True,1605,16314
er,800,1593,2,4.0,3.9825,33,1910103327,240,0,6676,6676,774,373,True,1593,15876
er,800,1659,2,4.0,4.1475,34,996428743,254,0,4929,4929,833,377,True,1659,17128
er,800,1527,2,4.0,3.8175,35,2249375065,251,0,5402,5402,778,342,True,1527,14712
er,800,1649,2,4.0,4.1225,36,3789811316,274,0,7157,7157,829,378,True,1649,16654
er,800,1589,2,4.0,3.9725,37,3016186918,269,0,6143,6143,798,348,True,1589,15542
er,800,1549,2,4.0,3.8725,38,341022714,246,0,5405,5405,800,379,True,1549,15524
er,800,1572,2,4.0,3.93,39,800110464,234,0,6186,6186,748,350,True,1572,15570
ba,100,196,2,4.0,3.92,0,3192658091,25,0,256,256,104,50,True,196,2726
ba,100,196,2,4.0,3.92,1,2678081474,28,0,247,247,100,48,True,196,2596
ba,100,196,2,4.0,3.92,2,2702236852,20,0,609,609,82,50,True,196,2904
ba,100,196,2,4.0,3.92,3,2238124534,33,0,456,456,109,44,True,196,2870
ba,100,196,2,4.0,3.92,4,3692290391,26,0,366,366,98,55,True,196,2660
ba,100,196,2,4.0,3.92,5,2812894824,29,0,374,374,92,44,True,196,2808
ba,100,196,2,4.0,3.92,6,2172498843,22,0,272,272,98,50,True,196,3006
ba,100,196,2,4.0,3.92,7,584437214,31,0,367,367,104,45,True,196,2782
ba,100,196,2,4.0,3.92,8,610860862,21,0,525,525,89,48,True,196,3224
ba,100,196,2,4.0,3.92,9,1872792671,23,0,234,234,96,43,True,196,3438
ba,100,196,2,4.0,3.92,10,367293505,21,0,202,202,92,51,True,196,3210
ba,100,196,2,4.0,3.92,11,2809719970,28,0,294,294,108,50,True,196,3056
ba,100,196,2,4.0,3.92,12,283536169,16,0,200,200,89,53,True,196,2648
ba,100,196,2,4.0,3.92,13,1093301167,27,0,310,310,93,45,True,196,3656
ba,100,196,2,4.0,3.92,14,3270413823,22,0,216,216,92,52,True,196,3022
ba,100,196,2,4.0,3.92,15,1404411457,29,0,515,515,104,46,True,196,2610
ba,100,196,2,4.0,3.92,16,878256810,28,0,983,983,106,48,True,196,2828
ba,100,196,2,4.0,3.92,17,978446212,22,0,227,227,99,52,True,196,2940
ba,100,196,2,4.0,3.92,18,2369439950,28,0,362,362,100,46,True,196,3018
ba,100,196,2,4.0,3.92,19,1368174590,30,0,436,436,92,44,True,196,2636
ba,100,196,2,4.0,3.92,20,684401762,27,0,510,510,107,52,True,196,3042
ba,100,196,2,4.0,3.92,21,212520015,27,0,615,615,90,46,True,196,3110
ba,100,196,2,4.0,3.92,22,3526829749,27,0,367,367,106,51,True,196,2678
ba,100,196,2,4.0,3.92,23,3951346562,32,0,504,504,108,47,True,196,2790
ba,100,196,2,4.0,3.92,24,342952829,22,0,197,197,93,47,True,196,2824
ba,100,196,2,4.0,3.92,25,236798297,23,0,487,487,97,43,True,196,2946
ba,100,196,2,4.0,3.92,26,669313313,27,0,296,296,97,50,True,196,3004
ba,100,196,2,4.0,3.92,27,2265977096,29,0,540,540,104,47,True,196,2660
ba,100,196,2,4.0,3.92,28,2174339728,26,0,526,526,93,48,True,196,2770
ba,100,196,2,4.0,3.92,29,1481687118,25,0,293,293,97,52,True,196,2740
ba,100,196,2,4.0,3.92,30,4122605355,27,0,473,473,97,46,True,196,3618
ba,100,196,2,4.0,3.92,31,3824063910,22,0,399,399,95,50,True,196,2804
ba,100,196,2,4.0,3.92,32,2312925925,27,0,343,343,103,53,True,196,2764
ba,100,196,2,4.0,3.92,33,2062270355,27,0,550,550,95,44,True,196,2968
ba,100,196,2,4.0,3.92,34,390594698,23,0,357,357,92,47,True,196,3058
ba,100,196,2,4.0,3.92,35,3023424607,27,0,579,579,105,50,True,196,3018
ba,100,196,2,4.0,3.92,36,1087516879,27,0,274,274,94,44,True,196,2776
ba,100,196,2,4.0,3.92,37,2689283193,41,0,333,333,116,44,True,196,3226
ba,100,196,2,4.0,3.92,38,1668200084,24,0,430,430,96,55,True,196,2650
ba,100,196,2,4.0,3.92,39,4177541658,25,0,296,296,94,43,True,196,2732
ba,200,396,2,4.0,3.96,0,1003675968,60,0,761,761,215,103,True,396,6242
ba,200,396,2,4.0,3.96,1,996005977,60,0,898,898,207,92,True,396,5990
ba,200,396,2,4.0,3.96,2,14528642,62,0,893,893,219,102,True,396,6476
ba,200,396,2,4.0,3.96,3,2070270201,58,0,847,847,197,92,True,396,6680
ba,200,396,2,4.0,3.96,4,683736777,48,0,934,934,187,105,True,396,6786
ba,200,396,2,4.0,3.96,5,3532920824,45,0,707,707,182,91,True,396,5340
ba,200,396,2,4.0,3.96,6,1052431515,64,0,1060,1060,222,104,True,396,6224
ba,200,396,2,4.0,3.96,7,3526714041,52,0,1038,1038,193,103,True,396,7100
ba,200,396,2,4.0,3.96,8,1444774477,47,0,618,618,188,104,True,396,6220
ba,200,396,2,4.0,3.96,9,1833802378,50,0,509,509,198,97,True,396,6712
ba,200,396,2,4.0,3.96,10,2958946509,53,0,934,934,191,96,True,396,5518
ba,200,396,2,4.0,3.96,11,389399865,51,0,912,912,200,102,True,396,7458
ba,200,396,2,4.0,3.96,12,378097005,49,0,1309,1309,185,92,True,396,6830
ba,200,396,2,4.0,3.96,13,4256324875,62,0,912,912,216,100,True,396,6756
ba,200,396,2,4.0,3.96,14,437890668,55,0,670,670,211,104,True,396,6974
ba,200,396,2,4.0,3.96,15,1372557374,49,0,1083,1083,191,101,True,396,6978
ba,200,396,2,4.0,3.96,16,3042407561,50,0,571,571,195,95,True,396,6684
ba,200,396,2,4.0,3.96,17,1810985096,54,0,1048,1048,192,92,True,396,6598
ba,200,396,2,4.0,3.96,18,2072395188,46,0,774,774,178,104,True,396,7270
ba,200,396,2,4.0,3.96,19,4222237429,58,0,1121,1121,196,97,True,396,8082
ba,200,396,2,4.0,3.96,20,1833143102,50,0,608,608,213,110,True,396,6862
ba,200,396,2,4.0,3.96,21,82973547,52,0,898,898,197,97,True,396,7268
ba,200,396,2,4.0,3.96,22,2261752791,57,0,903,903,199,105,True,396,6560
ba,200,396,2,4.0,3.96,23,1245570128,42,0,1234,1234,182,104,True,396,6580
ba,200,396,2,4.0,3.96,24,536723139,53,0,1310,1310,189,90,True,396,7036
ba,200,396,2,4.0,3.96,25,3871785583,46,0,785,785,193,103,True,396,6554
ba,200,396,2,4.0,3.96,26,1905310040,57,0,1559,1559,205,88,True,396,6002
ba,200,396,2,4.0,3.96,27,3208337840,52,0,1116,1116,195,97,True,396,7096
ba,200,396,2,4.0,3.96,28,3533358319,61,0,950,950,200,95,True,396,7330
ba,200,396,2,4.0,3.96,29,1758214837,61,0,846,846,204,90,True,396,5972
ba,200,396,2,4.0,3.96,30,2519841641,48,0,1019,1019,196,104,True,396,6378
ba,200,396,2,4.0,3.96,31,3203995300,47,0,802,802,204,97,True,396,7236
ba,200,396,2,4.0,3.96,32,1523101604,57,0,1345,1345,201,95,True,396,7358
ba,200,396,2,4.0,3.96,33,2966319148,50,0,1604,1604,195,99,True,396,6804
ba,200,396,2,4.0,3.96,34,4198558385,59,0,954,954,195,99,True,396,5988
ba,200,396,2,4.0,3.96,35,371524188,49,0,1144,1144,192,97,True,396,5724
ba,200,396,2,4.0,3.96,36,2825999704,66,0,666,666,212,84,True,396,6708
ba,200,396,2,4.0,3.96,37,2044360141,55,0,1010,1010,199,92,True,396,8070
ba,200,396,2,4.0,3.96,38,3500341589,56,0,934,934,203,99,True,396,6424
ba,200,396,2,4.0,3.96,39,1015904705,38,0,475,475,180,102,True,396,6196
ba,400,796,2,4.0,3.98,0,821468060,129,0,1818,1818,414,178,True,796,14426
ba,400,796,2,4.0,3.98,1,2479551438,107,0,3256,3256,414,201,True,796,13040
ba,400,796,2,4.0,3.98,2,3288533084,102,0,2772,2772,389,192,True,796,13704
ba,400,796,2,4.0,3.98,3,3140475187,105,0,1587,1587,388,198,True,796,14800
ba,400,796,2,4.0,3.98,4,1444640330,113,0,3374,3374,409,199,True,796,13700
ba,400,796,2,4.0,3.98,5,1490238719,105,0,2732,2732,390,200,True,796,13858
ba,400,796,2,4.0,3.98,6,3224267319,111,0,2877,2877,400,195,True,796,14676
ba,400,796,2,4.0,3.98,7,2923393555,110,0,2261,2261,392,190,True,796,14324
ba,400,796,2,4.0,3.98,8,2824139532,105,0,2584,2584,392,210,True,796,13272
ba,400,796,2,4.0,3.98,9,1706627902,94,0,1814,1814,376,204,True,796,15558
ba,400,796,2,4.0,3.98,10,971796804,135,0,2124,2124,429,190,True,796,13470
ba,400,796,2,4.0,3.98,11,386653831,99,0,2126,2126,404,197,True,796,14574
ba,400,796,2,4.0,3.98,12,2034456791,107,0,2166,2166,383,193,True,796,14370
ba,400,796,2,4.0,3.98,13,3131045406,105,0,2813,2813,383,191,True,796,15582
ba,400,796,2,4.0,3.98,14,1407095979,113,0,2462,2462,406,196,True,796,13714
ba,400,796,2,4.0,3.98,15,2921002403,119,0,2565,2565,403,186,True,796,16704
ba,400,796,2,4.0,3.98,16,610315262,116,0,2457,2457,392,182,True,796,13854
ba,400,796,2,4.0,3.98,17,1549835857,106,0,1779,1779,396,193,True,796,19432
ba,400,796,2,4.0,3.98,18,1949961856,111,0,2108,2108,402,201,True,796,16486
ba,400,796,2,4.0,3.98,19,1697832813,117,0,2278,2278,413,196,True,796,13294
ba,400,796,2,4.0,3.98,20,4044737064,108,0,1300,1300,390,196,True,796,16048
ba,400,796,2,4.0,3.98,21,3431104419,105,0,2557,2557,381,197,True,796,16634
ba,400,796,2,4.0,3.98,22,371839113,102,0,2415,2415,391,202,True,796,15088
ba,400,796,2,4.0,3.98,23,2238469425,104,0,1986,1986,391,207,True,796,13178
ba,400,796,2,4.0,3.98,24,2107586849,111,0,1638,1638,405,189,True,796,14842
ba,400,796,2,4.0,3.98,25,3643620076,115,0,2762,2762,402,189,True,796,13456
ba,400,796,2,4.0,3.98,26,1415456670,123,0,1993,1993,418,185,True,796,13678
ba,400,796,2,4.0,3.98,27,2426495746,129,0,2084,2084,421,204,True,796,18150
ba,400,796,2,4.0,3.98,28,1354807029,112,0,2008,2008,405,198,True,796,14144
ba,400,796,2,4.0,3.98,29,1483448387,126,0,3039,3039,424,192,True,796,15496
ba,400,796,2,4.0,3.98,30,2489932729,108,0,2107,2107,403,197,True,796,14722
ba,400,796,2,4.0,3.98,31,3476011746,107,0,2557,2557,393,196,True,796,15004
ba,400,796,2,4.0,3.98,32,2195378454,112,0,1793,1793,402,200,True,796,14434
ba,400,796,2,4.0,3.98,33,3211438704,112,0,1786,1786,392,184,True,796,15082
ba,400,796,2,4.0,3.98,34,1523829642,121,0,2165,2165,405,197,True,796,16054
ba,400,796,2,4.0,3.98,35,1639592043,105,0,1830,1830,398,210,True,796,17390
ba,400,796,2,4.0,3.98,36,771642239,94,0,2048,2048,372,186,True,796,14928
ba,400,796,2,4.0,3.98,37,2979774892,107,0,2248,2248,400,199,True,796,13556
ba,400,796,2,4.0,3.98,38,3059234543,125,0,2346,2346,402,191,True,796,14232
ba,400,796,2,4.0,3.98,39,2288380969,120,0,2056,2056,422,196,True,796,16524
ba,800,1596,2,4.0,3.99,0,3346547608,215,0,6155,6155,776,377,True,1596,30584
ba,800,1596,2,4.0,3.99,1,4155890042,209,0,4985,4985,797,397,True,1596,32696
ba,800,1596,2,4.0,3.99,2,4052778059,207,0,5687,5687,774,387,True,1596,30096
ba,800,1596,2,4.0,3.99,3,4024218690,229,0,4982,4982,791,386,True,1596,30550
ba,800,1596,2,4.0,3.99,4,3295912218,195,0,6455,6455,761,410,True,1596,33046
ba,800,1596,2,4.0,3.99,5,189800506,217,0,8473,8473,796,403,True,1596,32966
ba,800,1596,2,4.0,3.99,6,3268274620,212,0,6334,6334,794,406,True,1596,34232
ba,800,1596,2,4.0,3.99,7,2950717998,222,0,8232,8232,790,397,True,1596,38030
ba,800,1596,2,4.0,3.99,8,3789402260,240,0,4693,4693,820,387,True,1596,31102
ba,800,1596,2,4.0,3.99,9,25889681,217,0,6712,6712,800,392,True,1596,31900
ba,800,1596,2,4.0,3.99,10,2741171628,215,0,5217,5217,791,398,True,1596,32312
ba,800,1596,2,4.0,3.99,11,887876190,224,0,4370,4370,793,374,True,1596,35118
ba,800,1596,2,4.0,3.99,12,608164229,215,0,4881,4881,802,408,True,1596,31866
ba,800,1596,2,4.0,3.99,13,2320453399,228,0,5945,5945,808,406,True,1596,35614
ba,800,1596,2,4.0,3.99,14,4093322373,224,0,5377,5377,804,392,True,1596,32494
ba,800,1596,2,4.0,3.99,15,4186519048,229,0,4006,4006,813,396,True,1596,35256
ba,800,1596,2,4.0,3.99,16,1093553302,215,0,4571,4571,796,393,True,1596,35288
ba,800,1596,2,4.0,3.99,17,2020518982,200,0,4107,4107,769,381,True,1596,33912
ba,800,1596,2,4.0,3.99,18,1763918028,202,0,5954,5954,811,389,True,1596,32436
ba,800,1596,2,4.0,3.99,19,2419205997,217,0,4350,4350,803,394,True,1596,37570
ba,800,1596,2,4.0,3.99,20,660585261,232,0,4606,4606,816,388,True,1596,28936
ba,800,1596,2,4.0,3.99,21,613906894,212,0,6736,6736,792,383,True,1596,30366
ba,800,1596,2,4.0,3.99,22,2335594255,224,0,5940,5940,837,402,True,1596,34692
ba,800,1596,2,4.0,3.99,23,1574520964,227,0,5471,5471,793,385,True,1596,30604
ba,800,1596,2,4.0,3.99,24,3268134568,217,0,5506,5506,814,382,True,1596,42472
ba,800,1596,2,4.0,3.99,25,1546626118,222,0,4601,4601,772,377,True,1596,30142
ba,800,1596,2,4.0,3.99,26,1808683876,238,0,4986,4986,823,407,True,1596,32790
ba,800,1596,2,4.0,3.99,27,734313323,218,0,4359,4359,797,395,True,1596,37588
ba,800,1596,2,4.0,3.99,28,2039310497,212,0,3234,3234,752,381,True,1596,30020
ba,800,1596,2,4.0,3.99,29,2222829188,213,0,4876,4876,805,407,True,1596,31362
ba,800,1596,2,4.0,3.99,30,3334021798,223,0,5847,5847,821,400,True,1596,33488
ba,800,1596,2,4.0,3.99,31,3068008579,212,0,4050,4050,796,424,True,1596,38052
ba,800,1596,2,4.0,3.99,32,1602554855,206,0,4669,4669,795,402,True,1596,31440
ba,800,1596,2,4.0,3.99,33,136028342,210,0,4371,4371,774,394,True,1596,36376
ba,800,1596,2,4.0,3.99,34,1935763256,199,0,6288,6288,776,399,True,1596,34390
ba,800,1596,2,4.0,3.99,35,1629196890,228,0,4473,4473,812,381,True,1596,30342
ba,800,1596,2,4.0,3.99,36,454527486,185,0,6146,6146,778,435,True,1596,30710
ba,800,1596,2,4.0,3.99,37,1183371343,195,0,5965,5965,765,381,True,1596,36960
ba,800,1596,2,4.0,3.99,38,616909922,210,0,5632,5632,785,417,True,1596,37118
ba,800,1596,2,4.0,3.99,39,2952317933,235,0,3983,3983,812,378,True,1596,33700
ws,100,200,2,4.0,4.0,0,2257325672,31,0,424,424,116,60,True,200,1640
ws,100,200,2,4.0,4.0,1,3900527851,18,0,401,401,91,57,True,200,1648
ws,100,200,2,4.0,4.0,2,1263496198,17,0,219,219,94,61,True,200,1640
ws,100,200,2,4.0,4.0,3,4175678429,25,0,391,391,89,56,True,200,1644
ws,100,200,2,4.0,4.0,4,2264808325,33,0,353,353,104,53,True,200,1634
ws,100,200,2,4.0,4.0,5,2045770981,20,0,413,413,102,63,True,200,1634
ws,100,200,2,4.0,4.0,6,2262576543,22,0,396,396,97,60,True,200,1628
ws,100,200,2,4.0,4.0,7,27062898,28,0,520,520,98,51,True,200,1654
ws,100,200,2,4.0,4.0,8,4017270320,19,0,263,263,91,59,True,200,1644
ws,100,200,2,4.0,4.0,9,2945508565,21,0,505,505,96,53,True,200,1630
ws,100,200,2,4.0,4.0,10,434614913,18,0,562,562,95,63,True,200,1642
ws,100,200,2,4.0,4.0,11,1131651229,20,0,407,407,90,56,True,200,1650
ws,100,200,2,4.0,4.0,12,1558749106,22,0,366,366,97,62,True,200,1626
ws,100,200,2,4.0,4.0,13,3228836635,17,0,347,347,90,61,True,200,1632
ws,100,200,2,4.0,4.0,14,3596663639,27,0,354,354,110,58,True,200,1636
ws,100,200,2,4.0,4.0,15,186218229,20,0,319,319,99,60,True,200,1624
ws,100,200,2,4.0,4.0,16,1853580807,22,0,162,162,99,60,True,200,1642
ws,100,200,2,4.0,4.0,17,3643283143,20,0,378,378,93,62,True,200,1652
ws,100,200,2,4.0,4.0,18,22481655,22,0,348,348,103,58,True,200,1630
ws,100,200,2,4.0,4.0,19,4104015216,27,0,292,292,106,57,True,200,1628
ws,100,200,2,4.0,4.0,20,2638365673,27,0,467,467,103,55,True,200,1644
ws,100,200,2,4.0,4.0,21,512943289,24,0,358,358,96,55,True,200,1650
ws,100,200,2,4.0,4.0,22,127147210,24,0,348,348,102,59,True,200,1648
ws,100,200,2,4.0,4.0,23,3449979057,26,0,594,594,97,55,True,200,1646
ws,100,200,2,4.0,4.0,24,4200089376,27,0,565,565,93,53,True,200,1640
ws,100,200,2,4.0,4.0,25,3086760327,23,0,283,283,97,55,True,200,1640
ws,100,200,2,4.0,4.0,26,858090735,25,0,230,230,104,56,True,200,1628
ws,100,200,2,4.0,4.0,27,3008303307,15,0,649,649,90,63,True,200,1634
ws,100,200,2,4.0,4.0,28,3040530861,23,0,189,189,103,57,True,200,1636
ws,100,200,2,4.0,4.0,29,4050201819,29,0,193,193,114,61,True,200,1634
ws,100,200,2,4.0,4.0,30,2368137432,27,0,789,789,105,60,True,200,1628
ws,100,200,2,4.0,4.0,31,1728140270,25,0,167,167,112,60,True,200,1638
ws,100,200,2,4.0,4.0,32,3114218077,24,0,353,353,95,55,True,200,1652
ws,100,200,2,4.0,4.0,33,3924019699,23,0,117,117,96,55,True,200,1642
ws,100,200,2,4.0,4.0,34,355324066,21,0,324,324,96,55,True,200,1632
ws,100,200,2,4.0,4.0,35,3263051793,30,0,509,509,102,56,True,200,1636
ws,100,200,2,4.0,4.0,36,2589654497,23,0,338,338,98,58,True,200,1646
ws,100,200,2,4.0,4.0,37,1541695533,20,0,324,324,97,60,True,200,1632
ws,100,200,2,4.0,4.0,38,2125422750,22,0,482,482,101,59,True,200,1632
ws,100,200,2,4.0,4.0,39,655459679,22,0,305,305,102,63,True,200,1642
ws,200,400,2,4.0,4.0,0,1273134313,50,0,936,936,213,120,True,400,3270
ws,200,400,2,4.0,4.0,1,2879010215,48,0,1199,1199,197,116,True,400,3258
ws,200,400,2,4.0,4.0,2,2846261654,36,0,554,554,181,116,True,400,3250
ws,200,400,2,4.0,4.0,3,2750808000,45,0,1224,1224,201,123,True,400,3272
ws,200,400,2,4.0,4.0,4,3533228968,50,0,718,718,197,112,True,400,3274
ws,200,400,2,4.0,4.0,5,4286087325,40,0,557,557,183,117,True,400,3264
ws,200,400,2,4.0,4.0,6,2678667315,54,0,425,425,209,119,True,400,3282
ws,200,400,2,4.0,4.0,7,2753217581,39,0,570,570,197,130,True,400,3276
ws,200,400,2,4.0,4.0,8,1522099362,37,0,599,599,180,117,True,400,3280
ws,200,400,2,4.0,4.0,9,1482179236,39,0,869,869,188,117,True,400,3300
ws,200,400,2,4.0,4.0,10,1486522547,49,0,722,722,214,123,True,400,3290
ws,200,400,2,4.0,4.0,11,904128852,43,0,919,919,199,117,True,400,3282
ws,200,400,2,4.0,4.0,12,2793706759,47,0,564,564,208,121,True,400,3292
ws,200,400,2,4.0,4.0,13,3116085997,38,0,1062,1062,187,128,True,400,3272
ws,200,400,2,4.0,4.0,14,4035290393,36,0,1106,1106,195,124,True,400,3262
ws,200,400,2,4.0,4.0,15,3460102175,36,0,978,978,190,128,True,400,3264
ws,200,400,2,4.0,4.0,16,2497220134,50,0,921,921,212,122,True,400,3258
ws,200,400,2,4.0,4.0,17,1169600800,58,0,630,630,210,110,True,400,3292
ws,200,400,2,4.0,4.0,18,278375726,49,0,739,739,219,124,True,400,3280
ws,200,400,2,4.0,4.0,19,3538050883,61,0,1198,1198,215,110,True,400,3284
ws,200,400,2,4.0,4.0,20,3497133878,48,0,1244,1244,197,119,True,400,3274
ws,200,400,2,4.0,4.0,21,2542775407,39,0,754,754,194,127,True,400,3266
ws,200,400,2,4.0,4.0,22,4075132322,43,0,1353,1353,195,118,True,400,3278
ws,200,400,2,4.0,4.0,23,2702076836,46,0,1454,1454,197,119,True,400,3274
ws,200,400,2,4.0,4.0,24,1913983732,45,0,514,514,190,119,True,400,3286
ws,200,400,2,4.0,4.0,25,2180963822,50,0,1106,1106,211,114,True,400,3272
ws,200,400,2,4.0,4.0,26,4190889034,46,0,751,751,197,120,True,400,3298
ws,200,400,2,4.0,4.0,27,3094472428,43,0,512,512,209,123,True,400,3244
ws,200,400,2,4.0,4.0,28,481859766,51,0,670,670,204,114,True,400,3276
ws,200,400,2,4.0,4.0,29,1777172326,41,0,1105,1105,185,114,True,400,3272
ws,200,400,2,4.0,4.0,30,645752972,42,0,532,532,199,121,True,400,3280
ws,200,400,2,4.0,4.0,31,417094584,43,0,1516,1516,218,126,True,400,3260
ws,200,400,2,4.0,4.0,32,330090889,48,0,822,822,194,108,True,400,3304
ws,200,400,2,4.0,4.0,33,3923599718,50,0,420,420,218,125,True,400,3284
ws,200,400,2,4.0,4.0,34,90329236,41,0,1177,1177,184,119,True,400,3272
ws,200,400,2,4.0,4.0,35,3582863256,50,0,930,930,205,122,True,400,3264
ws,200,400,2,4.0,4.0,36,3217798921,39,0,993,993,192,118,True,400,3296
ws,200,400,2,4.0,4.0,37,2500133467,58,0,1454,1454,215,113,True,400,3288
ws,200,400,2,4.0,4.0,38,1968227374,52,0,921,921,197,105,True,400,3296
ws,200,400,2,4.0,4.0,39,2627767895,49,0,668,668,217,126,True,400,3264
ws,400,800,2,4.0,4.0,0,2119255887,99,0,1579,1579,397,228,True,800,6572
ws,400,800,2,4.0,4.0,1,1466733664,89,0,1238,1238,387,232,True,800,6544
ws,400,800,2,4.0,4.0,2,2708214005,84,0,2035,2035,392,239,True,800,6564
ws,400,800,2,4.0,4.0,3,2908965575,74,0,1457,1457,371,240,True,800,6518
ws,400,800,2,4.0,4.0,4,3012029292,98,0,1548,1548,398,225,True,800,6550
ws,400,800,2,4.0,4.0,5,3799763839,82,0,1582,1582,405,243,True,800,6526
ws,400,800,2,4.0,4.0,6,3961425057,104,0,1633,1633,419,244,True,800,6540
ws,400,800,2,4.0,4.0,7,3390956509,104,0,2104,2104,409,227,True,800,6560
ws,400,800,2,4.0,4.0,8,3223219706,86,0,2019,2019,402,242,True,800,6560
ws,400,800,2,4.0,4.0,9,1945682069,89,0,1433,1433,399,230,True,800,6554
ws,400,800,2,4.0,4.0,10,2733003038,76,0,2837,2837,368,237,True,800,6548
ws,400,800,2,4.0,4.0,11,3728270912,88,0,2035,2035,393,232,True,800,6578
ws,400,800,2,4.0,4.0,12,2418399037,98,0,1485,1485,417,233,True,800,6556
ws,400,800,2,4.0,4.0,13,3875980197,91,0,1909,1909,409,246,True,800,6534
ws,400,800,2,4.0,4.0,14,1284486347,90,0,2233,2233,403,227,True,800,6538
ws,400,800,2,4.0,4.0,15,2952371430,85,0,1276,1276,391,234,True,800,6536
ws,400,800,2,4.0,4.0,16,3855908302,88,0,1884,1884,393,239,True,800,6580
ws,400,800,2,4.0,4.0,17,4280093646,96,0,1415,1415,405,240,True,800,6550
ws,400,800,2,4.0,4.0,18,101675790,98,0,2293,2293,383,221,True,800,6578
ws,400,800,2,4.0,4.0,19,3009714493,106,0,2057,2057,414,230,True,800,6568
ws,400,800,2,4.0,4.0,20,1831972541,103,0,1400,1400,424,239,True,800,6526
ws,400,800,2,4.0,4.0,21,2361003649,91,0,2476,2476,409,235,True,800,6556
ws,400,800,2,4.0,4.0,22,2814160647,86,0,1730,1730,388,238,True,800,6538
ws,400,800,2,4.0,4.0,23,1726406433,88,0,3218,3218,409,241,True,800,6554
ws,400,800,2,4.0,4.0,24,256759175,86,0,1182,1182,392,240,True,800,6562
ws,400,800,2,4.0,4.0,25,1340568588,91,0,1993,1993,382,228,True,800,6568
ws,400,800,2,4.0,4.0,26,3652578637,86,0,1929,1929,409,250,True,800,6544
ws,400,800,2,4.0,4.0,27,2480750648,76,0,2903,2903,376,229,True,800,6552
ws,400,800,2,4.0,4.0,28,2187198086,94,0,2087,2087,392,220,True,800,6570
ws,400,800,2,4.0,4.0,29,3299766153,88,0,2325,2325,395,235,True,800,6542
ws,400,800,2,4.0,4.0,30,3878489229,90,0,2353,2353,397,230,True,800,6554
ws,400,800,2,4.0,4.0,31,968564124,100,0,2546,2546,418,235,True,800,6518
ws,400,800,2,4.0,4.0,32,2127695254,89,0,1176,1176,396,241,True,800,6556
ws,400,800,2,4.0,4.0,33,2317200074,72,0,1541,1541,368,240,True,800,6550
ws,400,800,2,4.0,4.0,34,3845751810,81,0,2310,2310,393,246,True,800,6566
ws,400,800,2,4.0,4.0,35,2884300409,109,0,1735,1735,421,230,True,800,6554
ws,400,800,2,4.0,4.0,36,668915921,94,0,2045,2045,386,230,True,800,6544
ws,400,800,2,4.0,4.0,37,2887808505,97,0,1705,1705,414,237,True,800,6554
ws,400,800,2,4.0,4.0,38,178194190,87,0,1669,1669,390,232,True,800,6584
ws,400,800,2,4.0,4.0,39,1445187520,101,0,1438,1438,425,234,True,800,6544
ws,800,1600,2,4.0,4.0,0,2699037316,179,0,4868,4868,798,464,True,1600,13120
ws,800,1600,2,4.0,4.0,1,1697450683,190,0,3495,3495,821,469,True,1600,13070
ws,800,1600,2,4.0,4.0,2,1149081716,178,0,4095,4095,795,475,True,1600,13076
ws,800,1600,2,4.0,4.0,3,1422074573,165,0,3126,3126,788,475,True,1600,13114
ws,800,1600,2,4.0,4.0,4,2683923906,169,0,4100,4100,787,486,True,1600,13110
ws,800,1600,2,4.0,4.0,5,1424500658,186,0,4731,4731,800,465,True,1600,13094
ws,800,1600,2,4.0,4.0,6,197473590,191,0,4533,4533,816,472,True,1600,13066
ws,800,1600,2,4.0,4.0,7,2289823909,168,0,5129,5129,792,497,True,1600,13106
ws,800,1600,2,4.0,4.0,8,57266475,183,0,5023,5023,806,485,True,1600,13116
ws,800,1600,2,4.0,4.0,9,1306907184,170,0,3324,3324,792,484,True,1600,13066
ws,800,1600,2,4.0,4.0,10,1368690,165,0,3279,3279,779,482,True,1600,13102
ws,800,1600,2,4.0,4.0,11,4088823656,181,0,4245,4245,807,484,True,1600,13088
ws,800,1600,2,4.0,4.0,12,3338528087,183,0,4502,4502,798,472,True,1600,13138
ws,800,1600,2,4.0,4.0,13,4127348909,181,0,4833,4833,810,469,True,1600,13128
ws,800,1600,2,4.0,4.0,14,2807423195,164,0,3218,3218,775,483,True,1600,13114
ws,800,1600,2,4.0,4.0,15,3730864679,174,0,3280,3280,806,483,True,1600,13118
ws,800,1600,2,4.0,4.0,16,650980289,187,0,6011,6011,816,468,True,1600,13090
ws,800,1600,2,4.0,4.0,17,2584363749,182,0,4772,4772,802,476,True,1600,13096
ws,800,1600,2,4.0,4.0,18,219601391,188,0,4209,4209,809,460,True,1600,13118
ws,800,1600,2,4.0,4.0,19,4062938274,185,0,3056,3056,789,470,True,1600,13162
ws,800,1600,2,4.0,4.0,20,3326438167,208,0,4308,4308,831,450,True,1600,13142
ws,800,1600,2,4.0,4.0,21,2488620606,200,0,3846,3846,818,465,True,1600,13124
ws,800,1600,2,4.0,4.0,22,934046507,191,0,4107,4107,821,469,True,1600,13184
ws,800,1600,2,4.0,4.0,23,406883139,192,0,5538,5538,781,466,True,1600,13108
ws,800,1600,2,4.0,4.0,24,2439346413,169,0,4877,4877,807,473,True,1600,13108
ws,800,1600,2,4.0,4.0,25,3605127162,197,0,3573,3573,830,473,True,1600,13090
ws,800,1600,2,4.0,4.0,26,3923793594,180,0,6555,6555,776,470,True,1600,13118
ws,800,1600,2,4.0,4.0,27,1344370044,163,0,4606,4606,760,477,True,1600,13114
ws,800,1600,2,4.0,4.0,28,10297722,190,0,7772,7772,800,453,True,1600,13096
ws,800,1600,2,4.0,4.0,29,2972409824,185,0,4547,4547,798,470,True,1600,13122
ws,800,1600,2,4.0,4.0,30,4204220729,173,0,5913,5913,775,473,True,1600,13106
ws,800,1600,2,4.0,4.0,31,1159132921,161,0,3337,3337,783,492,True,1600,13088
ws,800,1600,2,4.0,4.0,32,1123183664,192,0,3961,3961,814,465,True,1600,13132
ws,800,1600,2,4.0,4.0,33,2451461185,188,0,4820,4820,790,467,True,1600,13104
ws,800,1600,2,4.0,4.0,34,799978337,151,0,4975,4975,754,494,True,1600,13112
ws,800,1600,2,4.0,4.0,35,2435566660,178,0,4004,4004,783,474,True,1600,13118
ws,800,1600,2,4.0,4.0,36,3099682394,190,0,5075,5075,813,464,True,1600,13134
ws,800,1600,2,4.0,4.0,37,3160431465,189,0,7241,7241,825,483,True,1600,13108
ws,800,1600,2,4.0,4.0,38,1200490063,166,0,5314,5314,783,479,True,1600,13104
ws,800,1600,2,4.0,4.0,39,1730355389,176,0,4715,4715,802,468,True,1600,13124
er,100,392,2,8.0,7.84,0,4147673098,30,0,346,346,190,130,True,392,6900
er,100,425,2,8.0,8.5,1,1956655655,35,0,204,204,209,130,True,425,7964
er,100,428,2,8.0,8.56,2,3914729385,51,0,679,679,228,131,True,428,8102
er,100,377,2,8.0,7.54,3,4205491258,32,0,198,198,202,122,True,377,6536
er,100,400,2,8.0,8.0,4,1449778788,39,0,309,309,207,121,True,400,7032
er,100,404,2,8.0,8.08,5,816600196,36,0,376,376,214,126,True,404,7118
er,100,408,2,8.0,8.16,6,2499533718,36,0,770,770,205,130,True,408,7446
er,100,390,2,8.0,7.8,7,3757094328,33,0,428,428,206,126,True,390,6800
er,100,421,2,8.0,8.42,8,1146889864,34,0,210,210,223,138,True,421,7802
er,100,416,2,8.0,8.32,9,1270214634,35,0,747,747,206,132,True,416,7736
er,100,430,2,8.0,8.6,10,3960609790,51,0,923,923,221,119,True,430,8366
er,100,439,2,8.0,8.78,11,1597780373,45,0,674,674,209,123,True,439,8532
er,100,377,2,8.0,7.54,12,3037688807,31,0,311,311,189,113,True,377,6248
er,100,389,2,8.0,7.78,13,1818215745,38,0,443,443,197,113,True,389,6864
er,100,396,2,8.0,7.92,14,1009577084,45,0,590,590,194,111,True,396,7068
er,100,404,2,8.0,8.08,15,2736417063,37,0,553,553,190,115,True,404,7428
er,100,390,2,8.0,7.8,16,3702582598,31,0,307,307,180,118,True,390,6686
er,100,383,2,8.0,7.66,17,3465291138,34,0,464,464,196,115,True,383,6610
er,100,390,2,8.0,7.8,18,3184277095,44,0,719,719,195,109,True,390,6882
er,100,371,2,8.0,7.42,19,2759550660,35,0,469,469,183,110,True,371,6188
er,100,400,2,8.0,8.0,20,1535220641,32,0,398,398,189,119,True,400,6990
er,100,398,2,8.0,7.96,21,1288200877,38,0,680,680,200,114,True,398,7016
er,100,383,2,8.0,7.66,22,2627450470,41,0,376,376,195,118,True,383,6498
er,100,391,2,8.0,7.82,23,1997471599,31,0,361,361,188,122,True,391,6828
er,100,420,2,8.0,8.4,24,786185643,49,0,493,493,217,126,True,420,7906
er,100,358,2,8.0,7.16,25,255528406,33,0,469,469,178,110,True,358,5752
er,100,395,2,8.0,7.9,26,1227064111,50,0,860,860,196,107,True,395,7060
er,100,380,2,8.0,7.6,27,223496185,38,0,426,426,198,107,True,380,6534
er,100,397,2,8.0,7.94,28,2952599947,38,0,690,690,199,117,True,397,7090
er,100,402,2,8.0,8.04,29,2734512184,31,0,671,671,194,124,True,402,7262
er,100,401,2,8.0,8.02,30,2946137477,38,0,470,470,195,110,True,401,6962
er,100,412,2,8.0,8.24,31,1404329837,43,0,450,450,223,123,True,412,7418
er,100,408,2,8.0,8.16,32,2095337332,33,0,259,259,209,138,True,408,7442
er,100,401,2,8.0,8.02,33,1297551870,33,0,728,728,183,113,True,401,7050
er,100,401,2,8.0,8.02,34,1149554801,44,0,404,404,215,126,True,401,7360
er,100,375,2,8.0,7.5,35,579840922,31,0,587,587,176,102,True,375,6216
er,100,423,2,8.0,8.46,36,3364911037,35,0,478,478,211,125,True,423,7830
er,100,422,2,8.0,8.44,37,672308837,44,0,865,865,223,126,True,422,7964
er,100,396,2,8.0,7.92,38,3129180500,36,0,747,747,198,121,True,396,7122
er,100,402,2,8.0,8.04,39,2737782246,44,0,785,785,203,117,True,402,7220
er,200,797,2,8.0,7.97,0,3380621794,80,0,1211,1211,379,230,True,797,14086
er,200,787,2,8.0,7.87,1,1881529201,88,0,1156,1156,406,221,True,787,13938
er,200,868,2,8.0,8.68,2,1231922146,79,0,846,846,424,261,True,868,16644
er,200,747,2,8.0,7.47,3,3993159886,82,0,1713,1713,388,221,True,747,12464
er,200,769,2,8.0,7.69,4,2287368399,79,0,711,711,388,228,True,769,13180
er,200,743,2,8.0,7.43,5,417184193,75,0,1209,1209,376,208,True,743,12526
er,200,815,2,8.0,8.15,6,3824913226,81,0,1637,1637,437,244,True,815,14958
er,200,776,2,8.0,7.76,7,3304637988,75,0,1403,1403,393,229,True,776,13468
er,200,785,2,8.0,7.85,8,758079951,76,0,861,861,402,238,True,785,13716
er,200,828,2,8.0,8.28,9,2000251918,72,0,1027,1027,405,258,True,828,15274
er,200,831,2,8.0,8.31,10,2108210984,69,0,2628,2628,402,248,True,831,15438
er,200,857,2,8.0,8.57,11,1292669049,92,0,1302,1302,428,256,True,857,16462
er,200,861,2,8.0,8.61,12,217225862,63,0,764,764,413,268,True,861,16534
er,200,817,2,8.0,8.17,13,3955124496,97,0,2443,2443,431,243,True,817,15266
er,200,856,2,8.0,8.56,14,2799630130,74,0,885,885,423,255,True,856,16326
er,200,815,2,8.0,8.15,15,4007291835,77,0,1274,1274,402,242,True,815,14918
er,200,818,2,8.0,8.18,16,4083505451,67,0,978,978,417,258,True,818,15008
er,200,825,2,8.0,8.25,17,3887170127,90,0,1228,1228,425,244,True,825,15288
er,200,831,2,8.0,8.31,18,3019956187,80,0,1482,1482,411,234,True,831,15156
er,200,786,2,8.0,7.86,19,955566203,81,0,1311,1311,392,230,True,786,13988
er,200,783,2,8.0,7.83,20,2621887538,76,0,937,937,401,230,True,783,13742
er,200,758,2,8.0,7.58,21,806729564,77,0,1356,1356,389,230,True,758,12702
er,200,773,2,8.0,7.73,22,2634483238,72,0,2593,2593,372,211,True,773,13252
er,200,818,2,8.0,8.18,23,4039734452,77,0,1442,1442,405,240,True,818,15172
er,200,817,2,8.0,8.17,24,4169186926,79,0,619,619,440,254,True,817,15046
er,200,796,2,8.0,7.96,25,3153432684,75,0,1079,1079,404,241,True,796,14102
er,200,791,2,8.0,7.91,26,593643610,71,0,719,719,381,232,True,791,13866
er,200,781,2,8.0,7.81,27,1283153760,68,0,1091,1091,382,231,True,781,13744
er,200,779,2,8.0,7.79,28,839255203,63,0,890,890,375,237,True,779,13682
er,200,749,2,8.0,7.49,29,3354106146,74,0,588,588,380,230,True,749,12810
er,200,803,2,8.0,8.03,30,3529565736,72,0,1652,1652,391,249,True,803,14440
er,200,790,2,8.0,7.9,31,681341361,73,0,1017,1017,386,244,True,790,14240
er,200,808,2,8.0,8.08,32,747450321,64,0,705,705,393,258,True,808,14778
er,200,804,2,8.0,8.04,33,4159313687,71,0,889,889,394,247,True,804,14456
er,200,821,2,8.0,8.21,34,3709884577,77,0,1276,1276,401,245,True,821,15086
er,200,811,2,8.0,8.11,35,2603912061,88,0,1942,1942,417,241,True,811,14498
er,200,774,2,8.0,7.74,36,2439454718,93,0,2576,2576,416,216,True,774,13484
er,200,787,2,8.0,7.87,37,3992314994,68,0,788,788,377,228,True,787,13846
er,200,812,2,8.0,8.12,38,1427523185,69,0,941,941,400,244,True,812,14644
er,200,834,2,8.0,8.34,39,1684465971,86,0,2740,2740,432,250,True,834,15446
er,400,1555,2,8.0,7.775,0,2990866873,159,0,2558,2558,782,467,True,1555,27238
er,400,1515,2,8.0,7.575,1,2404865145,155,0,4133,4133,769,443,True,1515,25710
er,400,1559,2,8.0,7.795,2,4073661020,163,0,3037,3037,785,459,True,1559,27140
er,400,1647,2,8.0,8.235,3,885163635,164,0,2449,2449,840,484,True,1647,30164
er,400,1604,2,8.0,8.02,4,147690617,166,0,5954,5954,810,474,True,1604,28748
er,400,1638,2,8.0,8.19,5,3189812809,159,0,2918,2918,835,489,True,1638,29674
er,400,1566,2,8.0,7.83,6,3846503353,149,0,5188,5188,741,464,True,1566,27430
er,400,1562,2,8.0,7.81,7,2390844959,162,0,3449,3449,780,460,True,1562,27348
er,400,1552,2,8.0,7.76,8,3500005367,167,0,2871,2871,774,444,True,1552,27470
er,400,1674,2,8.0,8.37,9,2849190392,164,0,3635,3635,834,487,True,1674,30968
er,400,1589,2,8.0,7.945,10,345694308,153,0,2883,2883,812,489,True,1589,27998
er,400,1638,2,8.0,8.19,11,1477975398,150,0,4653,4653,825,485,True,1638,30750
er,400,1621,2,8.0,8.105,12,886350671,167,0,2393,2393,844,463,True,1621,29482
er,400,1560,2,8.0,7.8,13,2857842418,149,0,3504,3504,762,466,True,1560,27386
er,400,1533,2,8.0,7.665,14,1943767850,157,0,3758,3758,775,440,True,1533,26564
er,400,1572,2,8.0,7.86,15,3340284764,145,0,3508,3508,766,465,True,1572,27844
er,400,1642,2,8.0,8.21,16,1028706543,153,0,3669,3669,825,488,True,1642,30256
er,400,1699,2,8.0,8.495,17,2458306931,162,0,2164,2164,892,513,True,1699,31938
er,400,1580,2,8.0,7.9,18,2941009368,164,0,1911,1911,823,464,True,1580,28144
er,400,1635,2,8.0,8.175,19,35369341,177,0,3089,3089,848,467,True,1635,30014
er,400,1575,2,8.0,7.875,20,4293803583,137,0,3351,3351,783,485,True,1575,28324
er,400,1627,2,8.0,8.135,21,2561662058,144,0,3362,3362,800,488,True,1627,29636
er,400,1632,2,8.0,8.16,22,3052744323,182,0,3694,3694,874,496,True,1632,29858
er,400,1589,2,8.0,7.945,23,2722611326,168,0,2834,2834,808,465,True,1589,28064
er,400,1584,2,8.0,7.92,24,2361826954,141,0,2367,2367,759,461,True,1584,27600
er,400,1642,2,8.0,8.21,25,429488269,142,0,6167,6167,818,489,True,1642,29900
er,400,1609,2,8.0,8.045,26,2336124795,158,0,2143,2143,829,474,True,1609,28932
er,400,1595,2,8.0,7.975,27,1509258893,146,0,1801,1801,799,471,True,1595,28124
er,400,1619,2,8.0,8.095,28,3073643589,174,0,3303,3303,817,479,True,1619,29424
er,400,1617,2,8.0,8.085,29,4219552283,154,0,2125,2125,825,483,True,1617,29156
er,400,1565,2,8.0,7.825,30,1726047271,171,0,2813,2813,829,470,True,1565,27708
er,400,1561,2,8.0,7.805,31,891884865,170,0,3016,3016,757,459,True,1561,27402
er,400,1705,2,8.0,8.525,32,3887098346,148,0,3322,3322,831,527,True,1705,32602
er,400,1598,2,8.0,7.99,33,2022707464,142,0,2349,2349,795,476,True,1598,28612
er,400,1598,2,8.0,7.99,34,1386906596,143,0,2946,2946,772,486,True,1598,28804
er,400,1625,2,8.0,8.125,35,2790286085,147,0,2797,2797,814,503,True,1625,29690
er,400,1618,2,8.0,8.09,36,61714160,162,0,2021,2021,810,487,True,1618,29266
er,400,1560,2,8.0,7.8,37,2061129156,150,0,3187,3187,763,460,True,1560,27424
er,400,1644,2,8.0,8.22,38,2873873813,162,0,2448,2448,857,502,True,1644,30124
er,400,1580,2,8.0,7.9,39,1966848901,136,0,3208,3208,763,489,True,1580,28118
er,800,3156,2,8.0,7.89,0,2760513942,336,0,8916,8916,1564,894,True,3156,55726
er,800,3117,2,8.0,7.7925,1,2210850995,295,0,5075,5075,1604,933,True,3117,54392
er,800,3213,2,8.0,8.0325,2,2874611958,317,0,5163,5163,1635,981,True,3213,57822
er,800,3128,2,8.0,7.82,3,1477425645,313,0,7095,7095,1561,921,True,3128,55558
er,800,3155,2,8.0,7.8875,4,1181945580,306,0,5790,5790,1590,927,True,3155,56398
er,800,3111,2,8.0,7.7775,5,114893103,331,0,6139,6139,1566,874,True,3111,54398
er,800,3174,2,8.0,7.935,6,427809280,319,0,6639,6639,1567,923,True,3174,56632
er,800,3211,2,8.0,8.0275,7,4224272371,304,0,7204,7204,1571,949,True,3211,57612
er,800,3242,2,8.0,8.105,8,1573355704,301,0,5852,5852,1641,956,True,3242,58844
er,800,3144,2,8.0,7.86,9,2070064644,324,0,4978,4978,1619,915,True,3144,55274
er,800,3134,2,8.0,7.835,10,2284683919,322,0,7758,7758,1575,929,True,3134,55822
er,800,3191,2,8.0,7.9775,11,2935884229,337,0,10354,10354,1630,916,True,3191,56890
er,800,3302,2,8.0,8.255,12,98429091,342,0,10842,10842,1669,955,True,3302,61394
er,800,3186,2,8.0,7.965,13,2270841754,283,0,9697,9697,1574,964,True,3186,56902
er,800,3168,2,8.0,7.92,14,2134834012,306,0,7766,7766,1637,918,True,3168,56650
er,800,3193,2,8.0,7.9825,15,2582554621,299,0,5882,5882,1566,943,True,3193,57728
er,800,3215,2,8.0,8.0375,16,865621084,315,0,7210,7210,1633,953,True,3215,58410
er,800,3208,2,8.0,8.02,17,1940927152,313,0,6518,6518,1586,945,True,3208,57440
er,800,3228,2,8.0,8.07,18,3497343372,344,0,7834,7834,1599,919,True,3228,58776
er,800,3262,2,8.0,8.155,19,182006408,300,0,7578,7578,1613,978,True,3262,59878
er,800,3170,2,8.0,7.925,20,2033997010,290,0,5393,5393,1559,956,True,3170,57022
er,800,3277,2,8.0,8.1925,21,3000731468,317,0,6978,6978,1630,962,True,3277,60310
er,800,3241,2,8.0,8.1025,22,2211142552,297,0,5468,5468,1612,991,True,3241,59458
er,800,3278,2,8.0,8.195,23,2228790319,298,0,7053,7053,1607,965,True,3278,60632
er,800,3258,2,8.0,8.145,24,3166161438,316,0,9366,9366,1636,943,True,3258,59526
er,800,3273,2,8.0,8.1825,25,1817695592,331,0,5245,5245,1700,977,True,3273,60268
er,800,3363,2,8.0,8.4075,26,2100734984,316,0,3952,3952,1709,989,True,3363,62874
er,800,3235,2,8.0,8.0875,27,4039593426,324,0,5755,5755,1615,968,True,3235,58632
er,800,3213,2,8.0,8.0325,28,1377772891,291,0,8805,8805,1581,958,True,3213,57824
er,800,3237,2,8.0,8.0925,29,3453499759,305,0,5994,5994,1604,974,True,3237,58690
er,800,3204,2,8.0,8.01,30,685771809,320,0,6353,6353,1544,918,True,3204,57474
er,800,3183,2,8.0,7.9575,31,1480473333,333,0,6340,6340,1658,946,True,3183,56892
er,800,3247,2,8.0,8.1175,32,2913972969,307,0,5238,5238,1610,976,True,3247,58564
er,800,3184,2,8.0,7.96,33,2377173323,307,0,7933,7933,1577,941,True,3184,56780
er,800,3217,2,8.0,8.0425,34,4279289267,286,0,4924,4924,1572,956,True,3217,58386
er,800,3196,2,8.0,7.99,35,2120187348,324,0,6256,6256,1635,925,True,3196,57442
er,800,3146,2,8.0,7.865,36,3804025219,280,0,5682,5682,1543,954,True,3146,55836
er,800,3092,2,8.0,7.73,37,116883990,316,0,7895,7895,1555,918,True,3092,54482
er,800,3154,2,8.0,7.885,38,2153652055,326,0,4756,4756,1596,904,True,3154,55972
er,800,3226,2,8.0,8.065,39,399964429,316,0,8554,8554,1613,953,True,3226,58548
ba,100,384,2,8.0,7.68,0,941486552,28,0,291,291,186,120,True,384,9364
ba,100,384,2,8.0,7.68,1,2834795648,43,0,654,654,206,118,True,384,8444
ba,100,384,2,8.0,7.68,2,594848876,32,0,489,489,182,115,True,384,8876
ba,100,384,2,8.0,7.68,3,933105425,31,0,352,352,180,123,True,384,9118
ba,100,384,2,8.0,7.68,4,983221742,36,0,398,398,204,113,True,384,8888
ba,100,384,2,8.0,7.68,5,2316256884,29,0,832,832,188,125,True,384,9224
ba,100,384,2,8.0,7.68,6,2933078785,35,0,599,599,198,121,True,384,8758
ba,100,384,2,8.0,7.68,7,582148283,28,0,564,564,177,119,True,384,8606
ba,100,384,2,8.0,7.68,8,2560352566,34,0,497,497,184,121,True,384,9066
ba,100,384,2,8.0,7.68,9,2564613624,41,0,669,669,206,114,True,384,9556
ba,100,384,2,8.0,7.68,10,4289115393,35,0,737,737,191,124,True,384,9356
ba,100,384,2,8.0,7.68,11,625074640,40,0,343,343,211,110,True,384,9500
ba,100,384,2,8.0,7.68,12,1285075249,33,0,270,270,198,117,True,384,8106
ba,100,384,2,8.0,7.68,13,1689457565,27,0,484,484,188,120,True,384,8332
ba,100,384,2,8.0,7.68,14,3722824941,43,0,555,555,198,113,True,384,10056
ba,100,384,2,8.0,7.68,15,3040790723,30,0,336,336,189,119,True,384,9352
ba,100,384,2,8.0,7.68,16,834441594,32,0,450,450,196,125,True,384,9208
ba,100,384,2,8.0,7.68,17,2157140173,29,0,461,461,192,121,True,384,9224
ba,100,384,2,8.0,7.68,18,3259878142,36,0,904,904,198,117,True,384,9602
ba,100,384,2,8.0,7.68,19,4256179439,37,0,359,359,191,118,True,384,9012
ba,100,384,2,8.0,7.68,20,3666011178,40,0,427,427,183,108,True,384,9248
ba,100,384,2,8.0,7.68,21,1865651759,34,0,406,406,201,125,True,384,9886
ba,100,384,2,8.0,7.68,22,2179428058,31,0,432,432,193,130,True,384,9552
ba,100,384,2,8.0,7.68,23,3013794704,36,0,616,616,189,115,True,384,8840
ba,100,384,2,8.0,7.68,24,2989689140,36,0,358,358,203,121,True,384,9082
ba,100,384,2,8.0,7.68,25,1612903766,34,0,648,648,199,123,True,384,9674
ba,100,384,2,8.0,7.68,26,3595014555,30,0,425,425,188,116,True,384,8976
ba,100,384,2,8.0,7.68,27,578940338,28,0,186,186,184,131,True,384,9794
ba,100,384,2,8.0,7.68,28,3566392868,41,0,316,316,207,113,True,384,9684
ba,100,384,2,8.0,7.68,29,2625407945,38,0,1096,1096,196,113,True,384,9462
ba,100,384,2,8.0,7.68,30,2188513197,41,0,459,459,188,121,True,384,9066
ba,100,384,2,8.0,7.68,31,545294264,41,0,307,307,211,117,True,384,9198
ba,100,384,2,8.0,7.68,32,928965469,31,0,658,658,189,129,True,384,10558
ba,100,384,2,8.0,7.68,33,3689971089,36,0,608,608,195,117,True,384,8946
ba,100,384,2,8.0,7.68,34,352058693,22,0,308,308,174,125,True,384,8880
ba,100,384,2,8.0,7.68,35,2839838682,30,0,550,550,177,111,True,384,9006
ba,100,384,2,8.0,7.68,36,903676199,35,0,466,466,182,115,True,384,9162
ba,100,384,2,8.0,7.68,37,3351565635,35,0,603,603,187,118,True,384,9200
ba,100,384,2,8.0,7.68,38,1570379668,35,0,212,212,199,126,True,384,8876
ba,100,384,2,8.0,7.68,39,3029666148,30,0,166,166,186,121,True,384,9484
ba,200,784,2,8.0,7.84,0,180309222,77,0,1312,1312,395,242,True,784,21258
ba,200,784,2,8.0,7.84,1,963361412,74,0,1121,1121,411,242,True,784,22926
ba,200,784,2,8.0,7.84,2,3083541641,68,0,1391,1391,388,234,True,784,22900
ba,200,784,2,8.0,7.84,3,561793730,65,0,742,742,384,236,True,784,21048
ba,200,784,2,8.0,7.84,4,1057942887,71,0,1175,1175,395,246,True,784,22806
ba,200,784,2,8.0,7.84,5,520137386,63,0,1002,1002,377,223,True,784,20430
ba,200,784,2,8.0,7.84,6,4164201708,80,0,1187,1187,401,237,True,784,20624
ba,200,784,2,8.0,7.84,7,1139737818,53,0,704,704,369,246,True,784,21186
ba,200,784,2,8.0,7.84,8,543169577,73,0,1574,1574,375,228,True,784,21554
ba,200,784,2,8.0,7.84,9,2825033112,75,0,939,939,385,236,True,784,22768
ba,200,784,2,8.0,7.84,10,1298219718,65,0,864,864,393,250,True,784,20994
ba,200,784,2,8.0,7.84,11,3673051931,67,0,1106,1106,398,245,True,784,20956
ba,200,784,2,8.0,7.84,12,538258127,72,0,992,992,405,230,True,784,23426
ba,200,784,2,8.0,7.84,13,3145911770,74,0,925,925,393,239,True,784,20222
ba,200,784,2,8.0,7.84,14,596776140,72,0,1085,1085,405,247,True,784,21738
ba,200,784,2,8.0,7.84,15,1206280775,56,0,932,932,386,248,True,784,20318
ba,200,784,2,8.0,7.84,16,2483307516,64,0,613,613,407,246,True,784,23654
ba,200,784,2,8.0,7.84,17,1458882300,82,0,1761,1761,412,229,True,784,20478
ba,200,784,2,8.0,7.84,18,20254842,68,0,1110,1110,399,240,True,784,21506
ba,200,784,2,8.0,7.84,19,824550010,61,0,562,562,390,244,True,784,21894
ba,200,784,2,8.0,7.84,20,2226525220,76,0,1585,1585,395,234,True,784,21798
ba,200,784,2,8.0,7.84,21,247344044,73,0,1516,1516,399,236,True,784,22340
ba,200,784,2,8.0,7.84,22,1456287188,69,0,1311,1311,393,247,True,784,20744
ba,200,784,2,8.0,7.84,23,2917180125,78,0,1030,1030,388,220,True,784,21498
ba,200,784,2,8.0,7.84,24,57262602,77,0,1456,1456,394,218,True,784,19654
ba,200,784,2,8.0,7.84,25,35989324,68,0,1041,1041,380,244,True,784,20378
ba,200,784,2,8.0,7.84,26,3408256143,83,0,1328,1328,404,239,True,784,20238
ba,200,784,2,8.0,7.84,27,4130599420,70,0,1282,1282,395,251,True,784,21640
ba,200,784,2,8.0,7.84,28,1511173470,81,0,1471,1471,420,243,True,784,21140
ba,200,784,2,8.0,7.84,29,3807648877,69,0,536,536,391,254,True,784,20516
ba,200,784,2,8.0,7.84,30,253999100,66,0,1235,1235,378,250,True,784,23654
ba,200,784,2,8.0,7.84,31,4084338511,60,0,733,733,391,252,True,784,21834
ba,200,784,2,8.0,7.84,32,1595396021,74,0,1365,1365,400,253,True,784,21260
ba,200,784,2,8.0,7.84,33,730722016,65,0,1012,1012,404,248,True,784,21814
ba,200,784,2,8.0,7.84,34,1966999623,61,0,1110,1110,374,242,True,784,19480
ba,200,784,2,8.0,7.84,35,2494590968,80,0,1602,1602,415,231,True,784,19990
ba,200,784,2,8.0,7.84,36,3742252382,73,0,1033,1033,414,248,True,784,21922
ba,200,784,2,8.0,7.84,37,2938573536,76,0,1751,1751,382,234,True,784,21482
ba,200,784,2,8.0,7.84,38,115453766,85,0,975,975,400,230,True,784,20932
ba,200,784,2,8.0,7.84,39,580798603,81,0,1349,1349,400,233,True,784,19384
ba,400,1584,2,8.0,7.92,0,3988167687,132,0,2965,2965,792,493,True,1584,47668
ba,400,1584,2,8.0,7.92,1,3932440355,135,0,2641,2641,779,477,True,1584,48958
ba,400,1584,2,8.0,7.92,2,2038496378,153,0,2743,2743,783,483,True,1584,45720
ba,400,1584,2,8.0,7.92,3,609073074,143,0,2294,2294,813,488,True,1584,51116
ba,400,1584,2,8.0,7.92,4,301194217,159,0,3643,3643,822,488,True,1584,46172
ba,400,1584,2,8.0,7.92,5,179397338,150,0,3028,3028,791,484,True,1584,47922
ba,400,1584,2,8.0,7.92,6,3131373588,158,0,3742,3742,830,474,True,1584,48392
ba,400,1584,2,8.0,7.92,7,2758868173,133,0,1812,1812,784,496,True,1584,51584
ba,400,1584,2,8.0,7.92,8,2769906360,148,0,2672,2672,797,486,True,1584,46982
ba,400,1584,2,8.0,7.92,9,3203670870,142,0,3820,3820,788,488,True,1584,51676
ba,400,1584,2,8.0,7.92,10,268711995,135,0,1916,1916,801,500,True,1584,54122
ba,400,1584,2,8.0,7.92,11,3135989471,151,0,1658,1658,818,502,True,1584,45962
ba,400,1584,2,8.0,7.92,12,1214684099,146,0,2149,2149,794,468,True,1584,50290
ba,400,1584,2,8.0,7.92,13,675455170,169,0,3858,3858,845,473,True,1584,45610
ba,400,1584,2,8.0,7.92,14,3459451404,135,0,5401,5401,805,495,True,1584,49446
ba,400,1584,2,8.0,7.92,15,3239571913,137,0,2668,2668,781,495,True,1584,47720
ba,400,1584,2,8.0,7.92,16,247909759,158,0,3135,3135,760,474,True,1584,49834
ba,400,1584,2,8.0,7.92,17,2307805893,148,0,2403,2403,796,483,True,1584,49940
ba,400,1584,2,8.0,7.92,18,1392576143,160,0,2626,2626,769,441,True,1584,47880
ba,400,1584,2,8.0,7.92,19,1629173607,145,0,2431,2431,808,484,True,1584,49674
ba,400,1584,2,8.0,7.92,20,688809101,138,0,3259,3259,775,472,True,1584,51472
ba,400,1584,2,8.0,7.92,21,373502617,133,0,1947,1947,778,495,True,1584,48702
ba,400,1584,2,8.0,7.92,22,386244877,158,0,2801,2801,781,469,True,1584,48054
ba,400,1584,2,8.0,7.92,23,210538976,146,0,2636,2636,796,497,True,1584,49302
ba,400,1584,2,8.0,7.92,24,1012166703,135,0,2825,2825,768,496,True,1584,47810
ba,400,1584,2,8.0,7.92,25,879915224,150,0,4027,4027,797,488,True,1584,48506
ba,400,1584,2,8.0,7.92,26,870512953,141,0,5171,5171,789,494,True,1584,49384
ba,400,1584,2,8.0,7.92,27,2074208431,145,0,1713,1713,810,485,True,1584,50046
ba,400,1584,2,8.0,7.92,28,360709131,141,0,2151,2151,827,479,True,1584,46612
ba,400,1584,2,8.0,7.92,29,327510157,156,0,2594,2594,815,488,True,1584,49252
ba,400,1584,2,8.0,7.92,30,1764505019,132,0,2474,2474,807,499,True,1584,46458
ba,400,1584,2,8.0,7.92,31,3056313077,146,0,3123,3123,769,472,True,1584,49094
ba,400,1584,2,8.0,7.92,32,3373175021,136,0,2319,2319,770,488,True,1584,43058
ba,400,1584,2,8.0,7.92,33,517689461,134,0,1925,1925,812,519,True,1584,47476
ba,400,1584,2,8.0,7.92,34,2313825234,139,0,2228,2228,804,487,True,1584,48558
ba,400,1584,2,8.0,7.92,35,3913783111,147,0,3237,3237,814,484,True,1584,45250
ba,400,1584,2,8.0,7.92,36,2283549988,148,0,2028,2028,809,496,True,1584,49358
ba,400,1584,2,8.0,7.92,37,1419003952,124,0,2160,2160,772,493,True,1584,53710
ba,400,1584,2,8.0,7.92,38,2709900017,153,0,2149,2149,768,460,True,1584,46356
ba,400,1584,2,8.0,7.92,39,3705826358,134,0,3856,3856,779,479,True,1584,49374
ba,800,3184,2,8.0,7.96,0,3976519045,287,0,6638,6638,1583,987,True,3184,106086
ba,800,3184,2,8.0,7.96,1,3918133922,266,0,6005,6005,1571,973,True,3184,101752
ba,800,3184,2,8.0,7.96,2,1503181548,288,0,7314,7314,1649,1003,True,3184,105018
ba,800,3184,2,8.0,7.96,3,2716427525,297,0,6325,6325,1636,938,True,3184,121340
ba,800,3184,2,8.0,7.96,4,886647856,295,0,8590,8590,1601,959,True,3184,108758
ba,800,3184,2,8.0,7.96,5,2624260535,318,0,7346,7346,1604,961,True,3184,102488
ba,800,3184,2,8.0,7.96,6,2681292231,291,0,6238,6238,1616,986,True,3184,108564
ba,800,3184,2,8.0,7.96,7,876956080,286,0,5916,5916,1594,997,True,3184,112052
ba,800,3184,2,8.0,7.96,8,239141448,297,0,5581,5581,1569,943,True,3184,111718
ba,800,3184,2,8.0,7.96,9,2879691404,273,0,7717,7717,1583,983,True,3184,118680
ba,800,3184,2,8.0,7.96,10,2327190773,281,0,5790,5790,1557,977,True,3184,105574
ba,800,3184,2,8.0,7.96,11,1361272022,282,0,8400,8400,1575,964,True,3184,98912
ba,800,3184,2,8.0,7.96,12,3880946278,284,0,5231,5231,1598,971,True,3184,101660
ba,800,3184,2,8.0,7.96,13,557473200,296,0,6753,6753,1579,958,True,3184,103750
ba,800,3184,2,8.0,7.96,14,1019689035,272,0,5756,5756,1601,993,True,3184,109770
ba,800,3184,2,8.0,7.96,15,3282905556,289,0,5260,5260,1591,972,True,3184,98980
ba,800,3184,2,8.0,7.96,16,2212375028,271,0,6311,6311,1545,966,True,3184,109324
ba,800,3184,2,8.0,7.96,17,325683315,303,0,9193,9193,1595,949,True,3184,105146
ba,800,3184,2,8.0,7.96,18,554666592,296,0,4385,4385,1595,967,True,3184,104032
ba,800,3184,2,8.0,7.96,19,922641733,252,0,4676,4676,1539,999,True,3184,100978
ba,800,3184,2,8.0,7.96,20,1857591964,267,0,5242,5242,1548,978,True,3184,108060
ba,800,3184,2,8.0,7.96,21,2509066445,280,0,5699,5699,1588,969,True,3184,112042
ba,800,3184,2,8.0,7.96,22,2827856628,294,0,5429,5429,1600,978,True,3184,104104
ba,800,3184,2,8.0,7.96,23,1277033899,284,0,8651,8651,1579,977,True,3184,117692
ba,800,3184,2,8.0,7.96,24,358678658,289,0,5197,5197,1582,966,True,3184,104672
ba,800,3184,2,8.0,7.96,25,2488002722,287,0,8737,8737,1583,976,True,3184,103090
ba,800,3184,2,8.0,7.96,26,3592425368,268,0,5518,5518,1576,991,True,3184,110990
ba,800,3184,2,8.0,7.96,27,3063457335,267,0,6131,6131,1547,989,True,3184,103668
ba,800,3184,2,8.0,7.96,28,4203808163,267,0,6298,6298,1581,986,True,3184,101128
ba,800,3184,2,8.0,7.96,29,2002799577,312,0,4838,4838,1654,951,True,3184,115140
ba,800,3184,2,8.0,7.96,30,1275507069,266,0,7155,7155,1545,966,True,3184,118444
ba,800,3184,2,8.0,7.96,31,3752118201,276,0,5253,5253,1566,959,True,3184,116114
ba,800,3184,2,8.0,7.96,32,1544934386,301,0,5579,5579,1615,986,True,3184,102266
ba,800,3184,2,8.0,7.96,33,1890058309,294,0,7045,7045,1593,949,True,3184,103284
ba,800,3184,2,8.0,7.96,34,3749292448,302,0,6403,6403,1647,936,True,3184,101946
ba,800,3184,2,8.0,7.96,35,1496753836,273,0,9754,9754,1583,962,True,3184,109474
ba,800,3184,2,8.0,7.96,36,4286070046,285,0,6088,6088,1591,958,True,3184,104998
ba,800,3184,2,8.0,7.96,37,2471924557,280,0,5916,5916,1567,976,True,3184,107776
ba,800,3184,2,8.0,7.96,38,3138061192,304,0,5987,5987,1592,962,True,3184,107706
ba,800,3184,2,8.0,7.96,39,1981464719,297,0,5639,5639,1592,953,True,3184,111274
ws,100,400,2,8.0,8.0,0,3366207772,33,0,625,625,204,140,True,400,6480
ws,100,400,2,8.0,8.0,1,1732956968,36,0,228,228,227,148,True,400,6466
ws,100,400,2,8.0,8.0,2,1187570535,32,0,628,628,198,147,True,400,6476
ws,100,400,2,8.0,8.0,3,3402606821,28,0,223,223,195,141,True,400,6494
ws,100,400,2,8.0,8.0,4,1732868400,28,0,386,386,199,144,True,400,6446
ws,100,400,2,8.0,8.0,5,135484333,30,0,731,731,195,136,True,400,6472
ws,100,400,2,8.0,8.0,6,4081711584,26,0,516,516,193,147,True,400,6478
ws,100,400,2,8.0,8.0,7,3657175758,34,0,579,579,202,145,True,400,6488
ws,100,400,2,8.0,8.0,8,1373512240,26,0,351,351,195,151,True,400,6452
ws,100,400,2,8.0,8.0,9,847351046,44,0,488,488,212,137,True,400,6460
ws,100,400,2,8.0,8.0,10,2897978593,42,0,394,394,212,138,True,400,6460
ws,100,400,2,8.0,8.0,11,1761257055,30,0,339,339,203,146,True,400,6474
ws,100,400,2,8.0,8.0,12,3840348113,27,0,455,455,202,148,True,400,6454
ws,100,400,2,8.0,8.0,13,1635861577,28,0,258,258,210,141,True,400,6474
ws,100,400,2,8.0,8.0,14,3703078418,21,0,239,239,186,142,True,400,6472
ws,100,400,2,8.0,8.0,15,900571972,30,0,407,407,204,144,True,400,6460
ws,100,400,2,8.0,8.0,16,3655283831,24,0,432,432,185,146,True,400,6478
ws,100,400,2,8.0,8.0,17,613059218,38,0,494,494,216,139,True,400,6476
ws,100,400,2,8.0,8.0,18,4256598341,30,0,212,212,200,147,True,400,6478
ws,100,400,2,8.0,8.0,19,1731326586,33,0,277,277,227,145,True,400,6482
ws,100,400,2,8.0,8.0,20,1863150059,28,0,291,291,186,144,True,400,6474
ws,100,400,2,8.0,8.0,21,2579277013,21,0,372,372,188,148,True,400,6476
ws,100,400,2,8.0,8.0,22,1903849427,31,0,488,488,204,141,True,400,6488
ws,100,400,2,8.0,8.0,23,3754590119,34,0,320,320,199,137,True,400,6484
ws,100,400,2,8.0,8.0,24,1036440174,24,0,413,413,186,136,True,400,6474
ws,100,400,2,8.0,8.0,25,1680008795,32,0,905,905,205,140,True,400,6460
ws,100,400,2,8.0,8.0,26,3308316078,33,0,464,464,194,140,True,400,6484
ws,100,400,2,8.0,8.0,27,3542016957,35,0,565,565,196,139,True,400,6476
ws,100,400,2,8.0,8.0,28,2016505901,37,0,330,330,219,136,True,400,6476
ws,100,400,2,8.0,8.0,29,167239190,37,0,431,431,203,142,True,400,6496
ws,100,400,2,8.0,8.0,30,1020522945,30,0,530,530,193,146,True,400,6520
ws,100,400,2,8.0,8.0,31,2494615037,25,0,354,354,198,151,True,400,6450
ws,100,400,2,8.0,8.0,32,4222416210,30,0,700,700,195,142,True,400,6478
ws,100,400,2,8.0,8.0,33,2936505882,36,0,867,867,208,135,True,400,6486
ws,100,400,2,8.0,8.0,34,1865595739,34,0,771,771,202,144,True,400,6474
ws,100,400,2,8.0,8.0,35,4244332714,24,0,558,558,178,136,True,400,6518
ws,100,400,2,8.0,8.0,36,1472384579,28,0,407,407,189,139,True,400,6492
ws,100,400,2,8.0,8.0,37,683980367,34,0,252,252,209,139,True,400,6460
ws,100,400,2,8.0,8.0,38,137739238,25,0,229,229,199,148,True,400,6462
ws,100,400,2,8.0,8.0,39,2642762848,30,0,574,574,191,137,True,400,6468
ws,200,800,2,8.0,8.0,0,4092109051,50,0,970,970,390,287,True,800,12926
ws,200,800,2,8.0,8.0,1,2301777819,57,0,638,638,404,292,True,800,12972
ws,200,800,2,8.0,8.0,2,333549981,69,0,1279,1279,406,277,True,800,12948
ws,200,800,2,8.0,8.0,3,242713094,56,0,1179,1179,405,300,True,800,12934
ws,200,800,2,8.0,8.0,4,1591408998,48,0,1941,1941,392,298,True,800,12936
ws,200,800,2,8.0,8.0,5,252764265,42,0,479,479,376,286,True,800,12980
ws,200,800,2,8.0,8.0,6,1890826161,56,0,659,659,405,282,True,800,12954
ws,200,800,2,8.0,8.0,7,2280411075,70,0,987,987,404,284,True,800,12998
ws,200,800,2,8.0,8.0,8,692206785,51,0,1250,1250,398,297,True,800,12962
ws,200,800,2,8.0,8.0,9,1027790578,59,0,992,992,395,282,True,800,12924
ws,200,800,2,8.0,8.0,10,1011428516,61,0,935,935,391,273,True,800,12954
ws,200,800,2,8.0,8.0,11,2847658660,50,0,1497,1497,362,280,True,800,12948
ws,200,800,2,8.0,8.0,12,1740683435,56,0,687,687,399,289,True,800,12928
ws,200,800,2,8.0,8.0,13,783936623,61,0,1065,1065,395,280,True,800,12954
ws,200,800,2,8.0,8.0,14,66327749,64,0,1165,1165,399,289,True,800,12962
ws,200,800,2,8.0,8.0,15,4231238895,54,0,652,652,396,298,True,800,12938
ws,200,800,2,8.0,8.0,16,421111502,58,0,712,712,400,275,True,800,12952
ws,200,800,2,8.0,8.0,17,153674814,64,0,906,906,410,289,True,800,12932
ws,200,800,2,8.0,8.0,18,963469025,56,0,711,711,408,285,True,800,12940
ws,200,800,2,8.0,8.0,19,1991031666,49,0,870,870,416,294,True,800,12978
ws,200,800,2,8.0,8.0,20,1321406891,47,0,1337,1337,381,289,True,800,12970
ws,200,800,2,8.0,8.0,21,2654118950,65,0,775,775,400,281,True,800,12974
ws,200,800,2,8.0,8.0,22,3819569188,55,0,840,840,416,299,True,800,12942
ws,200,800,2,8.0,8.0,23,3039141479,56,0,1448,1448,398,288,True,800,12916
ws,200,800,2,8.0,8.0,24,3546093008,58,0,1183,1183,390,300,True,800,12936
ws,200,800,2,8.0,8.0,25,1634272869,54,0,1813,1813,393,291,True,800,12986
ws,200,800,2,8.0,8.0,26,3544278700,55,0,991,991,407,287,True,800,12940
ws,200,800,2,8.0,8.0,27,2827052201,53,0,1070,1070,388,289,True,800,12974
ws,200,800,2,8.0,8.0,28,3674621536,56,0,1362,1362,395,289,True,800,12946
ws,200,800,2,8.0,8.0,29,1818158004,69,0,660,660,405,283,True,800,12968
ws,200,800,2,8.0,8.0,30,2183903518,58,0,395,395,415,293,True,800,12954
ws,200,800,2,8.0,8.0,31,652650206,60,0,1390,1390,390,286,True,800,12980
ws,200,800,2,8.0,8.0,32,2920999963,57,0,1453,1453,386,286,True,800,13008
ws,200,800,2,8.0,8.0,33,1162361248,57,0,1127,1127,386,279,True,800,12964
ws,200,800,2,8.0,8.0,34,1580068971,52,0,589,589,390,283,True,800,12976
ws,200,800,2,8.0,8.0,35,2427101052,62,0,907,907,431,292,True,800,12958
ws,200,800,2,8.0,8.0,36,2698243273,60,0,751,751,386,282,True,800,12942
ws,200,800,2,8.0,8.0,37,3327904205,39,0,622,622,388,303,True,800,12936
ws,200,800,2,8.0,8.0,38,759188166,71,0,1243,1243,434,288,True,800,12982
ws,200,800,2,8.0,8.0,39,788369986,41,0,651,651,376,302,True,800,12940
ws,400,1600,2,8.0,8.0,0,2137624861,114,0,3198,3198,787,552,True,1600,25914
ws,400,1600,2,8.0,8.0,1,3879405069,117,0,2970,2970,824,574,True,1600,25924
ws,400,1600,2,8.0,8.0,2,2014192047,119,0,2006,2006,803,572,True,1600,25906
ws,400,1600,2,8.0,8.0,3,2714757905,123,0,1882,1882,798,565,True,1600,25870
ws,400,1600,2,8.0,8.0,4,1539492145,135,0,2231,2231,845,576,True,1600,25852
ws,400,1600,2,8.0,8.0,5,1327673312,104,0,3328,3328,785,581,True,1600,25888
ws,400,1600,2,8.0,8.0,6,436574542,128,0,3700,3700,800,567,True,1600,25872
ws,400,1600,2,8.0,8.0,7,1126667465,123,0,2310,2310,796,568,True,1600,25882
ws,400,1600,2,8.0,8.0,8,3918424692,140,0,4417,4417,820,553,True,1600,25914
ws,400,1600,2,8.0,8.0,9,2175071297,127,0,3224,3224,812,575,True,1600,25884
ws,400,1600,2,8.0,8.0,10,1382305554,131,0,1660,1660,823,572,True,1600,25876
ws,400,1600,2,8.0,8.0,11,352154618,133,0,2924,2924,836,584,True,1600,25874
ws,400,1600,2,8.0,8.0,12,3573911399,108,0,3056,3056,786,568,True,1600,25850
ws,400,1600,2,8.0,8.0,13,2405565650,127,0,1827,1827,808,561,True,1600,25922
ws,400,1600,2,8.0,8.0,14,1288994730,99,0,1852,1852,765,576,True,1600,25964
ws,400,1600,2,8.0,8.0,15,3491429645,107,0,1490,1490,785,570,True,1600,25948
ws,400,1600,2,8.0,8.0,16,2497013801,109,0,4169,4169,778,578,True,1600,25892
ws,400,1600,2,8.0,8.0,17,2699354132,126,0,2289,2289,856,587,True,1600,25850
ws,400,1600,2,8.0,8.0,18,2797580398,119,0,2369,2369,792,582,True,1600,25900
ws,400,1600,2,8.0,8.0,19,3783553525,134,0,3257,3257,809,561,True,1600,25892
ws,400,1600,2,8.0,8.0,20,513556406,121,0,4467,4467,793,569,True,1600,25916
ws,400,1600,2,8.0,8.0,21,1105923080,114,0,2621,2621,793,576,True,1600,25904
ws,400,1600,2,8.0,8.0,22,89783502,109,0,2623,2623,799,583,True,1600,25858
ws,400,1600,2,8.0,8.0,23,4116606837,134,0,2892,2892,811,560,True,1600,25934
ws,400,1600,2,8.0,8.0,24,466555567,114,0,3450,3450,797,576,True,1600,25924
ws,400,1600,2,8.0,8.0,25,1913319305,136,0,4291,4291,830,569,True,1600,25894
ws,400,1600,2,8.0,8.0,26,3472067073,120,0,2581,2581,820,583,True,1600,25932
ws,400,1600,2,8.0,8.0,27,3948573239,135,0,2441,2441,795,550,True,1600,25884
ws,400,1600,2,8.0,8.0,28,864319848,98,0,2207,2207,764,568,True,1600,25846
ws,400,1600,2,8.0,8.0,29,859549848,107,0,1955,1955,778,576,True,1600,25884
ws,400,1600,2,8.0,8.0,30,844359917,99,0,2712,2712,776,572,True,1600,25918
ws,400,1600,2,8.0,8.0,31,1447150526,117,0,2298,2298,802,574,True,1600,25926
ws,400,1600,2,8.0,8.0,32,3184411844,134,0,1924,1924,810,573,True,1600,25882
ws,400,1600,2,8.0,8.0,33,300022702,117,0,1958,1958,787,573,True,1600,25882
ws,400,1600,2,8.0,8.0,34,789839356,115,0,2694,2694,837,578,True,1600,25908
ws,400,1600,2,8.0,8.0,35,178245600,125,0,2468,2468,835,559,True,1600,25916
ws,400,1600,2,8.0,8.0,36,4030470783,109,0,3556,3556,788,590,True,1600,25906
ws,400,1600,2,8.0,8.0,37,1628516608,99,0,1729,1729,808,601,True,1600,25886
ws,400,1600,2,8.0,8.0,38,2980645360,134,0,4575,4575,839,566,True,1600,25942
ws,400,1600,2,8.0,8.0,39,933743872,118,0,2685,2685,794,583,True,1600,25902
ws,800,3200,2,8.0,8.0,0,663919629,229,0,3806,3806,1600,1146,True,3200,51848
ws,800,3200,2,8.0,8.0,1,472685885,244,0,7257,7257,1622,1135,True,3200,51784
ws,800,3200,2,8.0,8.0,2,508093266,216,0,4123,4123,1612,1173,True,3200,51810
ws,800,3200,2,8.0,8.0,3,1879010822,212,0,4489,4489,1534,1146,True,3200,51810
ws,800,3200,2,8.0,8.0,4,373705084,217,0,4416,4416,1567,1134,True,3200,51816
ws,800,3200,2,8.0,8.0,5,1102087033,224,0,4298,4298,1597,1157,True,3200,51778
ws,800,3200,2,8.0,8.0,6,2002161130,276,0,7312,7312,1649,1128,True,3200,51768
ws,800,3200,2,8.0,8.0,7,2473960426,237,0,5816,5816,1597,1125,True,3200,51774
ws,800,3200,2,8.0,8.0,8,2101540465,261,0,7085,7085,1611,1136,True,3200,51802
ws,800,3200,2,8.0,8.0,9,3849676231,235,0,5271,5271,1593,1150,True,3200,51794
ws,800,3200,2,8.0,8.0,10,2983650923,247,0,5825,5825,1606,1133,True,3200,51804
ws,800,3200,2,8.0,8.0,11,1120156395,228,0,5102,5102,1572,1149,True,3200,51824
ws,800,3200,2,8.0,8.0,12,867393448,215,0,5136,5136,1568,1145,True,3200,51820
ws,800,3200,2,8.0,8.0,13,2948635572,228,0,5755,5755,1608,1153,True,3200,51766
ws,800,3200,2,8.0,8.0,14,1168413106,236,0,6309,6309,1611,1144,True,3200,51854
ws,800,3200,2,8.0,8.0,15,4145001784,215,0,5910,5910,1590,1156,True,3200,51772
ws,800,3200,2,8.0,8.0,16,645589194,263,0,7891,7891,1656,1121,True,3200,51870
ws,800,3200,2,8.0,8.0,17,3620744420,244,0,5520,5520,1608,1152,True,3200,51818
ws,800,3200,2,8.0,8.0,18,715518128,255,0,7723,7723,1609,1138,True,3200,51818
ws,800,3200,2,8.0,8.0,19,1540854178,242,0,5378,5378,1592,1150,True,3200,51730
ws,800,3200,2,8.0,8.0,20,943334384,230,0,4934,4934,1573,1140,True,3200,51776
ws,800,3200,2,8.0,8.0,21,2486982374,251,0,6094,6094,1625,1136,True,3200,51860
ws,800,3200,2,8.0,8.0,22,2525845882,239,0,7607,7607,1605,1138,True,3200,51824
ws,800,3200,2,8.0,8.0,23,1619105473,227,0,5561,5561,1580,1139,True,3200,51836
ws,800,3200,2,8.0,8.0,24,4272307611,226,0,6966,6966,1615,1153,True,3200,51792
ws,800,3200,2,8.0,8.0,25,1073361968,257,0,6043,6043,1605,1117,True,3200,51880
ws,800,3200,2,8.0,8.0,26,2152770434,247,0,3864,3864,1655,1155,True,3200,51782
ws,800,3200,2,8.0,8.0,27,2186167487,240,0,6865,6865,1608,1147,True,3200,51760
ws,800,3200,2,8.0,8.0,28,2940261416,230,0,5772,5772,1543,1140,True,3200,51796
ws,800,3200,2,8.0,8.0,29,54699857,264,0,5537,5537,1642,1131,True,3200,51820
ws,800,3200,2,8.0,8.0,30,2678840750,257,0,7074,7074,1649,1145,True,3200,51790
ws,800,3200,2,8.0,8.0,31,871305841,229,0,4249,4249,1596,1150,True,3200,51840
ws,800,3200,2,8.0,8.0,32,866648697,235,0,4129,4129,1592,1125,True,3200,51826
ws,800,3200,2,8.0,8.0,33,995148599,253,0,7173,7173,1601,1145,True,3200,51800
ws,800,3200,2,8.0,8.0,34,4064346117,246,0,7542,7542,1620,1151,True,3200,51774
ws,800,3200,2,8.0,8.0,35,4083841470,241,0,7495,7495,1628,1134,True,3200,51816
ws,800,3200,2,8.0,8.0,36,2227789493,271,0,6919,6919,1619,1124,True,3200,51768
ws,800,3200,2,8.0,8.0,37,4270471751,244,0,9135,9135,1590,1154,True,3200,51754
ws,800,3200,2,8.0,8.0,38,2773813841,233,0,4925,4925,1644,1158,True,3200,51792
ws,800,3200,2,8.0,8.0,39,984166214,217,0,5089,5089,1557,1163,True,3200,51860
er,100,620,2,12.0,12.4,0,3189560026,50,0,626,626,325,211,True,620,16306
er,100,593,2,12.0,11.86,1,1561495990,54,0,1150,1150,305,193,True,593,15356
er,100,622,2,12.0,12.44,2,20294582,44,0,587,587,326,207,True,622,16888
er,100,607,2,12.0,12.14,3,2841696060,38,0,432,432,302,195,True,607,16118
er,100,606,2,12.0,12.12,4,3688447496,33,0,230,230,306,214,True,606,15788
er,100,586,2,12.0,11.72,5,2063808367,46,0,314,314,290,190,True,586,14792
er,100,590,2,12.0,11.8,6,898771179,37,0,394,394,280,197,True,590,14812
er,100,621,2,12.0,12.42,7,2018621725,44,0,595,595,322,205,True,621,16300
er,100,605,2,12.0,12.1,8,3127663220,41,0,421,421,302,204,True,605,15612
er,100,614,2,12.0,12.28,9,2946858414,39,0,510,510,315,210,True,614,16062
er,100,586,2,12.0,11.72,10,617463885,36,0,418,418,288,203,True,586,14558
er,100,600,2,12.0,12.0,11,3120483858,43,0,403,403,313,194,True,600,15454
er,100,591,2,12.0,11.82,12,4063885741,35,0,385,385,287,193,True,591,15104
er,100,609,2,12.0,12.18,13,1431647068,44,0,534,534,293,217,True,609,15930
er,100,597,2,12.0,11.94,14,351030169,35,0,428,428,282,193,True,597,15296
er,100,615,2,12.0,12.3,15,3524474594,35,0,398,398,287,205,True,615,16260
er,100,558,2,12.0,11.16,16,94592641,28,0,374,374,267,189,True,558,13600
er,100,588,2,12.0,11.76,17,3209551844,52,0,665,665,295,200,True,588,14884
er,100,613,2,12.0,12.26,18,2596494181,32,0,406,406,313,223,True,613,16228
er,100,575,2,12.0,11.5,19,3901840313,52,0,1111,1111,289,185,True,575,14286
er,100,584,2,12.0,11.68,20,3829518668,47,0,669,669,304,193,True,584,14742
er,100,624,2,12.0,12.48,21,2214801538,44,0,627,627,313,209,True,624,16446
er,100,595,2,12.0,11.9,22,2667422949,49,0,687,687,318,203,True,595,15230
er,100,603,2,12.0,12.06,23,3221928055,44,0,485,485,315,204,True,603,15568
er,100,573,2,12.0,11.46,24,1173175263,42,0,572,572,291,194,True,573,14202
er,100,642,2,12.0,12.84,25,2982232480,36,0,519,519,316,216,True,642,17760
er,100,576,2,12.0,11.52,26,1368757621,49,0,320,320,303,197,True,576,14204
er,100,640,2,12.0,12.8,27,1889077887,40,0,977,977,284,215,True,640,17416
er,100,624,2,12.0,12.48,28,1376504382,58,0,1210,1210,341,202,True,624,16732
er,100,624,2,12.0,12.48,29,3658024065,36,0,735,735,296,213,True,624,16660
er,100,589,2,12.0,11.78,30,1003509256,36,0,1202,1202,274,182,True,589,14832
er,100,565,2,12.0,11.3,31,225142630,39,0,455,455,261,179,True,565,13800
er,100,588,2,12.0,11.76,32,3253516416,35,0,785,785,288,205,True,588,14868
er,100,590,2,12.0,11.8,33,3105214147,33,0,429,429,295,203,True,590,14666
er,100,575,2,12.0,11.5,34,3369894701,46,0,687,687,292,191,True,575,14258
er,100,582,2,12.0,11.64,35,888198329,46,0,425,425,291,191,True,582,14454
er,100,594,2,12.0,11.88,36,574476124,42,0,483,483,310,191,True,594,15426
er,100,560,2,12.0,11.2,37,3735778776,47,0,622,622,287,181,True,560,13480
er,100,589,2,12.0,11.78,38,2004579792,39,0,688,688,287,194,True,589,14936
er,100,595,2,12.0,11.9,39,974884151,40,0,684,684,285,205,True,595,15190
er,200,1225,2,12.0,12.25,0,2745352864,79,0,1149,1149,616,417,True,1225,32176
er,200,1193,2,12.0,11.93,1,3353834963,85,0,1575,1575,609,398,True,1193,30602
er,200,1195,2,12.0,11.95,2,1040044754,76,0,1233,1233,599,392,True,1195,30792
er,200,1156,2,12.0,11.56,3,1542620190,103,0,1556,1556,603,366,True,1156,28712
er,200,1189,2,12.0,11.89,4,2476334816,96,0,1801,1801,604,401,True,1189,30602
er,200,1219,2,12.0,12.19,5,592709032,82,0,912,912,637,425,True,1219,32154
er,200,1195,2,12.0,11.95,6,3324272629,86,0,1379,1379,605,396,True,1195,31390
er,200,1148,2,12.0,11.48,7,1868638365,83,0,1543,1543,574,380,True,1148,28418
er,200,1196,2,12.0,11.96,8,4081686665,71,0,1446,1446,613,405,True,1196,31194
er,200,1171,2,12.0,11.71,9,2933401679,84,0,1369,1369,582,377,True,1171,29520
er,200,1196,2,12.0,11.96,10,626386741,76,0,1064,1064,595,387,True,1196,30898
er,200,1211,2,12.0,12.11,11,1385977312,92,0,1811,1811,612,398,True,1211,31714
er,200,1186,2,12.0,11.86,12,744853105,82,0,1572,1572,596,404,True,1186,30156
er,200,1215,2,12.0,12.15,13,695955122,101,0,1357,1357,604,401,True,1215,31626
er,200,1181,2,12.0,11.81,14,3710555622,86,0,1516,1516,571,382,True,1181,30118
er,200,1197,2,12.0,11.97,15,1251747997,85,0,952,952,618,411,True,1197,31028
er,200,1233,2,12.0,12.33,16,3741600234,81,0,1340,1340,619,414,True,1233,32382
er,200,1192,2,12.0,11.92,17,1971521418,92,0,1217,1217,611,385,True,1192,30794
er,200,1202,2,12.0,12.02,18,823495854,99,0,2507,2507,590,373,True,1202,30970
er,200,1226,2,12.0,12.26,19,3264627193,86,0,2135,2135,611,386,True,1226,32502
er,200,1168,2,12.0,11.68,20,2958699598,89,0,2520,2520,575,385,True,1168,29408
er,200,1255,2,12.0,12.55,21,3215692290,70,0,1828,1828,594,426,True,1255,33890
er,200,1134,2,12.0,11.34,22,539040416,79,0,1479,1479,538,356,True,1134,27612
er,200,1167,2,12.0,11.67,23,3801981248,82,0,1556,1556,570,390,True,1167,29450
er,200,1230,2,12.0,12.3,24,2295768344,76,0,1780,1780,613,418,True,1230,32372
er,200,1196,2,12.0,11.96,25,4121751253,86,0,1357,1357,591,397,True,1196,30664
er,200,1200,2,12.0,12.0,26,1129266327,96,0,1749,1749,590,382,True,1200,30916
er,200,1252,2,12.0,12.52,27,803867601,81,0,1095,1095,607,415,True,1252,33356
er,200,1219,2,12.0,12.19,28,3062292931,73,0,1032,1032,598,406,True,1219,32248
er,200,1208,2,12.0,12.08,29,4225735734,80,0,1579,1579,612,403,True,1208,31330
er,200,1175,2,12.0,11.75,30,3114954242,79,0,1039,1039,601,393,True,1175,29722
er,200,1233,2,12.0,12.33,31,711382763,81,0,909,909,610,423,True,1233,32940
er,200,1244,2,12.0,12.44,32,483273266,75,0,1372,1372,608,415,True,1244,33086
er,200,1244,2,12.0,12.44,33,2428622428,87,0,1922,1922,622,407,True,1244,33050
er,200,1256,2,12.0,12.56,34,1163919038,95,0,1331,1331,641,421,True,1256,33786
er,200,1211,2,12.0,12.11,35,2444403227,79,0,1467,1467,585,391,True,1211,31808
er,200,1225,2,12.0,12.25,36,819571680,93,0,2079,2079,611,390,True,1225,31922
er,200,1193,2,12.0,11.93,37,1131213899,62,0,1179,1179,565,381,True,1193,30298
er,200,1141,2,12.0,11.41,38,2738798393,97,0,971,971,585,376,True,1141,27626
er,200,1220,2,12.0,12.2,39,3515347058,74,0,1623,1623,624,408,True,1220,32272
er,400,2438,2,12.0,12.19,0,3399847583,177,0,3996,3996,1209,799,True,2438,63944
er,400,2348,2,12.0,11.74,1,1816410408,168,0,3127,3127,1167,762,True,2348,59514
er,400,2355,2,12.0,11.775,2,3788082990,167,0,5025,5025,1184,774,True,2355,59886
er,400,2421,2,12.0,12.105,3,1879393297,189,0,3594,3594,1231,789,True,2421,63534
er,400,2381,2,12.0,11.905,4,2771388129,191,0,3161,3161,1194,762,True,2381,60860
er,400,2387,2,12.0,11.935,5,3588331045,158,0,2404,2404,1178,774,True,2387,60788
er,400,2365,2,12.0,11.825,6,630446234,152,0,2531,2531,1155,792,True,2365,60378
er,400,2437,2,12.0,12.185,7,2312128628,161,0,2724,2724,1202,799,True,2437,64040
er,400,2371,2,12.0,11.855,8,1088889599,167,0,3177,3177,1194,748,True,2371,60888
er,400,2415,2,12.0,12.075,9,1781278931,151,0,3779,3779,1162,800,True,2415,63430
er,400,2268,2,12.0,11.34,10,2990697754,166,0,2987,2987,1187,742,True,2268,55518
er,400,2386,2,12.0,11.93,11,52655726,182,0,4410,4410,1201,780,True,2386,61578
er,400,2428,2,12.0,12.14,12,2849416970,179,0,3685,3685,1214,804,True,2428,63422
er,400,2398,2,12.0,11.99,13,1628802883,183,0,3753,3753,1204,785,True,2398,62536
er,400,2397,2,12.0,11.985,14,3950313184,177,0,2820,2820,1193,807,True,2397,62254
er,400,2377,2,12.0,11.885,15,2973850344,160,0,2369,2369,1168,781,True,2377,60794
er,400,2423,2,12.0,12.115,16,4153716322,158,0,2606,2606,1221,834,True,2423,64042
er,400,2416,2,12.0,12.08,17,3814477002,130,0,1720,1720,1159,832,True,2416,62598
er,400,2434,2,12.0,12.17,18,2070416283,129,0,3001,3001,1188,844,True,2434,64196
er,400,2438,2,12.0,12.19,19,2707075437,173,0,2677,2677,1213,792,True,2438,64000
er,400,2426,2,12.0,12.13,20,1510204751,146,0,3034,3034,1169,816,True,2426,63348
er,400,2509,2,12.0,12.545,21,3250473935,170,0,3387,3387,1251,829,True,2509,67452
er,400,2396,2,12.0,11.98,22,954927362,155,0,2622,2622,1184,783,True,2396,62036
er,400,2348,2,12.0,11.74,23,4130454532,154,0,1924,1924,1208,774,True,2348,59440
er,400,2368,2,12.0,11.84,24,1017993010,197,0,4064,4064,1226,777,True,2368,60198
er,400,2434,2,12.0,12.17,25,1964592472,176,0,5635,5635,1233,797,True,2434,63978
er,400,2325,2,12.0,11.625,26,2049108274,175,0,2223,2223,1178,763,True,2325,58720
er,400,2331,2,12.0,11.655,27,2432067461,196,0,4219,4219,1220,727,True,2331,58340
er,400,2392,2,12.0,11.96,28,3853864371,188,0,3962,3962,1233,791,True,2392,61346
er,400,2391,2,12.0,11.955,29,1476191053,177,0,3250,3250,1184,783,True,2391,61452
er,400,2330,2,12.0,11.65,30,2606520027,166,0,2545,2545,1161,746,True,2330,58820
er,400,2291,2,12.0,11.455,31,64883339,151,0,5237,5237,1119,733,True,2291,56796
er,400,2397,2,12.0,11.985,32,4065701841,147,0,2408,2408,1202,793,True,2397,62024
er,400,2366,2,12.0,11.83,33,360379935,189,0,4036,4036,1190,772,True,2366,61054
er,400,2385,2,12.0,11.925,34,4065762047,174,0,4765,4765,1173,776,True,2385,61368
er,400,2384,2,12.0,11.92,35,3154402021,178,0,2875,2875,1193,782,True,2384,61160
er,400,2323,2,12.0,11.615,36,261957532,180,0,3307,3307,1141,734,True,2323,58702
er,400,2332,2,12.0,11.66,37,13692287,170,0,4548,4548,1141,759,True,2332,58826
er,400,2411,2,12.0,12.055,38,492888671,186,0,5694,5694,1195,794,True,2411,63350
er,400,2413,2,12.0,12.065,39,1861860308,165,0,4236,4236,1191,785,True,2413,62224
er,800,4771,2,12.0,11.9275,0,1252589420,310,0,6614,6614,2398,1587,True,4771,123646
er,800,4769,2,12.0,11.9225,1,2456601713,311,0,5804,5804,2348,1598,True,4769,122418
er,800,4949,2,12.0,12.3725,2,534777769,379,0,5723,5723,2496,1615,True,4949,132304
er,800,4865,2,12.0,12.1625,3,3740920979,316,0,8110,8110,2421,1644,True,4865,127778
er,800,4836,2,12.0,12.09,4,1954480152,353,0,9448,9448,2379,1587,True,4836,126942
er,800,4874,2,12.0,12.185,5,883890545,381,0,8155,8155,2496,1588,True,4874,128732
er,800,4744,2,12.0,11.86,6,3498914170,368,0,16084,16084,2417,1539,True,4744,121792
er,800,4789,2,12.0,11.9725,7,2445308290,372,0,6954,6954,2391,1532,True,4789,124866
er,800,4760,2,12.0,11.9,8,2267284515,345,0,6915,6915,2397,1554,True,4760,122716
er,800,4765,2,12.0,11.9125,9,700192105,369,0,10595,10595,2408,1527,True,4765,122624
er,800,4832,2,12.0,12.08,10,2234857327,338,0,15889,15889,2368,1565,True,4832,125830
er,800,4858,2,12.0,12.145,11,3408719967,318,0,7587,7587,2418,1627,True,4858,126966
er,800,4837,2,12.0,12.0925,12,3583615199,348,0,6671,6671,2453,1575,True,4837,127072
er,800,4908,2,12.0,12.27,13,645591314,370,0,11396,11396,2505,1576,True,4908,129936
er,800,4686,2,12.0,11.715,14,3077665627,314,0,8017,8017,2271,1499,True,4686,119022
er,800,4812,2,12.0,12.03,15,33777512,343,0,9339,9339,2383,1541,True,4812,125194
er,800,4789,2,12.0,11.9725,16,2971578354,310,0,5596,5596,2371,1564,True,4789,124322
er,800,4656,2,12.0,11.64,17,1077015593,364,0,6464,6464,2387,1488,True,4656,117008
er,800,4635,2,12.0,11.5875,18,804547925,326,0,6874,6874,2313,1515,True,4635,116376
er,800,4669,2,12.0,11.6725,19,985930893,325,0,8488,8488,2319,1548,True,4669,118592
er,800,4903,2,12.0,12.2575,20,1518186795,331,0,8916,8916,2447,1602,True,4903,130060
er,800,4743,2,12.0,11.8575,21,4096367686,324,0,6930,6930,2391,1580,True,4743,121928
er,800,4713,2,12.0,11.7825,22,3808336405,355,0,6596,6596,2311,1538,True,4713,120900
er,800,4850,2,12.0,12.125,23,386168075,328,0,6734,6734,2410,1599,True,4850,127500
er,800,4853,2,12.0,12.1325,24,3672759976,339,0,5427,5427,2480,1621,True,4853,127278
er,800,4798,2,12.0,11.995,25,3420237067,341,0,4982,4982,2425,1578,True,4798,123678
er,800,4892,2,12.0,12.23,26,154450658,289,0,7002,7002,2387,1630,True,4892,128668
er,800,4801,2,12.0,12.0025,27,2298500349,319,0,5522,5522,2410,1570,True,4801,124496
er,800,4802,2,12.0,12.005,28,205982811,358,0,6180,6180,2386,1535,True,4802,125462
er,800,4819,2,12.0,12.0475,29,1619372682,337,0,9772,9772,2394,1550,True,4819,125452
er,800,4803,2,12.0,12.0075,30,2183664833,333,0,11448,11448,2365,1556,True,4803,125212
er,800,4754,2,12.0,11.885,31,1238430003,352,0,13053,13053,2422,1560,True,4754,121474
er,800,4846,2,12.0,12.115,32,3192823600,336,0,8305,8305,2409,1609,True,4846,126916
er,800,4724,2,12.0,11.81,33,489210139,336,0,6820,6820,2401,1556,True,4724,120694
er,800,4802,2,12.0,12.005,34,2902621193,342,0,8886,8886,2378,1551,True,4802,124840
er,800,4662,2,12.0,11.655,35,335206777,334,0,9277,9277,2275,1522,True,4662,117592
er,800,4812,2,12.0,12.03,36,2971478666,359,0,5811,5811,2438,1554,True,4812,124606
er,800,4903,2,12.0,12.2575,37,2849057304,366,0,8247,8247,2501,1572,True,4903,129098
er,800,4769,2,12.0,11.9225,38,3756233538,329,0,5096,5096,2379,1572,True,4769,122836
er,800,4792,2,12.0,11.98,39,3699635120,330,0,12155,12155,2348,1568,True,4792,124788
ba,100,564,2,12.0,11.28,0,1635939781,38,0,403,403,279,190,True,564,17346
ba,100,564,2,12.0,11.28,1,403853024,45,0,581,581,281,191,True,564,18100
ba,100,564,2,12.0,11.28,2,2555406272,35,0,593,593,288,190,True,564,17640
ba,100,564,2,12.0,11.28,3,3467012715,31,0,339,339,279,197,True,564,17772
ba,100,564,2,12.0,11.28,4,3139402703,51,0,426,426,294,186,True,564,17294
ba,100,564,2,12.0,11.28,5,2296825259,41,0,571,571,290,183,True,564,18760
ba,100,564,2,12.0,11.28,6,1775114552,43,0,535,535,273,186,True,564,16968
ba,100,564,2,12.0,11.28,7,2770863411,45,0,478,478,292,190,True,564,17918
ba,100,564,2,12.0,11.28,8,2256754949,27,0,352,352,268,199,True,564,17226
ba,100,564,2,12.0,11.28,9,4107292223,45,0,691,691,298,197,True,564,17984
ba,100,564,2,12.0,11.28,10,444063117,39,0,748,748,274,186,True,564,17778
ba,100,564,2,12.0,11.28,11,1861965505,44,0,460,460,303,200,True,564,19034
ba,100,564,2,12.0,11.28,12,2936897306,33,0,320,320,263,194,True,564,17876
ba,100,564,2,12.0,11.28,13,4002214509,47,0,634,634,280,183,True,564,17736
ba,100,564,2,12.0,11.28,14,2863937721,32,0,261,261,279,192,True,564,17822
ba,100,564,2,12.0,11.28,15,3372718727,41,0,413,413,308,192,True,564,17840
ba,100,564,2,12.0,11.28,16,1776885578,48,0,610,610,280,191,True,564,17966
ba,100,564,2,12.0,11.28,17,3543417381,48,0,738,738,274,180,True,564,18376
ba,100,564,2,12.0,11.28,18,2263363024,43,0,1015,1015,297,201,True,564,18154
ba,100,564,2,12.0,11.28,19,3554638941,41,0,449,449,292,188,True,564,17510
ba,100,564,2,12.0,11.28,20,3712621375,31,0,697,697,276,193,True,564,19122
ba,100,564,2,12.0,11.28,21,2748203511,39,0,502,502,296,189,True,564,17456
ba,100,564,2,12.0,11.28,22,1497959227,41,0,422,422,281,187,True,564,17938
ba,100,564,2,12.0,11.28,23,4180434354,45,0,823,823,290,179,True,564,18324
ba,100,564,2,12.0,11.28,24,1594660356,52,0,446,446,310,183,True,564,17026
ba,100,564,2,12.0,11.28,25,2835156493,46,0,515,515,290,185,True,564,18822
ba,100,564,2,12.0,11.28,26,2951459498,37,0,624,624,264,186,True,564,17136
ba,100,564,2,12.0,11.28,27,2447270850,31,0,340,340,273,197,True,564,17806
ba,100,564,2,12.0,11.28,28,1915218298,38,0,452,452,282,188,True,564,17412
ba,100,564,2,12.0,11.28,29,3814162377,35,0,603,603,268,178,True,564,17296
ba,100,564,2,12.0,11.28,30,2272255821,34,0,313,313,273,190,True,564,17904
ba,100,564,2,12.0,11.28,31,575545954,42,0,348,348,282,191,True,564,17368
ba,100,564,2,12.0,11.28,32,1406345374,27,0,206,206,270,202,True,564,18602
ba,100,564,2,12.0,11.28,33,2566259850,38,0,419,419,288,192,True,564,18494
ba,100,564,2,12.0,11.28,34,3898567053,42,0,573,573,288,198,True,564,17616
ba,100,564,2,12.0,11.28,35,2476234642,33,0,615,615,276,189,True,564,17820
ba,100,564,2,12.0,11.28,36,4099346630,33,0,577,577,266,194,True,564,18460
ba,100,564,2,12.0,11.28,37,377083227,40,0,533,533,283,191,True,564,17988
ba,100,564,2,12.0,11.28,38,3013409862,37,0,770,770,288,190,True,564,17904
ba,100,564,2,12.0,11.28,39,1539151111,40,0,454,454,263,182,True,564,16988
ba,200,1164,2,12.0,11.64,0,4121839528,72,0,1522,1522,556,388,True,1164,41340
ba,200,1164,2,12.0,11.64,1,705601055,97,0,1365,1365,581,381,True,1164,41692
ba,200,1164,2,12.0,11.64,2,3204308760,101,0,2840,2840,593,378,True,1164,41366
ba,200,1164,2,12.0,11.64,3,3819785677,70,0,936,936,585,401,True,1164,41464
ba,200,1164,2,12.0,11.64,4,207835824,82,0,1259,1259,569,401,True,1164,42420
ba,200,1164,2,12.0,11.64,5,1790634890,81,0,1550,1550,555,377,True,1164,40036
ba,200,1164,2,12.0,11.64,6,14549337,69,0,1039,1039,559,385,True,1164,42368
ba,200,1164,2,12.0,11.64,7,2906928272,63,0,838,838,588,415,True,1164,39682
ba,200,1164,2,12.0,11.64,8,2555029213,84,0,1796,1796,555,391,True,1164,44044
ba,200,1164,2,12.0,11.64,9,3003352963,67,0,1022,1022,582,410,True,1164,42932
ba,200,1164,2,12.0,11.64,10,151810344,74,0,1062,1062,579,423,True,1164,42190
ba,200,1164,2,12.0,11.64,11,56625067,75,0,1432,1432,580,381,True,1164,44800
ba,200,1164,2,12.0,11.64,12,2212232503,77,0,1252,1252,562,395,True,1164,43188
ba,200,1164,2,12.0,11.64,13,1688588007,78,0,1618,1618,592,398,True,1164,42360
ba,200,1164,2,12.0,11.64,14,1659943792,94,0,1801,1801,592,376,True,1164,43886
ba,200,1164,2,12.0,11.64,15,1832423439,78,0,1425,1425,590,367,True,1164,43834
ba,200,1164,2,12.0,11.64,16,4051008407,71,0,1273,1273,580,376,True,1164,41940
ba,200,1164,2,12.0,11.64,17,828805220,105,0,1139,1139,614,387,True,1164,41390
ba,200,1164,2,12.0,11.64,18,441521476,83,0,1422,1422,592,392,True,1164,42928
ba,200,1164,2,12.0,11.64,19,2419910985,67,0,1879,1879,576,409,True,1164,44102
ba,200,1164,2,12.0,11.64,20,1944865396,75,0,1077,1077,572,392,True,1164,40610
ba,200,1164,2,12.0,11.64,21,428107255,86,0,1311,1311,581,386,True,1164,43230
ba,200,1164,2,12.0,11.64,22,3069251170,82,0,1083,1083,597,397,True,1164,41632
ba,200,1164,2,12.0,11.64,23,857929493,88,0,1297,1297,606,396,True,1164,41404
ba,200,1164,2,12.0,11.64,24,1731467529,77,0,1187,1187,578,388,True,1164,41140
ba,200,1164,2,12.0,11.64,25,2589342517,81,0,1329,1329,580,383,True,1164,42328
ba,200,1164,2,12.0,11.64,26,4025248232,88,0,1411,1411,600,393,True,1164,40784
ba,200,1164,2,12.0,11.64,27,3810736138,76,0,982,982,574,400,True,1164,42362
ba,200,1164,2,12.0,11.64,28,1033137166,93,0,1775,1775,585,376,True,1164,41824
ba,200,1164,2,12.0,11.64,29,1690396894,75,0,1446,1446,561,397,True,1164,43254
ba,200,1164,2,12.0,11.64,30,3122751780,96,0,1176,1176,595,367,True,1164,41200
ba,200,1164,2,12.0,11.64,31,4074648041,71,0,1599,1599,583,393,True,1164,43456
ba,200,1164,2,12.0,11.64,32,1419024556,72,0,1505,1505,580,393,True,1164,42108
ba,200,1164,2,12.0,11.64,33,1070679734,67,0,1036,1036,561,411,True,1164,40606
ba,200,1164,2,12.0,11.64,34,95997531,87,0,1465,1465,602,389,True,1164,41988
ba,200,1164,2,12.0,11.64,35,3539313102,82,0,1219,1219,591,402,True,1164,43496
ba,200,1164,2,12.0,11.64,36,261541585,81,0,1695,1695,588,393,True,1164,41406
ba,200,1164,2,12.0,11.64,37,338089451,87,0,1146,1146,599,389,True,1164,42930
ba,200,1164,2,12.0,11.64,38,1145497307,70,0,1278,1278,566,385,True,1164,43082
ba,200,1164,2,12.0,11.64,39,3446373344,81,0,703,703,582,358,True,1164,43546
ba,400,2364,2,12.0,11.82,0,904464916,171,0,3499,3499,1182,807,True,2364,95860
ba,400,2364,2,12.0,11.82,1,482226177,175,0,3904,3904,1201,797,True,2364,97172
ba,400,2364,2,12.0,11.82,2,2433090590,166,0,3116,3116,1199,805,True,2364,100256
ba,400,2364,2,12.0,11.82,3,3956512084,157,0,2716,2716,1190,825,True,2364,97738
ba,400,2364,2,12.0,11.82,4,1855120046,167,0,1563,1563,1188,822,True,2364,96964
ba,400,2364,2,12.0,11.82,5,1560141654,159,0,2712,2712,1192,807,True,2364,98094
ba,400,2364,2,12.0,11.82,6,74552915,172,0,2368,2368,1206,796,True,2364,93994
ba,400,2364,2,12.0,11.82,7,3895723309,147,0,2493,2493,1145,804,True,2364,98230
ba,400,2364,2,12.0,11.82,8,1205836906,174,0,3780,3780,1209,793,True,2364,94134
ba,400,2364,2,12.0,11.82,9,1317562068,190,0,3699,3699,1193,773,True,2364,92388
ba,400,2364,2,12.0,11.82,10,45296556,163,0,3125,3125,1205,805,True,2364,94924
ba,400,2364,2,12.0,11.82,11,2258146598,167,0,2902,2902,1207,797,True,2364,98158
ba,400,2364,2,12.0,11.82,12,262411805,147,0,2471,2471,1173,803,True,2364,99798
ba,400,2364,2,12.0,11.82,13,1263530784,169,0,3338,3338,1177,784,True,2364,93204
ba,400,2364,2,12.0,11.82,14,2795345242,163,0,4276,4276,1188,804,True,2364,98656
ba,400,2364,2,12.0,11.82,15,1343177043,153,0,2988,2988,1180,826,True,2364,96790
ba,400,2364,2,12.0,11.82,16,3783391268,183,0,2676,2676,1210,786,True,2364,96474
ba,400,2364,2,12.0,11.82,17,2447729866,156,0,5523,5523,1180,808,True,2364,95400
ba,400,2364,2,12.0,11.82,18,1068353925,166,0,4310,4310,1193,808,True,2364,90016
ba,400,2364,2,12.0,11.82,19,913535533,172,0,3051,3051,1195,800,True,2364,95696
ba,400,2364,2,12.0,11.82,20,1326085817,169,0,2634,2634,1194,799,True,2364,99838
ba,400,2364,2,12.0,11.82,21,2110599257,151,0,2230,2230,1177,796,True,2364,97542
ba,400,2364,2,12.0,11.82,22,1879602694,144,0,2546,2546,1172,805,True,2364,95996
ba,400,2364,2,12.0,11.82,23,2350893789,133,0,2582,2582,1163,807,True,2364,97728
ba,400,2364,2,12.0,11.82,24,3065772676,163,0,2598,2598,1150,778,True,2364,103204
ba,400,2364,2,12.0,11.82,25,1905413022,142,0,2496,2496,1151,800,True,2364,96290
ba,400,2364,2,12.0,11.82,26,2367196323,141,0,2984,2984,1174,823,True,2364,99740
ba,400,2364,2,12.0,11.82,27,2808024731,177,0,2688,2688,1188,785,True,2364,96870
ba,400,2364,2,12.0,11.82,28,1589367676,140,0,3063,3063,1144,806,True,2364,98864
ba,400,2364,2,12.0,11.82,29,3448427632,160,0,2729,2729,1160,772,True,2364,94894
ba,400,2364,2,12.0,11.82,30,645816089,150,0,2804,2804,1145,786,True,2364,98660
ba,400,2364,2,12.0,11.82,31,984775050,148,0,2309,2309,1155,808,True,2364,96286
ba,400,2364,2,12.0,11.82,32,424811489,160,0,3592,3592,1222,780,True,2364,96632
ba,400,2364,2,12.0,11.82,33,3414498541,159,0,3474,3474,1167,801,True,2364,104000
ba,400,2364,2,12.0,11.82,34,2504056454,162,0,3339,3339,1211,818,True,2364,95310
ba,400,2364,2,12.0,11.82,35,2741187765,185,0,5112,5112,1171,787,True,2364,98768
ba,400,2364,2,12.0,11.82,36,1932793006,166,0,2550,2550,1194,808,True,2364,96556
ba,400,2364,2,12.0,11.82,37,395392647,170,0,3124,3124,1182,792,True,2364,99502
ba,400,2364,2,12.0,11.82,38,2180847995,163,0,2950,2950,1190,790,True,2364,99120
ba,400,2364,2,12.0,11.82,39,1089081108,157,0,3111,3111,1168,802,True,2364,95776
ba,800,4764,2,12.0,11.91,0,1727400093,345,0,5922,5922,2353,1592,True,4764,209248
ba,800,4764,2,12.0,11.91,1,2101727028,353,0,5689,5689,2411,1586,True,4764,212704
ba,800,4764,2,12.0,11.91,2,1647950983,286,0,8340,8340,2374,1624,True,4764,207248
ba,800,4764,2,12.0,11.91,3,289165461,305,0,5212,5212,2391,1615,True,4764,224674
ba,800,4764,2,12.0,11.91,4,2187138051,358,0,5039,5039,2397,1582,True,4764,220364
ba,800,4764,2,12.0,11.91,5,200984044,334,0,8172,8172,2383,1578,True,4764,231270
ba,800,4764,2,12.0,11.91,6,909948064,300,0,5804,5804,2387,1617,True,4764,207926
ba,800,4764,2,12.0,11.91,7,198856953,324,0,7695,7695,2354,1608,True,4764,219858
ba,800,4764,2,12.0,11.91,8,2187668658,320,0,7375,7375,2363,1612,True,4764,217512
ba,800,4764,2,12.0,11.91,9,3164119846,341,0,8922,8922,2384,1588,True,4764,217518
ba,800,4764,2,12.0,11.91,10,2836532575,329,0,6442,6442,2393,1577,True,4764,217196
ba,800,4764,2,12.0,11.91,11,3958798765,319,0,8434,8434,2369,1594,True,4764,216718
ba,800,4764,2,12.0,11.91,12,951825612,347,0,13773,13773,2383,1596,True,4764,228952
ba,800,4764,2,12.0,11.91,13,311764433,300,0,9478,9478,2341,1615,True,4764,208930
ba,800,4764,2,12.0,11.91,14,4032395995,347,0,5635,5635,2441,1610,True,4764,223356
ba,800,4764,2,12.0,11.91,15,4254784105,347,0,6374,6374,2461,1610,True,4764,220652
ba,800,4764,2,12.0,11.91,16,3296425787,347,0,9667,9667,2430,1585,True,4764,208480
ba,800,4764,2,12.0,11.91,17,2091476397,363,0,7994,7994,2424,1584,True,4764,213002
ba,800,4764,2,12.0,11.91,18,1951588967,314,0,7162,7162,2423,1645,True,4764,215572
ba,800,4764,2,12.0,11.91,19,3050603393,328,0,7616,7616,2388,1605,True,4764,215980
ba,800,4764,2,12.0,11.91,20,2921140371,312,0,7758,7758,2368,1633,True,4764,222342
ba,800,4764,2,12.0,11.91,21,3785720819,329,0,5278,5278,2391,1625,True,4764,220840
ba,800,4764,2,12.0,11.91,22,1224840562,320,0,8109,8109,2421,1667,True,4764,209904
ba,800,4764,2,12.0,11.91,23,4132828221,298,0,4599,4599,2415,1611,True,4764,215636
ba,800,4764,2,12.0,11.91,24,2526132796,313,0,6765,6765,2394,1642,True,4764,215058
ba,800,4764,2,12.0,11.91,25,3248198549,318,0,7570,7570,2352,1582,True,4764,210970
ba,800,4764,2,12.0,11.91,26,753979670,376,0,8057,8057,2432,1571,True,4764,208920
ba,800,4764,2,12.0,11.91,27,3314440215,349,0,7610,7610,2412,1591,True,4764,216386
ba,800,4764,2,12.0,11.91,28,1746223517,349,0,8757,8757,2355,1576,True,4764,211794
ba,800,4764,2,12.0,11.91,29,790141143,353,0,6359,6359,2452,1611,True,4764,219440
ba,800,4764,2,12.0,11.91,30,4040435921,314,0,5506,5506,2330,1618,True,4764,223362
ba,800,4764,2,12.0,11.91,31,1052310122,302,0,7201,7201,2338,1601,True,4764,212428
ba,800,4764,2,12.0,11.91,32,2508837664,357,0,5502,5502,2421,1549,True,4764,216212
ba,800,4764,2,12.0,11.91,33,1271259806,312,0,7123,7123,2361,1608,True,4764,214328
ba,800,4764,2,12.0,11.91,34,142474329,317,0,7939,7939,2361,1588,True,4764,215658
ba,800,4764,2,12.0,11.91,35,3845338039,291,0,6931,6931,2335,1619,True,4764,216234
ba,800,4764,2,12.0,11.91,36,601061711,343,0,6085,6085,2418,1565,True,4764,216196
ba,800,4764,2,12.0,11.91,37,63912738,343,0,7141,7141,2392,1580,True,4764,227646
ba,800,4764,2,12.0,11.91,38,1682501372,312,0,4917,4917,2424,1626,True,4764,223690
ba,800,4764,2,12.0,11.91,39,4040957415,318,0,7546,7546,2389,1614,True,4764,211570
ws,100,600,2,12.0,12.0,0,512109894,33,0,574,574,305,234,True,600,14504
ws,100,600,2,12.0,12.0,1,4063221605,40,0,845,845,309,226,True,600,14502
ws,100,600,2,12.0,12.0,2,4240674228,30,0,473,473,292,231,True,600,14490
ws,100,600,2,12.0,12.0,3,538807583,34,0,492,492,296,230,True,600,14480
ws,100,600,2,12.0,12.0,4,1407155166,30,0,397,397,292,227,True,600,14512
ws,100,600,2,12.0,12.0,5,993243781,42,0,387,387,303,230,True,600,14506
ws,100,600,2,12.0,12.0,6,2360525859,35,0,369,369,315,238,True,600,14510
ws,100,600,2,12.0,12.0,7,2203325422,40,0,466,466,289,228,True,600,14520
ws,100,600,2,12.0,12.0,8,1410161995,39,0,388,388,302,223,True,600,14486
ws,100,600,2,12.0,12.0,9,1894897518,30,0,415,415,290,238,True,600,14512
ws,100,600,2,12.0,12.0,10,1076100321,34,0,501,501,300,229,True,600,14482
ws,100,600,2,12.0,12.0,11,3990247892,38,0,752,752,309,230,True,600,14532
ws,100,600,2,12.0,12.0,12,1216330049,25,0,356,356,275,230,True,600,14492
ws,100,600,2,12.0,12.0,13,103520946,35,0,297,297,305,224,True,600,14552
ws,100,600,2,12.0,12.0,14,3952844310,28,0,392,392,293,232,True,600,14510
ws,100,600,2,12.0,12.0,15,2586961744,36,0,627,627,305,235,True,600,14518
ws,100,600,2,12.0,12.0,16,3671011695,42,0,1123,1123,311,222,True,600,14506
ws,100,600,2,12.0,12.0,17,3363162092,33,0,600,600,291,222,True,600,14528
ws,100,600,2,12.0,12.0,18,2786740026,46,0,910,910,302,224,True,600,14494
ws,100,600,2,12.0,12.0,19,2716630799,26,0,529,529,287,243,True,600,14534
ws,100,600,2,12.0,12.0,20,246094366,26,0,459,459,291,240,True,600,14514
ws,100,600,2,12.0,12.0,21,1841268990,33,0,347,347,298,226,True,600,14528
ws,100,600,2,12.0,12.0,22,3864531298,34,0,719,719,298,227,True,600,14462
ws,100,600,2,12.0,12.0,23,1329941824,45,0,531,531,320,218,True,600,14496
ws,100,600,2,12.0,12.0,24,1304464112,27,0,431,431,289,235,True,600,14492
ws,100,600,2,12.0,12.0,25,3697362928,29,0,378,378,293,229,True,600,14500
ws,100,600,2,12.0,12.0,26,1112178796,38,0,440,440,289,215,True,600,14514
ws,100,600,2,12.0,12.0,27,391262265,35,0,384,384,299,223,True,600,14486
ws,100,600,2,12.0,12.0,28,3395587961,31,0,383,383,302,235,True,600,14494
ws,100,600,2,12.0,12.0,29,3298287182,36,0,290,290,319,227,True,600,14558
ws,100,600,2,12.0,12.0,30,366178505,34,0,534,534,309,229,True,600,14532
ws,100,600,2,12.0,12.0,31,1561124809,37,0,847,847,293,227,True,600,14518
ws,100,600,2,12.0,12.0,32,3293823413,38,0,599,599,303,229,True,600,14488
ws,100,600,2,12.0,12.0,33,1822910683,36,0,788,788,292,225,True,600,14510
ws,100,600,2,12.0,12.0,34,1563203325,44,0,545,545,331,227,True,600,14504
ws,100,600,2,12.0,12.0,35,1781367092,30,0,577,577,288,229,True,600,14492
ws,100,600,2,12.0,12.0,36,3029775007,29,0,462,462,286,222,True,600,14498
ws,100,600,2,12.0,12.0,37,2737868515,28,0,357,357,292,228,True,600,14522
ws,100,600,2,12.0,12.0,38,868590238,39,0,1158,1158,298,227,True,600,14522
ws,100,600,2,12.0,12.0,39,4055437083,35,0,548,548,292,225,True,600,14520
ws,200,1200,2,12.0,12.0,0,526242949,76,0,1919,1919,616,454,True,1200,28998
ws,200,1200,2,12.0,12.0,1,3678423682,58,0,1278,1278,572,462,True,1200,29026
ws,200,1200,2,12.0,12.0,2,2990051087,65,0,1345,1345,589,463,True,1200,29016
ws,200,1200,2,12.0,12.0,3,3249211601,63,0,1068,1068,621,473,True,1200,29078
ws,200,1200,2,12.0,12.0,4,767929212,69,0,1234,1234,599,451,True,1200,28980
ws,200,1200,2,12.0,12.0,5,1427287076,53,0,581,581,594,469,True,1200,29026
ws,200,1200,2,12.0,12.0,6,581447649,64,0,775,775,599,464,True,1200,28986
ws,200,1200,2,12.0,12.0,7,2135742590,65,0,1295,1295,602,460,True,1200,29050
ws,200,1200,2,12.0,12.0,8,3430339168,49,0,1454,1454,577,463,True,1200,29032
ws,200,1200,2,12.0,12.0,9,2030627095,64,0,1377,1377,577,468,True,1200,29050
ws,200,1200,2,12.0,12.0,10,2222744294,64,0,739,739,606,458,True,1200,29062
ws,200,1200,2,12.0,12.0,11,4051381857,64,0,616,616,606,463,True,1200,29008
ws,200,1200,2,12.0,12.0,12,1325662778,72,0,1286,1286,602,458,True,1200,29042
ws,200,1200,2,12.0,12.0,13,2257554862,53,0,821,821,588,473,True,1200,29020
ws,200,1200,2,12.0,12.0,14,1800528524,65,0,940,940,591,467,True,1200,28982
ws,200,1200,2,12.0,12.0,15,1307645953,64,0,1422,1422,588,460,True,1200,29006
ws,200,1200,2,12.0,12.0,16,2505391926,58,0,1087,1087,577,457,True,1200,29072
ws,200,1200,2,12.0,12.0,17,3770713425,72,0,1330,1330,598,451,True,1200,29022
ws,200,1200,2,12.0,12.0,18,1557902371,73,0,1075,1075,602,457,True,1200,29016
ws,200,1200,2,12.0,12.0,19,3547094622,76,0,1317,1317,584,447,True,1200,29020
ws,200,1200,2,12.0,12.0,20,1123573837,74,0,1463,1463,577,437,True,1200,29026
ws,200,1200,2,12.0,12.0,21,778824322,69,0,1004,1004,589,453,True,1200,29028
ws,200,1200,2,12.0,12.0,22,3609768330,65,0,1599,1599,590,457,True,1200,28986
ws,200,1200,2,12.0,12.0,23,924775035,84,0,1464,1464,614,443,True,1200,28992
ws,200,1200,2,12.0,12.0,24,3204039953,65,0,841,841,603,469,True,1200,29030
ws,200,1200,2,12.0,12.0,25,2565677908,75,0,1086,1086,594,460,True,1200,28976
ws,200,1200,2,12.0,12.0,26,1028557167,70,0,801,801,609,462,True,1200,29012
ws,200,1200,2,12.0,12.0,27,2449950683,68,0,890,890,600,460,True,1200,28998
ws,200,1200,2,12.0,12.0,28,697897684,54,0,2014,2014,578,472,True,1200,29022
ws,200,1200,2,12.0,12.0,29,1987037873,83,0,1606,1606,615,447,True,1200,28994
ws,200,1200,2,12.0,12.0,30,1555074658,78,0,906,906,589,456,True,1200,29002
ws,200,1200,2,12.0,12.0,31,1017226660,66,0,1923,1923,602,465,True,1200,29038
ws,200,1200,2,12.0,12.0,32,3096473446,78,0,1900,1900,634,449,True,1200,29032
ws,200,1200,2,12.0,12.0,33,2134290698,65,0,1242,1242,604,451,True,1200,29084
ws,200,1200,2,12.0,12.0,34,4176332772,70,0,1449,1449,571,452,True,1200,29028
ws,200,1200,2,12.0,12.0,35,1536004668,58,0,1823,1823,591,459,True,1200,29050
ws,200,1200,2,12.0,12.0,36,278558795,72,0,1906,1906,575,448,True,1200,28978
ws,200,1200,2,12.0,12.0,37,2401526422,74,0,882,882,613,459,True,1200,29024
ws,200,1200,2,12.0,12.0,38,3513692221,84,0,1354,1354,627,444,True,1200,29022
ws,200,1200,2,12.0,12.0,39,2421468046,69,0,1633,1633,596,463,True,1200,29006
ws,400,2400,2,12.0,12.0,0,2070775459,159,0,3486,3486,1191,916,True,2400,58062
ws,400,2400,2,12.0,12.0,1,1984597891,145,0,2012,2012,1206,919,True,2400,57990
ws,400,2400,2,12.0,12.0,2,306747500,131,0,1635,1635,1198,929,True,2400,58014
ws,400,2400,2,12.0,12.0,3,324835748,155,0,2539,2539,1232,904,True,2400,58050
ws,400,2400,2,12.0,12.0,4,4180698907,136,0,2249,2249,1178,909,True,2400,58006
ws,400,2400,2,12.0,12.0,5,3403485557,134,0,2425,2425,1225,920,True,2400,58066
ws,400,2400,2,12.0,12.0,6,3240575041,138,0,4122,4122,1204,914,True,2400,58058
ws,400,2400,2,12.0,12.0,7,3973953073,147,0,3451,3451,1178,917,True,2400,58004
ws,400,2400,2,12.0,12.0,8,2673953038,122,0,3337,3337,1175,925,True,2400,58096
ws,400,2400,2,12.0,12.0,9,1683670594,132,0,2502,2502,1167,908,True,2400,57980
ws,400,2400,2,12.0,12.0,10,1101167495,132,0,2218,2218,1196,930,True,2400,58084
ws,400,2400,2,12.0,12.0,11,900970048,120,0,3023,3023,1147,922,True,2400,58062
ws,400,2400,2,12.0,12.0,12,2430609124,140,0,3914,3914,1176,908,True,2400,58112
ws,400,2400,2,12.0,12.0,13,3963320065,136,0,3386,3386,1190,910,True,2400,58022
ws,400,2400,2,12.0,12.0,14,2290202105,176,0,3746,3746,1217,891,True,2400,58062
ws,400,2400,2,12.0,12.0,15,20401032,150,0,2585,2585,1206,893,True,2400,58054
ws,400,2400,2,12.0,12.0,16,2571325849,127,0,2035,2035,1200,933,True,2400,58124
ws,400,2400,2,12.0,12.0,17,3592209686,164,0,3766,3766,1269,916,True,2400,58100
ws,400,2400,2,12.0,12.0,18,1990807844,125,0,2152,2152,1206,925,True,2400,58022
ws,400,2400,2,12.0,12.0,19,2562102795,138,0,3699,3699,1224,919,True,2400,57992
ws,400,2400,2,12.0,12.0,20,2657854843,131,0,2729,2729,1188,913,True,2400,58074
ws,400,2400,2,12.0,12.0,21,2274879707,115,0,3250,3250,1183,934,True,2400,57990
ws,400,2400,2,12.0,12.0,22,2708633577,158,0,2970,2970,1234,909,True,2400,58044
ws,400,2400,2,12.0,12.0,23,396923319,128,0,2528,2528,1179,919,True,2400,58090
ws,400,2400,2,12.0,12.0,24,1668507734,133,0,2395,2395,1182,923,True,2400,58092
ws,400,2400,2,12.0,12.0,25,3288366891,129,0,2466,2466,1190,948,True,2400,58036
ws,400,2400,2,12.0,12.0,26,220395534,134,0,3818,3818,1157,911,True,2400,58052
ws,400,2400,2,12.0,12.0,27,3600716719,130,0,2990,2990,1195,918,True,2400,58002
ws,400,2400,2,12.0,12.0,28,1810040257,147,0,2946,2946,1215,921,True,2400,58070
ws,400,2400,2,12.0,12.0,29,3407109411,130,0,2592,2592,1152,914,True,2400,58042
ws,400,2400,2,12.0,12.0,30,1822890106,141,0,3528,3528,1166,903,True,2400,58058
ws,400,2400,2,12.0,12.0,31,2110872046,145,0,3009,3009,1214,916,True,2400,58008
ws,400,2400,2,12.0,12.0,32,633705829,143,0,2839,2839,1225,918,True,2400,58096
ws,400,2400,2,12.0,12.0,33,2894845124,124,0,3358,3358,1163,912,True,2400,58004
ws,400,2400,2,12.0,12.0,34,3783047719,135,0,2740,2740,1179,910,True,2400,58076
ws,400,2400,2,12.0,12.0,35,456535516,143,0,3492,3492,1186,909,True,2400,58052
ws,400,2400,2,12.0,12.0,36,502214233,134,0,3413,3413,1220,930,True,2400,58024
ws,400,2400,2,12.0,12.0,37,4208602911,153,0,5625,5625,1209,912,True,2400,58126
ws,400,2400,2,12.0,12.0,38,2127975955,139,0,3697,3697,1195,925,True,2400,57984
ws,400,2400,2,12.0,12.0,39,341694190,138,0,3003,3003,1192,923,True,2400,58088
ws,800,4800,2,12.0,12.0,0,1979310896,297,0,5858,5858,2423,1812,True,4800,116156
ws,800,4800,2,12.0,12.0,1,1519062036,307,0,5994,5994,2450,1824,True,4800,116198
ws,800,4800,2,12.0,12.0,2,250379400,271,0,6807,6807,2405,1841,True,4800,116074
ws,800,4800,2,12.0,12.0,3,3362951966,272,0,5389,5389,2381,1847,True,4800,116206
ws,800,4800,2,12.0,12.0,4,1648236167,273,0,8682,8682,2361,1825,True,4800,116116
ws,800,4800,2,12.0,12.0,5,1264229638,302,0,7582,7582,2430,1799,True,4800,116128
ws,800,4800,2,12.0,12.0,6,400097875,282,0,5647,5647,2384,1810,True,4800,116208
ws,800,4800,2,12.0,12.0,7,992143191,282,0,6897,6897,2425,1837,True,4800,116098
ws,800,4800,2,12.0,12.0,8,4123613392,266,0,6584,6584,2382,1819,True,4800,116260
ws,800,4800,2,12.0,12.0,9,1249111259,269,0,6675,6675,2352,1823,True,4800,116156
ws,800,4800,2,12.0,12.0,10,1111879010,278,0,7476,7476,2381,1799,True,4800,116132
ws,800,4800,2,12.0,12.0,11,1177799238,243,0,5646,5646,2319,1841,True,4800,116180
ws,800,4800,2,12.0,12.0,12,2024705818,276,0,5458,5458,2381,1813,True,4800,116130
ws,800,4800,2,12.0,12.0,13,2336263726,294,0,4894,4894,2408,1836,True,4800,116094
ws,800,4800,2,12.0,12.0,14,4045041430,280,0,6837,6837,2398,1816,True,4800,116072
ws,800,4800,2,12.0,12.0,15,3738735385,251,0,7389,7389,2401,1878,True,4800,116218
ws,800,4800,2,12.0,12.0,16,898379394,274,0,6339,6339,2389,1815,True,4800,116130
ws,800,4800,2,12.0,12.0,17,1677787551,286,0,4896,4896,2413,1807,True,4800,116220
ws,800,4800,2,12.0,12.0,18,107210616,274,0,5535,5535,2372,1814,True,4800,116134
ws,800,4800,2,12.0,12.0,19,1101646150,290,0,8506,8506,2407,1828,True,4800,116118
ws,800,4800,2,12.0,12.0,20,2191099565,267,0,5026,5026,2412,1834,True,4800,116154
ws,800,4800,2,12.0,12.0,21,4146202194,276,0,7331,7331,2398,1849,True,4800,116180
ws,800,4800,2,12.0,12.0,22,1289776417,267,0,9573,9573,2418,1831,True,4800,116062
ws,800,4800,2,12.0,12.0,23,1153180022,277,0,4660,4660,2408,1848,True,4800,116044
ws,800,4800,2,12.0,12.0,24,3982054302,279,0,7629,7629,2415,1848,True,4800,116172
ws,800,4800,2,12.0,12.0,25,10159906,281,0,4787,4787,2396,1849,True,4800,116210
ws,800,4800,2,12.0,12.0,26,2133064923,267,0,4756,4756,2378,1825,True,4800,116174
ws,800,4800,2,12.0,12.0,27,1251575234,306,0,6468,6468,2386,1809,True,4800,116166
ws,800,4800,2,12.0,12.0,28,1945834789,284,0,5130,5130,2398,1822,True,4800,116038
ws,800,4800,2,12.0,12.0,29,243765582,249,0,8321,8321,2319,1826,True,4800,116102
ws,800,4800,2,12.0,12.0,30,2338850727,280,0,6092,6092,2423,1839,True,4800,116064
ws,800,4800,2,12.0,12.0,31,2877986471,257,0,6564,6564,2329,1838,True,4800,116042
ws,800,4800,2,12.0,12.0,32,913879507,266,0,8526,8526,2400,1849,True,4800,116196
ws,800,4800,2,12.0,12.0,33,3608244940,284,0,7118,7118,2396,1833,True,4800,116040
ws,800,4800,2,12.0,12.0,34,2820324667,287,0,9666,9666,2390,1826,True,4800,116108
ws,800,4800,2,12.0,12.0,35,248580239,288,0,6929,6929,2408,1831,True,4800,116012
ws,800,4800,2,12.0,12.0,36,2880029371,316,0,6098,6098,2473,1822,True,4800,116092
ws,800,4800,2,12.0,12.0,37,4021889406,292,0,5204,5204,2425,1827,True,4800,116148
ws,800,4800,2,12.0,12.0,38,1291440862,283,0,9254,9254,2382,1836,True,4800,116002
ws,800,4800,2,12.0,12.0,39,1813983754,253,0,7087,7087,2338,1835,True,4800,116152
er,100,811,2,16.0,16.22,0,2986578848,40,0,853,853,401,290,True,811,27732
er,100,805,2,16.0,16.1,1,797603039,43,0,450,450,392,296,True,805,27426
er,100,831,2,16.0,16.62,2,3662691374,51,0,582,582,416,286,True,831,29234
er,100,783,2,16.0,15.66,3,4209962547,56,0,788,788,423,270,True,783,25970
er,100,820,2,16.0,16.4,4,2389351244,45,0,440,440,391,306,True,820,27950
er,100,740,2,16.0,14.8,5,2671479862,49,0,782,782,410,255,True,740,23182
er,100,792,2,16.0,15.84,6,3069041357,38,0,315,315,391,288,True,792,26504
er,100,837,2,16.0,16.74,7,2429752456,49,0,536,536,422,307,True,837,29384
er,100,850,2,16.0,17.0,8,4200510465,43,0,334,334,428,310,True,850,30458
er,100,831,2,16.0,16.62,9,1301547394,44,0,698,698,423,308,True,831,28696
er,100,789,2,16.0,15.78,10,3095905318,53,0,665,665,406,271,True,789,26224
er,100,788,2,16.0,15.76,11,634360924,38,0,446,446,374,276,True,788,25994
er,100,751,2,16.0,15.02,12,3928012663,43,0,768,768,370,255,True,751,24010
er,100,823,2,16.0,16.46,13,904515297,56,0,922,922,418,289,True,823,28232
er,100,828,2,16.0,16.56,14,292286369,38,0,923,923,397,292,True,828,28788
er,100,799,2,16.0,15.98,15,2785359246,46,0,618,618,393,280,True,799,26824
er,100,860,2,16.0,17.2,16,1192477095,40,0,361,361,415,318,True,860,30898
er,100,802,2,16.0,16.04,17,843817587,49,0,688,688,394,284,True,802,26646
er,100,780,2,16.0,15.6,18,2739618522,33,0,438,438,368,283,True,780,26070
er,100,836,2,16.0,16.72,19,1449325387,56,0,573,573,450,308,True,836,29406
er,100,781,2,16.0,15.62,20,2989593599,46,0,433,433,406,282,True,781,25632
er,100,774,2,16.0,15.48,21,3056170391,44,0,579,579,372,269,True,774,25256
er,100,816,2,16.0,16.32,22,2652997098,57,0,912,912,406,279,True,816,28130
er,100,832,2,16.0,16.64,23,2535440819,31,0,404,404,407,317,True,832,29018
er,100,788,2,16.0,15.76,24,2238698254,49,0,603,603,394,280,True,788,25812
er,100,805,2,16.0,16.1,25,3056762740,34,0,535,535,385,282,True,805,27148
er,100,815,2,16.0,16.3,26,2503342860,47,0,384,384,405,285,True,815,27792
er,100,807,2,16.0,16.14,27,871459460,53,0,599,599,425,285,True,807,27600
er,100,827,2,16.0,16.54,28,2077857501,46,0,548,548,424,306,True,827,28386
er,100,756,2,16.0,15.12,29,6557203,45,0,658,658,384,274,True,756,24494
er,100,769,2,16.0,15.38,30,2512480008,49,0,487,487,379,263,True,769,24806
er,100,806,2,16.0,16.12,31,3929836934,32,0,486,486,391,305,True,806,27526
er,100,793,2,16.0,15.86,32,3380756239,44,0,1012,1012,410,296,True,793,26378
er,100,857,2,16.0,17.14,33,3979469970,46,0,767,767,416,311,True,857,30844
er,100,799,2,16.0,15.98,34,855177880,55,0,1110,1110,404,285,True,799,26742
er,100,753,2,16.0,15.06,35,1422779733,35,0,234,234,368,273,True,753,23904
er,100,831,2,16.0,16.62,36,2885638727,52,0,646,646,424,293,True,831,29276
er,100,794,2,16.0,15.88,37,3574047543,37,0,304,304,386,299,True,794,26776
er,100,798,2,16.0,15.96,38,4220188130,37,0,421,421,387,281,True,798,26704
er,100,827,2,16.0,16.54,39,247725008,56,0,1225,1225,430,299,True,827,28542
er,200,1575,2,16.0,15.75,0,2177701219,91,0,1088,1088,795,546,True,1575,52294
er,200,1632,2,16.0,16.32,1,2423211148,91,0,1814,1814,823,581,True,1632,56168
er,200,1562,2,16.0,15.62,2,923290011,77,0,1572,1572,758,555,True,1562,51262
er,200,1612,2,16.0,16.12,3,2516154317,94,0,1449,1449,799,576,True,1612,54892
er,200,1660,2,16.0,16.6,4,1033572378,87,0,2196,2196,829,578,True,1660,58432
er,200,1588,2,16.0,15.88,5,3004691987,88,0,1992,1992,777,552,True,1588,53276
er,200,1640,2,16.0,16.4,6,1165557297,90,0,1499,1499,792,574,True,1640,56714
er,200,1626,2,16.0,16.26,7,3314443690,96,0,1403,1403,818,580,True,1626,55786
er,200,1578,2,16.0,15.78,8,3653133343,90,0,1813,1813,795,569,True,1578,52386
er,200,1591,2,16.0,15.91,9,1010443850,89,0,1513,1513,785,566,True,1591,53654
er,200,1657,2,16.0,16.57,10,2427592866,97,0,2418,2418,800,572,True,1657,57944
er,200,1638,2,16.0,16.38,11,3095505996,75,0,2417,2417,804,578,True,1638,57016
er,200,1546,2,16.0,15.46,12,1504650915,88,0,1303,1303,774,551,True,1546,50070
er,200,1590,2,16.0,15.9,13,918378767,113,0,2843,2843,813,540,True,1590,53822
er,200,1586,2,16.0,15.86,14,2011194772,103,0,1508,1508,823,552,True,1586,52994
er,200,1574,2,16.0,15.74,15,1181174662,80,0,1119,1119,790,536,True,1574,52512
er,200,1571,2,16.0,15.71,16,296250874,79,0,1221,1221,751,553,True,1571,52552
er,200,1587,2,16.0,15.87,17,352226892,61,0,1075,1075,768,578,True,1587,53012
er,200,1582,2,16.0,15.82,18,2203677054,89,0,2476,2476,799,567,True,1582,53118
er,200,1624,2,16.0,16.24,19,401093131,84,0,1743,1743,822,578,True,1624,55718
er,200,1531,2,16.0,15.31,20,382598353,101,0,1582,1582,797,526,True,1531,49696
er,200,1652,2,16.0,16.52,21,2351844463,66,0,1306,1306,784,587,True,1652,57302
er,200,1668,2,16.0,16.68,22,2626499116,102,0,2419,2419,847,602,True,1668,58536
er,200,1562,2,16.0,15.62,23,2635006730,88,0,710,710,800,553,True,1562,51634
er,200,1641,2,16.0,16.41,24,2569209688,84,0,1732,1732,799,565,True,1641,57364
er,200,1587,2,16.0,15.87,25,938439678,79,0,1648,1648,782,559,True,1587,53278
er,200,1562,2,16.0,15.62,26,2504459351,100,0,1199,1199,828,549,True,1562,51440
er,200,1634,2,16.0,16.34,27,1632866036,95,0,1362,1362,811,557,True,1634,56360
er,200,1606,2,16.0,16.06,28,4197506730,86,0,971,971,817,573,True,1606,54000
er,200,1541,2,16.0,15.41,29,1002489953,78,0,1376,1376,767,543,True,1541,50504
er,200,1560,2,16.0,15.6,30,2936901438,79,0,2024,2024,770,557,True,1560,51550
er,200,1611,2,16.0,16.11,31,3611921164,78,0,1649,1649,783,555,True,1611,54856
er,200,1636,2,16.0,16.36,32,658580213,106,0,1326,1326,853,590,True,1636,56588
er,200,1572,2,16.0,15.72,33,399451610,86,0,1569,1569,777,541,True,1572,52220
er,200,1578,2,16.0,15.78,34,613716549,85,0,1701,1701,765,553,True,1578,52424
er,200,1630,2,16.0,16.3,35,3281783045,85,0,1365,1365,810,582,True,1630,56148
er,200,1648,2,16.0,16.48,36,1927628843,97,0,1686,1686,822,570,True,1648,57226
er,200,1677,2,16.0,16.77,37,715707003,88,0,1109,1109,841,605,True,1677,59334
er,200,1565,2,16.0,15.65,38,4116170636,79,0,877,877,754,558,True,1565,52100
er,200,1635,2,16.0,16.35,39,3930943264,101,0,2218,2218,838,572,True,1635,55996
er,400,3234,2,16.0,16.17,0,824577835,174,0,4400,4400,1542,1116,True,3234,110666
er,400,3220,2,16.0,16.1,1,399581559,189,0,6163,6163,1622,1110,True,3220,109388
er,400,3193,2,16.0,15.965,2,739170126,170,0,4416,4416,1557,1099,True,3193,109094
er,400,3153,2,16.0,15.765,3,946143842,218,0,3541,3541,1617,1075,True,3153,105268
er,400,3212,2,16.0,16.06,4,1440038633,175,0,2793,2793,1632,1122,True,3212,108654
er,400,3221,2,16.0,16.105,5,3691614970,155,0,1748,1748,1595,1154,True,3221,109778
er,400,3211,2,16.0,16.055,6,2410296080,187,0,5988,5988,1610,1122,True,3211,109730
er,400,3216,2,16.0,16.08,7,3509647697,163,0,2107,2107,1583,1135,True,3216,109628
er,400,3227,2,16.0,16.135,8,769523883,182,0,2937,2937,1646,1130,True,3227,108918
er,400,3192,2,16.0,15.96,9,2724291517,199,0,5321,5321,1637,1109,True,3192,107978
er,400,3196,2,16.0,15.98,10,2922053924,187,0,2940,2940,1635,1124,True,3196,108338
er,400,3129,2,16.0,15.645,11,2446737128,190,0,3012,3012,1640,1067,True,3129,104742
er,400,3143,2,16.0,15.715,12,193219061,211,0,2993,2993,1601,1065,True,3143,104548
er,400,3237,2,16.0,16.185,13,3105822816,170,0,2131,2131,1651,1126,True,3237,111146
er,400,3309,2,16.0,16.545,14,938295210,185,0,3319,3319,1659,1156,True,3309,116368
er,400,3124,2,16.0,15.62,15,2849011724,133,0,1708,1708,1504,1098,True,3124,103544
er,400,3160,2,16.0,15.8,16,1544888368,196,0,4054,4054,1586,1094,True,3160,105698
er,400,3175,2,16.0,15.875,17,1005509617,176,0,4814,4814,1610,1097,True,3175,106686
er,400,3237,2,16.0,16.185,18,112795337,202,0,3707,3707,1618,1117,True,3237,110900
er,400,3165,2,16.0,15.825,19,3271021609,190,0,4400,4400,1580,1082,True,3165,105852
er,400,3239,2,16.0,16.195,20,2992924575,193,0,3599,3599,1632,1125,True,3239,111650
er,400,3180,2,16.0,15.9,21,3973677005,199,0,5295,5295,1606,1118,True,3180,107362
er,400,3145,2,16.0,15.725,22,257678549,161,0,5778,5778,1571,1097,True,3145,104886
er,400,3224,2,16.0,16.12,23,3733519490,208,0,4282,4282,1641,1122,True,3224,110714
er,400,3207,2,16.0,16.035,24,369675040,163,0,2047,2047,1589,1139,True,3207,108770
er,400,3235,2,16.0,16.175,25,86349993,179,0,4014,4014,1603,1136,True,3235,110778
er,400,3202,2,16.0,16.01,26,941768049,179,0,6517,6517,1569,1087,True,3202,108382
er,400,3208,2,16.0,16.04,27,1754336581,184,0,2491,2491,1592,1110,True,3208,109616
er,400,3138,2,16.0,15.69,28,3792145216,173,0,2902,2902,1577,1104,True,3138,104894
er,400,3279,2,16.0,16.395,29,3238252449,173,0,3010,3010,1617,1158,True,3279,114246
er,400,3191,2,16.0,15.955,30,1957820415,167,0,3021,3021,1596,1109,True,3191,107898
er,400,3159,2,16.0,15.795,31,2099146990,172,0,4370,4370,1604,1118,True,3159,106436
er,400,3210,2,16.0,16.05,32,3886526156,184,0,3351,3351,1676,1117,True,3210,109736
er,400,3189,2,16.0,15.945,33,3280170147,194,0,6211,6211,1576,1092,True,3189,107892
er,400,3298,2,16.0,16.49,34,2011357348,172,0,3252,3252,1607,1158,True,3298,114816
er,400,3273,2,16.0,16.365,35,3457292788,171,0,4970,4970,1653,1174,True,3273,114140
er,400,3178,2,16.0,15.89,36,1870757843,191,0,3278,3278,1607,1109,True,3178,106726
er,400,3352,2,16.0,16.76,37,495132949,165,0,3334,3334,1652,1172,True,3352,119696
er,400,3142,2,16.0,15.71,38,779645998,179,0,4005,4005,1560,1100,True,3142,105042
er,400,3201,2,16.0,16.005,39,2931832766,168,0,2260,2260,1613,1136,True,3201,108940
er,800,6205,2,16.0,15.5125,0,797859175,338,0,8241,8241,3010,2103,True,6205,204744
er,800,6286,2,16.0,15.715,1,2178803006,370,0,7755,7755,3134,2168,True,6286,208800
er,800,6268,2,16.0,15.67,2,1202092834,356,0,8336,8336,3107,2155,True,6268,208574
er,800,6407,2,16.0,16.0175,3,3941899999,366,0,8173,8173,3196,2215,True,6407,217150
er,800,6397,2,16.0,15.9925,4,3179334936,374,0,12908,12908,3162,2226,True,6397,216640
er,800,6320,2,16.0,15.8,5,695897549,325,0,9623,9623,3072,2167,True,6320,211542
er,800,6460,2,16.0,16.15,6,554653369,354,0,12088,12088,3172,2210,True,6460,221064
er,800,6516,2,16.0,16.29,7,1732308453,362,0,8664,8664,3262,2271,True,6516,223792
er,800,6457,2,16.0,16.1425,8,902977091,358,0,7393,7393,3191,2261,True,6457,221342
er,800,6470,2,16.0,16.175,9,1451528004,367,0,8963,8963,3186,2250,True,6470,221752
er,800,6427,2,16.0,16.0675,10,26578398,336,0,6905,6905,3196,2252,True,6427,218512
er,800,6373,2,16.0,15.9325,11,321880106,381,0,10264,10264,3163,2176,True,6373,215270
er,800,6354,2,16.0,15.885,12,3868628955,419,0,13764,13764,3271,2183,True,6354,214304
er,800,6360,2,16.0,15.9,13,695936569,346,0,6061,6061,3146,2235,True,6360,214092
er,800,6310,2,16.0,15.775,14,1868793128,364,0,7656,7656,3148,2164,True,6310,212348
er,800,6374,2,16.0,15.935,15,3059564453,358,0,11977,11977,3167,2196,True,6374,215344
er,800,6499,2,16.0,16.2475,16,3914150500,368,0,10638,10638,3247,2241,True,6499,223402
er,800,6377,2,16.0,15.9425,17,3453980157,364,0,8396,8396,3194,2199,True,6377,216464
er,800,6396,2,16.0,15.99,18,1188682061,363,0,8070,8070,3212,2218,True,6396,216474
er,800,6381,2,16.0,15.9525,19,89888577,384,0,6658,6658,3247,2232,True,6381,215498
er,800,6439,2,16.0,16.0975,20,3839123659,366,0,9793,9793,3238,2238,True,6439,219612
er,800,6327,2,16.0,15.8175,21,3601882904,371,0,9980,9980,3154,2175,True,6327,211548
er,800,6377,2,16.0,15.9425,22,4253614883,385,0,7591,7591,3184,2189,True,6377,216380
er,800,6452,2,16.0,16.13,23,329302902,334,0,6527,6527,3195,2269,True,6452,220754
er,800,6344,2,16.0,15.86,24,4260707070,358,0,9425,9425,3200,2188,True,6344,214608
er,800,6420,2,16.0,16.05,25,2146032609,369,0,14763,14763,3179,2228,True,6420,218186
er,800,6446,2,16.0,16.115,26,4120503310,386,0,7047,7047,3228,2220,True,6446,219322
er,800,6364,2,16.0,15.91,27,853022056,370,0,7207,7207,3203,2210,True,6364,215266
er,800,6393,2,16.0,15.9825,28,4090015938,373,0,8253,8253,3201,2239,True,6393,216256
er,800,6569,2,16.0,16.4225,29,1208915344,383,0,9191,9191,3271,2283,True,6569,229242
er,800,6409,2,16.0,16.0225,30,100386360,385,0,8718,8718,3192,2231,True,6409,218064
er,800,6367,2,16.0,15.9175,31,4085466327,408,0,8494,8494,3137,2199,True,6367,215062
er,800,6411,2,16.0,16.0275,32,1082546225,342,0,11561,11561,3107,2192,True,6411,218240
er,800,6492,2,16.0,16.23,33,575209837,392,0,7781,7781,3244,2256,True,6492,223076
er,800,6363,2,16.0,15.9075,34,1148787987,380,0,12859,12859,3181,2180,True,6363,214584
er,800,6325,2,16.0,15.8125,35,255811837,420,0,13951,13951,3212,2162,True,6325,211768
er,800,6516,2,16.0,16.29,36,3172587599,372,0,12350,12350,3382,2314,True,6516,226346
er,800,6400,2,16.0,16.0,37,356449956,360,0,6175,6175,3197,2226,True,6400,218148
er,800,6339,2,16.0,15.8475,38,295424073,347,0,7042,7042,3122,2223,True,6339,213974
er,800,6397,2,16.0,15.9925,39,48083503,389,0,11445,11445,3245,2219,True,6397,217548
ba,100,736,2,16.0,14.72,0,1727009708,51,0,824,824,390,259,True,736,29192
ba,100,736,2,16.0,14.72,1,853857639,44,0,942,942,359,257,True,736,27856
ba,100,736,2,16.0,14.72,2,1728703238,42,0,620,620,373,261,True,736,28452
ba,100,736,2,16.0,14.72,3,1648119022,37,0,275,275,373,266,True,736,27654
ba,100,736,2,16.0,14.72,4,1365210594,41,0,454,454,380,257,True,736,28372
ba,100,736,2,16.0,14.72,5,2138825981,50,0,616,616,374,247,True,736,28634
ba,100,736,2,16.0,14.72,6,3810737790,49,0,1167,1167,365,262,True,736,27470
ba,100,736,2,16.0,14.72,7,2910626662,48,0,636,636,388,273,True,736,28750
ba,100,736,2,16.0,14.72,8,878247813,33,0,273,273,352,276,True,736,29000
ba,100,736,2,16.0,14.72,9,3565612713,44,0,687,687,361,266,True,736,28964
ba,100,736,2,16.0,14.72,10,2872682571,38,0,656,656,360,280,True,736,29828
ba,100,736,2,16.0,14.72,11,606286266,54,0,856,856,381,258,True,736,29790
ba,100,736,2,16.0,14.72,12,2316684755,51,0,1102,1102,369,252,True,736,28668
ba,100,736,2,16.0,14.72,13,2094540884,43,0,1017,1017,354,252,True,736,28812
ba,100,736,2,16.0,14.72,14,3369049341,43,0,347,347,384,264,True,736,29156
ba,100,736,2,16.0,14.72,15,4251814864,35,0,382,382,364,256,True,736,27934
ba,100,736,2,16.0,14.72,16,56716469,52,0,747,747,400,258,True,736,28412
ba,100,736,2,16.0,14.72,17,3160790809,37,0,502,502,359,264,True,736,28922
ba,100,736,2,16.0,14.72,18,1459163490,43,0,652,652,367,260,True,736,28750
ba,100,736,2,16.0,14.72,19,1635067894,37,0,482,482,370,268,True,736,29546
ba,100,736,2,16.0,14.72,20,2295406207,40,0,920,920,381,269,True,736,27890
ba,100,736,2,16.0,14.72,21,1064351125,36,0,499,499,355,264,True,736,28706
ba,100,736,2,16.0,14.72,22,2803863826,51,0,608,608,376,267,True,736,28868
ba,100,736,2,16.0,14.72,23,3815759950,47,0,505,505,378,268,True,736,27720
ba,100,736,2,16.0,14.72,24,4087439894,49,0,726,726,372,258,True,736,28358
ba,100,736,2,16.0,14.72,25,1829860268,45,0,850,850,377,255,True,736,28848
ba,100,736,2,16.0,14.72,26,3186466643,37,0,1004,1004,350,251,True,736,28886
ba,100,736,2,16.0,14.72,27,1869455670,56,0,515,515,372,262,True,736,28792
ba,100,736,2,16.0,14.72,28,3720064259,33,0,308,308,357,279,True,736,29004
ba,100,736,2,16.0,14.72,29,414377975,38,0,441,441,371,269,True,736,29004
ba,100,736,2,16.0,14.72,30,1704102337,44,0,477,477,369,265,True,736,27344
ba,100,736,2,16.0,14.72,31,3898149808,51,0,1031,1031,364,259,True,736,27580
ba,100,736,2,16.0,14.72,32,1569206686,50,0,674,674,377,248,True,736,28966
ba,100,736,2,16.0,14.72,33,2489171140,35,0,279,279,360,276,True,736,27822
ba,100,736,2,16.0,14.72,34,66181476,60,0,921,921,372,254,True,736,29406
ba,100,736,2,16.0,14.72,35,578453263,44,0,831,831,377,261,True,736,28122
ba,100,736,2,16.0,14.72,36,1823068564,31,0,597,597,353,271,True,736,29676
ba,100,736,2,16.0,14.72,37,2905555036,40,0,285,285,359,267,True,736,29022
ba,100,736,2,16.0,14.72,38,2309714560,57,0,628,628,377,248,True,736,27782
ba,100,736,2,16.0,14.72,39,3585936740,48,0,838,838,382,261,True,736,27986
ba,200,1536,2,16.0,15.36,0,3460101757,78,0,1000,1000,766,539,True,1536,68138
ba,200,1536,2,16.0,15.36,1,111255482,93,0,1190,1190,811,548,True,1536,70098
ba,200,1536,2,16.0,15.36,2,4188597318,89,0,1027,1027,775,536,True,1536,71338
ba,200,1536,2,16.0,15.36,3,220264259,100,0,1591,1591,794,540,True,1536,70440
ba,200,1536,2,16.0,15.36,4,3160684362,78,0,1616,1616,744,545,True,1536,71064
ba,200,1536,2,16.0,15.36,5,1214567051,109,0,2237,2237,807,548,True,1536,69114
ba,200,1536,2,16.0,15.36,6,3533797681,77,0,2325,2325,773,566,True,1536,71790
ba,200,1536,2,16.0,15.36,7,3643410935,86,0,1187,1187,760,544,True,1536,72202
ba,200,1536,2,16.0,15.36,8,2263644285,95,0,1208,1208,778,545,True,1536,68290
ba,200,1536,2,16.0,15.36,9,926159858,92,0,1455,1455,772,551,True,1536,69484
ba,200,1536,2,16.0,15.36,10,2493714336,95,0,2284,2284,779,532,True,1536,69630
ba,200,1536,2,16.0,15.36,11,3285004441,116,0,1855,1855,793,521,True,1536,70436
ba,200,1536,2,16.0,15.36,12,3927387394,94,0,1959,1959,775,545,True,1536,68886
ba,200,1536,2,16.0,15.36,13,3102768424,97,0,1135,1135,774,535,True,1536,68512
ba,200,1536,2,16.0,15.36,14,2374356518,92,0,1968,1968,793,555,True,1536,67712
ba,200,1536,2,16.0,15.36,15,4163541832,66,0,1352,1352,736,558,True,1536,70520
ba,200,1536,2,16.0,15.36,16,1866012248,93,0,1309,1309,791,558,True,1536,69360
ba,200,1536,2,16.0,15.36,17,1029346261,81,0,1188,1188,758,556,True,1536,74710
ba,200,1536,2,16.0,15.36,18,1235122212,65,0,1010,1010,750,572,True,1536,72142
ba,200,1536,2,16.0,15.36,19,2282309189,92,0,1035,1035,779,546,True,1536,71058
ba,200,1536,2,16.0,15.36,20,3369465826,98,0,2050,2050,764,529,True,1536,69168
ba,200,1536,2,16.0,15.36,21,2595269558,88,0,2349,2349,750,534,True,1536,68696
ba,200,1536,2,16.0,15.36,22,2338860760,98,0,1691,1691,741,536,True,1536,67194
ba,200,1536,2,16.0,15.36,23,627519387,96,0,1357,1357,789,553,True,1536,68688
ba,200,1536,2,16.0,15.36,24,3101348133,86,0,2275,2275,769,544,True,1536,70272
ba,200,1536,2,16.0,15.36,25,2385369779,82,0,1252,1252,743,522,True,1536,67622
ba,200,1536,2,16.0,15.36,26,739333454,98,0,1081,1081,764,558,True,1536,68072
ba,200,1536,2,16.0,15.36,27,408385453,84,0,1622,1622,766,557,True,1536,68752
ba,200,1536,2,16.0,15.36,28,3740358789,95,0,1711,1711,780,526,True,1536,67402
ba,200,1536,2,16.0,15.36,29,2371436257,74,0,1189,1189,749,537,True,1536,70402
ba,200,1536,2,16.0,15.36,30,2648882665,80,0,1143,1143,751,561,True,1536,72670
ba,200,1536,2,16.0,15.36,31,3140948189,79,0,1341,1341,733,540,True,1536,71112
ba,200,1536,2,16.0,15.36,32,559898544,77,0,1193,1193,753,550,True,1536,68542
ba,200,1536,2,16.0,15.36,33,112886016,91,0,1243,1243,780,539,True,1536,67914
ba,200,1536,2,16.0,15.36,34,51388768,75,0,1143,1143,744,570,True,1536,72340
ba,200,1536,2,16.0,15.36,35,3175854563,76,0,1294,1294,740,559,True,1536,71920
ba,200,1536,2,16.0,15.36,36,4231666098,77,0,1421,1421,768,562,True,1536,71146
ba,200,1536,2,16.0,15.36,37,3420938467,58,0,1216,1216,733,576,True,1536,68304
ba,200,1536,2,16.0,15.36,38,453194391,95,0,1296,1296,766,534,True,1536,65604
ba,200,1536,2,16.0,15.36,39,1556992633,88,0,1935,1935,803,559,True,1536,66810
ba,400,3136,2,16.0,15.68,0,737982364,179,0,2506,2506,1565,1113,True,3136,160682
ba,400,3136,2,16.0,15.68,1,1311972490,143,0,3016,3016,1543,1136,True,3136,162526
ba,400,3136,2,16.0,15.68,2,3280091695,191,0,3775,3775,1600,1126,True,3136,156368
ba,400,3136,2,16.0,15.68,3,2797704975,211,0,7519,7519,1571,1094,True,3136,156594
ba,400,3136,2,16.0,15.68,4,1541756382,165,0,3650,3650,1535,1117,True,3136,161500
ba,400,3136,2,16.0,15.68,5,320035881,161,0,3411,3411,1567,1137,True,3136,161240
ba,400,3136,2,16.0,15.68,6,72116255,155,0,3685,3685,1530,1120,True,3136,161674
ba,400,3136,2,16.0,15.68,7,964596416,166,0,3047,3047,1525,1087,True,3136,162416
ba,400,3136,2,16.0,15.68,8,287466041,158,0,2677,2677,1539,1120,True,3136,171502
ba,400,3136,2,16.0,15.68,9,698800023,171,0,2271,2271,1582,1118,True,3136,160904
ba,400,3136,2,16.0,15.68,10,710785123,154,0,2943,2943,1563,1133,True,3136,153860
ba,400,3136,2,16.0,15.68,11,3779900315,190,0,3491,3491,1601,1110,True,3136,155266
ba,400,3136,2,16.0,15.68,12,382547767,158,0,2699,2699,1563,1120,True,3136,157688
ba,400,3136,2,16.0,15.68,13,3649182542,203,0,3666,3666,1620,1093,True,3136,156658
ba,400,3136,2,16.0,15.68,14,3305429130,186,0,3384,3384,1539,1084,True,3136,162474
ba,400,3136,2,16.0,15.68,15,2984740648,205,0,4146,4146,1636,1105,True,3136,160336
ba,400,3136,2,16.0,15.68,16,4218013089,201,0,4757,4757,1616,1087,True,3136,157824
ba,400,3136,2,16.0,15.68,17,2730001156,166,0,3635,3635,1531,1113,True,3136,162060
ba,400,3136,2,16.0,15.68,18,2394409930,181,0,2548,2548,1559,1136,True,3136,162244
ba,400,3136,2,16.0,15.68,19,1801817800,167,0,3432,3432,1595,1150,True,3136,163294
ba,400,3136,2,16.0,15.68,20,392783963,163,0,3192,3192,1569,1127,True,3136,162760
ba,400,3136,2,16.0,15.68,21,2817208480,200,0,2914,2914,1610,1138,True,3136,154940
ba,400,3136,2,16.0,15.68,22,1397462276,161,0,2638,2638,1605,1147,True,3136,157194
ba,400,3136,2,16.0,15.68,23,1913405311,198,0,4051,4051,1579,1098,True,3136,162702
ba,400,3136,2,16.0,15.68,24,2436902629,171,0,3432,3432,1600,1125,True,3136,161516
ba,400,3136,2,16.0,15.68,25,2640514616,214,0,3680,3680,1588,1083,True,3136,165992
ba,400,3136,2,16.0,15.68,26,1505367232,156,0,2313,2313,1596,1158,True,3136,153758
ba,400,3136,2,16.0,15.68,27,1867049745,191,0,4698,4698,1602,1084,True,3136,161638
ba,400,3136,2,16.0,15.68,28,1648962441,165,0,3202,3202,1598,1118,True,3136,160560
ba,400,3136,2,16.0,15.68,29,1663873927,179,0,2433,2433,1589,1118,True,3136,164182
ba,400,3136,2,16.0,15.68,30,2730282161,199,0,4186,4186,1574,1103,True,3136,157450
ba,400,3136,2,16.0,15.68,31,120679870,183,0,3640,3640,1549,1108,True,3136,159984
ba,400,3136,2,16.0,15.68,32,2429549613,181,0,3503,3503,1548,1095,True,3136,161736
ba,400,3136,2,16.0,15.68,33,743102741,164,0,3615,3615,1562,1122,True,3136,157460
ba,400,3136,2,16.0,15.68,34,1317818763,179,0,1744,1744,1578,1093,True,3136,157082
ba,400,3136,2,16.0,15.68,35,3898220349,181,0,5181,5181,1590,1122,True,3136,159574
ba,400,3136,2,16.0,15.68,36,598943592,218,0,7890,7890,1576,1072,True,3136,159970
ba,400,3136,2,16.0,15.68,37,1330558251,174,0,3714,3714,1552,1117,True,3136,163248
ba,400,3136,2,16.0,15.68,38,3763112713,179,0,3288,3288,1623,1132,True,3136,164172
ba,400,3136,2,16.0,15.68,39,1776600691,150,0,2344,2344,1544,1148,True,3136,158548
ba,800,6336,2,16.0,15.84,0,434780060,380,0,8374,8374,3189,2255,True,6336,370790
ba,800,6336,2,16.0,15.84,1,4249784174,358,0,14255,14255,3149,2237,True,6336,363222
ba,800,6336,2,16.0,15.84,2,2346242691,302,0,10686,10686,3097,2303,True,6336,362282
ba,800,6336,2,16.0,15.84,3,1420588452,365,0,6608,6608,3168,2272,True,6336,354840
ba,800,6336,2,16.0,15.84,4,1881076795,372,0,7399,7399,3171,2205,True,6336,362538
ba,800,6336,2,16.0,15.84,5,1054678245,352,0,7319,7319,3202,2270,True,6336,373664
ba,800,6336,2,16.0,15.84,6,3216831209,358,0,8243,8243,3141,2246,True,6336,367362
ba,800,6336,2,16.0,15.84,7,940133753,351,0,16383,16383,3123,2290,True,6336,354602
ba,800,6336,2,16.0,15.84,8,2241451061,330,0,6488,6488,3205,2284,True,6336,356684
ba,800,6336,2,16.0,15.84,9,2847512970,338,0,6337,6337,3164,2261,True,6336,371072
ba,800,6336,2,16.0,15.84,10,1625222666,332,0,6915,6915,3144,2267,True,6336,360264
ba,800,6336,2,16.0,15.84,11,3996571239,373,0,9922,9922,3243,2238,True,6336,358562
ba,800,6336,2,16.0,15.84,12,1810302319,381,0,9085,9085,3151,2241,True,6336,359968
ba,800,6336,2,16.0,15.84,13,3365215496,323,0,10020,10020,3103,2269,True,6336,358388
ba,800,6336,2,16.0,15.84,14,2942175286,337,0,6031,6031,3189,2267,True,6336,363394
ba,800,6336,2,16.0,15.84,15,2937671548,354,0,5957,5957,3260,2263,True,6336,370404
ba,800,6336,2,16.0,15.84,16,1088321076,352,0,10015,10015,3118,2228,True,6336,353792
ba,800,6336,2,16.0,15.84,17,749419761,330,0,6959,6959,3123,2202,True,6336,367504
ba,800,6336,2,16.0,15.84,18,3906001559,366,0,9125,9125,3184,2207,True,6336,357918
ba,800,6336,2,16.0,15.84,19,4270195453,383,0,7798,7798,3193,2244,True,6336,353802
ba,800,6336,2,16.0,15.84,20,2658375219,329,0,11472,11472,3098,2241,True,6336,361554
ba,800,6336,2,16.0,15.84,21,947640774,365,0,8277,8277,3168,2223,True,6336,370184
ba,800,6336,2,16.0,15.84,22,1735967901,325,0,8002,8002,3094,2248,True,6336,347588
ba,800,6336,2,16.0,15.84,23,1065786183,392,0,8805,8805,3190,2234,True,6336,350306
ba,800,6336,2,16.0,15.84,24,1283967309,376,0,8563,8563,3181,2252,True,6336,353918
ba,800,6336,2,16.0,15.84,25,2916267591,338,0,9990,9990,3203,2273,True,6336,358460
ba,800,6336,2,16.0,15.84,26,1021169657,345,0,8340,8340,3149,2210,True,6336,362554
ba,800,6336,2,16.0,15.84,27,3296953516,317,0,9612,9612,3148,2307,True,6336,386518
ba,800,6336,2,16.0,15.84,28,4178924556,361,0,9276,9276,3127,2210,True,6336,352512
ba,800,6336,2,16.0,15.84,29,3626480250,341,0,7122,7122,3159,2252,True,6336,359104
ba,800,6336,2,16.0,15.84,30,1495113329,323,0,8441,8441,3177,2275,True,6336,362664
ba,800,6336,2,16.0,15.84,31,3289738708,342,0,6450,6450,3150,2228,True,6336,363490
ba,800,6336,2,16.0,15.84,32,1959244663,371,0,6502,6502,3198,2263,True,6336,359904
ba,800,6336,2,16.0,15.84,33,453337748,342,0,8096,8096,3194,2254,True,6336,382516
ba,800,6336,2,16.0,15.84,34,264205058,348,0,9249,9249,3175,2257,True,6336,362026
ba,800,6336,2,16.0,15.84,35,1035467114,336,0,10043,10043,3120,2263,True,6336,368084
ba,800,6336,2,16.0,15.84,36,3779577170,356,0,10798,10798,3110,2215,True,6336,359640
ba,800,6336,2,16.0,15.84,37,342491889,346,0,7642,7642,3156,2218,True,6336,345778
ba,800,6336,2,16.0,15.84,38,1487682415,356,0,8237,8237,3188,2267,True,6336,360844
ba,800,6336,2,16.0,15.84,39,2002796753,318,0,5411,5411,3156,2309,True,6336,370004
ws,100,800,2,16.0,16.0,0,103515713,43,0,441,441,400,321,True,800,25734
ws,100,800,2,16.0,16.0,1,132874807,43,0,475,475,414,323,True,800,25800
ws,100,800,2,16.0,16.0,2,3848379104,46,0,447,447,424,310,True,800,25756
ws,100,800,2,16.0,16.0,3,815854324,42,0,252,252,423,320,True,800,25750
ws,100,800,2,16.0,16.0,4,3655267825,33,0,502,502,382,316,True,800,25794
ws,100,800,2,16.0,16.0,5,3656818386,38,0,1344,1344,390,318,True,800,25780
ws,100,800,2,16.0,16.0,6,255154094,35,0,272,272,389,321,True,800,25726
ws,100,800,2,16.0,16.0,7,1332422795,41,0,711,711,399,309,True,800,25698
ws,100,800,2,16.0,16.0,8,790080019,30,0,272,272,402,322,True,800,25698
ws,100,800,2,16.0,16.0,9,371072339,41,0,580,580,416,312,True,800,25706
ws,100,800,2,16.0,16.0,10,1647079012,33,0,833,833,386,320,True,800,25740
ws,100,800,2,16.0,16.0,11,2998378664,41,0,627,627,406,310,True,800,25722
ws,100,800,2,16.0,16.0,12,2632436199,38,0,514,514,403,309,True,800,25798
ws,100,800,2,16.0,16.0,13,950450776,35,0,283,283,400,314,True,800,25732
ws,100,800,2,16.0,16.0,14,337665204,51,0,620,620,411,303,True,800,25754
ws,100,800,2,16.0,16.0,15,659292567,29,0,799,799,383,322,True,800,25796
ws,100,800,2,16.0,16.0,16,99609977,37,0,445,445,411,316,True,800,25742
ws,100,800,2,16.0,16.0,17,3937309376,49,0,724,724,411,302,True,800,25812
ws,100,800,2,16.0,16.0,18,444642545,46,0,1013,1013,400,306,True,800,25780
ws,100,800,2,16.0,16.0,19,812379858,36,0,665,665,393,321,True,800,25756
ws,100,800,2,16.0,16.0,20,4204087081,45,0,485,485,384,307,True,800,25728
ws,100,800,2,16.0,16.0,21,2089071603,33,0,384,384,388,310,True,800,25750
ws,100,800,2,16.0,16.0,22,364750402,49,0,897,897,404,307,True,800,25738
ws,100,800,2,16.0,16.0,23,45732610,44,0,792,792,404,305,True,800,25708
ws,100,800,2,16.0,16.0,24,3702238197,37,0,453,453,428,324,True,800,25744
ws,100,800,2,16.0,16.0,25,4014282858,39,0,291,291,419,314,True,800,25746
ws,100,800,2,16.0,16.0,26,3976271409,45,0,401,401,399,303,True,800,25788
ws,100,800,2,16.0,16.0,27,3193103047,27,0,338,338,388,328,True,800,25724
ws,100,800,2,16.0,16.0,28,1683613343,37,0,831,831,387,320,True,800,25710
ws,100,800,2,16.0,16.0,29,1763456495,41,0,1185,1185,393,319,True,800,25716
ws,100,800,2,16.0,16.0,30,3834179336,36,0,495,495,394,315,True,800,25762
ws,100,800,2,16.0,16.0,31,3889362593,30,0,624,624,376,324,True,800,25732
ws,100,800,2,16.0,16.0,32,3729712490,32,0,342,342,378,326,True,800,25718
ws,100,800,2,16.0,16.0,33,1947699412,34,0,673,673,403,324,True,800,25738
ws,100,800,2,16.0,16.0,34,2145188827,41,0,415,415,389,324,True,800,25716
ws,100,800,2,16.0,16.0,35,2909143937,41,0,337,337,410,323,True,800,25712
ws,100,800,2,16.0,16.0,36,574537885,46,0,641,641,418,318,True,800,25716
ws,100,800,2,16.0,16.0,37,735010038,33,0,349,349,379,314,True,800,25746
ws,100,800,2,16.0,16.0,38,767580865,38,0,481,481,407,309,True,800,25778
ws,100,800,2,16.0,16.0,39,3685162392,48,0,647,647,394,315,True,800,25758
ws,200,1600,2,16.0,16.0,0,2003218100,84,0,980,980,824,631,True,1600,51546
ws,200,1600,2,16.0,16.0,1,1874772331,105,0,3380,3380,800,600,True,1600,51490
ws,200,1600,2,16.0,16.0,2,1345468763,77,0,1389,1389,781,621,True,1600,51574
ws,200,1600,2,16.0,16.0,3,489919047,90,0,1351,1351,781,612,True,1600,51512
ws,200,1600,2,16.0,16.0,4,2358324526,90,0,1979,1979,816,630,True,1600,51472
ws,200,1600,2,16.0,16.0,5,4140712490,85,0,816,816,800,637,True,1600,51524
ws,200,1600,2,16.0,16.0,6,2350238742,84,0,979,979,804,638,True,1600,51484
ws,200,1600,2,16.0,16.0,7,3059335345,71,0,979,979,780,626,True,1600,51504
ws,200,1600,2,16.0,16.0,8,1828694468,64,0,1090,1090,786,634,True,1600,51530
ws,200,1600,2,16.0,16.0,9,2494435651,62,0,1297,1297,779,645,True,1600,51562
ws,200,1600,2,16.0,16.0,10,2282132822,80,0,1048,1048,832,641,True,1600,51492
ws,200,1600,2,16.0,16.0,11,4020911381,93,0,2019,2019,815,625,True,1600,51460
ws,200,1600,2,16.0,16.0,12,3770472692,74,0,1239,1239,765,620,True,1600,51540
ws,200,1600,2,16.0,16.0,13,1273341147,75,0,984,984,787,638,True,1600,51424
ws,200,1600,2,16.0,16.0,14,477196741,66,0,1667,1667,813,669,True,1600,51466
ws,200,1600,2,16.0,16.0,15,1795178739,87,0,1334,1334,819,634,True,1600,51526
ws,200,1600,2,16.0,16.0,16,3021655244,73,0,1079,1079,778,613,True,1600,51586
ws,200,1600,2,16.0,16.0,17,2971420562,57,0,1307,1307,780,642,True,1600,51478
ws,200,1600,2,16.0,16.0,18,1584275575,91,0,1431,1431,815,610,True,1600,51580
ws,200,1600,2,16.0,16.0,19,883525976,81,0,1130,1130,800,639,True,1600,51464
ws,200,1600,2,16.0,16.0,20,624844386,101,0,1254,1254,842,611,True,1600,51472
ws,200,1600,2,16.0,16.0,21,2431333724,72,0,1662,1662,799,638,True,1600,51442
ws,200,1600,2,16.0,16.0,22,2090537620,75,0,1342,1342,805,639,True,1600,51522
ws,200,1600,2,16.0,16.0,23,3122889744,65,0,1048,1048,767,624,True,1600,51486
ws,200,1600,2,16.0,16.0,24,3936129309,84,0,1247,1247,825,625,True,1600,51586
ws,200,1600,2,16.0,16.0,25,1097980078,99,0,2320,2320,838,618,True,1600,51532
ws,200,1600,2,16.0,16.0,26,3052730492,81,0,1570,1570,808,641,True,1600,51530
ws,200,1600,2,16.0,16.0,27,1547226957,85,0,1609,1609,807,631,True,1600,51480
ws,200,1600,2,16.0,16.0,28,1244443258,65,0,1687,1687,758,643,True,1600,51468
ws,200,1600,2,16.0,16.0,29,3418172118,92,0,1910,1910,826,634,True,1600,51466
ws,200,1600,2,16.0,16.0,30,4106034460,67,0,941,941,788,640,True,1600,51500
ws,200,1600,2,16.0,16.0,31,3148744901,83,0,1688,1688,797,623,True,1600,51464
ws,200,1600,2,16.0,16.0,32,1498929955,77,0,1219,1219,791,630,True,1600,51502
ws,200,1600,2,16.0,16.0,33,3017776772,75,0,1206,1206,795,623,True,1600,51556
ws,200,1600,2,16.0,16.0,34,4116040178,87,0,2106,2106,811,626,True,1600,51514
ws,200,1600,2,16.0,16.0,35,1417861573,87,0,1559,1559,812,621,True,1600,51560
ws,200,1600,2,16.0,16.0,36,3789831903,84,0,1069,1069,812,617,True,1600,51456
ws,200,1600,2,16.0,16.0,37,660647073,63,0,847,847,813,655,True,1600,51422
ws,200,1600,2,16.0,16.0,38,1764860888,72,0,1123,1123,790,647,True,1600,51500
ws,200,1600,2,16.0,16.0,39,1366950629,89,0,2553,2553,802,633,True,1600,51516
ws,400,3200,2,16.0,16.0,0,1804162459,140,0,1797,1797,1654,1293,True,3200,103048
ws,400,3200,2,16.0,16.0,1,3926503889,158,0,3156,3156,1583,1264,True,3200,102926
ws,400,3200,2,16.0,16.0,2,2877975791,178,0,2969,2969,1590,1245,True,3200,103002
ws,400,3200,2,16.0,16.0,3,1919310013,152,0,3579,3579,1619,1281,True,3200,103048
ws,400,3200,2,16.0,16.0,4,2603568625,135,0,4070,4070,1554,1282,True,3200,102954
ws,400,3200,2,16.0,16.0,5,2873348204,147,0,2130,2130,1584,1269,True,3200,103008
ws,400,3200,2,16.0,16.0,6,2216860129,157,0,2380,2380,1624,1267,True,3200,102996
ws,400,3200,2,16.0,16.0,7,2279209773,159,0,3315,3315,1593,1249,True,3200,103016
ws,400,3200,2,16.0,16.0,8,3438034780,162,0,5008,5008,1601,1242,True,3200,103154
ws,400,3200,2,16.0,16.0,9,2108720433,157,0,3430,3430,1605,1266,True,3200,103044
ws,400,3200,2,16.0,16.0,10,2306501838,151,0,4266,4266,1612,1261,True,3200,103028
ws,400,3200,2,16.0,16.0,11,3525384021,154,0,3302,3302,1604,1268,True,3200,103010
ws,400,3200,2,16.0,16.0,12,3715243575,148,0,4888,4888,1550,1246,True,3200,103008
ws,400,3200,2,16.0,16.0,13,1525122472,159,0,2639,2639,1592,1263,True,3200,102950
ws,400,3200,2,16.0,16.0,14,1630193713,151,0,3810,3810,1575,1259,True,3200,102920
ws,400,3200,2,16.0,16.0,15,861724742,162,0,4583,4583,1632,1276,True,3200,102950
ws,400,3200,2,16.0,16.0,16,1837024423,151,0,2744,2744,1650,1284,True,3200,103014
ws,400,3200,2,16.0,16.0,17,1969140689,177,0,2799,2799,1627,1257,True,3200,103046
ws,400,3200,2,16.0,16.0,18,2171869766,163,0,6002,6002,1567,1244,True,3200,102972
ws,400,3200,2,16.0,16.0,19,3093959510,166,0,3636,3636,1620,1256,True,3200,103058
ws,400,3200,2,16.0,16.0,20,3241399508,128,0,3547,3547,1524,1247,True,3200,102982
ws,400,3200,2,16.0,16.0,21,1042835143,162,0,3239,3239,1596,1258,True,3200,102936
ws,400,3200,2,16.0,16.0,22,1520988352,172,0,3858,3858,1610,1262,True,3200,103028
ws,400,3200,2,16.0,16.0,23,2914460228,145,0,2369,2369,1582,1270,True,3200,102936
ws,400,3200,2,16.0,16.0,24,3776483486,156,0,2829,2829,1561,1253,True,3200,103074
ws,400,3200,2,16.0,16.0,25,1394057049,164,0,3590,3590,1573,1252,True,3200,102996
ws,400,3200,2,16.0,16.0,26,3589480844,146,0,3499,3499,1548,1260,True,3200,102968
ws,400,3200,2,16.0,16.0,27,4125370454,153,0,3243,3243,1568,1257,True,3200,103088
ws,400,3200,2,16.0,16.0,28,712650901,152,0,3711,3711,1630,1260,True,3200,103002
ws,400,3200,2,16.0,16.0,29,2228058925,164,0,2523,2523,1644,1240,True,3200,103070
ws,400,3200,2,16.0,16.0,30,1570299124,162,0,2560,2560,1611,1249,True,3200,103028
ws,400,3200,2,16.0,16.0,31,2636866745,163,0,3348,3348,1613,1239,True,3200,102972
ws,400,3200,2,16.0,16.0,32,2230564067,157,0,2316,2316,1594,1249,True,3200,103036
ws,400,3200,2,16.0,16.0,33,1659398186,168,0,4547,4547,1606,1271,True,3200,103002
ws,400,3200,2,16.0,16.0,34,3822370028,177,0,1946,1946,1616,1250,True,3200,102962
ws,400,3200,2,16.0,16.0,35,1752945780,164,0,4817,4817,1565,1231,True,3200,102984
ws,400,3200,2,16.0,16.0,36,166329746,140,0,2348,2348,1559,1267,True,3200,102972
ws,400,3200,2,16.0,16.0,37,1143644222,148,0,5485,5485,1575,1291,True,3200,103014
ws,400,3200,2,16.0,16.0,38,1665285622,134,0,2883,2883,1544,1267,True,3200,103026
ws,400,3200,2,16.0,16.0,39,2854662962,151,0,2190,2190,1554,1256,True,3200,102940
ws,800,6400,2,16.0,16.0,0,1491193131,305,0,7793,7793,3235,2512,True,6400,206184
ws,800,6400,2,16.0,16.0,1,3599808832,322,0,9370,9370,3195,2511,True,6400,206062
ws,800,6400,2,16.0,16.0,2,919822916,310,0,5608,5608,3138,2461,True,6400,206130
ws,800,6400,2,16.0,16.0,3,4056772453,284,0,9943,9943,3183,2547,True,6400,205982
ws,800,6400,2,16.0,16.0,4,2746925631,376,0,9458,9458,3280,2477,True,6400,205918
ws,800,6400,2,16.0,16.0,5,3971894014,336,0,6243,6243,3157,2505,True,6400,206022
ws,800,6400,2,16.0,16.0,6,79179085,298,0,6674,6674,3163,2540,True,6400,205982
ws,800,6400,2,16.0,16.0,7,2864851874,321,0,6930,6930,3171,2494,True,6400,206104
ws,800,6400,2,16.0,16.0,8,640973944,289,0,9926,9926,3189,2521,True,6400,205978
ws,800,6400,2,16.0,16.0,9,3203748034,301,0,5071,5071,3159,2535,True,6400,206110
ws,800,6400,2,16.0,16.0,10,1528324076,337,0,6732,6732,3237,2503,True,6400,205898
ws,800,6400,2,16.0,16.0,11,3881640517,365,0,10886,10886,3229,2515,True,6400,205932
ws,800,6400,2,16.0,16.0,12,2054297394,309,0,10806,10806,3185,2542,True,6400,205926
ws,800,6400,2,16.0,16.0,13,2933758912,298,0,7854,7854,3162,2523,True,6400,206090
ws,800,6400,2,16.0,16.0,14,3045345100,330,0,9393,9393,3220,2528,True,6400,205956
ws,800,6400,2,16.0,16.0,15,3678787744,291,0,5449,5449,3207,2556,True,6400,206018
ws,800,6400,2,16.0,16.0,16,3851159522,299,0,6812,6812,3134,2541,True,6400,206082
ws,800,6400,2,16.0,16.0,17,3289652937,318,0,6707,6707,3258,2543,True,6400,205866
ws,800,6400,2,16.0,16.0,18,2052370967,310,0,10536,10536,3180,2544,True,6400,206024
ws,800,6400,2,16.0,16.0,19,2088505531,328,0,6533,6533,3228,2531,True,6400,205844
ws,800,6400,2,16.0,16.0,20,107939415,336,0,8249,8249,3245,2518,True,6400,205964
ws,800,6400,2,16.0,16.0,21,1515647451,346,0,7449,7449,3185,2460,True,6400,206002
ws,800,6400,2,16.0,16.0,22,2589051444,338,0,8541,8541,3237,2501,True,6400,206160
ws,800,6400,2,16.0,16.0,23,2765062086,281,0,6138,6138,3159,2523,True,6400,206156
ws,800,6400,2,16.0,16.0,24,53407272,319,0,10086,10086,3203,2526,True,6400,205892
ws,800,6400,2,16.0,16.0,25,3519289841,330,0,14875,14875,3206,2500,True,6400,205912
ws,800,6400,2,16.0,16.0,26,3421588485,303,0,18227,18227,3206,2521,True,6400,206036
ws,800,6400,2,16.0,16.0,27,158868411,321,0,8721,8721,3192,2526,True,6400,206060
ws,800,6400,2,16.0,16.0,28,773556786,315,0,9804,9804,3211,2540,True,6400,206052
ws,800,6400,2,16.0,16.0,29,2549648821,304,0,6117,6117,3200,2520,True,6400,206066
ws,800,6400,2,16.0,16.0,30,2844112297,286,0,8037,8037,3198,2548,True,6400,205820
ws,800,6400,2,16.0,16.0,31,1188131984,314,0,6268,6268,3234,2541,True,6400,205994
ws,800,6400,2,16.0,16.0,32,1085723694,320,0,4951,4951,3199,2534,True,6400,206034
ws,800,6400,2,16.0,16.0,33,3808161482,316,0,14051,14051,3179,2498,True,6400,205888
ws,800,6400,2,16.0,16.0,34,2717937133,346,0,6875,6875,3215,2495,True,6400,206080
ws,800,6400,2,16.0,16.0,35,87813350,314,0,5085,5085,3212,2533,True,6400,205916
ws,800,6400,2,16.0,16.0,36,393074712,353,0,6451,6451,3219,2513,True,6400,206022
ws,800,6400,2,16.0,16.0,37,644776225,307,0,6797,6797,3221,2554,True,6400,206116
ws,800,6400,2,16.0,16.0,38,915728427,258,0,6049,6049,3113,2560,True,6400,205982
ws,800,6400,2,16.0,16.0,39,3735191987,309,0,5940,5940,3269,2563,True,6400,205876
er,100,188,3,4.0,3.76,0,2418534608,38,0,378,378,63,7,True,188,1886
er,100,200,3,4.0,4.0,1,2435075876,36,0,924,924,63,14,True,200,1882
er,100,215,3,4.0,4.3,2,2555991035,42,0,383,383,80,15,True,215,2354
er,100,198,3,4.0,3.96,3,2065306267,33,0,566,566,54,11,True,198,1874
er,100,197,3,4.0,3.94,4,47351920,33,0,506,506,61,10,True,197,2020
er,100,189,3,4.0,3.78,5,2719755501,43,0,350,350,59,5,True,189,1740
er,100,202,3,4.0,4.04,6,1518327483,38,0,573,573,66,10,True,202,1980
er,100,177,3,4.0,3.54,7,263074729,33,0,262,262,53,10,True,177,1580
er,100,194,3,4.0,3.88,8,252223868,38,0,457,457,70,8,True,194,1872
er,100,182,3,4.0,3.64,9,1840859331,40,0,644,644,63,4,True,182,1730
er,100,184,3,4.0,3.68,10,194460930,38,0,258,258,67,10,True,184,1730
er,100,214,3,4.0,4.28,11,731937400,34,0,385,385,62,12,True,214,2122
er,100,195,3,4.0,3.9,12,1387549431,43,0,257,257,64,10,True,195,1818
er,100,222,3,4.0,4.44,13,3511547128,37,0,483,483,72,14,True,222,2364
er,100,177,3,4.0,3.54,14,251512668,37,0,618,618,60,8,True,177,1644
er,100,187,3,4.0,3.74,15,3511413021,33,0,351,351,57,11,True,187,1790
er,100,197,3,4.0,3.94,16,448319835,37,0,223,223,67,14,True,197,1966
er,100,186,3,4.0,3.72,17,2930366252,44,0,317,317,62,9,True,186,1672
er,100,172,3,4.0,3.44,18,1893717801,33,0,245,245,57,11,True,172,1540
er,100,213,3,4.0,4.26,19,194940778,38,0,237,237,71,15,True,213,2340
er,100,178,3,4.0,3.56,20,3214176045,37,0,416,416,57,8,True,178,1578
er,100,189,3,4.0,3.78,21,281341718,33,0,436,436,60,14,True,189,1818
er,100,189,3,4.0,3.78,22,810836016,29,0,427,427,50,11,True,189,1806
er,100,205,3,4.0,4.1,23,2161858275,47,0,594,594,72,9,True,205,2034
er,100,182,3,4.0,3.64,24,3344490802,40,0,338,338,58,6,True,182,1680
er,100,200,3,4.0,4.0,25,675813098,42,0,293,293,73,10,True,200,2072
er,100,201,3,4.0,4.02,26,1456202078,45,0,377,377,73,10,True,201,2012
er,100,209,3,4.0,4.18,27,1271132029,38,0,474,474,66,15,True,209,2050
er,100,189,3,4.0,3.78,28,486796538,32,0,315,315,54,11,True,189,1816
er,100,206,3,4.0,4.12,29,2185464319,38,0,575,575,72,10,True,206,2074
er,100,201,3,4.0,4.02,30,1929903539,42,0,280,280,65,9,True,201,1986
er,100,197,3,4.0,3.94,31,849039565,44,0,357,357,75,10,True,197,1904
er,100,203,3,4.0,4.06,32,2854736910,43,0,346,346,76,10,True,203,2042
er,100,215,3,4.0,4.3,33,1597586079,39,0,372,372,79,13,True,215,2242
er,100,193,3,4.0,3.86,34,1259756506,30,0,688,688,58,9,True,193,1818
er,100,204,3,4.0,4.08,35,2259516609,42,0,541,541,64,7,True,204,1950
er,100,179,3,4.0,3.58,36,1132773648,44,0,301,301,71,11,True,179,1610
er,100,172,3,4.0,3.44,37,3525480638,37,0,408,408,59,10,True,172,1454
er,100,217,3,4.0,4.34,38,3428557735,37,0,496,496,82,10,True,217,2338
er,100,183,3,4.0,3.66,39,200139029,35,0,583,583,62,3,True,183,1612
er,200,398,3,4.0,3.98,0,943398444,70,0,696,696,131,26,True,398,3952
er,200,376,3,4.0,3.76,1,3047486413,73,0,715,715,119,17,True,376,3628
er,200,364,3,4.0,3.64,2,3946553001,69,0,932,932,112,20,True,364,3292
er,200,366,3,4.0,3.66,3,1373967460,66,0,912,912,106,17,True,366,3302
er,200,359,3,4.0,3.59,4,2718700798,67,0,758,758,114,14,True,359,3278
er,200,382,3,4.0,3.82,5,1368695461,76,0,696,696,118,20,True,382,3546
er,200,371,3,4.0,3.71,6,1340627260,58,0,673,673,118,24,True,371,3398
er,200,385,3,4.0,3.85,7,862102181,82,0,941,941,138,28,True,385,3846
er,200,392,3,4.0,3.92,8,2067788692,77,0,1846,1846,133,19,True,392,3752
er,200,392,3,4.0,3.92,9,1612820251,69,0,999,999,118,24,True,392,3840
er,200,434,3,4.0,4.34,10,2527159540,74,0,1116,1116,136,29,True,434,4564
er,200,377,3,4.0,3.77,11,4244833860,62,0,960,960,113,21,True,377,3622
er,200,369,3,4.0,3.69,12,671382087,61,0,746,746,114,21,True,369,3520
er,200,434,3,4.0,4.34,13,3942269030,75,0,1018,1018,140,35,True,434,4574
er,200,378,3,4.0,3.78,14,2510861174,72,0,705,705,125,25,True,378,3544
er,200,375,3,4.0,3.75,15,2058414102,80,0,716,716,131,20,True,375,3390
er,200,387,3,4.0,3.87,16,3816320475,79,0,1207,1207,130,18,True,387,3654
er,200,418,3,4.0,4.18,17,4119787458,77,0,1303,1303,127,23,True,418,4342
er,200,431,3,4.0,4.31,18,2803115001,77,0,818,818,144,27,True,431,4482
er,200,397,3,4.0,3.97,19,1228071535,80,0,995,995,142,24,True,397,4088
er,200,438,3,4.0,4.38,20,3346380695,86,0,1326,1326,142,26,True,438,4688
er,200,362,3,4.0,3.62,21,3680200985,73,0,1083,1083,121,15,True,362,3388
er,200,405,3,4.0,4.05,22,2825688851,82,0,1193,1193,151,25,True,405,4060
er,200,422,3,4.0,4.22,23,599701446,71,0,1228,1228,135,24,True,422,4266
er,200,420,3,4.0,4.2,24,888658946,72,0,893,893,153,33,True,420,4366
er,200,383,3,4.0,3.83,25,327635253,79,0,955,955,135,21,True,383,3740
er,200,410,3,4.0,4.1,26,3468090851,79,0,963,963,148,29,True,410,4176
er,200,387,3,4.0,3.87,27,2839143472,89,0,1394,1394,141,15,True,387,3754
er,200,400,3,4.0,4.0,28,2940400946,72,0,1149,1149,112,20,True,400,3908
er,200,419,3,4.0,4.19,29,4286548068,80,0,938,938,138,26,True,419,4316
er,200,447,3,4.0,4.47,30,3080379495,82,0,1574,1574,156,33,True,447,4782
er,200,382,3,4.0,3.82,31,1211798300,90,0,1184,1184,140,17,True,382,3720
er,200,403,3,4.0,4.03,32,110441036,84,0,848,848,146,22,True,403,4078
er,200,398,3,4.0,3.98,33,3736992210,83,0,889,889,147,16,True,398,4126
er,200,395,3,4.0,3.95,34,1917072520,85,0,879,879,150,21,True,395,3856
er,200,433,3,4.0,4.33,35,391626907,73,0,686,686,137,29,True,433,4532
er,200,398,3,4.0,3.98,36,2754672084,73,0,633,633,131,22,True,398,3996
er,200,361,3,4.0,3.61,37,2283956158,78,0,921,921,133,18,True,361,3248
er,200,409,3,4.0,4.09,38,3987832845,75,0,811,811,125,25,True,409,4152
er,200,355,3,4.0,3.55,39,1708926779,68,0,996,996,118,25,True,355,3290
er,400,780,3,4.0,3.9,0,2873413955,138,0,5068,5068,257,45,True,780,7688
er,400,770,3,4.0,3.85,1,1331262988,151,0,4066,4066,257,46,True,770,7502
er,400,830,3,4.0,4.15,2,1737043979,156,0,1388,1388,273,51,True,830,8642
er,400,776,3,4.0,3.88,3,2173577256,155,0,2889,2889,277,43,True,776,7510
er,400,803,3,4.0,4.015,4,1448808704,138,0,1999,1999,240,42,True,803,7906
er,400,759,3,4.0,3.795,5,639451527,147,0,2213,2213,245,35,True,759,7302
er,400,832,3,4.0,4.16,6,3725877868,152,0,1970,1970,272,49,True,832,8526
er,400,782,3,4.0,3.91,7,3590335167,149,0,2804,2804,258,38,True,782,7840
er,400,789,3,4.0,3.945,8,222002368,163,0,2348,2348,278,44,True,789,7754
er,400,831,3,4.0,4.155,9,3809896300,158,0,2955,2955,266,44,True,831,8498
er,400,763,3,4.0,3.815,10,1220380188,150,0,2285,2285,251,34,True,763,7228
er,400,813,3,4.0,4.065,11,113968244,167,0,1683,1683,269,40,True,813,8198
er,400,776,3,4.0,3.88,12,628973351,148,0,2370,2370,259,41,True,776,7520
er,400,808,3,4.0,4.04,13,3324021544,140,0,2528,2528,259,46,True,808,8106
er,400,786,3,4.0,3.93,14,2289741340,160,0,2128,2128,251,29,True,786,7668
er,400,837,3,4.0,4.185,15,2005795937,169,0,2898,2898,284,43,True,837,8566
er,400,800,3,4.0,4.0,16,3638210654,149,0,2223,2223,258,46,True,800,7878
er,400,787,3,4.0,3.935,17,2589451375,155,0,2656,2656,271,40,True,787,7788
er,400,795,3,4.0,3.975,18,3851076787,138,0,2419,2419,253,52,True,795,7928
er,400,785,3,4.0,3.925,19,3446732377,159,0,2562,2562,273,41,True,785,7772
er,400,824,3,4.0,4.12,20,983408015,153,0,1686,1686,284,58,True,824,8426
er,400,799,3,4.0,3.995,21,3446702050,169,0,2781,2781,297,40,True,799,7924
er,400,852,3,4.0,4.26,22,192475991,165,0,3542,3542,286,51,True,852,8996
er,400,826,3,4.0,4.13,23,2089121833,159,0,2926,2926,290,48,True,826,8400
er,400,820,3,4.0,4.1,24,3310363953,156,0,2527,2527,286,46,True,820,8384
er,400,827,3,4.0,4.135,25,346448861,134,0,2657,2657,260,43,True,827,8402
er,400,800,3,4.0,4.0,26,14770043,165,0,2598,2598,299,43,True,800,8134
er,400,814,3,4.0,4.07,27,2032081514,161,0,2266,2266,286,53,True,814,8360
er,400,764,3,4.0,3.82,28,624483900,131,0,2476,2476,239,37,True,764,7256
er,400,804,3,4.0,4.02,29,3684992751,156,0,2680,2680,268,41,True,804,8226
er,400,821,3,4.0,4.105,30,3073308647,135,0,2428,2428,253,54,True,821,8398
er,400,835,3,4.0,4.175,31,3922364285,152,0,2083,2083,279,41,True,835,8408
er,400,774,3,4.0,3.87,32,2512354610,148,0,2266,2266,273,54,True,774,7566
er,400,846,3,4.0,4.23,33,667264450,149,0,2028,2028,265,51,True,846,8932
er,400,797,3,4.0,3.985,34,2793471079,163,0,1905,1905,275,48,True,797,8018
er,400,803,3,4.0,4.015,35,1228230317,144,0,2340,2340,252,48,True,803,7834
er,400,767,3,4.0,3.835,36,3787156299,139,0,3046,3046,234,43,True,767,7322
er,400,795,3,4.0,3.975,37,1285751402,166,0,3052,3052,269,38,True,795,7840
er,400,835,3,4.0,4.175,38,2857458000,153,0,1253,1253,283,56,True,835,8418
er,400,792,3,4.0,3.96,39,890083858,157,0,2090,2090,266,46,True,792,7730
er,800,1578,3,4.0,3.945,0,3893068989,290,0,6507,6507,483,87,True,1578,15640
er,800,1594,3,4.0,3.985,1,3641964088,285,0,4037,4037,511,89,True,1594,15980
er,800,1563,3,4.0,3.9075,2,288595368,291,0,4222,4222,509,84,True,1563,15298
er,800,1631,3,4.0,4.0775,3,2771009686,297,0,5992,5992,531,103,True,1631,16336
er,800,1682,3,4.0,4.205,4,2528351002,300,0,5388,5388,553,104,True,1682,17372
er,800,1512,3,4.0,3.78,5,289549422,307,0,8341,8341,512,74,True,1512,14254
er,800,1606,3,4.0,4.015,6,3121043238,320,0,3302,3302,547,86,True,1606,16142
er,800,1600,3,4.0,4.0,7,3604152607,329,0,4781,4781,550,81,True,1600,15948
er,800,1602,3,4.0,4.005,8,2247669489,312,0,4663,4663,537,95,True,1602,16186
er,800,1633,3,4.0,4.0825,9,3272338312,312,0,5192,5192,547,89,True,1633,16332
er,800,1662,3,4.0,4.155,10,2889157853,293,0,4946,4946,546,100,True,1662,17336
er,800,1625,3,4.0,4.0625,11,2037429781,289,0,5065,5065,545,98,True,1625,16368
er,800,1631,3,4.0,4.0775,12,3244485526,298,0,6934,6934,557,97,True,1631,16510
er,800,1617,3,4.0,4.0425,13,220781810,291,0,4672,4672,533,104,True,1617,16082
er,800,1601,3,4.0,4.0025,14,3272828015,285,0,5489,5489,507,89,True,1601,16006
er,800,1556,3,4.0,3.89,15,2672510386,319,0,6730,6730,531,66,True,1556,15186
er,800,1629,3,4.0,4.0725,16,770749642,311,0,6825,6825,548,97,True,1629,16780
er,800,1550,3,4.0,3.875,17,1004231537,301,0,7693,7693,516,88,True,1550,15190
er,800,1616,3,4.0,4.04,18,485989848,321,0,11163,11163,580,101,True,1616,16284
er,800,1612,3,4.0,4.03,19,2950361857,303,0,4105,4105,525,79,True,1612,16246
er,800,1578,3,4.0,3.945,20,897841895,288,0,7979,7979,497,87,True,1578,15596
er,800,1575,3,4.0,3.9375,21,3518815205,319,0,5773,5773,555,95,True,1575,15560
er,800,1578,3,4.0,3.945,22,3317371586,308,0,10668,10668,546,93,True,1578,15540
er,800,1637,3,4.0,4.0925,23,400008906,285,0,5222,5222,516,102,True,1637,16740
er,800,1637,3,4.0,4.0925,24,2387776097,328,0,4700,4700,546,87,True,1637,16708
er,800,1589,3,4.0,3.9725,25,938633531,334,0,5345,5345,552,80,True,1589,15844
er,800,1650,3,4.0,4.125,26,3127242477,303,0,7516,7516,555,94,True,1650,16836
er,800,1577,3,4.0,3.9425,27,3064627013,292,0,6549,6549,509,84,True,1577,15654
er,800,1625,3,4.0,4.0625,28,2505928111,294,0,7076,7076,526,91,True,1625,16646
er,800,1699,3,4.0,4.2475,29,1574785892,319,0,3112,3112,571,99,True,1699,17644
er,800,1600,3,4.0,4.0,30,1660451715,320,0,7762,7762,555,98,True,1600,15730
er,800,1616,3,4.0,4.04,31,230035883,323,0,5346,5346,574,97,True,1616,16216
er,800,1598,3,4.0,3.995,32,2358693402,314,0,6208,6208,543,83,True,1598,15784
er,800,1540,3,4.0,3.85,33,245236115,275,0,4948,4948,516,88,True,1540,14924
er,800,1562,3,4.0,3.905,34,2643215509,292,0,5087,5087,508,83,True,1562,15064
er,800,1546,3,4.0,3.865,35,3225247372,300,0,7003,7003,525,81,True,1546,15134
er,800,1545,3,4.0,3.8625,36,1981500690,294,0,4760,4760,520,88,True,1545,14836
er,800,1642,3,4.0,4.105,37,3272218193,282,0,8474,8474,521,94,True,1642,16770
er,800,1665,3,4.0,4.1625,38,924967282,309,0,4205,4205,539,96,True,1665,17176
er,800,1590,3,4.0,3.975,39,34420904,314,0,8114,8114,543,87,True,1590,15618
ba,100,196,3,4.0,3.92,0,1226463845,36,0,553,553,63,13,True,196,2622
ba,100,196,3,4.0,3.92,1,2807775922,35,0,225,225,54,9,True,196,3290
ba,100,196,3,4.0,3.92,2,198778475,34,0,719,719,67,14,True,196,2856
ba,100,196,3,4.0,3.92,3,3942621134,38,0,337,337,59,10,True,196,3242
ba,100,196,3,4.0,3.92,4,1659996259,42,0,458,458,68,13,True,196,3002
ba,100,196,3,4.0,3.92,5,2187454240,47,0,419,419,76,13,True,196,2622
ba,100,196,3,4.0,3.92,6,2694591792,45,0,339,339,58,4,True,196,3160
ba,100,196,3,4.0,3.92,7,3290400496,38,0,419,419,61,12,True,196,3122
ba,100,196,3,4.0,3.92,8,3756666657,46,0,290,290,80,11,True,196,3334
ba,100,196,3,4.0,3.92,9,3030409738,46,0,242,242,75,14,True,196,2832
ba,100,196,3,4.0,3.92,10,1791562004,41,0,468,468,69,13,True,196,2674
ba,100,196,3,4.0,3.92,11,3887117631,34,0,373,373,58,7,True,196,2762
ba,100,196,3,4.0,3.92,12,2527745353,40,0,359,359,62,7,True,196,2728
ba,100,196,3,4.0,3.92,13,606833631,43,0,405,405,66,13,True,196,2984
ba,100,196,3,4.0,3.92,14,2623111080,37,0,394,394,66,9,True,196,2636
ba,100,196,3,4.0,3.92,15,4048637023,38,0,365,365,65,12,True,196,2668
ba,100,196,3,4.0,3.92,16,162638146,33,0,546,546,60,11,True,196,2496
ba,100,196,3,4.0,3.92,17,1057999195,46,0,516,516,72,9,True,196,2672
ba,100,196,3,4.0,3.92,18,1312849125,46,0,638,638,73,10,True,196,3470
ba,100,196,3,4.0,3.92,19,3900016025,38,0,353,353,57,8,True,196,2718
ba,100,196,3,4.0,3.92,20,3134472886,47,0,563,563,63,9,True,196,2944
ba,100,196,3,4.0,3.92,21,505535939,33,0,309,309,57,13,True,196,2746
ba,100,196,3,4.0,3.92,22,3390423602,43,0,490,490,63,7,True,196,3478
ba,100,196,3,4.0,3.92,23,3514297839,40,0,608,608,65,13,True,196,2996
ba,100,196,3,4.0,3.92,24,3080278212,47,0,243,243,74,13,True,196,2686
ba,100,196,3,4.0,3.92,25,44417847,49,0,313,313,75,9,True,196,3004
ba,100,196,3,4.0,3.92,26,832846281,43,0,593,593,66,14,True,196,2982
ba,100,196,3,4.0,3.92,27,1063813358,45,0,464,464,62,9,True,196,3296
ba,100,196,3,4.0,3.92,28,67651224,44,0,237,237,67,10,True,196,2988
ba,100,196,3,4.0,3.92,29,2809702956,38,0,330,330,62,11,True,196,2930
ba,100,196,3,4.0,3.92,30,4205935620,49,0,734,734,78,15,True,196,2774
ba,100,196,3,4.0,3.92,31,1057368904,38,0,356,356,58,8,True,196,2432
ba,100,196,3,4.0,3.92,32,734380540,39,0,408,408,59,10,True,196,2866
ba,100,196,3,4.0,3.92,33,127930078,47,0,264,264,70,13,True,196,2800
ba,100,196,3,4.0,3.92,34,2838126910,44,0,329,329,68,6,True,196,2716
ba,100,196,3,4.0,3.92,35,1608380713,35,0,367,367,63,9,True,196,2710
ba,100,196,3,4.0,3.92,36,2186465822,46,0,352,352,76,14,True,196,3062
ba,100,196,3,4.0,3.92,37,376345034,39,0,307,307,65,13,True,196,2852
ba,100,196,3,4.0,3.92,38,1198143246,45,0,464,464,65,6,True,196,2386
ba,100,196,3,4.0,3.92,39,24454202,45,0,734,734,66,7,True,196,3810
ba,200,396,3,4.0,3.96,0,848732670,89,0,897,897,141,18,True,396,5550
ba,200,396,3,4.0,3.96,1,3935413551,83,0,620,620,136,19,True,396,5960
ba,200,396,3,4.0,3.96,2,464945283,94,0,837,837,139,16,True,396,7232
ba,200,396,3,4.0,3.96,3,112353773,79,0,1113,1113,127,21,True,396,6006
ba,200,396,3,4.0,3.96,4,3883035658,88,0,738,738,134,22,True,396,5994
ba,200,396,3,4.0,3.96,5,904842149,93,0,700,700,143,20,True,396,6418
ba,200,396,3,4.0,3.96,6,436631997,87,0,1109,1109,135,19,True,396,6794
ba,200,396,3,4.0,3.96,7,2184202118,81,0,890,890,124,21,True,396,6462
ba,200,396,3,4.0,3.96,8,1701672551,80,0,967,967,122,17,True,396,7886
ba,200,396,3,4.0,3.96,9,865306042,86,0,1086,1086,138,18,True,396,6470
ba,200,396,3,4.0,3.96,10,679571943,81,0,1070,1070,139,21,True,396,6382
ba,200,396,3,4.0,3.96,11,832886658,85,0,667,667,132,15,True,396,6942
ba,200,396,3,4.0,3.96,12,2628518745,81,0,700,700,129,22,True,396,7040
ba,200,396,3,4.0,3.96,13,2317642667,87,0,1033,1033,133,17,True,396,6346
ba,200,396,3,4.0,3.96,14,166376437,71,0,867,867,122,24,True,396,6440
ba,200,396,3,4.0,3.96,15,642724639,76,0,922,922,137,25,True,396,6606
ba,200,396,3,4.0,3.96,16,3882725940,89,0,1216,1216,136,19,True,396,7078
ba,200,396,3,4.0,3.96,17,2695507813,79,0,1029,1029,130,20,True,396,6310
ba,200,396,3,4.0,3.96,18,3618728157,77,0,760,760,135,27,True,396,6262
ba,200,396,3,4.0,3.96,19,3546625499,68,0,1576,1576,105,19,True,396,6832
ba,200,396,3,4.0,3.96,20,1922509252,71,0,1315,1315,117,24,True,396,7476
ba,200,396,3,4.0,3.96,21,3173756232,91,0,898,898,136,22,True,396,6498
ba,200,396,3,4.0,3.96,22,505422158,72,0,987,987,117,23,True,396,6570
ba,200,396,3,4.0,3.96,23,1672984277,81,0,935,935,124,17,True,396,7512
ba,200,396,3,4.0,3.96,24,496185223,75,0,785,785,129,28,True,396,6226
ba,200,396,3,4.0,3.96,25,1216132340,90,0,701,701,130,22,True,396,6674
ba,200,396,3,4.0,3.96,26,2561866281,74,0,830,830,132,27,True,396,6418
ba,200,396,3,4.0,3.96,27,1618739123,76,0,741,741,132,17,True,396,6572
ba,200,396,3,4.0,3.96,28,3772823807,84,0,723,723,130,23,True,396,6552
ba,200,396,3,4.0,3.96,29,3629064005,88,0,773,773,132,16,True,396,7564
ba,200,396,3,4.0,3.96,30,2267721860,85,0,832,832,132,16,True,396,6154
ba,200,396,3,4.0,3.96,31,922188939,81,0,832,832,130,19,True,396,5844
ba,200,396,3,4.0,3.96,32,781441408,88,0,755,755,133,20,True,396,6744
ba,200,396,3,4.0,3.96,33,771946798,95,0,928,928,150,19,True,396,6388
ba,200,396,3,4.0,3.96,34,1333442844,80,0,1126,1126,124,17,True,396,6518
ba,200,396,3,4.0,3.96,35,3391543401,86,0,918,918,136,16,True,396,7306
ba,200,396,3,4.0,3.96,36,866826617,92,0,677,677,142,20,True,396,7010
ba,200,396,3,4.0,3.96,37,2032739167,87,0,1619,1619,140,22,True,396,7244
ba,200,396,3,4.0,3.96,38,511336732,92,0,1265,1265,140,17,True,396,8184
ba,200,396,3,4.0,3.96,39,1968473554,94,0,791,791,156,20,True,396,6344
ba,400,796,3,4.0,3.98,0,3705559936,174,0,3217,3217,274,37,True,796,13514
ba,400,796,3,4.0,3.98,1,1424788772,163,0,1772,1772,258,44,True,796,13896
ba,400,796,3,4.0,3.98,2,3778334391,168,0,2920,2920,259,45,True,796,15578
ba,400,796,3,4.0,3.98,3,1236439810,166,0,1349,1349,247,35,True,796,15734
ba,400,796,3,4.0,3.98,4,3065688151,172,0,3013,3013,265,34,True,796,13510
ba,400,796,3,4.0,3.98,5,1534303498,178,0,2793,2793,277,34,True,796,13604
ba,400,796,3,4.0,3.98,6,1893312180,173,0,2073,2073,282,37,True,796,15148
ba,400,796,3,4.0,3.98,7,3410269084,169,0,2390,2390,257,34,True,796,13980
ba,400,796,3,4.0,3.98,8,2045040528,172,0,2388,2388,270,41,True,796,17912
ba,400,796,3,4.0,3.98,9,874094018,177,0,2196,2196,269,38,True,796,13138
ba,400,796,3,4.0,3.98,10,2225094364,157,0,1824,1824,268,41,True,796,15320
ba,400,796,3,4.0,3.98,11,4210140641,165,0,2100,2100,262,43,True,796,15496
ba,400,796,3,4.0,3.98,12,1845663010,165,0,1956,1956,258,40,True,796,14604
ba,400,796,3,4.0,3.98,13,3583498338,171,0,3230,3230,260,33,True,796,16518
ba,400,796,3,4.0,3.98,14,3251256579,170,0,2509,2509,256,48,True,796,14390
ba,400,796,3,4.0,3.98,15,2830629841,164,0,3102,3102,271,52,True,796,13312
ba,400,796,3,4.0,3.98,16,3799593298,151,0,1860,1860,245,40,True,796,14326
ba,400,796,3,4.0,3.98,17,3624375042,165,0,3393,3393,258,45,True,796,14170
ba,400,796,3,4.0,3.98,18,2952478093,152,0,3478,3478,242,39,True,796,14398
ba,400,796,3,4.0,3.98,19,1695083372,160,0,2207,2207,256,49,True,796,17676
ba,400,796,3,4.0,3.98,20,2490013931,163,0,2486,2486,265,46,True,796,14310
ba,400,796,3,4.0,3.98,21,784434900,155,0,3069,3069,260,56,True,796,14638
ba,400,796,3,4.0,3.98,22,3286626065,175,0,2772,2772,284,45,True,796,14408
ba,400,796,3,4.0,3.98,23,399210050,169,0,3279,3279,270,40,True,796,15236
ba,400,796,3,4.0,3.98,24,3680068475,169,0,1905,1905,273,36,True,796,14626
ba,400,796,3,4.0,3.98,25,4263587788,155,0,2146,2146,268,38,True,796,13380
ba,400,796,3,4.0,3.98,26,1643951593,156,0,2306,2306,255,47,True,796,14814
ba,400,796,3,4.0,3.98,27,32340435,145,0,2499,2499,246,48,True,796,14286
ba,400,796,3,4.0,3.98,28,2267599977,172,0,2297,2297,252,42,True,796,17132
ba,400,796,3,4.0,3.98,29,1895984574,172,0,1438,1438,279,37,True,796,12950
ba,400,796,3,4.0,3.98,30,1746548190,189,0,2376,2376,282,31,True,796,14780
ba,400,796,3,4.0,3.98,31,783987308,164,0,2226,2226,264,39,True,796,14364
ba,400,796,3,4.0,3.98,32,1060564078,150,0,1679,1679,240,37,True,796,15854
ba,400,796,3,4.0,3.98,33,3398601268,164,0,3138,3138,256,36,True,796,14246
ba,400,796,3,4.0,3.98,34,3143150228,159,0,1400,1400,263,51,True,796,14840
ba,400,796,3,4.0,3.98,35,2205535728,168,0,2180,2180,275,41,True,796,14514
ba,400,796,3,4.0,3.98,36,3261384265,173,0,2100,2100,265,42,True,796,16282
ba,400,796,3,4.0,3.98,37,1798801451,169,0,2899,2899,271,41,True,796,12948
ba,400,796,3,4.0,3.98,38,2835133159,168,0,2046,2046,252,41,True,796,14856
ba,400,796,3,4.0,3.98,39,3260085088,147,0,2102,2102,241,51,True,796,13602
ba,800,1596,3,4.0,3.99,0,1473211831,325,0,6305,6305,525,81,True,1596,32914
ba,800,1596,3,4.0,3.99,1,2830945010,344,0,4542,4542,538,79,True,1596,30548
ba,800,1596,3,4.0,3.99,2,1884262666,337,0,4385,4385,529,88,True,1596,32838
ba,800,1596,3,4.0,3.99,3,2762701309,331,0,4884,4884,537,91,True,1596,36164
ba,800,1596,3,4.0,3.99,4,285216563,327,0,5379,5379,512,86,True,1596,32502
ba,800,1596,3,4.0,3.99,5,2450558706,329,0,3683,3683,532,86,True,1596,28344
ba,800,1596,3,4.0,3.99,6,1927452329,349,0,4817,4817,541,90,True,1596,32762
ba,800,1596,3,4.0,3.99,7,3344821403,341,0,4653,4653,526,81,True,1596,34682
ba,800,1596,3,4.0,3.99,8,2538412983,329,0,5354,5354,541,96,True,1596,28572
ba,800,1596,3,4.0,3.99,9,1202143838,345,0,5781,5781,524,74,True,1596,31536
ba,800,1596,3,4.0,3.99,10,3057597065,336,0,3982,3982,544,85,True,1596,31288
ba,800,1596,3,4.0,3.99,11,2051926139,360,0,6012,6012,560,79,True,1596,34304
ba,800,1596,3,4.0,3.99,12,1563335212,335,0,6495,6495,522,79,True,1596,33950
ba,800,1596,3,4.0,3.99,13,3572256083,327,0,4963,4963,532,81,True,1596,34698
ba,800,1596,3,4.0,3.99,14,579033461,340,0,6349,6349,551,89,True,1596,34356
ba,800,1596,3,4.0,3.99,15,1368573765,339,0,8300,8300,528,83,True,1596,33416
ba,800,1596,3,4.0,3.99,16,1305292285,319,0,4284,4284,511,84,True,1596,35958
ba,800,1596,3,4.0,3.99,17,4112068198,342,0,4949,4949,563,83,True,1596,34314
ba,800,1596,3,4.0,3.99,18,2559580933,346,0,3411,3411,537,73,True,1596,33422
ba,800,1596,3,4.0,3.99,19,420816800,350,0,5467,5467,571,77,True,1596,32574
ba,800,1596,3,4.0,3.99,20,2135081480,337,0,4393,4393,519,71,True,1596,32936
ba,800,1596,3,4.0,3.99,21,3023644394,335,0,5671,5671,508,84,True,1596,32068
ba,800,1596,3,4.0,3.99,22,1192982988,331,0,5911,5911,547,95,True,1596,32274
ba,800,1596,3,4.0,3.99,23,1234203003,315,0,4330,4330,524,88,True,1596,30414
ba,800,1596,3,4.0,3.99,24,1110768944,360,0,4856,4856,565,70,True,1596,33896
ba,800,1596,3,4.0,3.99,25,3924638990,362,0,6324,6324,556,88,True,1596,30408
ba,800,1596,3,4.0,3.99,26,2567481210,323,0,5826,5826,514,76,True,1596,31750
ba,800,1596,3,4.0,3.99,27,3940994967,326,0,4807,4807,534,94,True,1596,41316
ba,800,1596,3,4.0,3.99,28,2685789498,346,0,6583,6583,536,87,True,1596,38564
ba,800,1596,3,4.0,3.99,29,3148641823,339,0,5143,5143,560,89,True,1596,31302
ba,800,1596,3,4.0,3.99,30,3756202141,330,0,5437,5437,530,80,True,1596,36970
ba,800,1596,3,4.0,3.99,31,2746683552,335,0,3243,3243,537,85,True,1596,31862
ba,800,1596,3,4.0,3.99,32,867364952,311,0,5059,5059,488,78,True,1596,32692
ba,800,1596,3,4.0,3.99,33,2023526779,303,0,4040,4040,485,77,True,1596,34510
ba,800,1596,3,4.0,3.99,34,1409183377,326,0,5682,5682,524,82,True,1596,29206
ba,800,1596,3,4.0,3.99,35,3969850304,334,0,4316,4316,541,86,True,1596,45508
ba,800,1596,3,4.0,3.99,36,3752650703,323,0,8799,8799,526,73,True,1596,30448
ba,800,1596,3,4.0,3.99,37,1546419041,343,0,4533,4533,534,81,True,1596,33374
ba,800,1596,3,4.0,3.99,38,1172405980,348,0,9473,9473,525,71,True,1596,36522
ba,800,1596,3,4.0,3.99,39,3023682255,336,0,7525,7525,552,90,True,1596,31960
ws,100,200,3,4.0,4.0,0,2038490907,34,0,608,608,65,18,True,200,1628
ws,100,200,3,4.0,4.0,1,3011608757,35,0,503,503,64,13,True,200,1646
ws,100,200,3,4.0,4.0,2,2003963108,29,0,316,316,59,22,True,200,1628
ws,100,200,3,4.0,4.0,3,47844447,39,0,612,612,79,19,True,200,1640
ws,100,200,3,4.0,4.0,4,239063809,33,0,428,428,66,20,True,200,1638
ws,100,200,3,4.0,4.0,5,3016271709,30,0,212,212,70,21,True,200,1632
ws,100,200,3,4.0,4.0,6,2323808186,35,0,702,702,63,14,True,200,1636
ws,100,200,3,4.0,4.0,7,3694015053,38,0,541,541,78,17,True,200,1646
ws,100,200,3,4.0,4.0,8,3639274794,27,0,229,229,58,19,True,200,1646
ws,100,200,3,4.0,4.0,9,1285922651,43,0,513,513,71,17,True,200,1642
ws,100,200,3,4.0,4.0,10,360854139,35,0,496,496,71,19,True,200,1624
ws,100,200,3,4.0,4.0,11,2836708456,24,0,319,319,49,18,True,200,1634
ws,100,200,3,4.0,4.0,12,4026107174,31,0,244,244,65,20,True,200,1640
ws,100,200,3,4.0,4.0,13,3412803746,31,0,297,297,74,20,True,200,1648
ws,100,200,3,4.0,4.0,14,4109875602,35,0,486,486,62,12,True,200,1620
ws,100,200,3,4.0,4.0,15,3900996126,38,0,218,218,71,14,True,200,1646
ws,100,200,3,4.0,4.0,16,760431572,30,0,341,341,61,21,True,200,1640
ws,100,200,3,4.0,4.0,17,2872564542,30,0,390,390,52,14,True,200,1640
ws,100,200,3,4.0,4.0,18,247897828,32,0,364,364,66,15,True,200,1638
ws,100,200,3,4.0,4.0,19,2956051625,26,0,290,290,65,22,True,200,1630
ws,100,200,3,4.0,4.0,20,863433947,31,0,291,291,71,19,True,200,1644
ws,100,200,3,4.0,4.0,21,1066353449,25,0,340,340,53,19,True,200,1626
ws,100,200,3,4.0,4.0,22,3570622523,33,0,627,627,72,19,True,200,1642
ws,100,200,3,4.0,4.0,23,1420633065,34,0,214,214,64,18,True,200,1638
ws,100,200,3,4.0,4.0,24,4122395256,39,0,256,256,73,12,True,200,1626
ws,100,200,3,4.0,4.0,25,2106873178,35,0,178,178,73,21,True,200,1652
ws,100,200,3,4.0,4.0,26,3746228027,31,0,775,775,61,19,True,200,1626
ws,100,200,3,4.0,4.0,27,2130411865,35,0,552,552,78,19,True,200,1630
ws,100,200,3,4.0,4.0,28,3389995850,32,0,279,279,72,21,True,200,1638
ws,100,200,3,4.0,4.0,29,4008517053,32,0,811,811,66,20,True,200,1636
ws,100,200,3,4.0,4.0,30,2089700646,32,0,236,236,70,17,True,200,1642
ws,100,200,3,4.0,4.0,31,1143674345,30,0,388,388,60,17,True,200,1636
ws,100,200,3,4.0,4.0,32,863841256,33,0,284,284,59,16,True,200,1646
ws,100,200,3,4.0,4.0,33,3183775510,33,0,268,268,71,17,True,200,1636
ws,100,200,3,4.0,4.0,34,382093710,26,0,487,487,55,22,True,200,1620
ws,100,200,3,4.0,4.0,35,1273573625,37,0,472,472,75,15,True,200,1654
ws,100,200,3,4.0,4.0,36,895852485,31,0,249,249,67,19,True,200,1628
ws,100,200,3,4.0,4.0,37,2600958463,30,0,271,271,56,16,True,200,1630
ws,100,200,3,4.0,4.0,38,1378064291,41,0,535,535,77,18,True,200,1634
ws,100,200,3,4.0,4.0,39,725788190,33,0,400,400,63,19,True,200,1630
ws,200,400,3,4.0,4.0,0,3773430894,72,0,1254,1254,138,36,True,400,3306
ws,200,400,3,4.0,4.0,1,933500813,62,0,648,648,128,32,True,400,3284
ws,200,400,3,4.0,4.0,2,3682421977,70,0,1020,1020,128,32,True,400,3274
ws,200,400,3,4.0,4.0,3,1624505122,70,0,988,988,140,32,True,400,3256
ws,200,400,3,4.0,4.0,4,3966823348,63,0,982,982,133,35,True,400,3256
ws,200,400,3,4.0,4.0,5,3394073228,59,0,737,737,126,41,True,400,3266
ws,200,400,3,4.0,4.0,6,2051074374,54,0,743,743,125,45,True,400,3258
ws,200,400,3,4.0,4.0,7,3618812921,70,0,1134,1134,136,40,True,400,3292
ws,200,400,3,4.0,4.0,8,2919932069,73,0,590,590,144,39,True,400,3286
ws,200,400,3,4.0,4.0,9,1116344178,65,0,589,589,131,27,True,400,3274
ws,200,400,3,4.0,4.0,10,988088896,69,0,662,662,133,33,True,400,3258
ws,200,400,3,4.0,4.0,11,3335322646,60,0,802,802,128,37,True,400,3272
ws,200,400,3,4.0,4.0,12,553844045,66,0,714,714,140,37,True,400,3274
ws,200,400,3,4.0,4.0,13,1836342513,62,0,617,617,130,40,True,400,3280
ws,200,400,3,4.0,4.0,14,589994395,60,0,1122,1122,132,36,True,400,3288
ws,200,400,3,4.0,4.0,15,1672664102,72,0,697,697,135,29,True,400,3286
ws,200,400,3,4.0,4.0,16,33086731,59,0,401,401,120,38,True,400,3262
ws,200,400,3,4.0,4.0,17,595320782,58,0,878,878,135,41,True,400,3260
ws,200,400,3,4.0,4.0,18,2477476735,56,0,1233,1233,123,39,True,400,3284
ws,200,400,3,4.0,4.0,19,17470264,61,0,478,478,131,37,True,400,3274
ws,200,400,3,4.0,4.0,20,4229462609,64,0,969,969,134,41,True,400,3250
ws,200,400,3,4.0,4.0,21,2484918480,65,0,813,813,130,33,True,400,3284
ws,200,400,3,4.0,4.0,22,4057374772,61,0,638,638,137,45,True,400,3260
ws,200,400,3,4.0,4.0,23,265688560,72,0,1133,1133,137,32,True,400,3278
ws,200,400,3,4.0,4.0,24,3165790359,55,0,579,579,125,45,True,400,3258
ws,200,400,3,4.0,4.0,25,1378666728,66,0,771,771,124,30,True,400,3288
ws,200,400,3,4.0,4.0,26,3772094544,63,0,700,700,121,27,True,400,3284
ws,200,400,3,4.0,4.0,27,2934218460,61,0,705,705,120,43,True,400,3288
ws,200,400,3,4.0,4.0,28,690256038,60,0,720,720,124,25,True,400,3278
ws,200,400,3,4.0,4.0,29,3923629187,63,0,534,534,132,36,True,400,3260
ws,200,400,3,4.0,4.0,30,3324278137,69,0,1271,1271,129,30,True,400,3268
ws,200,400,3,4.0,4.0,31,1100426399,66,0,660,660,129,32,True,400,3300
ws,200,400,3,4.0,4.0,32,1909984353,71,0,1101,1101,149,29,True,400,3290
ws,200,400,3,4.0,4.0,33,2499500835,62,0,875,875,131,36,True,400,3274
ws,200,400,3,4.0,4.0,34,2166758980,48,0,795,795,120,47,True,400,3254
ws,200,400,3,4.0,4.0,35,55190784,72,0,836,836,143,31,True,400,3310
ws,200,400,3,4.0,4.0,36,983808917,61,0,733,733,133,39,True,400,3278
ws,200,400,3,4.0,4.0,37,1187675512,68,0,501,501,143,34,True,400,3280
ws,200,400,3,4.0,4.0,38,3589909315,65,0,1073,1073,137,38,True,400,3270
ws,200,400,3,4.0,4.0,39,3501957409,61,0,810,810,135,40,True,400,3278
ws,400,800,3,4.0,4.0,0,668195877,141,0,1552,1552,270,71,True,800,6568
ws,400,800,3,4.0,4.0,1,2420877391,133,0,1794,1794,263,70,True,800,6562
ws,400,800,3,4.0,4.0,2,3642249155,116,0,2182,2182,250,87,True,800,6560
ws,400,800,3,4.0,4.0,3,3301688871,132,0,1886,1886,279,77,True,800,6574
ws,400,800,3,4.0,4.0,4,2407097232,141,0,1441,1441,304,70,True,800,6542
ws,400,800,3,4.0,4.0,5,3098730759,130,0,1549,1549,266,80,True,800,6542
ws,400,800,3,4.0,4.0,6,3822447268,130,0,2385,2385,258,67,True,800,6550
ws,400,800,3,4.0,4.0,7,2974807635,128,0,2220,2220,265,72,True,800,6542
ws,400,800,3,4.0,4.0,8,2513482848,133,0,1686,1686,260,63,True,800,6578
ws,400,800,3,4.0,4.0,9,3551088154,130,0,2556,2556,269,72,True,800,6528
ws,400,800,3,4.0,4.0,10,2693565748,124,0,2560,2560,243,69,True,800,6538
ws,400,800,3,4.0,4.0,11,2847039022,127,0,1280,1280,258,76,True,800,6564
ws,400,800,3,4.0,4.0,12,3960986659,140,0,1336,1336,270,73,True,800,6518
ws,400,800,3,4.0,4.0,13,2899572258,156,0,3151,3151,294,69,True,800,6564
ws,400,800,3,4.0,4.0,14,2770333946,152,0,2401,2401,291,66,True,800,6572
ws,400,800,3,4.0,4.0,15,1567649806,133,0,1978,1978,267,74,True,800,6562
ws,400,800,3,4.0,4.0,16,275800435,129,0,1332,1332,258,75,True,800,6522
ws,400,800,3,4.0,4.0,17,2193355514,141,0,2063,2063,283,64,True,800,6552
ws,400,800,3,4.0,4.0,18,3958296632,133,0,3194,3194,265,79,True,800,6566
ws,400,800,3,4.0,4.0,19,1561752870,117,0,1992,1992,225,67,True,800,6554
ws,400,800,3,4.0,4.0,20,2097554875,128,0,2032,2032,268,65,True,800,6508
ws,400,800,3,4.0,4.0,21,2691731625,135,0,2648,2648,272,69,True,800,6544
ws,400,800,3,4.0,4.0,22,919851891,123,0,2306,2306,254,75,True,800,6556
ws,400,800,3,4.0,4.0,23,1282611374,130,0,2392,2392,272,74,True,800,6564
ws,400,800,3,4.0,4.0,24,3464907724,123,0,2654,2654,248,66,True,800,6562
ws,400,800,3,4.0,4.0,25,2362937918,126,0,2238,2238,246,75,True,800,6556
ws,400,800,3,4.0,4.0,26,3146825345,129,0,2234,2234,271,74,True,800,6578
ws,400,800,3,4.0,4.0,27,3486026718,145,0,2649,2649,288,74,True,800,6532
ws,400,800,3,4.0,4.0,28,2870142423,132,0,2131,2131,257,73,True,800,6526
ws,400,800,3,4.0,4.0,29,2467865848,135,0,2452,2452,266,70,True,800,6512
ws,400,800,3,4.0,4.0,30,3017340072,122,0,2333,2333,251,71,True,800,6570
ws,400,800,3,4.0,4.0,31,2862039009,128,0,2126,2126,277,68,True,800,6532
ws,400,800,3,4.0,4.0,32,4034708768,147,0,2211,2211,313,74,True,800,6564
ws,400,800,3,4.0,4.0,33,2989555318,118,0,2640,2640,243,72,True,800,6556
ws,400,800,3,4.0,4.0,34,810604816,133,0,1591,1591,283,75,True,800,6554
ws,400,800,3,4.0,4.0,35,2048256468,125,0,2321,2321,263,76,True,800,6550
ws,400,800,3,4.0,4.0,36,2487503405,130,0,2520,2520,250,69,True,800,6534
ws,400,800,3,4.0,4.0,37,2399255377,119,0,3454,3454,249,79,True,800,6536
ws,400,800,3,4.0,4.0,38,958362716,137,0,2357,2357,278,77,True,800,6548
ws,400,800,3,4.0,4.0,39,1738268519,136,0,2480,2480,265,64,True,800,6534
ws,800,1600,3,4.0,4.0,0,56206555,261,0,5001,5001,531,147,True,1600,13104
ws,800,1600,3,4.0,4.0,1,4051192268,246,0,4613,4613,513,151,True,1600,13122
ws,800,1600,3,4.0,4.0,2,3881676562,246,0,4493,4493,509,147,True,1600,13100
ws,800,1600,3,4.0,4.0,3,1222339662,253,0,6709,6709,525,150,True,1600,13066
ws,800,1600,3,4.0,4.0,4,3239455,262,0,3809,3809,550,155,True,1600,13106
ws,800,1600,3,4.0,4.0,5,3203295595,240,0,5656,5656,521,154,True,1600,13104
ws,800,1600,3,4.0,4.0,6,1042316705,258,0,9246,9246,512,140,True,1600,13100
ws,800,1600,3,4.0,4.0,7,739214339,262,0,4274,4274,539,149,True,1600,13068
ws,800,1600,3,4.0,4.0,8,277910064,259,0,5363,5363,543,148,True,1600,13084
ws,800,1600,3,4.0,4.0,9,80492523,256,0,7266,7266,519,142,True,1600,13136
ws,800,1600,3,4.0,4.0,10,3839099476,272,0,4915,4915,546,151,True,1600,13060
ws,800,1600,3,4.0,4.0,11,968090079,271,0,4387,4387,531,138,True,1600,13110
ws,800,1600,3,4.0,4.0,12,284371084,260,0,5083,5083,515,138,True,1600,13152
ws,800,1600,3,4.0,4.0,13,3993698466,248,0,6558,6558,505,140,True,1600,13112
ws,800,1600,3,4.0,4.0,14,2328561950,266,0,6162,6162,535,139,True,1600,13098
ws,800,1600,3,4.0,4.0,15,3504629198,249,0,5388,5388,522,144,True,1600,13148
ws,800,1600,3,4.0,4.0,16,907561967,246,0,4399,4399,518,157,True,1600,13108
ws,800,1600,3,4.0,4.0,17,3219635310,277,0,4000,4000,554,144,True,1600,13128
ws,800,1600,3,4.0,4.0,18,3833162779,252,0,3095,3095,504,155,True,1600,13078
ws,800,1600,3,4.0,4.0,19,2515903773,259,0,4167,4167,528,144,True,1600,13126
ws,800,1600,3,4.0,4.0,20,3651141490,271,0,4232,4232,525,138,True,1600,13068
ws,800,1600,3,4.0,4.0,21,4123120840,288,0,5977,5977,566,129,True,1600,13116
ws,800,1600,3,4.0,4.0,22,145621974,275,0,7424,7424,548,138,True,1600,13092
ws,800,1600,3,4.0,4.0,23,3090397710,276,0,7650,7650,533,135,True,1600,13082
ws,800,1600,3,4.0,4.0,24,891409087,270,0,3875,3875,541,143,True,1600,13038
ws,800,1600,3,4.0,4.0,25,3475910832,256,0,3960,3960,500,149,True,1600,13090
ws,800,1600,3,4.0,4.0,26,1176912935,285,0,4961,4961,564,140,True,1600,13130
ws,800,1600,3,4.0,4.0,27,3272601581,285,0,4752,4752,551,124,True,1600,13106
ws,800,1600,3,4.0,4.0,28,4229433037,270,0,4950,4950,522,155,True,1600,13134
ws,800,1600,3,4.0,4.0,29,4145573608,258,0,5933,5933,525,141,True,1600,13118
ws,800,1600,3,4.0,4.0,30,1543210499,260,0,5357,5357,533,146,True,1600,13094
ws,800,1600,3,4.0,4.0,31,1719469663,263,0,5457,5457,538,158,True,1600,13078
ws,800,1600,3,4.0,4.0,32,4166592693,279,0,4683,4683,567,146,True,1600,13132
ws,800,1600,3,4.0,4.0,33,427890291,253,0,4138,4138,529,157,True,1600,13058
ws,800,1600,3,4.0,4.0,34,2697364222,271,0,4177,4177,532,136,True,1600,13076
ws,800,1600,3,4.0,4.0,35,3683304099,255,0,5357,5357,516,152,True,1600,13086
ws,800,1600,3,4.0,4.0,36,1460895562,262,0,5905,5905,532,151,True,1600,13098
ws,800,1600,3,4.0,4.0,37,2830592223,264,0,5397,5397,547,148,True,1600,13078
ws,800,1600,3,4.0,4.0,38,2380772679,270,0,4237,4237,546,137,True,1600,13102
ws,800,1600,3,4.0,4.0,39,2896099954,260,0,8029,8029,526,146,True,1600,13080
er,100,393,3,8.0,7.86,0,2383554898,49,0,297,297,135,45,True,393,6818
er,100,371,3,8.0,7.42,1,3681449300,49,0,522,522,135,44,True,371,6256
er,100,416,3,8.0,8.32,2,2983670480,41,0,333,333,137,43,True,416,7646
er,100,398,3,8.0,7.96,3,2632901996,41,0,561,561,112,44,True,398,7010
er,100,379,3,8.0,7.58,4,2356693193,41,0,882,882,115,40,True,379,6552
er,100,385,3,8.0,7.7,5,2939013851,58,0,434,434,150,43,True,385,6492
er,100,369,3,8.0,7.38,6,1633050903,47,0,501,501,131,42,True,369,6168
er,100,420,3,8.0,8.4,7,7936979,52,0,446,446,134,46,True,420,7756
er,100,409,3,8.0,8.18,8,2916370898,51,0,857,857,133,38,True,409,7372
er,100,400,3,8.0,8.0,9,540474601,49,0,342,342,129,48,True,400,7220
er,100,384,3,8.0,7.68,10,1195256092,57,0,390,390,134,39,True,384,6620
er,100,405,3,8.0,8.1,11,2563198053,54,0,1098,1098,151,44,True,405,7154
er,100,408,3,8.0,8.16,12,342468423,45,0,688,688,117,42,True,408,7648
er,100,402,3,8.0,8.04,13,1290375280,50,0,585,585,132,50,True,402,7114
er,100,410,3,8.0,8.2,14,2801773373,57,0,863,863,142,41,True,410,7390
er,100,401,3,8.0,8.02,15,2936900892,60,0,504,504,146,52,True,401,7264
er,100,374,3,8.0,7.48,16,4144705259,51,0,861,861,109,33,True,374,6326
er,100,428,3,8.0,8.56,17,4140571029,61,0,902,902,159,44,True,428,8138
er,100,420,3,8.0,8.4,18,666929387,48,0,569,569,149,53,True,420,7764
er,100,437,3,8.0,8.74,19,2142971496,62,0,680,680,155,45,True,437,8300
er,100,411,3,8.0,8.22,20,3095798648,44,0,435,435,127,47,True,411,7264
er,100,411,3,8.0,8.22,21,2212339660,55,0,940,940,137,42,True,411,7430
er,100,377,3,8.0,7.54,22,4170080031,50,0,687,687,132,45,True,377,6352
er,100,415,3,8.0,8.3,23,4160140515,55,0,707,707,141,40,True,415,7588
er,100,388,3,8.0,7.76,24,1116209368,53,0,452,452,135,42,True,388,6766
er,100,391,3,8.0,7.82,25,3536743055,40,0,552,552,100,41,True,391,6942
er,100,413,3,8.0,8.26,26,3857755766,42,0,583,583,141,56,True,413,7574
er,100,396,3,8.0,7.92,27,2733737050,45,0,795,795,119,39,True,396,6934
er,100,402,3,8.0,8.04,28,786263424,36,0,664,664,116,48,True,402,7232
er,100,393,3,8.0,7.86,29,98336645,51,0,887,887,118,43,True,393,6832
er,100,380,3,8.0,7.6,30,3586895777,56,0,902,902,133,38,True,380,6552
er,100,420,3,8.0,8.4,31,1561878317,48,0,832,832,134,52,True,420,7814
er,100,372,3,8.0,7.44,32,627718060,45,0,595,595,105,37,True,372,6156
er,100,397,3,8.0,7.94,33,615606356,44,0,244,244,130,52,True,397,7068
er,100,387,3,8.0,7.74,34,2628053797,46,0,424,424,135,39,True,387,6556
er,100,411,3,8.0,8.22,35,908661680,39,0,381,381,131,49,True,411,7388
er,100,402,3,8.0,8.04,36,1460406629,51,0,572,572,138,47,True,402,7240
er,100,410,3,8.0,8.2,37,3916704407,49,0,658,658,129,52,True,410,7412
er,100,404,3,8.0,8.08,38,2886641333,52,0,705,705,135,37,True,404,7292
er,100,431,3,8.0,8.62,39,2602837030,56,0,608,608,148,45,True,431,8104
er,200,817,3,8.0,8.17,0,4231006488,105,0,1652,1652,282,98,True,817,14986
er,200,777,3,8.0,7.77,1,1573606425,92,0,814,814,270,89,True,777,13764
er,200,818,3,8.0,8.18,2,2686264034,93,0,877,877,253,105,True,818,15180
er,200,813,3,8.0,8.13,3,679335687,95,0,1282,1282,278,92,True,813,14666
er,200,792,3,8.0,7.92,4,1559590492,95,0,2100,2100,262,88,True,792,14182
er,200,834,3,8.0,8.34,5,1978444889,112,0,2420,2420,298,79,True,834,15612
er,200,860,3,8.0,8.6,6,2948159200,106,0,1231,1231,295,101,True,860,16326
er,200,818,3,8.0,8.18,7,1525135301,88,0,1317,1317,266,101,True,818,15148
er,200,836,3,8.0,8.36,8,2215357717,108,0,1559,1559,282,79,True,836,15682
er,200,829,3,8.0,8.29,9,4071841444,103,0,990,990,292,100,True,829,15148
er,200,790,3,8.0,7.9,10,2921654862,109,0,1830,1830,284,101,True,790,14242
er,200,790,3,8.0,7.9,11,3432863479,110,0,994,994,272,78,True,790,13900
er,200,772,3,8.0,7.72,12,3008159210,106,0,2086,2086,264,82,True,772,13306
er,200,769,3,8.0,7.69,13,457691638,94,0,1519,1519,253,84,True,769,13114
er,200,800,3,8.0,8.0,14,4284363451,99,0,1223,1223,258,92,True,800,14254
er,200,843,3,8.0,8.43,15,1332804176,102,0,1076,1076,279,95,True,843,15988
er,200,818,3,8.0,8.18,16,505668256,101,0,981,981,292,93,True,818,14750
er,200,832,3,8.0,8.32,17,2358694743,89,0,1106,1106,271,100,True,832,15304
er,200,839,3,8.0,8.39,18,1085180150,93,0,813,813,264,102,True,839,15634
er,200,763,3,8.0,7.63,19,3526603345,100,0,960,960,270,87,True,763,13148
er,200,810,3,8.0,8.1,20,238629956,112,0,1350,1350,272,80,True,810,14668
er,200,751,3,8.0,7.51,21,1336290623,98,0,1102,1102,240,84,True,751,12838
er,200,816,3,8.0,8.16,22,4265390318,95,0,913,913,276,85,True,816,15050
er,200,807,3,8.0,8.07,23,2078739258,86,0,1504,1504,264,99,True,807,14714
er,200,779,3,8.0,7.79,24,3436470540,101,0,1499,1499,269,89,True,779,13654
er,200,779,3,8.0,7.79,25,3788755322,100,0,1594,1594,269,83,True,779,13532
er,200,803,3,8.0,8.03,26,18828302,104,0,1166,1166,274,88,True,803,14652
er,200,787,3,8.0,7.87,27,2550883631,101,0,2601,2601,262,76,True,787,13788
er,200,827,3,8.0,8.27,28,3375447988,94,0,1241,1241,285,102,True,827,15200
er,200,775,3,8.0,7.75,29,507069775,103,0,1434,1434,246,74,True,775,13474
er,200,808,3,8.0,8.08,30,3771279595,94,0,1457,1457,245,96,True,808,14888
er,200,735,3,8.0,7.35,31,2265547348,104,0,1190,1190,260,77,True,735,11950
er,200,784,3,8.0,7.84,32,1871778847,102,0,1904,1904,246,78,True,784,13688
er,200,781,3,8.0,7.81,33,1348845425,81,0,1010,1010,257,97,True,781,13664
er,200,787,3,8.0,7.87,34,1651055600,97,0,1702,1702,254,80,True,787,13650
er,200,820,3,8.0,8.2,35,3955500677,109,0,1606,1606,298,90,True,820,14716
er,200,783,3,8.0,7.83,36,3117069627,102,0,1302,1302,264,90,True,783,13564
er,200,808,3,8.0,8.08,37,2281316408,96,0,1512,1512,270,79,True,808,14606
er,200,801,3,8.0,8.01,38,1894956465,110,0,2320,2320,267,87,True,801,14448
er,200,806,3,8.0,8.06,39,195957284,100,0,1267,1267,283,88,True,806,14614
er,400,1619,3,8.0,8.095,0,2704245622,204,0,2915,2915,551,163,True,1619,29066
er,400,1639,3,8.0,8.195,1,1165519032,190,0,2305,2305,549,174,True,1639,29822
er,400,1597,3,8.0,7.985,2,4106038303,213,0,2477,2477,579,170,True,1597,28884
er,400,1629,3,8.0,8.145,3,591244898,218,0,3149,3149,540,170,True,1629,29412
er,400,1626,3,8.0,8.13,4,2524734046,204,0,3864,3864,544,169,True,1626,29656
er,400,1661,3,8.0,8.305,5,681960150,204,0,4323,4323,557,184,True,1661,30654
er,400,1598,3,8.0,7.99,6,572643081,198,0,4665,4665,545,171,True,1598,28758
er,400,1653,3,8.0,8.265,7,986980761,206,0,4017,4017,548,185,True,1653,30212
er,400,1593,3,8.0,7.965,8,1052065381,198,0,4828,4828,515,165,True,1593,28646
er,400,1667,3,8.0,8.335,9,1520804116,211,0,2303,2303,550,180,True,1667,31074
er,400,1628,3,8.0,8.14,10,437967653,213,0,2813,2813,587,185,True,1628,29774
er,400,1576,3,8.0,7.88,11,2430105068,196,0,3038,3038,543,164,True,1576,28442
er,400,1622,3,8.0,8.11,12,1172646928,180,0,2697,2697,504,172,True,1622,29518
er,400,1607,3,8.0,8.035,13,1589773633,191,0,5397,5397,507,168,True,1607,29278
er,400,1572,3,8.0,7.86,14,452589350,176,0,2800,2800,524,182,True,1572,27564
er,400,1620,3,8.0,8.1,15,147300649,194,0,3172,3172,512,170,True,1620,29454
er,400,1626,3,8.0,8.13,16,2674867246,206,0,3593,3593,550,172,True,1626,29918
er,400,1563,3,8.0,7.815,17,4109862372,207,0,2779,2779,540,165,True,1563,27464
er,400,1596,3,8.0,7.98,18,1620697511,202,0,3267,3267,543,176,True,1596,28674
er,400,1569,3,8.0,7.845,19,3784928373,220,0,4887,4887,543,170,True,1569,27698
er,400,1599,3,8.0,7.995,20,1910557835,200,0,3231,3231,535,182,True,1599,28674
er,400,1589,3,8.0,7.945,21,2868077080,209,0,3037,3037,532,165,True,1589,28320
er,400,1614,3,8.0,8.07,22,1542344110,191,0,2028,2028,525,182,True,1614,29092
er,400,1590,3,8.0,7.95,23,4294600166,191,0,3845,3845,541,181,True,1590,28470
er,400,1601,3,8.0,8.005,24,2530886448,182,0,3237,3237,500,186,True,1601,28606
er,400,1647,3,8.0,8.235,25,1536142509,185,0,4201,4201,543,185,True,1647,30516
er,400,1625,3,8.0,8.125,26,2964614039,202,0,2416,2416,545,179,True,1625,29502
er,400,1577,3,8.0,7.885,27,311605292,197,0,2222,2222,523,173,True,1577,27782
er,400,1658,3,8.0,8.29,28,2410118540,188,0,2853,2853,549,197,True,1658,30520
er,400,1656,3,8.0,8.28,29,3282167265,196,0,3153,3153,586,193,True,1656,30474
er,400,1592,3,8.0,7.96,30,3337987273,203,0,3738,3738,518,166,True,1592,28566
er,400,1579,3,8.0,7.895,31,3893217123,197,0,3007,3007,517,182,True,1579,27788
er,400,1571,3,8.0,7.855,32,1254291161,202,0,3450,3450,536,173,True,1571,27786
er,400,1512,3,8.0,7.56,33,3089427514,205,0,3134,3134,517,152,True,1512,25724
er,400,1596,3,8.0,7.98,34,908624392,197,0,2668,2668,511,168,True,1596,28598
er,400,1618,3,8.0,8.09,35,100873675,206,0,5427,5427,542,169,True,1618,29286
er,400,1662,3,8.0,8.31,36,2523834009,192,0,2378,2378,588,197,True,1662,30868
er,400,1670,3,8.0,8.35,37,709118480,199,0,2675,2675,548,192,True,1670,31220
er,400,1587,3,8.0,7.935,38,4289456735,183,0,3673,3673,511,174,True,1587,28326
er,400,1630,3,8.0,8.15,39,3184120541,213,0,2682,2682,544,187,True,1630,30022
er,800,3176,3,8.0,7.94,0,1597574818,349,0,4618,4618,1016,358,True,3176,57030
er,800,3084,3,8.0,7.71,1,1886466655,369,0,6004,6004,1036,347,True,3084,53238
er,800,3208,3,8.0,8.02,2,1585323162,405,0,8577,8577,1073,340,True,3208,57818
er,800,3159,3,8.0,7.8975,3,2585858424,398,0,6052,6052,1078,336,True,3159,56114
er,800,3157,3,8.0,7.8925,4,2332439042,385,0,5397,5397,1060,354,True,3157,56086
er,800,3208,3,8.0,8.02,5,380796467,369,0,6536,6536,1019,370,True,3208,57874
er,800,3211,3,8.0,8.0275,6,2404997155,426,0,7555,7555,1090,346,True,3211,58060
er,800,3059,3,8.0,7.6475,7,3471232465,389,0,6130,6130,988,310,True,3059,52756
er,800,3141,3,8.0,7.8525,8,1679178468,393,0,12267,12267,1041,351,True,3141,55724
er,800,3207,3,8.0,8.0175,9,1570523935,378,0,7151,7151,1069,341,True,3207,58036
er,800,3248,3,8.0,8.12,10,758281943,410,0,8775,8775,1107,347,True,3248,58870
er,800,3289,3,8.0,8.2225,11,1004845594,413,0,8538,8538,1092,347,True,3289,60800
er,800,3185,3,8.0,7.9625,12,2022490751,390,0,10269,10269,1066,357,True,3185,56826
er,800,3233,3,8.0,8.0825,13,3396605617,398,0,6956,6956,1096,376,True,3233,58854
er,800,3158,3,8.0,7.895,14,2325516005,363,0,6619,6619,1019,347,True,3158,55452
er,800,3187,3,8.0,7.9675,15,146627177,421,0,8260,8260,1074,332,True,3187,57288
er,800,3087,3,8.0,7.7175,16,4129504284,391,0,8145,8145,1023,345,True,3087,53920
er,800,3148,3,8.0,7.87,17,1694674295,396,0,7098,7098,1007,328,True,3148,55790
er,800,3151,3,8.0,7.8775,18,1825580228,381,0,6544,6544,1030,346,True,3151,55724
er,800,3217,3,8.0,8.0425,19,1518298281,403,0,5890,5890,1104,330,True,3217,58286
er,800,3127,3,8.0,7.8175,20,214347983,420,0,6853,6853,1079,322,True,3127,55298
er,800,3168,3,8.0,7.92,21,958334899,401,0,5464,5464,1074,350,True,3168,56430
er,800,3208,3,8.0,8.02,22,179283625,416,0,5888,5888,1078,338,True,3208,57810
er,800,3195,3,8.0,7.9875,23,3237875940,362,0,5893,5893,1030,353,True,3195,57854
er,800,3160,3,8.0,7.9,24,3529937066,421,0,6064,6064,1096,345,True,3160,55978
er,800,3270,3,8.0,8.175,25,3935884700,398,0,6520,6520,1083,343,True,3270,59422
er,800,3337,3,8.0,8.3425,26,2561974129,398,0,6852,6852,1099,385,True,3337,62332
er,800,3143,3,8.0,7.8575,27,2184163871,369,0,5483,5483,1008,321,True,3143,55854
er,800,3204,3,8.0,8.01,28,2421101158,375,0,7130,7130,1026,342,True,3204,57228
er,800,3249,3,8.0,8.1225,29,3658503922,389,0,7906,7906,1090,362,True,3249,59050
er,800,3108,3,8.0,7.77,30,1207212610,396,0,6500,6500,989,325,True,3108,54174
er,800,3166,3,8.0,7.915,31,353845671,400,0,11344,11344,1039,328,True,3166,55452
er,800,3169,3,8.0,7.9225,32,3719415880,394,0,5075,5075,1048,338,True,3169,56476
er,800,3276,3,8.0,8.19,33,3952736249,421,0,5222,5222,1153,345,True,3276,60262
er,800,3223,3,8.0,8.0575,34,1299721270,410,0,6875,6875,1108,362,True,3223,57852
er,800,3171,3,8.0,7.9275,35,845384973,393,0,6050,6050,1051,357,True,3171,56186
er,800,3144,3,8.0,7.86,36,3296610595,375,0,4718,4718,1050,372,True,3144,55664
er,800,3231,3,8.0,8.0775,37,3264292495,401,0,7673,7673,1078,341,True,3231,58228
er,800,3243,3,8.0,8.1075,38,4130745192,446,0,8141,8141,1150,352,True,3243,58776
er,800,3233,3,8.0,8.0825,39,3655873366,381,0,5804,5804,1067,388,True,3233,59170
ba,100,384,3,8.0,7.68,0,3856782074,46,0,623,623,118,39,True,384,8580
ba,100,384,3,8.0,7.68,1,4108230848,48,0,560,560,141,40,True,384,8670
ba,100,384,3,8.0,7.68,2,3624201792,44,0,338,338,132,44,True,384,9702
ba,100,384,3,8.0,7.68,3,899936154,39,0,697,697,115,50,True,384,8718
ba,100,384,3,8.0,7.68,4,412090155,46,0,667,667,126,48,True,384,8876
ba,100,384,3,8.0,7.68,5,1440641647,48,0,382,382,136,53,True,384,8574
ba,100,384,3,8.0,7.68,6,4167360654,49,0,340,340,132,45,True,384,8722
ba,100,384,3,8.0,7.68,7,1376795991,43,0,476,476,119,46,True,384,8926
ba,100,384,3,8.0,7.68,8,72107742,47,0,724,724,119,41,True,384,9922
ba,100,384,3,8.0,7.68,9,1549724118,48,0,352,352,123,47,True,384,9104
ba,100,384,3,8.0,7.68,10,3961727734,39,0,277,277,127,51,True,384,9370
ba,100,384,3,8.0,7.68,11,381258391,42,0,398,398,120,48,True,384,8736
ba,100,384,3,8.0,7.68,12,1128756612,51,0,341,341,131,40,True,384,8968
ba,100,384,3,8.0,7.68,13,3046205988,52,0,436,436,136,51,True,384,8738
ba,100,384,3,8.0,7.68,14,1853761255,50,0,544,544,134,50,True,384,8498
ba,100,384,3,8.0,7.68,15,1521582661,46,0,391,391,143,44,True,384,9510
ba,100,384,3,8.0,7.68,16,3464405441,49,0,683,683,125,51,True,384,9518
ba,100,384,3,8.0,7.68,17,2849708222,39,0,389,389,115,46,True,384,9390
ba,100,384,3,8.0,7.68,18,1366560672,55,0,700,700,133,42,True,384,9082
ba,100,384,3,8.0,7.68,19,2207322343,52,0,718,718,127,41,True,384,8874
ba,100,384,3,8.0,7.68,20,2974175887,50,0,406,406,118,42,True,384,8820
ba,100,384,3,8.0,7.68,21,762657481,49,0,435,435,142,50,True,384,8778
ba,100,384,3,8.0,7.68,22,1153983662,56,0,797,797,130,40,True,384,9016
ba,100,384,3,8.0,7.68,23,2759981739,52,0,472,472,126,44,True,384,9502
ba,100,384,3,8.0,7.68,24,1442245674,41,0,508,508,105,47,True,384,9750
ba,100,384,3,8.0,7.68,25,536855963,52,0,365,365,139,41,True,384,8614
ba,100,384,3,8.0,7.68,26,1436930672,55,0,733,733,127,45,True,384,8884
ba,100,384,3,8.0,7.68,27,3279733132,45,0,289,289,122,48,True,384,8956
ba,100,384,3,8.0,7.68,28,3018089069,43,0,404,404,133,49,True,384,9306
ba,100,384,3,8.0,7.68,29,3655234012,49,0,872,872,144,48,True,384,8784
ba,100,384,3,8.0,7.68,30,3498826653,49,0,498,498,135,45,True,384,9806
ba,100,384,3,8.0,7.68,31,1608058569,40,0,322,322,128,53,True,384,8864
ba,100,384,3,8.0,7.68,32,3703588249,38,0,383,383,121,53,True,384,9794
ba,100,384,3,8.0,7.68,33,3311252637,43,0,631,631,119,43,True,384,8792
ba,100,384,3,8.0,7.68,34,587613304,53,0,540,540,122,50,True,384,8678
ba,100,384,3,8.0,7.68,35,3858954620,47,0,362,362,126,43,True,384,8892
ba,100,384,3,8.0,7.68,36,377347663,47,0,462,462,135,44,True,384,9598
ba,100,384,3,8.0,7.68,37,2963524077,48,0,348,348,127,50,True,384,8968
ba,100,384,3,8.0,7.68,38,1144314458,43,0,396,396,131,43,True,384,8960
ba,100,384,3,8.0,7.68,39,3025146270,45,0,400,400,122,55,True,384,8828
ba,200,784,3,8.0,7.84,0,531102293,91,0,1530,1530,259,92,True,784,22888
ba,200,784,3,8.0,7.84,1,2922722180,88,0,938,938,255,94,True,784,21240
ba,200,784,3,8.0,7.84,2,1154171495,95,0,1930,1930,253,92,True,784,19952
ba,200,784,3,8.0,7.84,3,1571403641,95,0,1282,1282,282,100,True,784,21006
ba,200,784,3,8.0,7.84,4,3519523472,102,0,1198,1198,267,94,True,784,21952
ba,200,784,3,8.0,7.84,5,2081927183,100,0,689,689,276,106,True,784,21506
ba,200,784,3,8.0,7.84,6,3616010756,82,0,1867,1867,244,92,True,784,20912
ba,200,784,3,8.0,7.84,7,3238095029,92,0,971,971,259,98,True,784,20762
ba,200,784,3,8.0,7.84,8,617621611,103,0,1754,1754,267,91,True,784,21900
ba,200,784,3,8.0,7.84,9,3649907461,95,0,1473,1473,278,99,True,784,21340
ba,200,784,3,8.0,7.84,10,478022515,101,0,730,730,276,95,True,784,20420
ba,200,784,3,8.0,7.84,11,2642382464,95,0,1164,1164,264,95,True,784,20320
ba,200,784,3,8.0,7.84,12,3552303479,88,0,988,988,249,96,True,784,21258
ba,200,784,3,8.0,7.84,13,3829601493,90,0,1711,1711,257,100,True,784,21204
ba,200,784,3,8.0,7.84,14,2362476864,94,0,697,697,264,97,True,784,22814
ba,200,784,3,8.0,7.84,15,3320453241,91,0,770,770,251,104,True,784,20462
ba,200,784,3,8.0,7.84,16,372706777,94,0,1214,1214,250,94,True,784,21250
ba,200,784,3,8.0,7.84,17,3665615722,93,0,880,880,265,86,True,784,21002
ba,200,784,3,8.0,7.84,18,628544579,81,0,2192,2192,254,105,True,784,21034
ba,200,784,3,8.0,7.84,19,3766243177,84,0,766,766,259,103,True,784,21710
ba,200,784,3,8.0,7.84,20,1418412587,106,0,1100,1100,271,92,True,784,21296
ba,200,784,3,8.0,7.84,21,1403395874,101,0,1745,1745,266,82,True,784,19828
ba,200,784,3,8.0,7.84,22,3618692487,100,0,1074,1074,274,95,True,784,22088
ba,200,784,3,8.0,7.84,23,211305803,104,0,2405,2405,252,87,True,784,23080
ba,200,784,3,8.0,7.84,24,1252948291,71,0,755,755,233,106,True,784,21890
ba,200,784,3,8.0,7.84,25,2824572860,116,0,1810,1810,277,88,True,784,19986
ba,200,784,3,8.0,7.84,26,3316774981,110,0,1501,1501,283,82,True,784,21516
ba,200,784,3,8.0,7.84,27,237910999,89,0,1126,1126,238,93,True,784,20658
ba,200,784,3,8.0,7.84,28,3987367772,98,0,888,888,270,91,True,784,19900
ba,200,784,3,8.0,7.84,29,1533480556,103,0,1005,1005,257,86,True,784,21852
ba,200,784,3,8.0,7.84,30,2285840922,98,0,1248,1248,287,103,True,784,20930
ba,200,784,3,8.0,7.84,31,3852227031,98,0,1115,1115,263,99,True,784,20812
ba,200,784,3,8.0,7.84,32,3165065207,112,0,1730,1730,268,77,True,784,20832
ba,200,784,3,8.0,7.84,33,3117734863,104,0,1152,1152,262,95,True,784,21170
ba,200,784,3,8.0,7.84,34,3034130326,90,0,904,904,260,88,True,784,22652
ba,200,784,3,8.0,7.84,35,3605648255,106,0,1316,1316,273,87,True,784,23116
ba,200,784,3,8.0,7.84,36,1787983472,107,0,1225,1225,268,87,True,784,19632
ba,200,784,3,8.0,7.84,37,3467453760,94,0,1177,1177,255,89,True,784,23130
ba,200,784,3,8.0,7.84,38,16631664,102,0,1178,1178,266,96,True,784,23148
ba,200,784,3,8.0,7.84,39,152541,87,0,1060,1060,251,94,True,784,20128
ba,400,1584,3,8.0,7.92,0,2793349530,199,0,3865,3865,534,185,True,1584,50798
ba,400,1584,3,8.0,7.92,1,1111861430,182,0,2359,2359,519,185,True,1584,49186
ba,400,1584,3,8.0,7.92,2,2503637596,183,0,3374,3374,520,191,True,1584,48680
ba,400,1584,3,8.0,7.92,3,391317512,200,0,3666,3666,525,170,True,1584,48448
ba,400,1584,3,8.0,7.92,4,720520788,190,0,3450,3450,507,182,True,1584,50670
ba,400,1584,3,8.0,7.92,5,1788005309,204,0,2124,2124,544,206,True,1584,47096
ba,400,1584,3,8.0,7.92,6,3642501800,193,0,2208,2208,527,193,True,1584,47792
ba,400,1584,3,8.0,7.92,7,2475516956,175,0,2967,2967,501,211,True,1584,47590
ba,400,1584,3,8.0,7.92,8,3568314333,211,0,2760,2760,521,182,True,1584,46610
ba,400,1584,3,8.0,7.92,9,1539540293,185,0,2649,2649,536,203,True,1584,47594
ba,400,1584,3,8.0,7.92,10,2883000236,179,0,2607,2607,493,177,True,1584,46924
ba,400,1584,3,8.0,7.92,11,3529362324,173,0,2196,2196,511,209,True,1584,49892
ba,400,1584,3,8.0,7.92,12,3058146998,206,0,2329,2329,565,178,True,1584,50714
ba,400,1584,3,8.0,7.92,13,3351863477,185,0,2524,2524,538,201,True,1584,48712
ba,400,1584,3,8.0,7.92,14,167514238,201,0,3014,3014,520,194,True,1584,49088
ba,400,1584,3,8.0,7.92,15,3774939884,212,0,2999,2999,559,193,True,1584,46164
ba,400,1584,3,8.0,7.92,16,3202591815,212,0,4807,4807,558,187,True,1584,50624
ba,400,1584,3,8.0,7.92,17,3151071389,212,0,3207,3207,550,183,True,1584,50410
ba,400,1584,3,8.0,7.92,18,2667582667,193,0,2755,2755,538,197,True,1584,46280
ba,400,1584,3,8.0,7.92,19,4173984058,187,0,2812,2812,544,208,True,1584,46660
ba,400,1584,3,8.0,7.92,20,4003367104,190,0,1826,1826,516,174,True,1584,48024
ba,400,1584,3,8.0,7.92,21,3029025797,174,0,3135,3135,511,191,True,1584,46318
ba,400,1584,3,8.0,7.92,22,3842911955,195,0,2145,2145,543,178,True,1584,48632
ba,400,1584,3,8.0,7.92,23,2566207149,192,0,4819,4819,514,183,True,1584,50292
ba,400,1584,3,8.0,7.92,24,2601125389,203,0,3405,3405,541,174,True,1584,46532
ba,400,1584,3,8.0,7.92,25,1436965632,191,0,1793,1793,517,191,True,1584,47380
ba,400,1584,3,8.0,7.92,26,116827192,210,0,2103,2103,554,189,True,1584,49584
ba,400,1584,3,8.0,7.92,27,3963297200,190,0,3533,3533,526,190,True,1584,46128
ba,400,1584,3,8.0,7.92,28,2321919213,193,0,3160,3160,546,195,True,1584,48694
ba,400,1584,3,8.0,7.92,29,3517935578,183,0,2777,2777,509,194,True,1584,47782
ba,400,1584,3,8.0,7.92,30,102081878,201,0,3072,3072,529,187,True,1584,46844
ba,400,1584,3,8.0,7.92,31,3413929006,189,0,2690,2690,530,192,True,1584,49738
ba,400,1584,3,8.0,7.92,32,1549036619,197,0,2965,2965,536,181,True,1584,46338
ba,400,1584,3,8.0,7.92,33,724212899,185,0,2624,2624,508,189,True,1584,46922
ba,400,1584,3,8.0,7.92,34,2227628394,192,0,2173,2173,534,195,True,1584,48948
ba,400,1584,3,8.0,7.92,35,2056246595,188,0,3126,3126,523,169,True,1584,45840
ba,400,1584,3,8.0,7.92,36,1133294840,208,0,2490,2490,542,168,True,1584,44570
ba,400,1584,3,8.0,7.92,37,2279624899,190,0,2211,2211,506,163,True,1584,50962
ba,400,1584,3,8.0,7.92,38,425211176,195,0,3281,3281,543,193,True,1584,45256
ba,400,1584,3,8.0,7.92,39,3490572708,191,0,4117,4117,517,186,True,1584,47278
ba,800,3184,3,8.0,7.96,0,893171914,418,0,6130,6130,1078,352,True,3184,107134
ba,800,3184,3,8.0,7.96,1,1608176706,376,0,5817,5817,1071,396,True,3184,103152
ba,800,3184,3,8.0,7.96,2,512005729,375,0,7741,7741,1039,372,True,3184,107006
ba,800,3184,3,8.0,7.96,3,3780641288,377,0,5258,5258,1017,375,True,3184,108484
ba,800,3184,3,8.0,7.96,4,292194873,381,0,5104,5104,1016,386,True,3184,106052
ba,800,3184,3,8.0,7.96,5,1891440125,414,0,8173,8173,1070,356,True,3184,109468
ba,800,3184,3,8.0,7.96,6,3642172592,403,0,6708,6708,1065,383,True,3184,106190
ba,800,3184,3,8.0,7.96,7,892232938,343,0,5235,5235,994,368,True,3184,107126
ba,800,3184,3,8.0,7.96,8,1012211261,384,0,4930,4930,1067,376,True,3184,106782
ba,800,3184,3,8.0,7.96,9,4154135890,403,0,5955,5955,1053,393,True,3184,105256
ba,800,3184,3,8.0,7.96,10,875154781,402,0,9820,9820,1076,380,True,3184,107162
ba,800,3184,3,8.0,7.96,11,1164048597,375,0,8023,8023,1051,380,True,3184,110992
ba,800,3184,3,8.0,7.96,12,2169103397,398,0,6954,6954,1044,363,True,3184,107734
ba,800,3184,3,8.0,7.96,13,486728041,361,0,5127,5127,1013,373,True,3184,102252
ba,800,3184,3,8.0,7.96,14,1797018124,409,0,7407,7407,1081,357,True,3184,112786
ba,800,3184,3,8.0,7.96,15,3110292468,394,0,6237,6237,1100,390,True,3184,113166
ba,800,3184,3,8.0,7.96,16,1921811902,379,0,5852,5852,1048,370,True,3184,107340
ba,800,3184,3,8.0,7.96,17,960155537,383,0,5368,5368,1041,358,True,3184,112028
ba,800,3184,3,8.0,7.96,18,1640615239,394,0,5909,5909,1042,373,True,3184,106612
ba,800,3184,3,8.0,7.96,19,1304551508,382,0,6736,6736,1033,378,True,3184,100740
ba,800,3184,3,8.0,7.96,20,4102347655,395,0,4447,4447,1052,377,True,3184,104052
ba,800,3184,3,8.0,7.96,21,2751516435,404,0,5920,5920,1110,380,True,3184,110402
ba,800,3184,3,8.0,7.96,22,3453830453,355,0,7074,7074,1037,375,True,3184,102776
ba,800,3184,3,8.0,7.96,23,3253183792,405,0,8575,8575,1069,363,True,3184,112784
ba,800,3184,3,8.0,7.96,24,1216110046,362,0,5408,5408,1004,396,True,3184,105588
ba,800,3184,3,8.0,7.96,25,1738473884,399,0,8174,8174,1078,380,True,3184,107252
ba,800,3184,3,8.0,7.96,26,4000481286,381,0,5228,5228,1042,365,True,3184,105974
ba,800,3184,3,8.0,7.96,27,1766130204,354,0,5323,5323,997,379,True,3184,106192
ba,800,3184,3,8.0,7.96,28,635476723,355,0,6273,6273,995,378,True,3184,103466
ba,800,3184,3,8.0,7.96,29,3133899460,435,0,5780,5780,1086,353,True,3184,109530
ba,800,3184,3,8.0,7.96,30,1472543337,374,0,6026,6026,1031,351,True,3184,102858
ba,800,3184,3,8.0,7.96,31,2648018178,407,0,8372,8372,1086,377,True,3184,102626
ba,800,3184,3,8.0,7.96,32,775092650,404,0,8913,8913,1078,342,True,3184,100906
ba,800,3184,3,8.0,7.96,33,3159242080,373,0,7956,7956,1044,391,True,3184,102912
ba,800,3184,3,8.0,7.96,34,3817196038,364,0,5919,5919,1068,387,True,3184,112090
ba,800,3184,3,8.0,7.96,35,958342836,382,0,6209,6209,1038,369,True,3184,109816
ba,800,3184,3,8.0,7.96,36,3191701530,385,0,4189,4189,1046,377,True,3184,113120
ba,800,3184,3,8.0,7.96,37,1735418861,385,0,5243,5243,1064,383,True,3184,101878
ba,800,3184,3,8.0,7.96,38,2451491603,386,0,7093,7093,1080,400,True,3184,102554
ba,800,3184,3,8.0,7.96,39,1773890095,422,0,7396,7396,1100,361,True,3184,109302
ws,100,400,3,8.0,8.0,0,2052121499,42,0,441,441,144,65,True,400,6474
ws,100,400,3,8.0,8.0,1,3542350302,38,0,867,867,133,76,True,400,6458
ws,100,400,3,8.0,8.0,2,1777608996,44,0,383,383,139,69,True,400,6484
ws,100,400,3,8.0,8.0,3,421375304,38,0,253,253,133,66,True,400,6486
ws,100,400,3,8.0,8.0,4,2263497210,46,0,852,852,127,63,True,400,6472
ws,100,400,3,8.0,8.0,5,1430336612,34,0,319,319,129,71,True,400,6490
ws,100,400,3,8.0,8.0,6,3242003431,32,0,407,407,122,66,True,400,6460
ws,100,400,3,8.0,8.0,7,72100923,37,0,476,476,131,65,True,400,6476
ws,100,400,3,8.0,8.0,8,1001682831,44,0,362,362,151,61,True,400,6484
ws,100,400,3,8.0,8.0,9,2462511002,39,0,503,503,131,68,True,400,6458
ws,100,400,3,8.0,8.0,10,35199504,38,0,552,552,129,69,True,400,6460
ws,100,400,3,8.0,8.0,11,3906432521,41,0,439,439,128,62,True,400,6478
ws,100,400,3,8.0,8.0,12,1673508508,38,0,310,310,132,66,True,400,6484
ws,100,400,3,8.0,8.0,13,3652734446,39,0,386,386,152,69,True,400,6478
ws,100,400,3,8.0,8.0,14,2134219040,46,0,704,704,131,62,True,400,6450
ws,100,400,3,8.0,8.0,15,1541410584,39,0,313,313,133,65,True,400,6476
ws,100,400,3,8.0,8.0,16,4248633450,52,0,509,509,147,61,True,400,6484
ws,100,400,3,8.0,8.0,17,284016380,46,0,569,569,133,59,True,400,6484
ws,100,400,3,8.0,8.0,18,2953937905,34,0,578,578,124,68,True,400,6460
ws,100,400,3,8.0,8.0,19,626070903,49,0,374,374,137,68,True,400,6452
ws,100,400,3,8.0,8.0,20,323582548,39,0,418,418,124,65,True,400,6484
ws,100,400,3,8.0,8.0,21,2102064618,41,0,407,407,135,66,True,400,6462
ws,100,400,3,8.0,8.0,22,1506420420,49,0,604,604,141,66,True,400,6498
ws,100,400,3,8.0,8.0,23,1650854636,42,0,368,368,133,68,True,400,6446
ws,100,400,3,8.0,8.0,24,2069302454,35,0,298,298,127,68,True,400,6472
ws,100,400,3,8.0,8.0,25,4153483873,46,0,319,319,139,58,True,400,6492
ws,100,400,3,8.0,8.0,26,1799251327,42,0,460,460,135,62,True,400,6472
ws,100,400,3,8.0,8.0,27,3940998050,39,0,425,425,117,61,True,400,6508
ws,100,400,3,8.0,8.0,28,1555177756,45,0,380,380,158,70,True,400,6458
ws,100,400,3,8.0,8.0,29,986173685,35,0,591,591,135,72,True,400,6462
ws,100,400,3,8.0,8.0,30,4042961835,41,0,340,340,138,68,True,400,6464
ws,100,400,3,8.0,8.0,31,3627686046,35,0,313,313,119,68,True,400,6478
ws,100,400,3,8.0,8.0,32,1559575056,37,0,683,683,124,67,True,400,6486
ws,100,400,3,8.0,8.0,33,511778549,41,0,347,347,136,68,True,400,6466
ws,100,400,3,8.0,8.0,34,2041151647,39,0,323,323,142,66,True,400,6484
ws,100,400,3,8.0,8.0,35,3458495346,32,0,218,218,122,68,True,400,6462
ws,100,400,3,8.0,8.0,36,1901564469,44,0,551,551,135,64,True,400,6480
ws,100,400,3,8.0,8.0,37,2800473397,39,0,897,897,137,66,True,400,6470
ws,100,400,3,8.0,8.0,38,458797670,34,0,849,849,124,66,True,400,6476
ws,100,400,3,8.0,8.0,39,3425845228,43,0,748,748,129,70,True,400,6466
ws,200,800,3,8.0,8.0,0,432032057,102,0,1322,1322,285,131,True,800,12946
ws,200,800,3,8.0,8.0,1,177737218,92,0,1664,1664,262,130,True,800,12964
ws,200,800,3,8.0,8.0,2,3720611345,80,0,967,967,262,133,True,800,12952
ws,200,800,3,8.0,8.0,3,3844789041,80,0,1294,1294,270,141,True,800,12956
ws,200,800,3,8.0,8.0,4,4049542983,87,0,1185,1185,273,126,True,800,12926
ws,200,800,3,8.0,8.0,5,2795835338,78,0,1205,1205,265,133,True,800,12980
ws,200,800,3,8.0,8.0,6,475170341,90,0,844,844,283,123,True,800,12966
ws,200,800,3,8.0,8.0,7,2232785480,77,0,1859,1859,262,132,True,800,12948
ws,200,800,3,8.0,8.0,8,3076633967,70,0,796,796,250,132,True,800,13004
ws,200,800,3,8.0,8.0,9,2720576865,81,0,1451,1451,262,129,True,800,12980
ws,200,800,3,8.0,8.0,10,3712277862,91,0,1171,1171,278,133,True,800,12990
ws,200,800,3,8.0,8.0,11,433778552,77,0,895,895,274,141,True,800,12944
ws,200,800,3,8.0,8.0,12,3151205958,87,0,1393,1393,282,131,True,800,12930
ws,200,800,3,8.0,8.0,13,1059721665,95,0,1100,1100,279,125,True,800,12940
ws,200,800,3,8.0,8.0,14,2598924979,76,0,1463,1463,255,126,True,800,12952
ws,200,800,3,8.0,8.0,15,1327316581,72,0,1064,1064,239,126,True,800,12962
ws,200,800,3,8.0,8.0,16,2039764109,89,0,1430,1430,282,125,True,800,12990
ws,200,800,3,8.0,8.0,17,4080314015,72,0,1304,1304,240,133,True,800,12974
ws,200,800,3,8.0,8.0,18,2451656525,81,0,1625,1625,253,131,True,800,12936
ws,200,800,3,8.0,8.0,19,3102725493,72,0,1193,1193,241,128,True,800,12964
ws,200,800,3,8.0,8.0,20,1713172907,87,0,1050,1050,254,128,True,800,12988
ws,200,800,3,8.0,8.0,21,3890642889,80,0,941,941,269,138,True,800,12952
ws,200,800,3,8.0,8.0,22,3734266046,78,0,1344,1344,269,129,True,800,12952
ws,200,800,3,8.0,8.0,23,1275776420,80,0,897,897,265,128,True,800,12966
ws,200,800,3,8.0,8.0,24,3147136289,81,0,1255,1255,260,123,True,800,12938
ws,200,800,3,8.0,8.0,25,2826016505,90,0,1423,1423,277,132,True,800,12938
ws,200,800,3,8.0,8.0,26,3498109791,89,0,2349,2349,277,136,True,800,12932
ws,200,800,3,8.0,8.0,27,390252226,79,0,1758,1758,260,135,True,800,12976
ws,200,800,3,8.0,8.0,28,1581992296,86,0,995,995,273,123,True,800,12928
ws,200,800,3,8.0,8.0,29,2238008083,67,0,1457,1457,264,141,True,800,12944
ws,200,800,3,8.0,8.0,30,1453328586,86,0,1083,1083,266,128,True,800,12958
ws,200,800,3,8.0,8.0,31,3403211076,70,0,1292,1292,251,132,True,800,12986
ws,200,800,3,8.0,8.0,32,3676907638,89,0,1109,1109,279,137,True,800,12926
ws,200,800,3,8.0,8.0,33,897840879,79,0,1272,1272,251,134,True,800,12928
ws,200,800,3,8.0,8.0,34,2171965519,74,0,1781,1781,262,137,True,800,12952
ws,200,800,3,8.0,8.0,35,915687103,95,0,1798,1798,283,135,True,800,12920
ws,200,800,3,8.0,8.0,36,2493813651,76,0,1032,1032,262,135,True,800,12964
ws,200,800,3,8.0,8.0,37,2477648615,88,0,1369,1369,279,123,True,800,12988
ws,200,800,3,8.0,8.0,38,1018097484,65,0,1188,1188,243,138,True,800,12962
ws,200,800,3,8.0,8.0,39,989280245,89,0,1190,1190,269,125,True,800,12972
ws,400,1600,3,8.0,8.0,0,692718892,162,0,2380,2380,538,271,True,1600,25926
ws,400,1600,3,8.0,8.0,1,507861213,156,0,2540,2540,522,263,True,1600,25862
ws,400,1600,3,8.0,8.0,2,756325713,177,0,2626,2626,551,247,True,1600,25918
ws,400,1600,3,8.0,8.0,3,2201185779,166,0,2810,2810,533,257,True,1600,25926
ws,400,1600,3,8.0,8.0,4,1395348568,187,0,3087,3087,535,254,True,1600,25898
ws,400,1600,3,8.0,8.0,5,704188713,155,0,2481,2481,516,265,True,1600,25946
ws,400,1600,3,8.0,8.0,6,2250810191,150,0,3042,3042,524,283,True,1600,25908
ws,400,1600,3,8.0,8.0,7,3430315842,155,0,2107,2107,523,275,True,1600,25884
ws,400,1600,3,8.0,8.0,8,3036626039,171,0,2418,2418,551,268,True,1600,25826
ws,400,1600,3,8.0,8.0,9,3785535003,172,0,2547,2547,582,276,True,1600,25896
ws,400,1600,3,8.0,8.0,10,961705110,162,0,2405,2405,523,265,True,1600,25912
ws,400,1600,3,8.0,8.0,11,3084917668,155,0,2250,2250,524,263,True,1600,25966
ws,400,1600,3,8.0,8.0,12,4101323961,174,0,2537,2537,524,263,True,1600,25922
ws,400,1600,3,8.0,8.0,13,3057476678,180,0,1952,1952,562,265,True,1600,25922
ws,400,1600,3,8.0,8.0,14,3895285261,156,0,2722,2722,514,268,True,1600,25934
ws,400,1600,3,8.0,8.0,15,3982383433,156,0,2277,2277,524,263,True,1600,26022
ws,400,1600,3,8.0,8.0,16,2963780581,166,0,2364,2364,524,263,True,1600,25898
ws,400,1600,3,8.0,8.0,17,2647650548,154,0,2567,2567,536,278,True,1600,25908
ws,400,1600,3,8.0,8.0,18,412445147,156,0,4586,4586,526,271,True,1600,25936
ws,400,1600,3,8.0,8.0,19,1377773194,184,0,2863,2863,546,255,True,1600,25894
ws,400,1600,3,8.0,8.0,20,2136106641,162,0,2048,2048,519,267,True,1600,25922
ws,400,1600,3,8.0,8.0,21,336809088,176,0,3328,3328,544,269,True,1600,25898
ws,400,1600,3,8.0,8.0,22,252199008,157,0,2371,2371,528,266,True,1600,25870
ws,400,1600,3,8.0,8.0,23,223701122,160,0,2838,2838,541,274,True,1600,25882
ws,400,1600,3,8.0,8.0,24,3013185163,165,0,2591,2591,532,258,True,1600,25902
ws,400,1600,3,8.0,8.0,25,3139983403,163,0,1799,1799,531,259,True,1600,25914
ws,400,1600,3,8.0,8.0,26,4017324055,162,0,2476,2476,526,265,True,1600,25922
ws,400,1600,3,8.0,8.0,27,3956843729,148,0,2528,2528,518,268,True,1600,25918
ws,400,1600,3,8.0,8.0,28,3552239145,154,0,2143,2143,553,268,True,1600,25924
ws,400,1600,3,8.0,8.0,29,3513282071,178,0,2292,2292,590,275,True,1600,25900
ws,400,1600,3,8.0,8.0,30,2923699272,170,0,3562,3562,520,259,True,1600,25896
ws,400,1600,3,8.0,8.0,31,4275562240,174,0,2853,2853,533,267,True,1600,25882
ws,400,1600,3,8.0,8.0,32,3397502745,176,0,2938,2938,536,261,True,1600,25870
ws,400,1600,3,8.0,8.0,33,2382744770,158,0,2557,2557,491,245,True,1600,25948
ws,400,1600,3,8.0,8.0,34,4110309053,191,0,2476,2476,591,250,True,1600,25936
ws,400,1600,3,8.0,8.0,35,1491226809,166,0,2301,2301,530,267,True,1600,25854
ws,400,1600,3,8.0,8.0,36,3294658503,170,0,2682,2682,528,265,True,1600,25898
ws,400,1600,3,8.0,8.0,37,3388070236,181,0,2108,2108,539,252,True,1600,25944
ws,400,1600,3,8.0,8.0,38,1337458506,160,0,2101,2101,538,272,True,1600,25818
ws,400,1600,3,8.0,8.0,39,844059083,160,0,1872,1872,502,271,True,1600,25932
ws,800,3200,3,8.0,8.0,0,4286142047,353,0,6960,6960,1068,511,True,3200,51778
ws,800,3200,3,8.0,8.0,1,2687282536,322,0,4217,4217,1089,532,True,3200,51836
ws,800,3200,3,8.0,8.0,2,4175727415,317,0,6982,6982,1021,510,True,3200,51804
ws,800,3200,3,8.0,8.0,3,3533204148,303,0,5050,5050,1039,554,True,3200,51828
ws,800,3200,3,8.0,8.0,4,468188390,343,0,7261,7261,1101,521,True,3200,51818
ws,800,3200,3,8.0,8.0,5,839296698,323,0,7400,7400,1051,524,True,3200,51808
ws,800,3200,3,8.0,8.0,6,3280543888,319,0,5850,5850,1041,514,True,3200,51802
ws,800,3200,3,8.0,8.0,7,1187749879,347,0,4691,4691,1059,515,True,3200,51858
ws,800,3200,3,8.0,8.0,8,3091628174,314,0,6195,6195,1029,536,True,3200,51792
ws,800,3200,3,8.0,8.0,9,2523969627,304,0,5737,5737,1049,550,True,3200,51846
ws,800,3200,3,8.0,8.0,10,4112690946,320,0,4528,4528,1066,518,True,3200,51858
ws,800,3200,3,8.0,8.0,11,1508122584,330,0,5951,5951,1100,530,True,3200,51808
ws,800,3200,3,8.0,8.0,12,1049852999,300,0,5597,5597,1043,528,True,3200,51800
ws,800,3200,3,8.0,8.0,13,3635172773,340,0,10205,10205,1126,529,True,3200,51834
ws,800,3200,3,8.0,8.0,14,749963967,319,0,5609,5609,1095,551,True,3200,51876
ws,800,3200,3,8.0,8.0,15,1491944748,346,0,5109,5109,1058,519,True,3200,51820
ws,800,3200,3,8.0,8.0,16,586733818,338,0,7726,7726,1094,511,True,3200,51808
ws,800,3200,3,8.0,8.0,17,3087439695,357,0,5041,5041,1080,536,True,3200,51874
ws,800,3200,3,8.0,8.0,18,4096955764,303,0,6724,6724,1045,534,True,3200,51798
ws,800,3200,3,8.0,8.0,19,908873359,307,0,4741,4741,1037,534,True,3200,51836
ws,800,3200,3,8.0,8.0,20,2856688296,329,0,6596,6596,1076,520,True,3200,51810
ws,800,3200,3,8.0,8.0,21,888190273,307,0,6516,6516,1055,545,True,3200,51826
ws,800,3200,3,8.0,8.0,22,1175475384,307,0,6573,6573,1031,531,True,3200,51812
ws,800,3200,3,8.0,8.0,23,1418860431,316,0,5197,5197,1048,541,True,3200,51744
ws,800,3200,3,8.0,8.0,24,3063594312,317,0,4352,4352,1073,533,True,3200,51808
ws,800,3200,3,8.0,8.0,25,796649450,346,0,5009,5009,1072,525,True,3200,51832
ws,800,3200,3,8.0,8.0,26,1379363063,342,0,4767,4767,1079,536,True,3200,51836
ws,800,3200,3,8.0,8.0,27,3429355320,320,0,9208,9208,1055,540,True,3200,51750
ws,800,3200,3,8.0,8.0,28,2972803508,319,0,5813,5813,1042,521,True,3200,51778
ws,800,3200,3,8.0,8.0,29,2966354751,339,0,5859,5859,1094,536,True,3200,51776
ws,800,3200,3,8.0,8.0,30,2767344154,309,0,6091,6091,1018,535,True,3200,51800
ws,800,3200,3,8.0,8.0,31,511103163,318,0,5447,5447,1045,548,True,3200,51736
ws,800,3200,3,8.0,8.0,32,2273821499,325,0,6505,6505,1064,515,True,3200,51794
ws,800,3200,3,8.0,8.0,33,922706569,316,0,4773,4773,1061,532,True,3200,51782
ws,800,3200,3,8.0,8.0,34,3901577644,328,0,4793,4793,1058,528,True,3200,51902
ws,800,3200,3,8.0,8.0,35,1395002831,332,0,6712,6712,1056,507,True,3200,51834
ws,800,3200,3,8.0,8.0,36,1071413005,337,0,8619,8619,1061,507,True,3200,51812
ws,800,3200,3,8.0,8.0,37,3069099885,327,0,9552,9552,1040,522,True,3200,51862
ws,800,3200,3,8.0,8.0,38,2683698046,324,0,5282,5282,1042,512,True,3200,51822
ws,800,3200,3,8.0,8.0,39,2765916736,335,0,6357,6357,1082,549,True,3200,51806
er,100,609,3,12.0,12.18,0,244081018,53,0,527,527,193,92,True,609,15936
er,100,598,3,12.0,11.96,1,3700845074,53,0,695,695,199,94,True,598,15050
er,100,575,3,12.0,11.5,2,1040631631,65,0,1406,1406,222,89,True,575,14144
er,100,616,3,12.0,12.32,3,2417902466,59,0,422,422,202,85,True,616,16290
er,100,580,3,12.0,11.6,4,1425264072,66,0,541,541,206,84,True,580,14378
er,100,588,3,12.0,11.76,5,1969246668,54,0,1051,1051,195,86,True,588,14954
er,100,624,3,12.0,12.48,6,813295246,53,0,775,775,213,95,True,624,16858
er,100,615,3,12.0,12.3,7,1131062394,80,0,1233,1233,229,79,True,615,16196
er,100,581,3,12.0,11.62,8,2778851485,57,0,591,591,203,80,True,581,14378
er,100,600,3,12.0,12.0,9,1694993874,64,0,617,617,199,81,True,600,15472
er,100,581,3,12.0,11.62,10,2194885371,69,0,479,479,216,84,True,581,14266
er,100,624,3,12.0,12.48,11,202756966,55,0,760,760,214,82,True,624,16676
er,100,588,3,12.0,11.76,12,2879578330,54,0,674,674,196,87,True,588,14822
er,100,581,3,12.0,11.62,13,3232106556,54,0,804,804,203,87,True,581,14374
er,100,562,3,12.0,11.24,14,2319152999,43,0,473,473,183,85,True,562,13668
er,100,609,3,12.0,12.18,15,307396373,57,0,943,943,200,77,True,609,15884
er,100,595,3,12.0,11.9,16,3390461868,51,0,429,429,189,91,True,595,15402
er,100,626,3,12.0,12.52,17,3813379585,53,0,708,708,201,98,True,626,16968
er,100,638,3,12.0,12.76,18,1368079914,59,0,948,948,219,100,True,638,17424
er,100,609,3,12.0,12.18,19,821324221,49,0,986,986,195,92,True,609,15860
er,100,594,3,12.0,11.88,20,1876250097,62,0,1018,1018,200,76,True,594,15064
er,100,604,3,12.0,12.08,21,1116303746,46,0,392,392,186,92,True,604,15664
er,100,603,3,12.0,12.06,22,3294337456,54,0,574,574,206,92,True,603,15660
er,100,597,3,12.0,11.94,23,4170673816,54,0,395,395,210,90,True,597,15526
er,100,596,3,12.0,11.92,24,1364396937,51,0,311,311,212,99,True,596,15536
er,100,564,3,12.0,11.28,25,1715742303,54,0,654,654,190,75,True,564,13850
er,100,597,3,12.0,11.94,26,3912243512,50,0,383,383,192,98,True,597,15062
er,100,626,3,12.0,12.52,27,1804708716,67,0,840,840,217,90,True,626,16846
er,100,647,3,12.0,12.94,28,204392540,56,0,1135,1135,214,99,True,647,17790
er,100,594,3,12.0,11.88,29,768277445,53,0,526,526,199,89,True,594,15180
er,100,601,3,12.0,12.02,30,3070728023,51,0,841,841,188,83,True,601,15484
er,100,565,3,12.0,11.3,31,1821893272,50,0,379,379,198,88,True,565,13672
er,100,599,3,12.0,11.98,32,750782348,55,0,820,820,187,86,True,599,15448
er,100,620,3,12.0,12.4,33,315327892,46,0,519,519,187,96,True,620,16404
er,100,611,3,12.0,12.22,34,2941280603,55,0,587,587,197,77,True,611,16476
er,100,624,3,12.0,12.48,35,2277669953,59,0,545,545,214,83,True,624,16662
er,100,579,3,12.0,11.58,36,1304177195,61,0,740,740,192,81,True,579,14168
er,100,590,3,12.0,11.8,37,2669917930,79,0,1289,1289,229,84,True,590,14890
er,100,569,3,12.0,11.38,38,229648401,58,0,327,327,203,85,True,569,13994
er,100,608,3,12.0,12.16,39,651208163,47,0,581,581,195,93,True,608,15732
er,200,1151,3,12.0,11.51,0,3932831562,96,0,1429,1429,368,166,True,1151,28880
er,200,1235,3,12.0,12.35,1,2359130439,116,0,1384,1384,410,187,True,1235,32924
er,200,1161,3,12.0,11.61,2,841575324,116,0,2020,2020,396,160,True,1161,29140
er,200,1208,3,12.0,12.08,3,2481912469,119,0,3729,3729,393,166,True,1208,31806
er,200,1260,3,12.0,12.6,4,1710446347,110,0,1431,1431,442,192,True,1260,33880
er,200,1160,3,12.0,11.6,5,4260304320,113,0,1054,1054,387,150,True,1160,29060
er,200,1179,3,12.0,11.79,6,461600244,119,0,1457,1457,410,178,True,1179,30456
er,200,1193,3,12.0,11.93,7,676418251,111,0,1499,1499,401,169,True,1193,31008
er,200,1158,3,12.0,11.58,8,3915614861,123,0,1485,1485,400,148,True,1158,28622
er,200,1142,3,12.0,11.42,9,3062652709,108,0,1113,1113,401,174,True,1142,28364
er,200,1151,3,12.0,11.51,10,3521429094,100,0,1335,1335,362,153,True,1151,28792
er,200,1153,3,12.0,11.53,11,327455430,117,0,1579,1579,395,147,True,1153,28600
er,200,1175,3,12.0,11.75,12,3765822784,128,0,2081,2081,426,167,True,1175,29824
er,200,1167,3,12.0,11.67,13,2245651058,104,0,1750,1750,360,174,True,1167,29244
er,200,1179,3,12.0,11.79,14,1477931820,114,0,1147,1147,419,173,True,1179,29686
er,200,1231,3,12.0,12.31,15,417792895,131,0,3030,3030,394,165,True,1231,33020
er,200,1230,3,12.0,12.3,16,4067722157,116,0,1488,1488,408,165,True,1230,32416
er,200,1229,3,12.0,12.29,17,632402266,117,0,1210,1210,428,177,True,1229,32308
er,200,1200,3,12.0,12.0,18,1872154746,109,0,1056,1056,390,173,True,1200,31040
er,200,1193,3,12.0,11.93,19,3890163973,128,0,1758,1758,419,166,True,1193,30792
er,200,1197,3,12.0,11.97,20,2489810512,119,0,1510,1510,384,153,True,1197,30586
er,200,1232,3,12.0,12.32,21,878448051,114,0,1143,1143,446,181,True,1232,32846
er,200,1251,3,12.0,12.51,22,3467435814,115,0,2418,2418,427,188,True,1251,33508
er,200,1191,3,12.0,11.91,23,2510584067,104,0,1511,1511,393,178,True,1191,31354
er,200,1220,3,12.0,12.2,24,1216191465,126,0,1347,1347,419,168,True,1220,31950
er,200,1217,3,12.0,12.17,25,2850214357,110,0,1292,1292,416,181,True,1217,32408
er,200,1203,3,12.0,12.03,26,4082634791,117,0,1744,1744,397,167,True,1203,31134
er,200,1219,3,12.0,12.19,27,3086065265,109,0,1432,1432,416,179,True,1219,32372
er,200,1225,3,12.0,12.25,28,1985416020,110,0,1730,1730,388,166,True,1225,32264
er,200,1220,3,12.0,12.2,29,256949,105,0,1814,1814,405,180,True,1220,32104
er,200,1228,3,12.0,12.28,30,3533124701,125,0,1854,1854,420,187,True,1228,32276
er,200,1210,3,12.0,12.1,31,936863019,105,0,877,877,390,173,True,1210,31532
er,200,1283,3,12.0,12.83,32,1152524180,125,0,2323,2323,435,199,True,1283,35254
er,200,1163,3,12.0,11.63,33,3348068387,102,0,2175,2175,371,162,True,1163,29228
er,200,1180,3,12.0,11.8,34,2944973106,99,0,843,843,371,166,True,1180,30166
er,200,1183,3,12.0,11.83,35,284256922,120,0,1421,1421,420,174,True,1183,30228
er,200,1269,3,12.0,12.69,36,54839795,117,0,1010,1010,444,201,True,1269,34502
er,200,1201,3,12.0,12.01,37,747689082,114,0,1594,1594,424,177,True,1201,31042
er,200,1207,3,12.0,12.07,38,3925891714,119,0,1148,1148,392,183,True,1207,31166
er,200,1224,3,12.0,12.24,39,1136268312,103,0,1641,1641,398,185,True,1224,32022
er,400,2385,3,12.0,11.925,0,1245497495,248,0,4579,4579,863,324,True,2385,61836
er,400,2447,3,12.0,12.235,1,1722634416,215,0,6310,6310,819,344,True,2447,64972
er,400,2440,3,12.0,12.2,2,2650099379,227,0,5059,5059,792,332,True,2440,64326
er,400,2433,3,12.0,12.165,3,1677972678,222,0,3663,3663,779,345,True,2433,63748
er,400,2348,3,12.0,11.74,4,109501656,215,0,4005,4005,808,350,True,2348,60058
er,400,2375,3,12.0,11.875,5,1657775898,227,0,3020,3020,802,319,True,2375,60924
er,400,2377,3,12.0,11.885,6,2510672349,213,0,2379,2379,812,361,True,2377,61448
er,400,2367,3,12.0,11.835,7,1504768275,244,0,5243,5243,809,307,True,2367,60598
er,400,2351,3,12.0,11.755,8,1188379202,216,0,2823,2823,751,314,True,2351,59648
er,400,2418,3,12.0,12.09,9,3664417684,214,0,2705,2705,795,352,True,2418,63550
er,400,2246,3,12.0,11.23,10,2102438585,216,0,4240,4240,758,286,True,2246,54600
er,400,2502,3,12.0,12.51,11,2827196632,249,0,4808,4808,860,360,True,2502,67468
er,400,2294,3,12.0,11.47,12,1869985370,210,0,2210,2210,776,330,True,2294,57022
er,400,2452,3,12.0,12.26,13,290827765,224,0,3505,3505,819,352,True,2452,64638
er,400,2393,3,12.0,11.965,14,2834632848,238,0,3857,3857,810,342,True,2393,61644
er,400,2382,3,12.0,11.91,15,2657866225,250,0,4140,4140,834,329,True,2382,61218
er,400,2293,3,12.0,11.465,16,780762958,203,0,3914,3914,735,302,True,2293,56476
er,400,2326,3,12.0,11.63,17,2012093582,220,0,3920,3920,762,334,True,2326,58666
er,400,2413,3,12.0,12.065,18,3037529087,234,0,4998,4998,834,327,True,2413,63496
er,400,2429,3,12.0,12.145,19,887660464,235,0,3621,3621,807,336,True,2429,64158
er,400,2385,3,12.0,11.925,20,2437771120,227,0,3119,3119,811,341,True,2385,61072
er,400,2354,3,12.0,11.77,21,584301701,234,0,3014,3014,768,317,True,2354,59820
er,400,2337,3,12.0,11.685,22,2466905825,222,0,2724,2724,774,335,True,2337,59168
er,400,2431,3,12.0,12.155,23,4142168240,225,0,2840,2840,814,341,True,2431,63156
er,400,2460,3,12.0,12.3,24,2248691841,224,0,4722,4722,794,350,True,2460,65070
er,400,2364,3,12.0,11.82,25,1997016390,255,0,5168,5168,807,339,True,2364,60280
er,400,2338,3,12.0,11.69,26,2621146506,209,0,2396,2396,763,340,True,2338,59628
er,400,2314,3,12.0,11.57,27,3338308808,231,0,4104,4104,777,318,True,2314,58404
er,400,2395,3,12.0,11.975,28,1127763156,223,0,3352,3352,830,343,True,2395,62428
er,400,2322,3,12.0,11.61,29,1078146979,245,0,5073,5073,784,305,True,2322,58498
er,400,2438,3,12.0,12.19,30,2076041500,225,0,3333,3333,814,330,True,2438,63848
er,400,2353,3,12.0,11.765,31,556641215,226,0,3414,3414,777,328,True,2353,60378
er,400,2430,3,12.0,12.15,32,2269827615,235,0,3052,3052,803,329,True,2430,63218
er,400,2353,3,12.0,11.765,33,2219648015,210,0,3898,3898,740,327,True,2353,59638
er,400,2484,3,12.0,12.42,34,549189683,224,0,3470,3470,784,353,True,2484,66332
er,400,2423,3,12.0,12.115,35,3617632320,214,0,2766,2766,792,370,True,2423,62822
er,400,2420,3,12.0,12.1,36,3020676411,250,0,2614,2614,817,310,True,2420,63252
er,400,2391,3,12.0,11.955,37,2949962284,204,0,3151,3151,757,331,True,2391,61566
er,400,2390,3,12.0,11.95,38,709513754,196,0,2444,2444,763,345,True,2390,62482
er,400,2461,3,12.0,12.305,39,1478789855,243,0,3649,3649,827,333,True,2461,65158
er,800,4872,3,12.0,12.18,0,3954727103,444,0,9551,9551,1640,711,True,4872,127986
er,800,4687,3,12.0,11.7175,1,1820563826,438,0,9380,9380,1535,660,True,4687,118896
er,800,4843,3,12.0,12.1075,2,4154408869,436,0,8116,8116,1583,654,True,4843,126664
er,800,4818,3,12.0,12.045,3,2400775030,428,0,4744,4744,1608,679,True,4818,125546
er,800,4820,3,12.0,12.05,4,1401137824,445,0,9751,9751,1589,677,True,4820,125658
er,800,4859,3,12.0,12.1475,5,1163004544,492,0,13867,13867,1630,678,True,4859,128366
er,800,4837,3,12.0,12.0925,6,594024060,466,0,5384,5384,1647,695,True,4837,126286
er,800,4791,3,12.0,11.9775,7,3269487127,448,0,8733,8733,1647,674,True,4791,123830
er,800,4792,3,12.0,11.98,8,509214362,433,0,6733,6733,1595,660,True,4792,123936
er,800,4833,3,12.0,12.0825,9,885315558,430,0,10904,10904,1533,642,True,4833,127046
er,800,4715,3,12.0,11.7875,10,3518243025,461,0,7766,7766,1586,654,True,4715,120390
er,800,4807,3,12.0,12.0175,11,644956774,453,0,8908,8908,1572,657,True,4807,124440
er,800,4867,3,12.0,12.1675,12,3515576985,433,0,9917,9917,1595,673,True,4867,127900
er,800,4894,3,12.0,12.235,13,4043744490,478,0,8615,8615,1682,678,True,4894,129034
er,800,4948,3,12.0,12.37,14,3611027349,446,0,6552,6552,1639,697,True,4948,131512
er,800,4944,3,12.0,12.36,15,3581888352,427,0,8787,8787,1667,674,True,4944,131036
er,800,4764,3,12.0,11.91,16,3290641667,470,0,8940,8940,1599,619,True,4764,122908
er,800,4796,3,12.0,11.99,17,875229814,448,0,6862,6862,1611,642,True,4796,125194
er,800,4735,3,12.0,11.8375,18,3924580721,438,0,12345,12345,1567,647,True,4735,121242
er,800,4891,3,12.0,12.2275,19,3051840794,431,0,7977,7977,1650,725,True,4891,128546
er,800,4887,3,12.0,12.2175,20,3823683842,438,0,10985,10985,1570,701,True,4887,129650
er,800,4901,3,12.0,12.2525,21,507306214,473,0,9184,9184,1629,678,True,4901,129840
er,800,4922,3,12.0,12.305,22,1600757238,410,0,6009,6009,1596,722,True,4922,130760
er,800,4818,3,12.0,12.045,23,247294893,457,0,7972,7972,1654,692,True,4818,125446
er,800,4752,3,12.0,11.88,24,2602276862,419,0,6491,6491,1588,680,True,4752,121952
er,800,4798,3,12.0,11.995,25,93087807,453,0,7811,7811,1629,649,True,4798,124288
er,800,4825,3,12.0,12.0625,26,2028138880,434,0,7435,7435,1576,684,True,4825,126258
er,800,4791,3,12.0,11.9775,27,1935074631,442,0,7173,7173,1613,672,True,4791,124430
er,800,4872,3,12.0,12.18,28,542997573,431,0,9212,9212,1649,707,True,4872,128278
er,800,4856,3,12.0,12.14,29,3492085814,460,0,7230,7230,1574,674,True,4856,127732
er,800,4662,3,12.0,11.655,30,2327968092,414,0,6926,6926,1533,638,True,4662,117734
er,800,4827,3,12.0,12.0675,31,1281996550,467,0,8119,8119,1615,669,True,4827,126258
er,800,4720,3,12.0,11.8,32,1230026385,466,0,9783,9783,1560,632,True,4720,120880
er,800,4786,3,12.0,11.965,33,1612924444,449,0,7390,7390,1595,673,True,4786,124116
er,800,4841,3,12.0,12.1025,34,2522780217,405,0,5844,5844,1551,657,True,4841,126788
er,800,4886,3,12.0,12.215,35,292517139,429,0,10685,10685,1599,723,True,4886,128826
er,800,4780,3,12.0,11.95,36,3461851779,417,0,7567,7567,1590,672,True,4780,123904
er,800,4726,3,12.0,11.815,37,2165167688,481,0,6760,6760,1611,626,True,4726,121600
er,800,4826,3,12.0,12.065,38,842306481,436,0,7102,7102,1587,666,True,4826,126578
er,800,4720,3,12.0,11.8,39,332199451,413,0,4858,4858,1578,647,True,4720,120628
ba,100,564,3,12.0,11.28,0,3483873893,52,0,454,454,192,87,True,564,18160
ba,100,564,3,12.0,11.28,1,3224602475,47,0,332,332,185,92,True,564,17766
ba,100,564,3,12.0,11.28,2,3018013278,58,0,1117,1117,196,78,True,564,17630
ba,100,564,3,12.0,11.28,3,732231791,63,0,1028,1028,187,76,True,564,17554
ba,100,564,3,12.0,11.28,4,238216772,43,0,449,449,172,98,True,564,16904
ba,100,564,3,12.0,11.28,5,4148556690,55,0,983,983,179,75,True,564,18502
ba,100,564,3,12.0,11.28,6,3307149260,45,0,652,652,173,83,True,564,17410
ba,100,564,3,12.0,11.28,7,1810008142,50,0,558,558,179,87,True,564,17576
ba,100,564,3,12.0,11.28,8,671483782,60,0,588,588,191,83,True,564,18188
ba,100,564,3,12.0,11.28,9,909122721,55,0,369,369,194,85,True,564,17554
ba,100,564,3,12.0,11.28,10,133018977,50,0,471,471,205,96,True,564,17942
ba,100,564,3,12.0,11.28,11,2739830722,41,0,385,385,188,100,True,564,18434
ba,100,564,3,12.0,11.28,12,1963095439,53,0,718,718,190,86,True,564,17298
ba,100,564,3,12.0,11.28,13,697719457,53,0,393,393,188,87,True,564,18000
ba,100,564,3,12.0,11.28,14,1031902442,48,0,486,486,197,88,True,564,18332
ba,100,564,3,12.0,11.28,15,4102297774,52,0,366,366,196,87,True,564,17824
ba,100,564,3,12.0,11.28,16,381253712,44,0,322,322,185,86,True,564,17474
ba,100,564,3,12.0,11.28,17,594460937,47,0,378,378,195,87,True,564,17648
ba,100,564,3,12.0,11.28,18,3490148901,50,0,462,462,189,94,True,564,18192
ba,100,564,3,12.0,11.28,19,2114019941,41,0,292,292,185,103,True,564,18558
ba,100,564,3,12.0,11.28,20,3085217083,48,0,545,545,194,84,True,564,17174
ba,100,564,3,12.0,11.28,21,1775018491,45,0,525,525,176,90,True,564,17734
ba,100,564,3,12.0,11.28,22,2409503206,43,0,207,207,195,102,True,564,18474
ba,100,564,3,12.0,11.28,23,2376740057,48,0,376,376,179,83,True,564,17780
ba,100,564,3,12.0,11.28,24,816413847,58,0,781,781,189,88,True,564,18320
ba,100,564,3,12.0,11.28,25,954643088,56,0,504,504,191,86,True,564,17152
ba,100,564,3,12.0,11.28,26,149061845,43,0,505,505,187,85,True,564,17634
ba,100,564,3,12.0,11.28,27,771994145,56,0,653,653,197,93,True,564,17384
ba,100,564,3,12.0,11.28,28,1560429765,60,0,1101,1101,186,80,True,564,18730
ba,100,564,3,12.0,11.28,29,240660136,56,0,797,797,202,81,True,564,17194
ba,100,564,3,12.0,11.28,30,611536695,53,0,730,730,187,82,True,564,18606
ba,100,564,3,12.0,11.28,31,1041042863,61,0,567,567,209,86,True,564,17902
ba,100,564,3,12.0,11.28,32,539345413,45,0,332,332,184,90,True,564,17550
ba,100,564,3,12.0,11.28,33,3381956166,54,0,380,380,195,86,True,564,18418
ba,100,564,3,12.0,11.28,34,324544416,51,0,555,555,172,85,True,564,18262
ba,100,564,3,12.0,11.28,35,1032013636,51,0,729,729,192,77,True,564,17974
ba,100,564,3,12.0,11.28,36,1694788207,44,0,506,506,184,92,True,564,18006
ba,100,564,3,12.0,11.28,37,799694598,53,0,391,391,181,88,True,564,18004
ba,100,564,3,12.0,11.28,38,3019589271,55,0,668,668,182,80,True,564,17222
ba,100,564,3,12.0,11.28,39,1326519261,50,0,482,482,196,93,True,564,17994
ba,200,1164,3,12.0,11.64,0,4026717352,94,0,1055,1055,367,173,True,1164,42422
ba,200,1164,3,12.0,11.64,1,3258788685,102,0,1032,1032,394,168,True,1164,41196
ba,200,1164,3,12.0,11.64,2,1542014014,109,0,881,881,426,189,True,1164,42524
ba,200,1164,3,12.0,11.64,3,1632502694,113,0,2233,2233,404,184,True,1164,43278
ba,200,1164,3,12.0,11.64,4,1834671391,105,0,1121,1121,385,185,True,1164,44498
ba,200,1164,3,12.0,11.64,5,3216767611,120,0,987,987,405,167,True,1164,41072
ba,200,1164,3,12.0,11.64,6,1938345245,105,0,1579,1579,368,158,True,1164,43304
ba,200,1164,3,12.0,11.64,7,979583171,92,0,998,998,355,182,True,1164,42488
ba,200,1164,3,12.0,11.64,8,3447650290,116,0,1793,1793,383,162,True,1164,39992
ba,200,1164,3,12.0,11.64,9,4128998060,93,0,1505,1505,407,170,True,1164,40192
ba,200,1164,3,12.0,11.64,10,978836035,108,0,1217,1217,367,173,True,1164,44644
ba,200,1164,3,12.0,11.64,11,784584251,126,0,2055,2055,415,156,True,1164,44402
ba,200,1164,3,12.0,11.64,12,319846416,107,0,1445,1445,398,185,True,1164,42582
ba,200,1164,3,12.0,11.64,13,985215460,100,0,1574,1574,413,177,True,1164,44504
ba,200,1164,3,12.0,11.64,14,765968390,122,0,2423,2423,392,181,True,1164,41234
ba,200,1164,3,12.0,11.64,15,1831790700,99,0,978,978,354,172,True,1164,42244
ba,200,1164,3,12.0,11.64,16,2223935977,101,0,2006,2006,374,174,True,1164,42944
ba,200,1164,3,12.0,11.64,17,1405367769,116,0,1336,1336,394,192,True,1164,41518
ba,200,1164,3,12.0,11.64,18,3912005542,113,0,1066,1066,389,163,True,1164,41732
ba,200,1164,3,12.0,11.64,19,1223650163,113,0,1157,1157,366,163,True,1164,43380
ba,200,1164,3,12.0,11.64,20,2795682131,100,0,1206,1206,378,185,True,1164,40908
ba,200,1164,3,12.0,11.64,21,2968657375,122,0,996,996,392,174,True,1164,43552
ba,200,1164,3,12.0,11.64,22,3588110162,112,0,1517,1517,389,168,True,1164,40868
ba,200,1164,3,12.0,11.64,23,609527677,105,0,1220,1220,369,179,True,1164,40348
ba,200,1164,3,12.0,11.64,24,3287086410,110,0,1337,1337,393,183,True,1164,41778
ba,200,1164,3,12.0,11.64,25,3600962423,94,0,871,871,354,183,True,1164,42784
ba,200,1164,3,12.0,11.64,26,2506641980,109,0,1308,1308,390,179,True,1164,43602
ba,200,1164,3,12.0,11.64,27,3555653412,100,0,1244,1244,390,183,True,1164,43342
ba,200,1164,3,12.0,11.64,28,1929356662,93,0,761,761,346,178,True,1164,41406
ba,200,1164,3,12.0,11.64,29,3292090925,106,0,1409,1409,405,167,True,1164,41314
ba,200,1164,3,12.0,11.64,30,3087009324,109,0,764,764,399,169,True,1164,40530
ba,200,1164,3,12.0,11.64,31,2397298786,114,0,1492,1492,387,168,True,1164,42620
ba,200,1164,3,12.0,11.64,32,1754399658,109,0,1456,1456,377,177,True,1164,42946
ba,200,1164,3,12.0,11.64,33,3686176476,111,0,1310,1310,398,179,True,1164,41770
ba,200,1164,3,12.0,11.64,34,2346355415,99,0,967,967,402,189,True,1164,41520
ba,200,1164,3,12.0,11.64,35,632602665,112,0,1613,1613,393,156,True,1164,41788
ba,200,1164,3,12.0,11.64,36,824722429,92,0,825,825,372,174,True,1164,42250
ba,200,1164,3,12.0,11.64,37,3111234302,96,0,1617,1617,371,169,True,1164,41456
ba,200,1164,3,12.0,11.64,38,2842876781,117,0,1850,1850,400,161,True,1164,43722
ba,200,1164,3,12.0,11.64,39,4192758320,123,0,1341,1341,394,162,True,1164,42922
ba,400,2364,3,12.0,11.82,0,2675439606,236,0,3858,3858,793,353,True,2364,100772
ba,400,2364,3,12.0,11.82,1,1619661777,216,0,2460,2460,794,343,True,2364,96302
ba,400,2364,3,12.0,11.82,2,3018156193,214,0,2112,2112,818,355,True,2364,98094
ba,400,2364,3,12.0,11.82,3,2077255324,220,0,4039,4039,772,357,True,2364,94920
ba,400,2364,3,12.0,11.82,4,3015004844,198,0,3302,3302,794,373,True,2364,96478
ba,400,2364,3,12.0,11.82,5,36221076,240,0,2698,2698,843,353,True,2364,99466
ba,400,2364,3,12.0,11.82,6,1845076607,209,0,2558,2558,800,352,True,2364,93598
ba,400,2364,3,12.0,11.82,7,1997018932,205,0,2471,2471,752,361,True,2364,95990
ba,400,2364,3,12.0,11.82,8,505203685,222,0,2644,2644,783,338,True,2364,94268
ba,400,2364,3,12.0,11.82,9,3569180917,228,0,3600,3600,798,347,True,2364,99690
ba,400,2364,3,12.0,11.82,10,3162505699,199,0,4111,4111,778,366,True,2364,96286
ba,400,2364,3,12.0,11.82,11,3960741569,240,0,3619,3619,825,354,True,2364,104094
ba,400,2364,3,12.0,11.82,12,3556933990,209,0,3747,3747,770,353,True,2364,97588
ba,400,2364,3,12.0,11.82,13,2801780501,224,0,2693,2693,774,365,True,2364,97318
ba,400,2364,3,12.0,11.82,14,3551268544,213,0,2860,2860,811,371,True,2364,100418
ba,400,2364,3,12.0,11.82,15,3180416376,219,0,4168,4168,767,339,True,2364,102362
ba,400,2364,3,12.0,11.82,16,3046543580,230,0,2889,2889,798,331,True,2364,99894
ba,400,2364,3,12.0,11.82,17,3128306028,223,0,3280,3280,770,349,True,2364,92108
ba,400,2364,3,12.0,11.82,18,792926044,198,0,2932,2932,801,362,True,2364,94750
ba,400,2364,3,12.0,11.82,19,2813223301,211,0,4196,4196,796,360,True,2364,95990
ba,400,2364,3,12.0,11.82,20,4159095282,217,0,3178,3178,812,361,True,2364,98980
ba,400,2364,3,12.0,11.82,21,1296792475,241,0,4363,4363,813,345,True,2364,95514
ba,400,2364,3,12.0,11.82,22,2719632435,218,0,5105,5105,777,345,True,2364,96628
ba,400,2364,3,12.0,11.82,23,3586575723,218,0,3811,3811,831,350,True,2364,95542
ba,400,2364,3,12.0,11.82,24,1622830713,226,0,4843,4843,799,367,True,2364,103334
ba,400,2364,3,12.0,11.82,25,818600851,233,0,4450,4450,846,360,True,2364,99138
ba,400,2364,3,12.0,11.82,26,2638762960,235,0,2520,2520,775,347,True,2364,100230
ba,400,2364,3,12.0,11.82,27,1545950266,226,0,3002,3002,816,354,True,2364,96804
ba,400,2364,3,12.0,11.82,28,302112803,218,0,3003,3003,805,356,True,2364,96508
ba,400,2364,3,12.0,11.82,29,899653302,208,0,2962,2962,766,352,True,2364,95862
ba,400,2364,3,12.0,11.82,30,3136410746,233,0,4226,4226,800,352,True,2364,99590
ba,400,2364,3,12.0,11.82,31,68215133,230,0,7150,7150,822,336,True,2364,99704
ba,400,2364,3,12.0,11.82,32,2656776423,240,0,2731,2731,784,337,True,2364,96960
ba,400,2364,3,12.0,11.82,33,3362465046,228,0,2798,2798,787,378,True,2364,100054
ba,400,2364,3,12.0,11.82,34,3378444439,215,0,2534,2534,793,359,True,2364,96434
ba,400,2364,3,12.0,11.82,35,2891148233,239,0,3680,3680,792,342,True,2364,94506
ba,400,2364,3,12.0,11.82,36,4155178876,201,0,2496,2496,769,346,True,2364,92786
ba,400,2364,3,12.0,11.82,37,2954716598,230,0,2926,2926,771,342,True,2364,94378
ba,400,2364,3,12.0,11.82,38,2176925858,236,0,3428,3428,795,348,True,2364,96540
ba,400,2364,3,12.0,11.82,39,2170410216,223,0,2687,2687,831,355,True,2364,96082
ba,800,4764,3,12.0,11.91,0,937263535,440,0,11383,11383,1564,733,True,4764,218276
ba,800,4764,3,12.0,11.91,1,3259492512,480,0,9152,9152,1620,675,True,4764,211088
ba,800,4764,3,12.0,11.91,2,1025598846,417,0,9942,9942,1540,700,True,4764,223332
ba,800,4764,3,12.0,11.91,3,215640234,426,0,13936,13936,1584,694,True,4764,213872
ba,800,4764,3,12.0,11.91,4,3737873126,436,0,9486,9486,1536,693,True,4764,221444
ba,800,4764,3,12.0,11.91,5,3894683852,388,0,8083,8083,1567,731,True,4764,214326
ba,800,4764,3,12.0,11.91,6,2690537747,443,0,6517,6517,1589,713,True,4764,217800
ba,800,4764,3,12.0,11.91,7,2698820820,428,0,5612,5612,1634,706,True,4764,227124
ba,800,4764,3,12.0,11.91,8,3313278001,469,0,5228,5228,1655,710,True,4764,224438
ba,800,4764,3,12.0,11.91,9,1764677329,441,0,5781,5781,1633,700,True,4764,212390
ba,800,4764,3,12.0,11.91,10,1437053067,420,0,6547,6547,1575,715,True,4764,216844
ba,800,4764,3,12.0,11.91,11,81562645,459,0,7122,7122,1612,698,True,4764,222264
ba,800,4764,3,12.0,11.91,12,514108044,452,0,5861,5861,1604,674,True,4764,218390
ba,800,4764,3,12.0,11.91,13,1634458485,438,0,6191,6191,1607,690,True,4764,207410
ba,800,4764,3,12.0,11.91,14,568892824,483,0,10209,10209,1563,661,True,4764,229156
ba,800,4764,3,12.0,11.91,15,687710720,455,0,6301,6301,1605,700,True,4764,221350
ba,800,4764,3,12.0,11.91,16,2855598594,464,0,7791,7791,1614,669,True,4764,212546
ba,800,4764,3,12.0,11.91,17,818407465,446,0,6318,6318,1597,716,True,4764,214176
ba,800,4764,3,12.0,11.91,18,3635691615,450,0,7270,7270,1684,732,True,4764,224954
ba,800,4764,3,12.0,11.91,19,2649183416,415,0,5684,5684,1593,740,True,4764,212604
ba,800,4764,3,12.0,11.91,20,2978014048,458,0,8429,8429,1635,693,True,4764,216632
ba,800,4764,3,12.0,11.91,21,1366321877,450,0,9595,9595,1597,708,True,4764,214438
ba,800,4764,3,12.0,11.91,22,2750185041,457,0,6215,6215,1577,666,True,4764,226616
ba,800,4764,3,12.0,11.91,23,2909606924,485,0,8782,8782,1582,695,True,4764,221054
ba,800,4764,3,12.0,11.91,24,2105608182,429,0,7725,7725,1596,717,True,4764,216554
ba,800,4764,3,12.0,11.91,25,249268694,465,0,5778,5778,1617,716,True,4764,211272
ba,800,4764,3,12.0,11.91,26,2677590228,436,0,7624,7624,1584,725,True,4764,212934
ba,800,4764,3,12.0,11.91,27,1271992506,412,0,5384,5384,1583,760,True,4764,213996
ba,800,4764,3,12.0,11.91,28,3655840337,464,0,7298,7298,1641,727,True,4764,214990
ba,800,4764,3,12.0,11.91,29,4160629115,460,0,12511,12511,1620,677,True,4764,217370
ba,800,4764,3,12.0,11.91,30,1685621703,428,0,6246,6246,1592,711,True,4764,212198
ba,800,4764,3,12.0,11.91,31,2554541530,446,0,8580,8580,1598,726,True,4764,217316
ba,800,4764,3,12.0,11.91,32,1880050687,491,0,10192,10192,1648,684,True,4764,229806
ba,800,4764,3,12.0,11.91,33,579635973,405,0,6422,6422,1563,724,True,4764,219526
ba,800,4764,3,12.0,11.91,34,1231391664,467,0,5673,5673,1652,732,True,4764,215716
ba,800,4764,3,12.0,11.91,35,861841003,447,0,8501,8501,1601,692,True,4764,212244
ba,800,4764,3,12.0,11.91,36,438178963,456,0,8107,8107,1596,693,True,4764,215652
ba,800,4764,3,12.0,11.91,37,2186418597,426,0,7718,7718,1582,697,True,4764,217988
ba,800,4764,3,12.0,11.91,38,1214016075,443,0,7347,7347,1596,712,True,4764,208168
ba,800,4764,3,12.0,11.91,39,1275482671,420,0,5477,5477,1579,742,True,4764,223366
ws,100,600,3,12.0,12.0,0,1902596764,54,0,558,558,204,117,True,600,14490
ws,100,600,3,12.0,12.0,1,1142615883,40,0,362,362,183,109,True,600,14552
ws,100,600,3,12.0,12.0,2,59398908,44,0,337,337,202,112,True,600,14544
ws,100,600,3,12.0,12.0,3,236795087,49,0,459,459,203,118,True,600,14536
ws,100,600,3,12.0,12.0,4,2193396051,56,0,1015,1015,201,110,True,600,14494
ws,100,600,3,12.0,12.0,5,3863615636,48,0,502,502,192,118,True,600,14510
ws,100,600,3,12.0,12.0,6,2731286280,53,0,849,849,188,108,True,600,14528
ws,100,600,3,12.0,12.0,7,942462367,46,0,549,549,218,127,True,600,14484
ws,100,600,3,12.0,12.0,8,48221648,36,0,712,712,191,117,True,600,14508
ws,100,600,3,12.0,12.0,9,1565842370,50,0,476,476,224,113,True,600,14520
ws,100,600,3,12.0,12.0,10,1037765342,42,0,739,739,199,119,True,600,14530
ws,100,600,3,12.0,12.0,11,3347419726,40,0,278,278,208,112,True,600,14500
ws,100,600,3,12.0,12.0,12,3748463275,46,0,474,474,217,112,True,600,14536
ws,100,600,3,12.0,12.0,13,3945726115,57,0,618,618,197,109,True,600,14518
ws,100,600,3,12.0,12.0,14,2288150864,46,0,795,795,187,115,True,600,14494
ws,100,600,3,12.0,12.0,15,4216345267,51,0,586,586,193,107,True,600,14514
ws,100,600,3,12.0,12.0,16,2770033771,55,0,486,486,211,109,True,600,14502
ws,100,600,3,12.0,12.0,17,3516927196,54,0,612,612,202,113,True,600,14514
ws,100,600,3,12.0,12.0,18,3058242436,39,0,601,601,194,125,True,600,14494
ws,100,600,3,12.0,12.0,19,3856690109,53,0,685,685,206,109,True,600,14546
ws,100,600,3,12.0,12.0,20,2735439597,47,0,339,339,205,119,True,600,14498
ws,100,600,3,12.0,12.0,21,415949492,40,0,920,920,189,125,True,600,14540
ws,100,600,3,12.0,12.0,22,2369983200,44,0,597,597,203,124,True,600,14480
ws,100,600,3,12.0,12.0,23,3797618100,41,0,608,608,197,122,True,600,14522
ws,100,600,3,12.0,12.0,24,3046407441,51,0,703,703,205,113,True,600,14506
ws,100,600,3,12.0,12.0,25,2286100908,34,0,848,848,179,119,True,600,14524
ws,100,600,3,12.0,12.0,26,139766762,39,0,254,254,195,127,True,600,14490
ws,100,600,3,12.0,12.0,27,2582770648,44,0,340,340,185,119,True,600,14564
ws,100,600,3,12.0,12.0,28,1472453243,48,0,467,467,229,120,True,600,14492
ws,100,600,3,12.0,12.0,29,2316139642,44,0,398,398,200,123,True,600,14496
ws,100,600,3,12.0,12.0,30,3309062017,52,0,712,712,234,124,True,600,14546
ws,100,600,3,12.0,12.0,31,1813374734,50,0,352,352,218,127,True,600,14514
ws,100,600,3,12.0,12.0,32,1331168833,43,0,388,388,192,120,True,600,14514
ws,100,600,3,12.0,12.0,33,837677862,48,0,608,608,208,127,True,600,14486
ws,100,600,3,12.0,12.0,34,2887778883,47,0,366,366,209,121,True,600,14516
ws,100,600,3,12.0,12.0,35,3324582901,45,0,665,665,200,123,True,600,14522
ws,100,600,3,12.0,12.0,36,1600551106,50,0,247,247,234,123,True,600,14526
ws,100,600,3,12.0,12.0,37,1235365127,51,0,330,330,217,118,True,600,14504
ws,100,600,3,12.0,12.0,38,1569837492,46,0,532,532,198,118,True,600,14544
ws,100,600,3,12.0,12.0,39,1821104000,49,0,1270,1270,206,121,True,600,14512
ws,200,1200,3,12.0,12.0,0,1035598326,98,0,990,990,398,226,True,1200,29046
ws,200,1200,3,12.0,12.0,1,1307975963,83,0,1303,1303,383,241,True,1200,29046
ws,200,1200,3,12.0,12.0,2,3327916003,76,0,806,806,388,248,True,1200,29056
ws,200,1200,3,12.0,12.0,3,3318430654,68,0,1395,1395,346,229,True,1200,29002
ws,200,1200,3,12.0,12.0,4,22347436,81,0,1400,1400,392,234,True,1200,28998
ws,200,1200,3,12.0,12.0,5,2557199726,99,0,1918,1918,407,228,True,1200,28970
ws,200,1200,3,12.0,12.0,6,263568555,105,0,1701,1701,397,234,True,1200,28988
ws,200,1200,3,12.0,12.0,7,35897872,88,0,1102,1102,409,237,True,1200,29002
ws,200,1200,3,12.0,12.0,8,106783002,97,0,1384,1384,408,235,True,1200,29002
ws,200,1200,3,12.0,12.0,9,4105344078,85,0,1049,1049,395,246,True,1200,29040
ws,200,1200,3,12.0,12.0,10,4272603267,98,0,1094,1094,415,228,True,1200,29074
ws,200,1200,3,12.0,12.0,11,3591258901,94,0,987,987,415,239,True,1200,29002
ws,200,1200,3,12.0,12.0,12,512969404,95,0,1099,1099,407,230,True,1200,29016
ws,200,1200,3,12.0,12.0,13,2799217866,86,0,984,984,391,241,True,1200,29066
ws,200,1200,3,12.0,12.0,14,1599950184,96,0,1317,1317,411,235,True,1200,29010
ws,200,1200,3,12.0,12.0,15,1150169174,73,0,852,852,380,243,True,1200,29070
ws,200,1200,3,12.0,12.0,16,3922815130,88,0,1918,1918,395,239,True,1200,29010
ws,200,1200,3,12.0,12.0,17,1274864814,97,0,957,957,420,243,True,1200,29072
ws,200,1200,3,12.0,12.0,18,2232850831,85,0,796,796,395,236,True,1200,29028
ws,200,1200,3,12.0,12.0,19,3087361375,86,0,1263,1263,412,233,True,1200,29036
ws,200,1200,3,12.0,12.0,20,2803721593,86,0,1438,1438,384,236,True,1200,29002
ws,200,1200,3,12.0,12.0,21,29786254,86,0,1137,1137,390,241,True,1200,29002
ws,200,1200,3,12.0,12.0,22,3669665881,87,0,1417,1417,389,242,True,1200,29014
ws,200,1200,3,12.0,12.0,23,1212996106,85,0,1039,1039,394,237,True,1200,29038
ws,200,1200,3,12.0,12.0,24,466498823,71,0,1258,1258,393,244,True,1200,29024
ws,200,1200,3,12.0,12.0,25,4177158578,96,0,990,990,403,230,True,1200,29040
ws,200,1200,3,12.0,12.0,26,448165791,90,0,1497,1497,398,243,True,1200,29014
ws,200,1200,3,12.0,12.0,27,85053493,79,0,1136,1136,386,248,True,1200,28970
ws,200,1200,3,12.0,12.0,28,143486439,88,0,847,847,423,243,True,1200,29052
ws,200,1200,3,12.0,12.0,29,2086581480,92,0,971,971,401,240,True,1200,29028
ws,200,1200,3,12.0,12.0,30,4283490209,77,0,945,945,382,237,True,1200,29056
ws,200,1200,3,12.0,12.0,31,2970875287,90,0,1570,1570,388,239,True,1200,28998
ws,200,1200,3,12.0,12.0,32,3116395717,78,0,1223,1223,373,231,True,1200,28994
ws,200,1200,3,12.0,12.0,33,2036622384,85,0,1335,1335,387,236,True,1200,29042
ws,200,1200,3,12.0,12.0,34,2229218261,97,0,1642,1642,403,235,True,1200,29032
ws,200,1200,3,12.0,12.0,35,3026620596,94,0,1131,1131,415,242,True,1200,29000
ws,200,1200,3,12.0,12.0,36,2312523016,85,0,870,870,373,234,True,1200,29036
ws,200,1200,3,12.0,12.0,37,4017158826,99,0,1467,1467,427,239,True,1200,29018
ws,200,1200,3,12.0,12.0,38,1854174278,94,0,1301,1301,386,244,True,1200,29038
ws,200,1200,3,12.0,12.0,39,34359991,89,0,2064,2064,397,235,True,1200,29002
ws,400,2400,3,12.0,12.0,0,2965392761,176,0,3617,3617,805,481,True,2400,58022
ws,400,2400,3,12.0,12.0,1,583180621,190,0,2285,2285,830,487,True,2400,58036
ws,400,2400,3,12.0,12.0,2,238467636,210,0,3492,3492,838,467,True,2400,58082
ws,400,2400,3,12.0,12.0,3,1256658361,188,0,2890,2890,805,471,True,2400,58100
ws,400,2400,3,12.0,12.0,4,3716536876,186,0,5096,5096,809,481,True,2400,58130
ws,400,2400,3,12.0,12.0,5,1383290073,181,0,2546,2546,796,475,True,2400,58032
ws,400,2400,3,12.0,12.0,6,1301647245,187,0,1967,1967,791,461,True,2400,58088
ws,400,2400,3,12.0,12.0,7,276992012,172,0,2653,2653,792,478,True,2400,58106
ws,400,2400,3,12.0,12.0,8,3997037364,183,0,2738,2738,786,472,True,2400,58010
ws,400,2400,3,12.0,12.0,9,2711354305,166,0,3436,3436,784,479,True,2400,58080
ws,400,2400,3,12.0,12.0,10,2165699506,181,0,2525,2525,831,479,True,2400,57996
ws,400,2400,3,12.0,12.0,11,2241504111,183,0,3222,3222,801,474,True,2400,58128
ws,400,2400,3,12.0,12.0,12,3326265528,169,0,4365,4365,805,499,True,2400,58016
ws,400,2400,3,12.0,12.0,13,2297643499,201,0,2321,2321,833,453,True,2400,58078
ws,400,2400,3,12.0,12.0,14,2284068890,188,0,2286,2286,799,466,True,2400,58052
ws,400,2400,3,12.0,12.0,15,2498626863,170,0,2661,2661,764,476,True,2400,58020
ws,400,2400,3,12.0,12.0,16,3039596756,164,0,3988,3988,740,463,True,2400,58064
ws,400,2400,3,12.0,12.0,17,188238032,178,0,2954,2954,785,453,True,2400,58054
ws,400,2400,3,12.0,12.0,18,3788700413,187,0,2308,2308,820,459,True,2400,58044
ws,400,2400,3,12.0,12.0,19,799680949,172,0,5032,5032,784,474,True,2400,58080
ws,400,2400,3,12.0,12.0,20,1636371899,188,0,2462,2462,835,466,True,2400,58084
ws,400,2400,3,12.0,12.0,21,4130010776,184,0,3586,3586,779,475,True,2400,58046
ws,400,2400,3,12.0,12.0,22,98619545,201,0,2562,2562,822,474,True,2400,58094
ws,400,2400,3,12.0,12.0,23,205031205,198,0,2628,2628,823,477,True,2400,57962
ws,400,2400,3,12.0,12.0,24,871041864,160,0,2725,2725,784,479,True,2400,57976
ws,400,2400,3,12.0,12.0,25,2713312272,191,0,3731,3731,775,458,True,2400,58062
ws,400,2400,3,12.0,12.0,26,1137893304,200,0,2867,2867,800,449,True,2400,58100
ws,400,2400,3,12.0,12.0,27,1594656995,181,0,2966,2966,782,476,True,2400,58002
ws,400,2400,3,12.0,12.0,28,601198393,190,0,4260,4260,791,449,True,2400,58064
ws,400,2400,3,12.0,12.0,29,3711665538,162,0,2858,2858,755,489,True,2400,58026
ws,400,2400,3,12.0,12.0,30,127218250,182,0,2959,2959,778,456,True,2400,58084
ws,400,2400,3,12.0,12.0,31,3084875202,179,0,2950,2950,822,469,True,2400,58058
ws,400,2400,3,12.0,12.0,32,2172234075,184,0,3330,3330,805,465,True,2400,58006
ws,400,2400,3,12.0,12.0,33,4172234306,176,0,3134,3134,754,476,True,2400,58010
ws,400,2400,3,12.0,12.0,34,1669343385,180,0,2398,2398,797,479,True,2400,58038
ws,400,2400,3,12.0,12.0,35,3417905873,187,0,4169,4169,773,447,True,2400,58012
ws,400,2400,3,12.0,12.0,36,219536389,180,0,3014,3014,794,459,True,2400,58058
ws,400,2400,3,12.0,12.0,37,607780542,171,0,2201,2201,776,476,True,2400,58076
ws,400,2400,3,12.0,12.0,38,1625278392,183,0,2743,2743,821,479,True,2400,58006
ws,400,2400,3,12.0,12.0,39,2945020764,179,0,2095,2095,798,466,True,2400,58032
ws,800,4800,3,12.0,12.0,0,2671999525,347,0,11090,11090,1561,918,True,4800,116156
ws,800,4800,3,12.0,12.0,1,1478589061,362,0,6960,6960,1579,965,True,4800,116046
ws,800,4800,3,12.0,12.0,2,1174479010,336,0,8111,8111,1544,946,True,4800,116190
ws,800,4800,3,12.0,12.0,3,13762759,361,0,8194,8194,1662,973,True,4800,116082
ws,800,4800,3,12.0,12.0,4,1101050602,372,0,5205,5205,1577,945,True,4800,116070
ws,800,4800,3,12.0,12.0,5,4154893731,375,0,8168,8168,1586,926,True,4800,116276
ws,800,4800,3,12.0,12.0,6,971919575,353,0,5317,5317,1591,939,True,4800,116122
ws,800,4800,3,12.0,12.0,7,1601895926,352,0,8179,8179,1598,968,True,4800,116042
ws,800,4800,3,12.0,12.0,8,683660231,362,0,8041,8041,1581,953,True,4800,115980
ws,800,4800,3,12.0,12.0,9,2226060197,377,0,6309,6309,1631,941,True,4800,116194
ws,800,4800,3,12.0,12.0,10,317944819,374,0,8312,8312,1607,938,True,4800,116134
ws,800,4800,3,12.0,12.0,11,930137244,388,0,7410,7410,1616,926,True,4800,116200
ws,800,4800,3,12.0,12.0,12,3706478199,370,0,6471,6471,1626,936,True,4800,116154
ws,800,4800,3,12.0,12.0,13,650334186,342,0,6494,6494,1566,946,True,4800,116148
ws,800,4800,3,12.0,12.0,14,1444200769,380,0,9291,9291,1602,942,True,4800,116078
ws,800,4800,3,12.0,12.0,15,964687217,375,0,5535,5535,1592,945,True,4800,116128
ws,800,4800,3,12.0,12.0,16,951034740,351,0,7130,7130,1585,934,True,4800,116114
ws,800,4800,3,12.0,12.0,17,79754441,344,0,4871,4871,1592,957,True,4800,116114
ws,800,4800,3,12.0,12.0,18,1115413821,339,0,7297,7297,1571,954,True,4800,116090
ws,800,4800,3,12.0,12.0,19,3191592531,330,0,5036,5036,1553,929,True,4800,116092
ws,800,4800,3,12.0,12.0,20,3741820266,352,0,6566,6566,1566,942,True,4800,116100
ws,800,4800,3,12.0,12.0,21,2810448453,378,0,5714,5714,1599,935,True,4800,116136
ws,800,4800,3,12.0,12.0,22,3734300268,371,0,6317,6317,1638,932,True,4800,116090
ws,800,4800,3,12.0,12.0,23,1087182960,381,0,7907,7907,1614,923,True,4800,116082
ws,800,4800,3,12.0,12.0,24,2084662195,358,0,6514,6514,1615,935,True,4800,116122
ws,800,4800,3,12.0,12.0,25,384345426,388,0,13433,13433,1607,922,True,4800,116120
ws,800,4800,3,12.0,12.0,26,922298688,361,0,6649,6649,1597,947,True,4800,116164
ws,800,4800,3,12.0,12.0,27,1875696138,360,0,6977,6977,1592,936,True,4800,116116
ws,800,4800,3,12.0,12.0,28,886063493,361,0,5879,5879,1574,951,True,4800,116098
ws,800,4800,3,12.0,12.0,29,3238723971,380,0,8163,8163,1648,949,True,4800,116164
ws,800,4800,3,12.0,12.0,30,2705790783,376,0,8531,8531,1613,935,True,4800,116148
ws,800,4800,3,12.0,12.0,31,1796192009,370,0,6446,6446,1610,960,True,4800,116116
ws,800,4800,3,12.0,12.0,32,3776866930,371,0,6103,6103,1634,964,True,4800,116004
ws,800,4800,3,12.0,12.0,33,575924357,376,0,10295,10295,1636,914,True,4800,116146
ws,800,4800,3,12.0,12.0,34,596121136,384,0,5973,5973,1601,950,True,4800,116056
ws,800,4800,3,12.0,12.0,35,835896955,364,0,4927,4927,1588,938,True,4800,116112
ws,800,4800,3,12.0,12.0,36,4117425099,383,0,6790,6790,1605,906,True,4800,116132
ws,800,4800,3,12.0,12.0,37,2832415547,344,0,4724,4724,1565,951,True,4800,116068
ws,800,4800,3,12.0,12.0,38,2763971230,363,0,4561,4561,1616,956,True,4800,116096
ws,800,4800,3,12.0,12.0,39,1176214135,396,0,7035,7035,1676,937,True,4800,116134
er,100,765,3,16.0,15.3,0,2103930330,49,0,356,356,246,144,True,765,24502
er,100,805,3,16.0,16.1,1,3377854686,54,0,435,435,254,148,True,805,27010
er,100,799,3,16.0,15.98,2,2470190978,56,0,721,721,248,140,True,799,27018
er,100,813,3,16.0,16.26,3,378326678,63,0,667,667,263,128,True,813,27670
er,100,823,3,16.0,16.46,4,1701444972,48,0,462,462,262,144,True,823,28542
er,100,809,3,16.0,16.18,5,4036501334,64,0,623,623,259,135,True,809,27446
er,100,803,3,16.0,16.06,6,63519861,53,0,520,520,243,132,True,803,27390
er,100,799,3,16.0,15.98,7,1016893182,72,0,936,936,269,138,True,799,26748
er,100,742,3,16.0,14.84,8,2037296715,57,0,537,537,259,127,True,742,23070
er,100,794,3,16.0,15.88,9,4252434857,60,0,393,393,259,136,True,794,26392
er,100,771,3,16.0,15.42,10,1694940165,68,0,731,731,258,126,True,771,25198
er,100,777,3,16.0,15.54,11,254814817,56,0,820,820,248,137,True,777,25252
er,100,773,3,16.0,15.46,12,464786890,61,0,543,543,248,129,True,773,25130
er,100,795,3,16.0,15.9,13,2297276825,65,0,466,466,280,131,True,795,26272
er,100,775,3,16.0,15.5,14,3453354156,66,0,844,844,256,121,True,775,25176
er,100,779,3,16.0,15.58,15,3372641795,58,0,488,488,268,131,True,779,25652
er,100,802,3,16.0,16.04,16,2400536073,56,0,649,649,271,146,True,802,26828
er,100,770,3,16.0,15.4,17,2084526603,43,0,568,568,261,134,True,770,25070
er,100,781,3,16.0,15.62,18,546695030,64,0,799,799,265,126,True,781,25656
er,100,752,3,16.0,15.04,19,219197483,63,0,1412,1412,253,121,True,752,24016
er,100,787,3,16.0,15.74,20,2930153232,37,0,571,571,230,141,True,787,26086
er,100,833,3,16.0,16.66,21,1900610687,40,0,534,534,258,148,True,833,29262
er,100,783,3,16.0,15.66,22,2541245117,59,0,871,871,243,126,True,783,25724
er,100,809,3,16.0,16.18,23,1139936811,59,0,849,849,281,140,True,809,27434
er,100,787,3,16.0,15.74,24,1333074458,70,0,1443,1443,260,126,True,787,26590
er,100,800,3,16.0,16.0,25,1945611106,68,0,1064,1064,269,134,True,800,27076
er,100,822,3,16.0,16.44,26,1830625387,56,0,500,500,287,144,True,822,28520
er,100,788,3,16.0,15.76,27,663547183,58,0,663,663,257,132,True,788,26040
er,100,789,3,16.0,15.78,28,267789846,63,0,983,983,278,131,True,789,26510
er,100,834,3,16.0,16.68,29,584110893,54,0,446,446,271,139,True,834,29196
er,100,838,3,16.0,16.76,30,798811175,63,0,1005,1005,290,152,True,838,29352
er,100,784,3,16.0,15.68,31,1865777300,60,0,729,729,268,138,True,784,25776
er,100,808,3,16.0,16.16,32,847986565,64,0,1134,1134,263,138,True,808,27562
er,100,837,3,16.0,16.74,33,324823757,48,0,460,460,267,156,True,837,29338
er,100,744,3,16.0,14.88,34,3287110256,51,0,467,467,245,118,True,744,23210
er,100,805,3,16.0,16.1,35,3208370351,65,0,849,849,259,121,True,805,27344
er,100,833,3,16.0,16.66,36,2388615971,77,0,1220,1220,303,142,True,833,28836
er,100,781,3,16.0,15.62,37,2172866584,62,0,552,552,259,120,True,781,25762
er,100,840,3,16.0,16.8,38,1224027894,55,0,511,511,265,148,True,840,29714
er,100,829,3,16.0,16.58,39,2329978193,69,0,826,826,270,138,True,829,28730
er,200,1568,3,16.0,15.68,0,2170199048,116,0,2309,2309,534,261,True,1568,52066
er,200,1610,3,16.0,16.1,1,2606749704,128,0,1120,1120,562,251,True,1610,54750
er,200,1606,3,16.0,16.06,2,1450592874,108,0,1508,1508,530,257,True,1606,54156
er,200,1583,3,16.0,15.83,3,2983260868,143,0,2384,2384,522,242,True,1583,53314
er,200,1574,3,16.0,15.74,4,3508122832,122,0,1147,1147,548,266,True,1574,52258
er,200,1514,3,16.0,15.14,5,1267552297,111,0,1324,1324,488,239,True,1514,48518
er,200,1652,3,16.0,16.52,6,2875471173,127,0,1486,1486,549,256,True,1652,57914
er,200,1563,3,16.0,15.63,7,4184028247,124,0,2364,2364,523,247,True,1563,51644
er,200,1626,3,16.0,16.26,8,625871783,135,0,2477,2477,569,250,True,1626,55892
er,200,1591,3,16.0,15.91,9,2983450443,99,0,1118,1118,510,262,True,1591,53956
er,200,1632,3,16.0,16.32,10,99760205,118,0,1964,1964,568,258,True,1632,55968
er,200,1598,3,16.0,15.98,11,714073794,125,0,1387,1387,541,259,True,1598,54680
er,200,1655,3,16.0,16.55,12,2061375170,125,0,2643,2643,565,270,True,1655,57984
er,200,1596,3,16.0,15.96,13,1780914256,132,0,1407,1407,550,246,True,1596,53840
er,200,1684,3,16.0,16.84,14,1564633494,128,0,904,904,610,280,True,1684,60102
er,200,1530,3,16.0,15.3,15,2007937247,97,0,1665,1665,471,265,True,1530,49566
er,200,1619,3,16.0,16.19,16,2817275130,131,0,1843,1843,570,276,True,1619,55710
er,200,1597,3,16.0,15.97,17,841566623,127,0,1506,1506,571,251,True,1597,53756
er,200,1647,3,16.0,16.47,18,3779188874,97,0,1238,1238,537,288,True,1647,57120
er,200,1636,3,16.0,16.36,19,127806921,125,0,1448,1448,549,275,True,1636,56810
er,200,1635,3,16.0,16.35,20,4218634335,132,0,2105,2105,542,256,True,1635,56496
er,200,1548,3,16.0,15.48,21,3459042988,109,0,1030,1030,537,249,True,1548,51180
er,200,1569,3,16.0,15.69,22,3747140329,118,0,2077,2077,497,252,True,1569,52340
er,200,1609,3,16.0,16.09,23,114797218,101,0,1529,1529,528,286,True,1609,54406
er,200,1587,3,16.0,15.87,24,2639483148,118,0,2011,2011,521,255,True,1587,53068
er,200,1586,3,16.0,15.86,25,2001403011,111,0,1493,1493,492,260,True,1586,53140
er,200,1614,3,16.0,16.14,26,1005134513,118,0,1550,1550,527,257,True,1614,54954
er,200,1620,3,16.0,16.2,27,1041879186,120,0,1094,1094,556,279,True,1620,55404
er,200,1578,3,16.0,15.78,28,3119186813,127,0,1535,1535,534,245,True,1578,53150
er,200,1637,3,16.0,16.37,29,347993860,141,0,2560,2560,530,258,True,1637,56526
er,200,1549,3,16.0,15.49,30,1238910303,110,0,1433,1433,504,258,True,1549,50320
er,200,1625,3,16.0,16.25,31,2372699449,121,0,2591,2591,523,263,True,1625,55486
er,200,1595,3,16.0,15.95,32,711220048,137,0,1756,1756,542,250,True,1595,53868
er,200,1619,3,16.0,16.19,33,1431949948,122,0,1148,1148,555,283,True,1619,55396
er,200,1640,3,16.0,16.4,34,1797756870,123,0,2062,2062,565,271,True,1640,56414
er,200,1612,3,16.0,16.12,35,3307887132,123,0,1222,1222,535,264,True,1612,54554
er,200,1570,3,16.0,15.7,36,2994870944,132,0,1904,1904,554,254,True,1570,51742
er,200,1633,3,16.0,16.33,37,1873846319,119,0,1532,1532,525,263,True,1633,55764
er,200,1607,3,16.0,16.07,38,174753237,125,0,2001,2001,525,258,True,1607,54262
er,200,1590,3,16.0,15.9,39,914283411,131,0,1851,1851,529,244,True,1590,53920
er,400,3126,3,16.0,15.63,0,3911596711,228,0,3938,3938,1027,479,True,3126,103702
er,400,3129,3,16.0,15.645,1,4281394827,246,0,6096,6096,1054,503,True,3129,103232
er,400,3173,3,16.0,15.865,2,4012711017,264,0,4063,4063,1083,527,True,3173,106178
er,400,3262,3,16.0,16.31,3,2662308636,238,0,4457,4457,1063,533,True,3262,112290
er,400,3236,3,16.0,16.18,4,2808870315,235,0,2978,2978,1094,566,True,3236,111280
er,400,3261,3,16.0,16.305,5,2338470789,227,0,4266,4266,1067,545,True,3261,112920
er,400,3282,3,16.0,16.41,6,3178969821,245,0,5159,5159,1074,538,True,3282,113994
er,400,3114,3,16.0,15.57,7,72146361,219,0,4547,4547,1010,506,True,3114,103334
er,400,3169,3,16.0,15.845,8,2791020578,245,0,4467,4467,1092,498,True,3169,106090
er,400,3151,3,16.0,15.755,9,25600462,236,0,3834,3834,1024,506,True,3151,105230
er,400,3269,3,16.0,16.345,10,3468667900,241,0,3283,3283,1108,543,True,3269,112654
er,400,3300,3,16.0,16.5,11,828852370,238,0,6139,6139,1094,533,True,3300,115374
er,400,3203,3,16.0,16.015,12,4008550864,225,0,2398,2398,1066,518,True,3203,109372
er,400,3157,3,16.0,15.785,13,1409178356,242,0,3576,3576,1092,522,True,3157,105738
er,400,3358,3,16.0,16.79,14,3724927510,241,0,6686,6686,1110,576,True,3358,118890
er,400,3158,3,16.0,15.79,15,700128971,264,0,4291,4291,1056,479,True,3158,105678
er,400,3279,3,16.0,16.395,16,2714671135,251,0,7323,7323,1103,520,True,3279,113696
er,400,3160,3,16.0,15.8,17,1684686448,235,0,3362,3362,1040,517,True,3160,106080
er,400,3304,3,16.0,16.52,18,514798747,256,0,2838,2838,1128,532,True,3304,115052
er,400,3122,3,16.0,15.61,19,3788416860,245,0,3345,3345,1074,513,True,3122,103264
er,400,3176,3,16.0,15.88,20,3613257250,235,0,3530,3530,1084,524,True,3176,107092
er,400,3167,3,16.0,15.835,21,2295309311,253,0,3790,3790,1090,469,True,3167,107030
er,400,3204,3,16.0,16.02,22,633138462,269,0,5111,5111,1102,489,True,3204,108630
er,400,3146,3,16.0,15.73,23,1799554213,246,0,3296,3296,1018,494,True,3146,105402
er,400,3289,3,16.0,16.445,24,3904718174,230,0,4385,4385,1095,534,True,3289,115336
er,400,3276,3,16.0,16.38,25,2717773117,230,0,5103,5103,1071,544,True,3276,114030
er,400,3253,3,16.0,16.265,26,3292003536,240,0,2751,2751,1093,538,True,3253,112064
er,400,3200,3,16.0,16.0,27,400722090,244,0,6209,6209,1098,534,True,3200,108798
er,400,3182,3,16.0,15.91,28,2915387399,257,0,6097,6097,1045,509,True,3182,107716
er,400,3222,3,16.0,16.11,29,1595488791,240,0,3086,3086,1067,542,True,3222,109590
er,400,3252,3,16.0,16.26,30,2647159107,247,0,2930,2930,1096,525,True,3252,112134
er,400,3146,3,16.0,15.73,31,1349808224,251,0,2796,2796,1075,498,True,3146,104922
er,400,3215,3,16.0,16.075,32,2366048736,224,0,3623,3623,1084,527,True,3215,109742
er,400,3144,3,16.0,15.72,33,1592507471,241,0,4429,4429,1086,512,True,3144,104422
er,400,3281,3,16.0,16.405,34,1570934688,242,0,3334,3334,1113,538,True,3281,114174
er,400,3159,3,16.0,15.795,35,3335257425,256,0,3489,3489,1061,495,True,3159,106208
er,400,3298,3,16.0,16.49,36,2947621991,227,0,2930,2930,1091,548,True,3298,115406
er,400,3248,3,16.0,16.24,37,1817711434,250,0,3734,3734,1070,526,True,3248,111532
er,400,3188,3,16.0,15.94,38,1164480386,246,0,3505,3505,1085,513,True,3188,107556
er,400,3166,3,16.0,15.83,39,220754109,222,0,2453,2453,1035,506,True,3166,106668
er,800,6435,3,16.0,16.0875,0,2980344412,487,0,13017,13017,2119,1020,True,6435,219994
er,800,6343,3,16.0,15.8575,1,1076474043,462,0,6524,6524,2123,1040,True,6343,213566
er,800,6352,3,16.0,15.88,2,3386070294,516,0,8911,8911,2146,994,True,6352,213496
er,800,6352,3,16.0,15.88,3,4251321052,496,0,7800,7800,2137,1037,True,6352,214240
er,800,6405,3,16.0,16.0125,4,3937201851,480,0,6949,6949,2145,1069,True,6405,217034
er,800,6392,3,16.0,15.98,5,3089492963,498,0,13417,13417,2135,1021,True,6392,216474
er,800,6490,3,16.0,16.225,6,3786327081,503,0,10461,10461,2118,1018,True,6490,223870
er,800,6423,3,16.0,16.0575,7,1768787343,512,0,11052,11052,2174,1008,True,6423,218726
er,800,6371,3,16.0,15.9275,8,1056646181,491,0,9724,9724,2130,1015,True,6371,214966
er,800,6447,3,16.0,16.1175,9,2826834623,437,0,10078,10078,2123,1051,True,6447,219834
er,800,6418,3,16.0,16.045,10,1440714565,480,0,9836,9836,2138,1042,True,6418,218242
er,800,6421,3,16.0,16.0525,11,401639002,462,0,6939,6939,2184,1034,True,6421,218618
er,800,6505,3,16.0,16.2625,12,767168548,463,0,10190,10190,2166,1051,True,6505,224972
er,800,6438,3,16.0,16.095,13,2630498105,470,0,6839,6839,2135,1045,True,6438,219672
er,800,6289,3,16.0,15.7225,14,3602546249,417,0,6020,6020,2034,1028,True,6289,208918
er,800,6280,3,16.0,15.7,15,2488804280,455,0,10057,10057,2032,981,True,6280,209582
er,800,6337,3,16.0,15.8425,16,2401756214,488,0,7023,7023,2138,1044,True,6337,212452
er,800,6277,3,16.0,15.6925,17,720843540,483,0,8865,8865,2101,1012,True,6277,209254
er,800,6486,3,16.0,16.215,18,1522340417,503,0,8497,8497,2213,1052,True,6486,222354
er,800,6268,3,16.0,15.67,19,769063156,490,0,8489,8489,2139,1008,True,6268,208706
er,800,6486,3,16.0,16.215,20,3224869488,503,0,10868,10868,2171,1029,True,6486,222236
er,800,6416,3,16.0,16.04,21,3015667664,502,0,10705,10705,2226,1049,True,6416,218444
er,800,6342,3,16.0,15.855,22,80816579,463,0,12143,12143,2098,1015,True,6342,213118
er,800,6537,3,16.0,16.3425,23,2548951930,515,0,14724,14724,2189,1057,True,6537,226142
er,800,6364,3,16.0,15.91,24,2570743742,486,0,11816,11816,2139,1031,True,6364,214306
er,800,6486,3,16.0,16.215,25,444500281,500,0,7533,7533,2141,1051,True,6486,222510
er,800,6220,3,16.0,15.55,26,3902575603,470,0,5681,5681,2100,980,True,6220,205264
er,800,6442,3,16.0,16.105,27,1306061952,465,0,8074,8074,2136,1029,True,6442,220630
er,800,6533,3,16.0,16.3325,28,1142889044,478,0,10869,10869,2177,1058,True,6533,226698
er,800,6381,3,16.0,15.9525,29,499917050,486,0,9488,9488,2087,1038,True,6381,215438
er,800,6475,3,16.0,16.1875,30,1371757633,497,0,11649,11649,2164,1047,True,6475,223030
er,800,6394,3,16.0,15.985,31,3444004212,494,0,11422,11422,2156,1018,True,6394,215110
er,800,6411,3,16.0,16.0275,32,1997705108,536,0,18003,18003,2189,1024,True,6411,217932
er,800,6411,3,16.0,16.0275,33,291696510,513,0,16881,16881,2158,1017,True,6411,218148
er,800,6489,3,16.0,16.2225,34,4075341283,433,0,10094,10094,2109,1054,True,6489,223060
er,800,6405,3,16.0,16.0125,35,1036871566,513,0,10910,10910,2136,1003,True,6405,218400
er,800,6262,3,16.0,15.655,36,2559649366,506,0,7538,7538,2071,983,True,6262,208410
er,800,6371,3,16.0,15.9275,37,467038804,474,0,7315,7315,2064,1023,True,6371,215204
er,800,6387,3,16.0,15.9675,38,1565102708,530,0,22575,22575,2126,1001,True,6387,215560
er,800,6346,3,16.0,15.865,39,2980451948,447,0,6496,6496,2083,1023,True,6346,213410
ba,100,736,3,16.0,14.72,0,3022125391,55,0,821,821,256,131,True,736,29104
ba,100,736,3,16.0,14.72,1,4103225218,45,0,461,461,247,142,True,736,28680
ba,100,736,3,16.0,14.72,2,3004272428,65,0,540,540,261,125,True,736,28018
ba,100,736,3,16.0,14.72,3,831166349,59,0,822,822,243,121,True,736,29032
ba,100,736,3,16.0,14.72,4,654045801,55,0,613,613,244,143,True,736,28746
ba,100,736,3,16.0,14.72,5,3597945991,55,0,503,503,252,133,True,736,29074
ba,100,736,3,16.0,14.72,6,4076805984,54,0,398,398,243,129,True,736,28150
ba,100,736,3,16.0,14.72,7,407805026,60,0,868,868,230,118,True,736,28824
ba,100,736,3,16.0,14.72,8,2322054503,65,0,860,860,255,130,True,736,28610
ba,100,736,3,16.0,14.72,9,3655633909,47,0,311,311,222,124,True,736,28076
ba,100,736,3,16.0,14.72,10,1498541405,54,0,875,875,233,129,True,736,29204
ba,100,736,3,16.0,14.72,11,1409882629,64,0,933,933,257,115,True,736,27572
ba,100,736,3,16.0,14.72,12,557687968,56,0,288,288,259,132,True,736,28916
ba,100,736,3,16.0,14.72,13,1892909696,52,0,525,525,232,131,True,736,28212
ba,100,736,3,16.0,14.72,14,1157550265,48,0,515,515,235,130,True,736,28446
ba,100,736,3,16.0,14.72,15,3374009181,51,0,655,655,228,129,True,736,28954
ba,100,736,3,16.0,14.72,16,1437413484,66,0,849,849,230,122,True,736,29056
ba,100,736,3,16.0,14.72,17,84658056,57,0,445,445,253,123,True,736,27844
ba,100,736,3,16.0,14.72,18,97847763,62,0,713,713,257,121,True,736,30298
ba,100,736,3,16.0,14.72,19,800658269,61,0,1009,1009,239,125,True,736,27832
ba,100,736,3,16.0,14.72,20,1999548117,52,0,543,543,241,121,True,736,28204
ba,100,736,3,16.0,14.72,21,4111665512,60,0,434,434,246,127,True,736,28970
ba,100,736,3,16.0,14.72,22,1575736027,51,0,879,879,245,129,True,736,28174
ba,100,736,3,16.0,14.72,23,2881065350,45,0,402,402,245,130,True,736,29340
ba,100,736,3,16.0,14.72,24,265874818,63,0,714,714,262,126,True,736,28812
ba,100,736,3,16.0,14.72,25,1013162993,62,0,1728,1728,243,120,True,736,27832
ba,100,736,3,16.0,14.72,26,1555315175,50,0,245,245,243,126,True,736,28542
ba,100,736,3,16.0,14.72,27,4175634405,67,0,808,808,274,120,True,736,28000
ba,100,736,3,16.0,14.72,28,1870763418,46,0,605,605,226,128,True,736,28620
ba,100,736,3,16.0,14.72,29,3311141932,50,0,438,438,224,136,True,736,29384
ba,100,736,3,16.0,14.72,30,808799217,53,0,368,368,234,129,True,736,29964
ba,100,736,3,16.0,14.72,31,3039627435,72,0,610,610,272,117,True,736,29100
ba,100,736,3,16.0,14.72,32,2115911614,48,0,450,450,238,137,True,736,27848
ba,100,736,3,16.0,14.72,33,980064476,56,0,317,317,259,138,True,736,29188
ba,100,736,3,16.0,14.72,34,879168471,51,0,563,563,222,126,True,736,28882
ba,100,736,3,16.0,14.72,35,2081029354,61,0,850,850,256,125,True,736,28538
ba,100,736,3,16.0,14.72,36,3767378370,58,0,728,728,224,121,True,736,28976
ba,100,736,3,16.0,14.72,37,3205549884,56,0,585,585,244,133,True,736,29044
ba,100,736,3,16.0,14.72,38,447469383,57,0,672,672,247,128,True,736,29294
ba,100,736,3,16.0,14.72,39,2725256764,62,0,669,669,253,128,True,736,28258
ba,200,1536,3,16.0,15.36,0,1339877855,126,0,1118,1118,522,261,True,1536,68196
ba,200,1536,3,16.0,15.36,1,2414028135,120,0,2534,2534,485,249,True,1536,69616
ba,200,1536,3,16.0,15.36,2,503312825,135,0,2210,2210,494,245,True,1536,68278
ba,200,1536,3,16.0,15.36,3,3065373696,104,0,1668,1668,479,264,True,1536,69524
ba,200,1536,3,16.0,15.36,4,2867856062,119,0,1222,1222,504,261,True,1536,69394
ba,200,1536,3,16.0,15.36,5,1237391428,135,0,2110,2110,527,252,True,1536,66690
ba,200,1536,3,16.0,15.36,6,142645440,106,0,1356,1356,465,274,True,1536,67964
ba,200,1536,3,16.0,15.36,7,3123098429,96,0,1545,1545,476,274,True,1536,69452
ba,200,1536,3,16.0,15.36,8,593089217,113,0,1174,1174,515,268,True,1536,68744
ba,200,1536,3,16.0,15.36,9,1150660923,107,0,1195,1195,514,270,True,1536,68102
ba,200,1536,3,16.0,15.36,10,4042331184,108,0,1486,1486,522,267,True,1536,68066
ba,200,1536,3,16.0,15.36,11,116320354,120,0,1335,1335,531,268,True,1536,71008
ba,200,1536,3,16.0,15.36,12,312681596,105,0,1272,1272,532,273,True,1536,66932
ba,200,1536,3,16.0,15.36,13,1604307102,105,0,763,763,502,246,True,1536,72536
ba,200,1536,3,16.0,15.36,14,865515875,114,0,1042,1042,515,266,True,1536,67734
ba,200,1536,3,16.0,15.36,15,400959284,115,0,1190,1190,486,260,True,1536,71422
ba,200,1536,3,16.0,15.36,16,2437966247,120,0,1612,1612,522,249,True,1536,68940
ba,200,1536,3,16.0,15.36,17,2903779045,120,0,1084,1084,498,268,True,1536,70276
ba,200,1536,3,16.0,15.36,18,1639101384,135,0,1928,1928,516,237,True,1536,66968
ba,200,1536,3,16.0,15.36,19,963834306,119,0,2272,2272,486,263,True,1536,73288
ba,200,1536,3,16.0,15.36,20,478005888,110,0,1231,1231,518,270,True,1536,68320
ba,200,1536,3,16.0,15.36,21,802812623,115,0,944,944,534,263,True,1536,74246
ba,200,1536,3,16.0,15.36,22,3473843502,108,0,1223,1223,495,264,True,1536,68394
ba,200,1536,3,16.0,15.36,23,4181313277,122,0,1125,1125,524,249,True,1536,66504
ba,200,1536,3,16.0,15.36,24,3851373617,94,0,1110,1110,499,274,True,1536,70768
ba,200,1536,3,16.0,15.36,25,606989203,120,0,1722,1722,506,266,True,1536,69946
ba,200,1536,3,16.0,15.36,26,1209311245,117,0,2952,2952,503,267,True,1536,69060
ba,200,1536,3,16.0,15.36,27,3844524780,111,0,1246,1246,511,264,True,1536,68600
ba,200,1536,3,16.0,15.36,28,3360858599,115,0,742,742,529,264,True,1536,67564
ba,200,1536,3,16.0,15.36,29,3761248792,110,0,2748,2748,524,270,True,1536,68912
ba,200,1536,3,16.0,15.36,30,1745989633,126,0,1112,1112,521,253,True,1536,70668
ba,200,1536,3,16.0,15.36,31,2787816096,143,0,1628,1628,523,263,True,1536,70576
ba,200,1536,3,16.0,15.36,32,1079220662,123,0,1360,1360,519,266,True,1536,66778
ba,200,1536,3,16.0,15.36,33,2723807680,137,0,1605,1605,542,266,True,1536,71558
ba,200,1536,3,16.0,15.36,34,1562452897,115,0,1843,1843,511,260,True,1536,69554
ba,200,1536,3,16.0,15.36,35,1401971240,103,0,2786,2786,476,254,True,1536,67218
ba,200,1536,3,16.0,15.36,36,3342519890,113,0,2498,2498,490,266,True,1536,71688
ba,200,1536,3,16.0,15.36,37,2029306308,108,0,1453,1453,508,272,True,1536,69704
ba,200,1536,3,16.0,15.36,38,2674360111,109,0,1055,1055,475,271,True,1536,69230
ba,200,1536,3,16.0,15.36,39,1565631645,92,0,1134,1134,498,263,True,1536,70816
ba,400,3136,3,16.0,15.68,0,3344424861,245,0,2839,2839,1049,510,True,3136,160720
ba,400,3136,3,16.0,15.68,1,2084480962,253,0,3388,3388,1093,546,True,3136,161690
ba,400,3136,3,16.0,15.68,2,3413559041,259,0,2600,2600,1079,513,True,3136,157946
ba,400,3136,3,16.0,15.68,3,1677800373,228,0,2336,2336,1051,511,True,3136,157386
ba,400,3136,3,16.0,15.68,4,909797179,245,0,3408,3408,1126,526,True,3136,162222
ba,400,3136,3,16.0,15.68,5,269902482,246,0,3995,3995,1056,524,True,3136,155874
ba,400,3136,3,16.0,15.68,6,4129939936,247,0,3361,3361,1060,529,True,3136,163256
ba,400,3136,3,16.0,15.68,7,2179251264,263,0,5112,5112,990,492,True,3136,159218
ba,400,3136,3,16.0,15.68,8,948118283,215,0,4395,4395,994,542,True,3136,156544
ba,400,3136,3,16.0,15.68,9,3159806793,230,0,3061,3061,1037,526,True,3136,154166
ba,400,3136,3,16.0,15.68,10,3184462887,249,0,3841,3841,1068,517,True,3136,159452
ba,400,3136,3,16.0,15.68,11,3536514430,232,0,2535,2535,1022,519,True,3136,159382
ba,400,3136,3,16.0,15.68,12,1034895139,251,0,5356,5356,1061,513,True,3136,158932
ba,400,3136,3,16.0,15.68,13,764932342,248,0,3994,3994,1059,542,True,3136,159944
ba,400,3136,3,16.0,15.68,14,3844184533,227,0,2708,2708,1018,526,True,3136,163164
ba,400,3136,3,16.0,15.68,15,405912632,236,0,4345,4345,1034,528,True,3136,159136
ba,400,3136,3,16.0,15.68,16,3167863015,239,0,3270,3270,1026,538,True,3136,159332
ba,400,3136,3,16.0,15.68,17,2643363487,247,0,2807,2807,1066,549,True,3136,161632
ba,400,3136,3,16.0,15.68,18,1590572644,252,0,4489,4489,1064,522,True,3136,163048
ba,400,3136,3,16.0,15.68,19,82840631,247,0,2918,2918,1087,524,True,3136,159286
ba,400,3136,3,16.0,15.68,20,3182139294,239,0,2337,2337,1062,540,True,3136,158724
ba,400,3136,3,16.0,15.68,21,604503238,250,0,2563,2563,1034,512,True,3136,156818
ba,400,3136,3,16.0,15.68,22,3523842937,248,0,6018,6018,1040,512,True,3136,154530
ba,400,3136,3,16.0,15.68,23,893366234,266,0,4449,4449,1065,517,True,3136,161676
ba,400,3136,3,16.0,15.68,24,1062571155,249,0,4052,4052,1029,516,True,3136,159374
ba,400,3136,3,16.0,15.68,25,3991719293,220,0,2473,2473,991,517,True,3136,167178
ba,400,3136,3,16.0,15.68,26,2927062247,235,0,4294,4294,1043,491,True,3136,162722
ba,400,3136,3,16.0,15.68,27,2331344694,233,0,4325,4325,1047,530,True,3136,157552
ba,400,3136,3,16.0,15.68,28,838068862,235,0,3762,3762,1035,541,True,3136,159776
ba,400,3136,3,16.0,15.68,29,856736561,254,0,3538,3538,1084,562,True,3136,163546
ba,400,3136,3,16.0,15.68,30,1016436661,235,0,2951,2951,1065,518,True,3136,159260
ba,400,3136,3,16.0,15.68,31,524257274,213,0,2071,2071,1085,561,True,3136,162266
ba,400,3136,3,16.0,15.68,32,1285893217,231,0,4011,4011,1028,553,True,3136,158958
ba,400,3136,3,16.0,15.68,33,480236885,242,0,2510,2510,1094,521,True,3136,160564
ba,400,3136,3,16.0,15.68,34,847308297,218,0,4911,4911,1043,539,True,3136,164290
ba,400,3136,3,16.0,15.68,35,2679233216,228,0,4372,4372,1012,538,True,3136,167080
ba,400,3136,3,16.0,15.68,36,148559499,226,0,2407,2407,1048,549,True,3136,157704
ba,400,3136,3,16.0,15.68,37,2183358668,221,0,3313,3313,1019,543,True,3136,158938
ba,400,3136,3,16.0,15.68,38,4268227032,237,0,6076,6076,992,505,True,3136,158172
ba,400,3136,3,16.0,15.68,39,604618589,252,0,4483,4483,1065,525,True,3136,169746
ba,800,6336,3,16.0,15.84,0,2729702180,495,0,10838,10838,2103,1044,True,6336,363448
ba,800,6336,3,16.0,15.84,1,1815525278,484,0,9485,9485,2179,1039,True,6336,363416
ba,800,6336,3,16.0,15.84,2,2861547660,496,0,7934,7934,2090,1087,True,6336,367054
ba,800,6336,3,16.0,15.84,3,1362843106,466,0,8304,8304,2053,1055,True,6336,346460
ba,800,6336,3,16.0,15.84,4,1960640711,473,0,6970,6970,2146,1038,True,6336,353098
ba,800,6336,3,16.0,15.84,5,3464527977,473,0,7138,7138,2129,1078,True,6336,355712
ba,800,6336,3,16.0,15.84,6,2394625414,518,0,8872,8872,2125,1072,True,6336,354258
ba,800,6336,3,16.0,15.84,7,23431714,464,0,6771,6771,2063,1062,True,6336,356004
ba,800,6336,3,16.0,15.84,8,1423471740,461,0,5183,5183,2112,1055,True,6336,359606
ba,800,6336,3,16.0,15.84,9,269616057,481,0,8773,8773,2100,1090,True,6336,368412
ba,800,6336,3,16.0,15.84,10,2408489906,487,0,8671,8671,2159,1061,True,6336,369398
ba,800,6336,3,16.0,15.84,11,1155625921,470,0,8103,8103,2078,1079,True,6336,355566
ba,800,6336,3,16.0,15.84,12,2555907171,450,0,6090,6090,2133,1107,True,6336,367040
ba,800,6336,3,16.0,15.84,13,1397744890,491,0,9494,9494,2161,1077,True,6336,362020
ba,800,6336,3,16.0,15.84,14,3968257407,485,0,5124,5124,2150,1067,True,6336,361376
ba,800,6336,3,16.0,15.84,15,707056594,498,0,7962,7962,2133,1036,True,6336,369814
ba,800,6336,3,16.0,15.84,16,2069770757,478,0,5660,5660,2047,1029,True,6336,357388
ba,800,6336,3,16.0,15.84,17,3187263644,440,0,6653,6653,2067,1120,True,6336,357356
ba,800,6336,3,16.0,15.84,18,1923363682,463,0,5882,5882,2087,1029,True,6336,372380
ba,800,6336,3,16.0,15.84,19,1201034018,448,0,8355,8355,2102,1085,True,6336,382842
ba,800,6336,3,16.0,15.84,20,1122899215,476,0,7361,7361,2118,1063,True,6336,363736
ba,800,6336,3,16.0,15.84,21,833238015,492,0,9040,9040,2154,1028,True,6336,354052
ba,800,6336,3,16.0,15.84,22,3969692760,454,0,7158,7158,2032,1075,True,6336,357514
ba,800,6336,3,16.0,15.84,23,346914317,468,0,7027,7027,2043,1077,True,6336,366614
ba,800,6336,3,16.0,15.84,24,3270853799,481,0,6274,6274,2078,1043,True,6336,365916
ba,800,6336,3,16.0,15.84,25,3595496676,489,0,7865,7865,2152,1083,True,6336,365552
ba,800,6336,3,16.0,15.84,26,3052500516,488,0,9655,9655,2080,1043,True,6336,385528
ba,800,6336,3,16.0,15.84,27,1240389488,471,0,8350,8350,2069,1042,True,6336,365246
ba,800,6336,3,16.0,15.84,28,4288535676,483,0,9097,9097,2143,1089,True,6336,356998
ba,800,6336,3,16.0,15.84,29,3455415561,446,0,5456,5456,2086,1060,True,6336,359534
ba,800,6336,3,16.0,15.84,30,1564515,459,0,11256,11256,2111,1057,True,6336,367590
ba,800,6336,3,16.0,15.84,31,1961948246,477,0,6286,6286,2054,1067,True,6336,371072
ba,800,6336,3,16.0,15.84,32,3901463354,454,0,8063,8063,2077,1087,True,6336,373954
ba,800,6336,3,16.0,15.84,33,929559313,468,0,10863,10863,2102,1096,True,6336,363894
ba,800,6336,3,16.0,15.84,34,1679763251,494,0,7768,7768,2131,1083,True,6336,361334
ba,800,6336,3,16.0,15.84,35,1195718560,467,0,7177,7177,2084,1047,True,6336,372072
ba,800,6336,3,16.0,15.84,36,3432402507,468,0,14306,14306,2097,1086,True,6336,354630
ba,800,6336,3,16.0,15.84,37,4264892969,502,0,8440,8440,2156,1065,True,6336,353762
ba,800,6336,3,16.0,15.84,38,4188529819,478,0,6585,6585,2136,1098,True,6336,363004
ba,800,6336,3,16.0,15.84,39,69247936,473,0,6985,6985,2139,1114,True,6336,371014
ws,100,800,3,16.0,16.0,0,466391624,42,0,404,404,255,174,True,800,25718
ws,100,800,3,16.0,16.0,1,1927420656,48,0,740,740,267,167,True,800,25760
ws,100,800,3,16.0,16.0,2,1508660485,54,0,1244,1244,266,159,True,800,25762
ws,100,800,3,16.0,16.0,3,100741771,48,0,814,814,276,177,True,800,25708
ws,100,800,3,16.0,16.0,4,1762727190,41,0,703,703,263,177,True,800,25762
ws,100,800,3,16.0,16.0,5,3702447344,50,0,527,527,282,168,True,800,25750
ws,100,800,3,16.0,16.0,6,2993186911,58,0,1037,1037,269,168,True,800,25774
ws,100,800,3,16.0,16.0,7,1989739771,50,0,639,639,271,169,True,800,25784
ws,100,800,3,16.0,16.0,8,2421644057,48,0,360,360,259,168,True,800,25744
ws,100,800,3,16.0,16.0,9,1028712549,47,0,854,854,283,174,True,800,25774
ws,100,800,3,16.0,16.0,10,1906206084,57,0,755,755,257,159,True,800,25790
ws,100,800,3,16.0,16.0,11,3788851279,56,0,554,554,264,165,True,800,25764
ws,100,800,3,16.0,16.0,12,3187021776,45,0,641,641,238,169,True,800,25766
ws,100,800,3,16.0,16.0,13,3829628080,48,0,530,530,293,179,True,800,25748
ws,100,800,3,16.0,16.0,14,1555001036,50,0,692,692,266,169,True,800,25712
ws,100,800,3,16.0,16.0,15,1858749537,48,0,677,677,261,175,True,800,25754
ws,100,800,3,16.0,16.0,16,3113501816,50,0,792,792,253,172,True,800,25746
ws,100,800,3,16.0,16.0,17,165283993,56,0,725,725,275,166,True,800,25714
ws,100,800,3,16.0,16.0,18,4272822118,56,0,443,443,290,173,True,800,25738
ws,100,800,3,16.0,16.0,19,1526391736,53,0,1074,1074,275,173,True,800,25712
ws,100,800,3,16.0,16.0,20,2014376767,50,0,460,460,289,179,True,800,25756
ws,100,800,3,16.0,16.0,21,975086961,37,0,296,296,241,169,True,800,25760
ws,100,800,3,16.0,16.0,22,1614479016,54,0,890,890,242,163,True,800,25754
ws,100,800,3,16.0,16.0,23,4139579123,48,0,509,509,252,173,True,800,25750
ws,100,800,3,16.0,16.0,24,266321335,52,0,571,571,272,175,True,800,25740
ws,100,800,3,16.0,16.0,25,758174375,54,0,961,961,260,172,True,800,25706
ws,100,800,3,16.0,16.0,26,573392891,56,0,989,989,279,174,True,800,25724
ws,100,800,3,16.0,16.0,27,3649657389,52,0,486,486,266,164,True,800,25736
ws,100,800,3,16.0,16.0,28,1532588370,49,0,560,560,271,172,True,800,25782
ws,100,800,3,16.0,16.0,29,3862952841,33,0,423,423,245,177,True,800,25758
ws,100,800,3,16.0,16.0,30,484559875,55,0,629,629,260,171,True,800,25744
ws,100,800,3,16.0,16.0,31,3365178327,54,0,683,683,284,176,True,800,25720
ws,100,800,3,16.0,16.0,32,4270074042,45,0,343,343,265,177,True,800,25714
ws,100,800,3,16.0,16.0,33,3559927192,54,0,556,556,277,168,True,800,25730
ws,100,800,3,16.0,16.0,34,3773610919,40,0,505,505,255,175,True,800,25724
ws,100,800,3,16.0,16.0,35,3986110964,43,0,412,412,272,177,True,800,25774
ws,100,800,3,16.0,16.0,36,4236427221,40,0,700,700,250,168,True,800,25744
ws,100,800,3,16.0,16.0,37,1179527271,53,0,515,515,278,172,True,800,25774
ws,100,800,3,16.0,16.0,38,1471128846,58,0,476,476,276,164,True,800,25762
ws,100,800,3,16.0,16.0,39,2526352079,59,0,456,456,289,177,True,800,25778
ws,200,1600,3,16.0,16.0,0,143248218,105,0,1101,1101,531,323,True,1600,51536
ws,200,1600,3,16.0,16.0,1,1707546618,102,0,1792,1792,516,336,True,1600,51530
ws,200,1600,3,16.0,16.0,2,4027556455,84,0,735,735,513,343,True,1600,51506
ws,200,1600,3,16.0,16.0,3,3176784636,97,0,972,972,529,352,True,1600,51498
ws,200,1600,3,16.0,16.0,4,2671679414,100,0,1902,1902,537,344,True,1600,51520
ws,200,1600,3,16.0,16.0,5,1042038121,87,0,1815,1815,512,354,True,1600,51526
ws,200,1600,3,16.0,16.0,6,2033770218,94,0,1558,1558,518,341,True,1600,51536
ws,200,1600,3,16.0,16.0,7,2791858319,110,0,2138,2138,532,338,True,1600,51516
ws,200,1600,3,16.0,16.0,8,1486427178,121,0,1519,1519,558,327,True,1600,51530
ws,200,1600,3,16.0,16.0,9,2584370982,104,0,1294,1294,526,334,True,1600,51492
ws,200,1600,3,16.0,16.0,10,2589489225,113,0,1481,1481,547,331,True,1600,51544
ws,200,1600,3,16.0,16.0,11,3626833930,94,0,1271,1271,545,351,True,1600,51478
ws,200,1600,3,16.0,16.0,12,2539545285,116,0,1722,1722,577,345,True,1600,51476
ws,200,1600,3,16.0,16.0,13,1156712404,105,0,1574,1574,527,331,True,1600,51524
ws,200,1600,3,16.0,16.0,14,2507279198,92,0,1831,1831,531,348,True,1600,51478
ws,200,1600,3,16.0,16.0,15,3557545344,91,0,1711,1711,516,336,True,1600,51532
ws,200,1600,3,16.0,16.0,16,2126962504,90,0,1282,1282,513,339,True,1600,51524
ws,200,1600,3,16.0,16.0,17,1031932004,96,0,1280,1280,531,353,True,1600,51442
ws,200,1600,3,16.0,16.0,18,174448468,100,0,1290,1290,548,345,True,1600,51554
ws,200,1600,3,16.0,16.0,19,775596019,101,0,760,760,523,352,True,1600,51490
ws,200,1600,3,16.0,16.0,20,478149691,104,0,1401,1401,525,347,True,1600,51490
ws,200,1600,3,16.0,16.0,21,2770885264,91,0,1330,1330,501,337,True,1600,51532
ws,200,1600,3,16.0,16.0,22,4283221307,104,0,2350,2350,526,343,True,1600,51456
ws,200,1600,3,16.0,16.0,23,3821303606,118,0,1465,1465,556,333,True,1600,51546
ws,200,1600,3,16.0,16.0,24,3537838470,102,0,1496,1496,523,329,True,1600,51498
ws,200,1600,3,16.0,16.0,25,3068635903,108,0,1125,1125,543,341,True,1600,51490
ws,200,1600,3,16.0,16.0,26,3650825659,100,0,2421,2421,518,335,True,1600,51584
ws,200,1600,3,16.0,16.0,27,583452363,94,0,1273,1273,526,349,True,1600,51448
ws,200,1600,3,16.0,16.0,28,99580305,98,0,1277,1277,518,345,True,1600,51458
ws,200,1600,3,16.0,16.0,29,70022447,96,0,734,734,531,345,True,1600,51536
ws,200,1600,3,16.0,16.0,30,3136396728,99,0,1275,1275,544,352,True,1600,51492
ws,200,1600,3,16.0,16.0,31,725844375,117,0,1478,1478,553,328,True,1600,51538
ws,200,1600,3,16.0,16.0,32,3528915939,100,0,1904,1904,522,339,True,1600,51580
ws,200,1600,3,16.0,16.0,33,3452944972,98,0,2036,2036,509,335,True,1600,51554
ws,200,1600,3,16.0,16.0,34,2948145743,92,0,1302,1302,501,337,True,1600,51488
ws,200,1600,3,16.0,16.0,35,1406080585,116,0,1769,1769,552,332,True,1600,51530
ws,200,1600,3,16.0,16.0,36,1684670880,92,0,1295,1295,542,344,True,1600,51526
ws,200,1600,3,16.0,16.0,37,1296579745,101,0,1749,1749,514,329,True,1600,51532
ws,200,1600,3,16.0,16.0,38,4290338487,91,0,1126,1126,514,352,True,1600,51504
ws,200,1600,3,16.0,16.0,39,2333092823,109,0,2649,2649,539,342,True,1600,51464
ws,400,3200,3,16.0,16.0,0,2636442821,213,0,4228,4228,1067,655,True,3200,102992
ws,400,3200,3,16.0,16.0,1,563201809,211,0,6131,6131,1029,669,True,3200,103046
ws,400,3200,3,16.0,16.0,2,1237192848,197,0,3254,3254,1048,674,True,3200,103046
ws,400,3200,3,16.0,16.0,3,390293984,218,0,4782,4782,1102,684,True,3200,103052
ws,400,3200,3,16.0,16.0,4,2173931133,202,0,3375,3375,1086,677,True,3200,103002
ws,400,3200,3,16.0,16.0,5,3341814063,212,0,4451,4451,1064,684,True,3200,103030
ws,400,3200,3,16.0,16.0,6,3407880128,229,0,3357,3357,1091,684,True,3200,103044
ws,400,3200,3,16.0,16.0,7,4048612349,198,0,2827,2827,1088,696,True,3200,103004
ws,400,3200,3,16.0,16.0,8,3432636833,209,0,3339,3339,1096,683,True,3200,103094
ws,400,3200,3,16.0,16.0,9,3788279322,194,0,3376,3376,1070,680,True,3200,102994
ws,400,3200,3,16.0,16.0,10,2182865944,190,0,2242,2242,1049,675,True,3200,103002
ws,400,3200,3,16.0,16.0,11,2624822039,205,0,3004,3004,1061,674,True,3200,102964
ws,400,3200,3,16.0,16.0,12,2355891641,206,0,4910,4910,1074,677,True,3200,102986
ws,400,3200,3,16.0,16.0,13,444858108,198,0,1992,1992,1074,682,True,3200,102990
ws,400,3200,3,16.0,16.0,14,3049050463,186,0,6087,6087,1013,660,True,3200,103072
ws,400,3200,3,16.0,16.0,15,2940690549,200,0,3307,3307,1054,653,True,3200,103010
ws,400,3200,3,16.0,16.0,16,446450525,189,0,5344,5344,1039,677,True,3200,103092
ws,400,3200,3,16.0,16.0,17,437846854,201,0,6908,6908,1060,673,True,3200,103066
ws,400,3200,3,16.0,16.0,18,2024778101,191,0,3800,3800,1063,695,True,3200,102962
ws,400,3200,3,16.0,16.0,19,4143172991,207,0,2612,2612,1078,684,True,3200,102924
ws,400,3200,3,16.0,16.0,20,1558703728,183,0,2781,2781,1069,691,True,3200,103008
ws,400,3200,3,16.0,16.0,21,3183428361,199,0,1953,1953,1075,688,True,3200,102974
ws,400,3200,3,16.0,16.0,22,2782367767,221,0,6453,6453,1081,670,True,3200,102916
ws,400,3200,3,16.0,16.0,23,2226748037,187,0,2773,2773,1025,685,True,3200,103042
ws,400,3200,3,16.0,16.0,24,1785354492,232,0,2751,2751,1111,665,True,3200,103044
ws,400,3200,3,16.0,16.0,25,4121222906,216,0,5204,5204,1091,670,True,3200,103030
ws,400,3200,3,16.0,16.0,26,163005624,202,0,4073,4073,1064,695,True,3200,103000
ws,400,3200,3,16.0,16.0,27,2466521054,204,0,3130,3130,1082,677,True,3200,103036
ws,400,3200,3,16.0,16.0,28,394851975,208,0,3016,3016,1046,668,True,3200,103112
ws,400,3200,3,16.0,16.0,29,1909743404,225,0,5096,5096,1137,677,True,3200,103036
ws,400,3200,3,16.0,16.0,30,1594896652,210,0,4350,4350,1106,691,True,3200,102972
ws,400,3200,3,16.0,16.0,31,3922573799,208,0,4930,4930,1118,681,True,3200,103050
ws,400,3200,3,16.0,16.0,32,1494072658,216,0,8285,8285,1088,675,True,3200,103004
ws,400,3200,3,16.0,16.0,33,308311962,203,0,3379,3379,1105,679,True,3200,102972
ws,400,3200,3,16.0,16.0,34,3530899029,197,0,3367,3367,1081,687,True,3200,103042
ws,400,3200,3,16.0,16.0,35,3039337376,202,0,2939,2939,1061,669,True,3200,103028
ws,400,3200,3,16.0,16.0,36,1206188844,226,0,3597,3597,1061,677,True,3200,103016
ws,400,3200,3,16.0,16.0,37,235717880,217,0,3821,3821,1038,676,True,3200,102966
ws,400,3200,3,16.0,16.0,38,1121903002,191,0,4142,4142,1004,683,True,3200,102922
ws,400,3200,3,16.0,16.0,39,497620429,206,0,2726,2726,1050,661,True,3200,103000
ws,800,6400,3,16.0,16.0,0,3507853259,380,0,11003,11003,2064,1367,True,6400,206028
ws,800,6400,3,16.0,16.0,1,9141144,388,0,7549,7549,2122,1380,True,6400,206002
ws,800,6400,3,16.0,16.0,2,3873903876,406,0,8275,8275,2123,1336,True,6400,206168
ws,800,6400,3,16.0,16.0,3,2379875530,423,0,7544,7544,2206,1343,True,6400,206028
ws,800,6400,3,16.0,16.0,4,2854781861,412,0,8969,8969,2161,1366,True,6400,206028
ws,800,6400,3,16.0,16.0,5,1886324879,386,0,8473,8473,2138,1367,True,6400,205998
ws,800,6400,3,16.0,16.0,6,121707916,380,0,6102,6102,2081,1377,True,6400,205984
ws,800,6400,3,16.0,16.0,7,1325644923,410,0,5051,5051,2131,1377,True,6400,205986
ws,800,6400,3,16.0,16.0,8,3331047270,432,0,6624,6624,2167,1341,True,6400,206078
ws,800,6400,3,16.0,16.0,9,3172377197,397,0,7206,7206,2127,1381,True,6400,206000
ws,800,6400,3,16.0,16.0,10,1856283064,409,0,13548,13548,2140,1376,True,6400,206056
ws,800,6400,3,16.0,16.0,11,3294518231,393,0,5943,5943,2122,1326,True,6400,206192
ws,800,6400,3,16.0,16.0,12,2461114641,408,0,6550,6550,2154,1338,True,6400,205960
ws,800,6400,3,16.0,16.0,13,3456322161,390,0,6657,6657,2105,1350,True,6400,206024
ws,800,6400,3,16.0,16.0,14,1611080663,383,0,6787,6787,2128,1381,True,6400,205978
ws,800,6400,3,16.0,16.0,15,3173158799,406,0,7501,7501,2141,1392,True,6400,206134
ws,800,6400,3,16.0,16.0,16,788522221,398,0,9797,9797,2144,1359,True,6400,206032
ws,800,6400,3,16.0,16.0,17,2915009293,402,0,8397,8397,2182,1374,True,6400,206058
ws,800,6400,3,16.0,16.0,18,1834349530,389,0,5296,5296,2080,1345,True,6400,206016
ws,800,6400,3,16.0,16.0,19,2417664521,415,0,7332,7332,2228,1377,True,6400,205940
ws,800,6400,3,16.0,16.0,20,2412567716,436,0,9446,9446,2114,1350,True,6400,205984
ws,800,6400,3,16.0,16.0,21,4257964222,369,0,6327,6327,2139,1383,True,6400,206086
ws,800,6400,3,16.0,16.0,22,62354330,404,0,6074,6074,2143,1348,True,6400,205954
ws,800,6400,3,16.0,16.0,23,1814335629,410,0,16915,16915,2066,1324,True,6400,205968
ws,800,6400,3,16.0,16.0,24,1523447702,413,0,7715,7715,2172,1352,True,6400,205990
ws,800,6400,3,16.0,16.0,25,266646377,404,0,6859,6859,2123,1367,True,6400,205958
ws,800,6400,3,16.0,16.0,26,2375072140,404,0,7874,7874,2150,1358,True,6400,205918
ws,800,6400,3,16.0,16.0,27,902522780,380,0,8378,8378,2080,1360,True,6400,206016
ws,800,6400,3,16.0,16.0,28,881924555,409,0,7463,7463,2134,1369,True,6400,205944
ws,800,6400,3,16.0,16.0,29,1267234877,416,0,8714,8714,2142,1354,True,6400,206008
ws,800,6400,3,16.0,16.0,30,313266351,412,0,9340,9340,2137,1358,True,6400,206068
ws,800,6400,3,16.0,16.0,31,2261225950,422,0,8233,8233,2116,1334,True,6400,205984
ws,800,6400,3,16.0,16.0,32,688981481,381,0,6142,6142,2140,1373,True,6400,206054
ws,800,6400,3,16.0,16.0,33,2262701719,361,0,9174,9174,2103,1384,True,6400,206008
ws,800,6400,3,16.0,16.0,34,2676868456,434,0,8518,8518,2220,1349,True,6400,205960
ws,800,6400,3,16.0,16.0,35,3775528716,393,0,6393,6393,2114,1363,True,6400,206144
ws,800,6400,3,16.0,16.0,36,3372955782,412,0,11294,11294,2129,1319,True,6400,206078
ws,800,6400,3,16.0,16.0,37,3284052381,386,0,6353,6353,2127,1358,True,6400,205976
ws,800,6400,3,16.0,16.0,38,1382019556,398,0,7071,7071,2099,1364,True,6400,206128
ws,800,6400,3,16.0,16.0,39,2079466203,433,0,8241,8241,2214,1348,True,6400,206044
er,100,181,4,4.0,3.62,0,767169307,33,0,744,744,43,2,True,181,1656
er,100,190,4,4.0,3.8,1,455577672,35,0,291,291,53,3,True,190,1820
er,100,187,4,4.0,3.74,2,1946876766,34,0,391,391,41,1,True,187,1754
er,100,193,4,4.0,3.86,3,2750030246,37,0,373,373,42,1,True,193,1806
er,100,186,4,4.0,3.72,4,2083651603,34,0,192,192,46,2,True,186,1734
er,100,207,4,4.0,4.14,5,2349483510,40,0,706,706,57,1,True,207,2192
er,100,208,4,4.0,4.16,6,15119348,29,0,219,219,45,4,True,208,2036
er,100,196,4,4.0,3.92,7,1659869050,29,0,126,126,40,5,True,196,1968
er,100,203,4,4.0,4.06,8,3798541096,40,0,275,275,55,2,True,203,1956
er,100,198,4,4.0,3.96,9,1103665544,32,0,343,343,44,3,True,198,1994
er,100,194,4,4.0,3.88,10,411662862,34,0,437,437,50,2,True,194,1874
er,100,235,4,4.0,4.7,11,427098208,45,0,371,371,66,1,True,235,2698
er,100,198,4,4.0,3.96,12,1829344285,40,0,574,574,45,1,True,198,1986
er,100,185,4,4.0,3.7,13,1848408802,29,0,319,319,50,2,True,185,1680
er,100,210,4,4.0,4.2,14,3847375870,41,0,330,330,53,3,True,210,2236
er,100,196,4,4.0,3.92,15,217101801,33,0,459,459,52,2,True,196,1944
er,100,197,4,4.0,3.94,16,1863798393,31,0,271,271,46,1,True,197,1872
er,100,204,4,4.0,4.08,17,860330521,47,0,520,520,63,1,True,204,2008
er,100,194,4,4.0,3.88,18,2702966943,43,0,490,490,59,1,True,194,1920
er,100,195,4,4.0,3.9,19,1945741318,33,0,365,365,51,0,True,195,1878
er,100,179,4,4.0,3.58,20,3688875611,37,0,281,281,54,1,True,179,1628
er,100,213,4,4.0,4.26,21,1423390223,36,0,338,338,53,2,True,213,2190
er,100,195,4,4.0,3.9,22,811149056,42,0,288,288,62,2,True,195,1842
er,100,209,4,4.0,4.18,23,3013160484,33,0,225,225,62,2,True,209,2246
er,100,193,4,4.0,3.86,24,3754736811,33,0,401,401,44,0,True,193,1800
er,100,196,4,4.0,3.92,25,1461499341,36,0,313,313,48,1,True,196,1874
er,100,207,4,4.0,4.14,26,2174017012,47,0,265,265,68,2,True,207,2156
er,100,211,4,4.0,4.22,27,4235847178,36,0,344,344,53,2,True,211,2246
er,100,187,4,4.0,3.74,28,1961538260,34,0,292,292,51,6,True,187,1732
er,100,184,4,4.0,3.68,29,3614426846,28,0,257,257,43,3,True,184,1692
er,100,223,4,4.0,4.46,30,462444591,37,0,246,246,54,2,True,223,2486
er,100,199,4,4.0,3.98,31,977577417,37,0,517,517,48,3,True,199,1860
er,100,190,4,4.0,3.8,32,1439035046,38,0,345,345,54,2,True,190,1750
er,100,220,4,4.0,4.4,33,3835004840,41,0,311,311,59,5,True,220,2450
er,100,202,4,4.0,4.04,34,3466291618,40,0,247,247,62,3,True,202,1978
er,100,190,4,4.0,3.8,35,3764221059,32,0,363,363,41,0,True,190,1864
er,100,218,4,4.0,4.36,36,2731283942,38,0,350,350,56,3,True,218,2316
er,100,209,4,4.0,4.18,37,171621981,37,0,307,307,49,3,True,209,2160
er,100,207,4,4.0,4.14,38,745204077,35,0,299,299,51,2,True,207,2130
er,100,211,4,4.0,4.22,39,2079859469,42,0,605,605,51,2,True,211,2170
er,200,398,4,4.0,3.98,0,274146322,77,0,582,582,94,3,True,398,3960
er,200,398,4,4.0,3.98,1,2947844374,68,0,506,506,89,3,True,398,4012
er,200,417,4,4.0,4.17,2,1344465019,67,0,1081,1081,93,3,True,417,4260
er,200,396,4,4.0,3.96,3,2992008773,67,0,1316,1316,92,4,True,396,3954
er,200,427,4,4.0,4.27,4,299495773,76,0,700,700,98,5,True,427,4562
er,200,391,4,4.0,3.91,5,3752827744,75,0,740,740,96,1,True,391,3734
er,200,344,4,4.0,3.44,6,3719348438,63,0,811,811,78,2,True,344,2964
er,200,391,4,4.0,3.91,7,1827911786,59,0,850,850,90,8,True,391,3862
er,200,397,4,4.0,3.97,8,3993977305,69,0,935,935,97,2,True,397,3822
er,200,446,4,4.0,4.46,9,1490360248,70,0,1251,1251,106,7,True,446,4780
er,200,389,4,4.0,3.89,10,1769305695,64,0,727,727,88,3,True,389,3786
er,200,388,4,4.0,3.88,11,2128551541,80,0,955,955,101,2,True,388,3670
er,200,405,4,4.0,4.05,12,3229548814,65,0,760,760,102,8,True,405,4044
er,200,409,4,4.0,4.09,13,3101445567,69,0,758,758,93,6,True,409,4196
er,200,407,4,4.0,4.07,14,1625630998,68,0,1554,1554,89,5,True,407,4044
er,200,390,4,4.0,3.9,15,3198211956,68,0,1055,1055,105,5,True,390,3724
er,200,407,4,4.0,4.07,16,645972125,62,0,1128,1128,89,3,True,407,4092
er,200,387,4,4.0,3.87,17,1758125785,64,0,535,535,97,6,True,387,3810
er,200,378,4,4.0,3.78,18,1467857685,67,0,637,637,89,4,True,378,3640
er,200,373,4,4.0,3.73,19,1689772421,75,0,705,705,93,3,True,373,3552
er,200,389,4,4.0,3.89,20,2204588208,68,0,737,737,92,3,True,389,3824
er,200,410,4,4.0,4.1,21,3455802652,69,0,1035,1035,94,4,True,410,4022
er,200,392,4,4.0,3.92,22,2729140105,68,0,1513,1513,100,7,True,392,3842
er,200,419,4,4.0,4.19,23,3893790328,66,0,760,760,96,3,True,419,4228
er,200,388,4,4.0,3.88,24,1070327187,66,0,518,518,92,0,True,388,3668
er,200,428,4,4.0,4.28,25,705481096,70,0,594,594,106,10,True,428,4546
er,200,424,4,4.0,4.24,26,2167728659,68,0,837,837,104,8,True,424,4374
er,200,419,4,4.0,4.19,27,158764346,74,0,894,894,114,4,True,419,4368
er,200,376,4,4.0,3.76,28,3842548883,77,0,634,634,102,3,True,376,3588
er,200,415,4,4.0,4.15,29,2352459193,64,0,769,769,94,6,True,415,4132
er,200,388,4,4.0,3.88,30,3139764727,74,0,757,757,102,2,True,388,3640
er,200,412,4,4.0,4.12,31,2536829644,64,0,922,922,92,3,True,412,4222
er,200,385,4,4.0,3.85,32,1009457956,77,0,866,866,93,3,True,385,3598
er,200,437,4,4.0,4.37,33,2720686722,77,0,1219,1219,120,6,True,437,4672
er,200,397,4,4.0,3.97,34,3576167173,77,0,652,652,108,1,True,397,3960
er,200,423,4,4.0,4.23,35,1189160498,70,0,492,492,101,5,True,423,4222
er,200,395,4,4.0,3.95,36,2156023309,69,0,829,829,91,3,True,395,3826
er,200,416,4,4.0,4.16,37,3687591550,69,0,913,913,98,6,True,416,4306
er,200,387,4,4.0,3.87,38,3434795152,67,0,916,916,85,2,True,387,3646
er,200,391,4,4.0,3.91,39,2896642477,62,0,664,664,82,4,True,391,3886
er,400,764,4,4.0,3.82,0,2487883294,143,0,2418,2418,183,5,True,764,7268
er,400,803,4,4.0,4.015,1,3078558569,127,0,1864,1864,199,9,True,803,8136
er,400,777,4,4.0,3.885,2,181873380,128,0,2185,2185,179,6,True,777,7688
er,400,810,4,4.0,4.05,3,1739363565,142,0,2024,2024,201,16,True,810,8190
er,400,814,4,4.0,4.07,4,749593601,156,0,2101,2101,223,10,True,814,8318
er,400,796,4,4.0,3.98,5,635370903,147,0,2047,2047,205,6,True,796,7870
er,400,841,4,4.0,4.205,6,4085285525,142,0,1847,1847,199,7,True,841,8766
er,400,845,4,4.0,4.225,7,1459932290,146,0,2038,2038,187,9,True,845,8730
er,400,821,4,4.0,4.105,8,2370927435,138,0,1678,1678,192,13,True,821,8268
er,400,758,4,4.0,3.79,9,2115072026,144,0,2462,2462,211,8,True,758,7352
er,400,817,4,4.0,4.085,10,3244658419,138,0,2568,2568,192,10,True,817,8328
er,400,813,4,4.0,4.065,11,1761130670,149,0,1737,1737,210,5,True,813,8232
er,400,804,4,4.0,4.02,12,2705434778,153,0,1184,1184,212,7,True,804,8194
er,400,813,4,4.0,4.065,13,2996770770,147,0,1359,1359,199,7,True,813,8120
er,400,813,4,4.0,4.065,14,3315860357,152,0,2714,2714,216,5,True,813,8142
er,400,876,4,4.0,4.38,15,3910262333,129,0,1466,1466,199,11,True,876,9498
er,400,752,4,4.0,3.76,16,1296668526,130,0,1850,1850,177,2,True,752,7124
er,400,797,4,4.0,3.985,17,2836818075,142,0,2019,2019,196,6,True,797,7904
er,400,839,4,4.0,4.195,18,3961771167,161,0,3267,3267,221,9,True,839,8644
er,400,797,4,4.0,3.985,19,415983685,152,0,1535,1535,202,5,True,797,7826
er,400,828,4,4.0,4.14,20,907633000,146,0,2411,2411,205,15,True,828,8470
er,400,804,4,4.0,4.02,21,1641016850,138,0,1636,1636,200,10,True,804,8010
er,400,755,4,4.0,3.775,22,2054753383,140,0,1297,1297,189,7,True,755,7094
er,400,770,4,4.0,3.85,23,3060395248,131,0,1259,1259,183,8,True,770,7554
er,400,816,4,4.0,4.08,24,1817551537,141,0,2270,2270,197,10,True,816,8152
er,400,807,4,4.0,4.035,25,1345460967,152,0,2596,2596,192,6,True,807,7998
er,400,826,4,4.0,4.13,26,2139349662,151,0,2352,2352,225,6,True,826,8498
er,400,789,4,4.0,3.945,27,1114743913,144,0,1842,1842,196,5,True,789,7676
er,400,782,4,4.0,3.91,28,521088142,130,0,2139,2139,181,7,True,782,7788
er,400,800,4,4.0,4.0,29,325258969,150,0,4012,4012,213,10,True,800,8036
er,400,836,4,4.0,4.18,30,1743862191,143,0,1548,1548,210,8,True,836,8632
er,400,821,4,4.0,4.105,31,933490283,144,0,1161,1161,208,6,True,821,8254
er,400,741,4,4.0,3.705,32,2163969297,138,0,2203,2203,202,10,True,741,6814
er,400,820,4,4.0,4.1,33,3972498815,144,0,1543,1543,199,8,True,820,8268
er,400,799,4,4.0,3.995,34,280082375,139,0,2047,2047,190,10,True,799,7896
er,400,778,4,4.0,3.89,35,3826496382,132,0,3005,3005,189,4,True,778,7554
er,400,765,4,4.0,3.825,36,52083279,150,0,1501,1501,206,9,True,765,7464
er,400,823,4,4.0,4.115,37,2962213033,146,0,2326,2326,210,9,True,823,8384
er,400,813,4,4.0,4.065,38,742673650,131,0,2336,2336,187,8,True,813,8092
er,400,854,4,4.0,4.27,39,119101583,151,0,1895,1895,209,13,True,854,8986
er,800,1564,4,4.0,3.91,0,66484908,273,0,4881,4881,372,14,True,1564,15336
er,800,1580,4,4.0,3.95,1,3323848461,282,0,3887,3887,401,15,True,1580,15630
er,800,1570,4,4.0,3.925,2,2019810732,281,0,3224,3224,404,15,True,1570,15352
er,800,1491,4,4.0,3.7275,3,3708053932,277,0,3861,3861,390,12,True,1491,13970
er,800,1589,4,4.0,3.9725,4,2639016753,277,0,4500,4500,399,20,True,1589,16060
er,800,1539,4,4.0,3.8475,5,1530804542,267,0,4161,4161,368,15,True,1539,15178
er,800,1587,4,4.0,3.9675,6,49938388,283,0,3737,3737,410,15,True,1587,16086
er,800,1665,4,4.0,4.1625,7,4209711499,312,0,4175,4175,426,25,True,1665,17016
er,800,1611,4,4.0,4.0275,8,4042102633,291,0,4692,4692,411,16,True,1611,15824
er,800,1606,4,4.0,4.015,9,3052034389,282,0,4222,4222,407,20,True,1606,16474
er,800,1637,4,4.0,4.0925,10,2698071853,291,0,3454,3454,409,26,True,1637,16872
er,800,1630,4,4.0,4.075,11,3108056624,294,0,6260,6260,412,22,True,1630,16704
er,800,1523,4,4.0,3.8075,12,2645623345,273,0,3681,3681,373,9,True,1523,14290
er,800,1623,4,4.0,4.0575,13,666066118,298,0,4558,4558,414,14,True,1623,16398
er,800,1576,4,4.0,3.94,14,2981015206,260,0,3485,3485,366,21,True,1576,15760
er,800,1571,4,4.0,3.9275,15,3184849305,266,0,2919,2919,389,21,True,1571,15414
er,800,1532,4,4.0,3.83,16,1959562394,263,0,3782,3782,366,18,True,1532,15068
er,800,1600,4,4.0,4.0,17,2455175785,278,0,4600,4600,397,20,True,1600,15992
er,800,1617,4,4.0,4.0425,18,3806322444,324,0,6233,6233,443,15,True,1617,16298
er,800,1625,4,4.0,4.0625,19,2213682749,277,0,4878,4878,401,19,True,1625,16206
er,800,1610,4,4.0,4.025,20,1616133596,293,0,3183,3183,413,17,True,1610,16320
er,800,1579,4,4.0,3.9475,21,1301193499,281,0,7382,7382,403,18,True,1579,15608
er,800,1541,4,4.0,3.8525,22,2022047368,274,0,4034,4034,392,14,True,1541,15056
er,800,1604,4,4.0,4.01,23,1014028153,286,0,3906,3906,398,12,True,1604,15942
er,800,1559,4,4.0,3.8975,24,3788583455,269,0,3467,3467,370,15,True,1559,15302
er,800,1602,4,4.0,4.005,25,3279388106,292,0,4305,4305,401,15,True,1602,16036
er,800,1557,4,4.0,3.8925,26,1269209946,273,0,4234,4234,400,13,True,1557,14972
er,800,1641,4,4.0,4.1025,27,2108543934,300,0,3795,3795,438,20,True,1641,16516
er,800,1633,4,4.0,4.0825,28,4170150342,269,0,3940,3940,398,18,True,1633,16542
er,800,1603,4,4.0,4.0075,29,3072842610,296,0,6251,6251,394,16,True,1603,16094
er,800,1584,4,4.0,3.96,30,4261101535,280,0,4061,4061,415,21,True,1584,15536
er,800,1563,4,4.0,3.9075,31,3664589532,266,0,3897,3897,396,14,True,1563,15568
er,800,1630,4,4.0,4.075,32,4291006235,296,0,4745,4745,416,20,True,1630,16536
er,800,1604,4,4.0,4.01,33,3451767260,272,0,4552,4552,384,16,True,1604,16302
er,800,1534,4,4.0,3.835,34,740065817,254,0,4224,4224,379,15,True,1534,14648
er,800,1601,4,4.0,4.0025,35,4141963204,265,0,4609,4609,374,13,True,1601,16210
er,800,1617,4,4.0,4.0425,36,3363372101,284,0,4380,4380,391,17,True,1617,16122
er,800,1606,4,4.0,4.015,37,301494879,282,0,4774,4774,401,19,True,1606,16350
er,800,1642,4,4.0,4.105,38,4244153663,292,0,3436,3436,425,19,True,1642,16796
er,800,1670,4,4.0,4.175,39,3941415420,288,0,5177,5177,418,15,True,1670,16956
ba,100,196,4,4.0,3.92,0,3321476805,37,0,323,323,47,3,True,196,2802
ba,100,196,4,4.0,3.92,1,980973554,31,0,350,350,44,3,True,196,2668
ba,100,196,4,4.0,3.92,2,2818492033,43,0,383,383,63,2,True,196,2908
ba,100,196,4,4.0,3.92,3,4249451275,30,0,340,340,41,2,True,196,2532
ba,100,196,4,4.0,3.92,4,949239833,33,0,427,427,52,3,True,196,2744
ba,100,196,4,4.0,3.92,5,3506971454,36,0,326,326,55,4,True,196,2910
ba,100,196,4,4.0,3.92,6,3076678095,29,0,389,389,49,7,True,196,3190
ba,100,196,4,4.0,3.92,7,1643144458,33,0,316,316,44,3,True,196,2650
ba,100,196,4,4.0,3.92,8,782279782,33,0,364,364,50,2,True,196,2728
ba,100,196,4,4.0,3.92,9,1840460076,36,0,269,269,55,6,True,196,3060
ba,100,196,4,4.0,3.92,10,3060820082,39,0,314,314,52,4,True,196,3208
ba,100,196,4,4.0,3.92,11,1576803390,42,0,376,376,52,3,True,196,2566
ba,100,196,4,4.0,3.92,12,608946109,40,0,348,348,46,2,True,196,3030
ba,100,196,4,4.0,3.92,13,136670752,35,0,251,251,50,3,True,196,2752
ba,100,196,4,4.0,3.92,14,1823782070,37,0,257,257,45,0,True,196,2696
ba,100,196,4,4.0,3.92,15,3322583143,38,0,326,326,56,2,True,196,2918
ba,100,196,4,4.0,3.92,16,1267306253,39,0,517,517,57,1,True,196,2932
ba,100,196,4,4.0,3.92,17,1781002258,43,0,454,454,58,0,True,196,3372
ba,100,196,4,4.0,3.92,18,1194243653,33,0,416,416,51,3,True,196,3066
ba,100,196,4,4.0,3.92,19,2976031297,41,0,437,437,57,5,True,196,2708
ba,100,196,4,4.0,3.92,20,925274871,38,0,369,369,50,4,True,196,3022
ba,100,196,4,4.0,3.92,21,587695138,41,0,497,497,54,2,True,196,2686
ba,100,196,4,4.0,3.92,22,3003215356,39,0,290,290,58,4,True,196,2522
ba,100,196,4,4.0,3.92,23,1402892927,34,0,273,273,48,0,True,196,2730
ba,100,196,4,4.0,3.92,24,2738709265,26,0,322,322,30,2,True,196,2750
ba,100,196,4,4.0,3.92,25,4266067178,37,0,327,327,51,4,True,196,3148
ba,100,196,4,4.0,3.92,26,3956927783,41,0,581,581,57,1,True,196,2708
ba,100,196,4,4.0,3.92,27,3829365204,32,0,256,256,43,4,True,196,2648
ba,100,196,4,4.0,3.92,28,1169749897,33,0,505,505,44,4,True,196,2718
ba,100,196,4,4.0,3.92,29,1710393783,25,0,266,266,35,2,True,196,2806
ba,100,196,4,4.0,3.92,30,3258089384,33,0,442,442,52,3,True,196,2868
ba,100,196,4,4.0,3.92,31,1519690701,27,0,334,334,34,3,True,196,2702
ba,100,196,4,4.0,3.92,32,1263139951,37,0,301,301,57,1,True,196,2596
ba,100,196,4,4.0,3.92,33,1009420419,37,0,374,374,54,0,True,196,3068
ba,100,196,4,4.0,3.92,34,3079041587,41,0,412,412,52,0,True,196,2868
ba,100,196,4,4.0,3.92,35,2689403608,39,0,288,288,58,3,True,196,3346
ba,100,196,4,4.0,3.92,36,2442571387,40,0,336,336,55,5,True,196,3010
ba,100,196,4,4.0,3.92,37,2789865306,36,0,438,438,49,3,True,196,2586
ba,100,196,4,4.0,3.92,38,988619126,41,0,472,472,53,0,True,196,2700
ba,100,196,4,4.0,3.92,39,215692025,39,0,145,145,60,4,True,196,2580
ba,200,396,4,4.0,3.96,0,3281914671,69,0,1081,1081,91,4,True,396,6838
ba,200,396,4,4.0,3.96,1,2502026086,83,0,856,856,101,5,True,396,6154
ba,200,396,4,4.0,3.96,2,2345921247,72,0,928,928,88,4,True,396,7100
ba,200,396,4,4.0,3.96,3,133166096,72,0,874,874,91,4,True,396,6718
ba,200,396,4,4.0,3.96,4,3983881597,70,0,855,855,97,5,True,396,6298
ba,200,396,4,4.0,3.96,5,832779560,71,0,1126,1126,96,6,True,396,6850
ba,200,396,4,4.0,3.96,6,3385206756,82,0,1949,1949,114,7,True,396,6058
ba,200,396,4,4.0,3.96,7,2450751502,68,0,1259,1259,95,7,True,396,5844
ba,200,396,4,4.0,3.96,8,1376137415,76,0,564,564,103,3,True,396,5906
ba,200,396,4,4.0,3.96,9,278605803,74,0,799,799,100,6,True,396,6638
ba,200,396,4,4.0,3.96,10,3938757627,84,0,1156,1156,108,2,True,396,5942
ba,200,396,4,4.0,3.96,11,111824999,69,0,892,892,89,8,True,396,6268
ba,200,396,4,4.0,3.96,12,2838005421,70,0,875,875,95,8,True,396,7214
ba,200,396,4,4.0,3.96,13,2602833618,78,0,1053,1053,95,4,True,396,7904
ba,200,396,4,4.0,3.96,14,353211058,79,0,618,618,114,7,True,396,7388
ba,200,396,4,4.0,3.96,15,2710752354,68,0,914,914,98,5,True,396,6928
ba,200,396,4,4.0,3.96,16,2290010343,64,0,846,846,90,5,True,396,6622
ba,200,396,4,4.0,3.96,17,3331908526,84,0,789,789,115,5,True,396,6730
ba,200,396,4,4.0,3.96,18,876938713,68,0,581,581,98,4,True,396,6024
ba,200,396,4,4.0,3.96,19,2265478054,76,0,827,827,109,8,True,396,6230
ba,200,396,4,4.0,3.96,20,4230115966,75,0,668,668,101,8,True,396,7484
ba,200,396,4,4.0,3.96,21,58149567,66,0,984,984,86,8,True,396,6238
ba,200,396,4,4.0,3.96,22,1678728369,64,0,655,655,89,9,True,396,6404
ba,200,396,4,4.0,3.96,23,2847983266,88,0,823,823,115,3,True,396,6014
ba,200,396,4,4.0,3.96,24,2227954196,69,0,1197,1197,100,5,True,396,6046
ba,200,396,4,4.0,3.96,25,2468093028,72,0,662,662,98,4,True,396,5900
ba,200,396,4,4.0,3.96,26,2680182811,63,0,736,736,91,5,True,396,6330
ba,200,396,4,4.0,3.96,27,2586413969,61,0,1026,1026,87,5,True,396,6472
ba,200,396,4,4.0,3.96,28,1451110872,78,0,877,877,108,5,True,396,5972
ba,200,396,4,4.0,3.96,29,2585551750,71,0,843,843,97,6,True,396,6588
ba,200,396,4,4.0,3.96,30,3817927655,77,0,1411,1411,99,5,True,396,5770
ba,200,396,4,4.0,3.96,31,836618769,76,0,661,661,101,6,True,396,7240
ba,200,396,4,4.0,3.96,32,3210041782,80,0,1059,1059,99,4,True,396,6270
ba,200,396,4,4.0,3.96,33,88622388,90,0,691,691,116,2,True,396,7184
ba,200,396,4,4.0,3.96,34,568195995,62,0,675,675,96,8,True,396,6180
ba,200,396,4,4.0,3.96,35,1843862865,76,0,905,905,102,5,True,396,7722
ba,200,396,4,4.0,3.96,36,1439190690,88,0,1076,1076,116,6,True,396,7386
ba,200,396,4,4.0,3.96,37,3940002337,77,0,745,745,97,7,True,396,6906
ba,200,396,4,4.0,3.96,38,4238560005,69,0,1138,1138,97,3,True,396,7460
ba,200,396,4,4.0,3.96,39,1578365566,55,0,438,438,80,10,True,396,6938
ba,400,796,4,4.0,3.98,0,2966527192,146,0,1639,1639,194,9,True,796,13896
ba,400,796,4,4.0,3.98,1,2372552361,144,0,2136,2136,193,10,True,796,13322
ba,400,796,4,4.0,3.98,2,340661136,126,0,2363,2363,174,12,True,796,18658
ba,400,796,4,4.0,3.98,3,2724341008,156,0,1686,1686,196,13,True,796,17654
ba,400,796,4,4.0,3.98,4,1533011358,154,0,1522,1522,204,11,True,796,14928
ba,400,796,4,4.0,3.98,5,1066979742,150,0,2207,2207,214,11,True,796,14672
ba,400,796,4,4.0,3.98,6,3491253184,155,0,1968,1968,201,10,True,796,15516
ba,400,796,4,4.0,3.98,7,1695424243,138,0,2450,2450,190,12,True,796,13932
ba,400,796,4,4.0,3.98,8,2808280827,135,0,1703,1703,182,9,True,796,15748
ba,400,796,4,4.0,3.98,9,3517061396,155,0,1901,1901,209,11,True,796,12250
ba,400,796,4,4.0,3.98,10,2918684252,129,0,1527,1527,176,15,True,796,14268
ba,400,796,4,4.0,3.98,11,1282042167,143,0,2321,2321,189,11,True,796,14570
ba,400,796,4,4.0,3.98,12,874069479,143,0,1829,1829,199,13,True,796,18132
ba,400,796,4,4.0,3.98,13,1190933868,137,0,2834,2834,181,8,True,796,17834
ba,400,796,4,4.0,3.98,14,771946832,137,0,2422,2422,184,13,True,796,14894
ba,400,796,4,4.0,3.98,15,2886677646,158,0,1936,1936,210,11,True,796,16368
ba,400,796,4,4.0,3.98,16,1828215048,150,0,1581,1581,197,15,True,796,14116
ba,400,796,4,4.0,3.98,17,1476131627,137,0,1964,1964,189,11,True,796,15318
ba,400,796,4,4.0,3.98,18,1328479541,148,0,2488,2488,203,8,True,796,13970
ba,400,796,4,4.0,3.98,19,2255978676,136,0,2332,2332,179,12,True,796,15032
ba,400,796,4,4.0,3.98,20,1361647879,145,0,2102,2102,203,15,True,796,14796
ba,400,796,4,4.0,3.98,21,838780344,140,0,1176,1176,203,17,True,796,16472
ba,400,796,4,4.0,3.98,22,3827484707,154,0,2553,2553,203,12,True,796,13546
ba,400,796,4,4.0,3.98,23,2133201411,157,0,1348,1348,207,15,True,796,15626
ba,400,796,4,4.0,3.98,24,3819426600,141,0,1536,1536,194,12,True,796,15386
ba,400,796,4,4.0,3.98,25,1683288165,135,0,1511,1511,183,13,True,796,15072
ba,400,796,4,4.0,3.98,26,728035890,166,0,1884,1884,212,7,True,796,13518
ba,400,796,4,4.0,3.98,27,1878057771,151,0,1678,1678,204,11,True,796,13354
ba,400,796,4,4.0,3.98,28,3764555958,157,0,1687,1687,206,9,True,796,13092
ba,400,796,4,4.0,3.98,29,514842918,144,0,2967,2967,186,10,True,796,16372
ba,400,796,4,4.0,3.98,30,4246561006,154,0,1629,1629,207,10,True,796,13696
ba,400,796,4,4.0,3.98,31,59315628,133,0,2711,2711,182,10,True,796,14500
ba,400,796,4,4.0,3.98,32,1937364918,144,0,1646,1646,209,8,True,796,13986
ba,400,796,4,4.0,3.98,33,3512385327,146,0,2194,2194,195,12,True,796,14258
ba,400,796,4,4.0,3.98,34,2997908737,144,0,1857,1857,199,14,True,796,15592
ba,400,796,4,4.0,3.98,35,129233859,163,0,1839,1839,204,6,True,796,15388
ba,400,796,4,4.0,3.98,36,4026589984,151,0,2348,2348,216,11,True,796,17986
ba,400,796,4,4.0,3.98,37,2088500136,145,0,3356,3356,200,12,True,796,16146
ba,400,796,4,4.0,3.98,38,3120394870,125,0,2386,2386,173,10,True,796,16030
ba,400,796,4,4.0,3.98,39,2592217247,161,0,1612,1612,215,13,True,796,15742
ba,800,1596,4,4.0,3.99,0,1909138575,306,0,4274,4274,411,19,True,1596,34392
ba,800,1596,4,4.0,3.99,1,2538938083,282,0,3693,3693,376,18,True,1596,32246
ba,800,1596,4,4.0,3.99,2,1401976523,287,0,4403,4403,432,35,True,1596,35220
ba,800,1596,4,4.0,3.99,3,43997697,297,0,5787,5787,398,25,True,1596,37914
ba,800,1596,4,4.0,3.99,4,2360832434,300,0,3812,3812,410,22,True,1596,35194
ba,800,1596,4,4.0,3.99,5,2713198290,300,0,3625,3625,408,21,True,1596,35722
ba,800,1596,4,4.0,3.99,6,598032112,290,0,3999,3999,400,22,True,1596,32912
ba,800,1596,4,4.0,3.99,7,1302515876,281,0,3578,3578,367,19,True,1596,36026
ba,800,1596,4,4.0,3.99,8,3909423175,304,0,5505,5505,401,24,True,1596,37508
ba,800,1596,4,4.0,3.99,9,623046929,293,0,4335,4335,400,28,True,1596,36482
ba,800,1596,4,4.0,3.99,10,3890026459,283,0,4164,4164,388,28,True,1596,31390
ba,800,1596,4,4.0,3.99,11,566911387,290,0,5019,5019,406,24,True,1596,36202
ba,800,1596,4,4.0,3.99,12,2601218225,284,0,5340,5340,395,28,True,1596,33328
ba,800,1596,4,4.0,3.99,13,539051813,281,0,3944,3944,388,30,True,1596,34022
ba,800,1596,4,4.0,3.99,14,2416299771,291,0,3444,3444,398,31,True,1596,33870
ba,800,1596,4,4.0,3.99,15,1526543000,296,0,6062,6062,385,21,True,1596,35182
ba,800,1596,4,4.0,3.99,16,180057767,289,0,3698,3698,386,25,True,1596,35272
ba,800,1596,4,4.0,3.99,17,1615420557,304,0,2945,2945,404,17,True,1596,34386
ba,800,1596,4,4.0,3.99,18,599427581,272,0,4739,4739,382,29,True,1596,33154
ba,800,1596,4,4.0,3.99,19,1851933125,288,0,5493,5493,380,26,True,1596,31902
ba,800,1596,4,4.0,3.99,20,1710354563,294,0,4592,4592,384,26,True,1596,31762
ba,800,1596,4,4.0,3.99,21,1047095252,272,0,6555,6555,388,31,True,1596,34030
ba,800,1596,4,4.0,3.99,22,2880868435,294,0,4948,4948,404,21,True,1596,31624
ba,800,1596,4,4.0,3.99,23,1128616836,278,0,4161,4161,382,26,True,1596,29512
ba,800,1596,4,4.0,3.99,24,4068776112,297,0,4473,4473,410,27,True,1596,33548
ba,800,1596,4,4.0,3.99,25,3104615065,322,0,3583,3583,429,16,True,1596,38712
ba,800,1596,4,4.0,3.99,26,1849536279,311,0,4030,4030,412,27,True,1596,35250
ba,800,1596,4,4.0,3.99,27,3938280082,275,0,5670,5670,363,16,True,1596,29676
ba,800,1596,4,4.0,3.99,28,783518634,278,0,4837,4837,388,19,True,1596,29140
ba,800,1596,4,4.0,3.99,29,1245553760,298,0,4838,4838,408,31,True,1596,29572
ba,800,1596,4,4.0,3.99,30,3657198946,300,0,3879,3879,413,16,True,1596,35400
ba,800,1596,4,4.0,3.99,31,3436454957,290,0,3553,3553,397,29,True,1596,31214
ba,800,1596,4,4.0,3.99,32,915929717,290,0,4242,4242,404,21,True,1596,28772
ba,800,1596,4,4.0,3.99,33,2233834988,290,0,4199,4199,387,23,True,1596,34068
ba,800,1596,4,4.0,3.99,34,3614941130,292,0,4490,4490,393,21,True,1596,32866
ba,800,1596,4,4.0,3.99,35,839036639,303,0,3444,3444,399,21,True,1596,30582
ba,800,1596,4,4.0,3.99,36,2576074142,284,0,5231,5231,380,25,True,1596,32638
ba,800,1596,4,4.0,3.99,37,2607129498,318,0,5092,5092,419,16,True,1596,38846
ba,800,1596,4,4.0,3.99,38,1253997537,281,0,5087,5087,377,29,True,1596,29862
ba,800,1596,4,4.0,3.99,39,2065619119,288,0,3171,3171,398,31,True,1596,33832
ws,100,200,4,4.0,4.0,0,2868951135,36,0,228,228,42,0,True,200,1636
ws,100,200,4,4.0,4.0,1,1655184965,33,0,230,230,44,1,True,200,1642
ws,100,200,4,4.0,4.0,2,1403358533,32,0,283,283,52,3,True,200,1642
ws,100,200,4,4.0,4.0,3,3804178762,33,0,333,333,49,2,True,200,1644
ws,100,200,4,4.0,4.0,4,3994907869,34,0,341,341,49,1,True,200,1624
ws,100,200,4,4.0,4.0,5,324030485,36,0,292,292,55,3,True,200,1646
ws,100,200,4,4.0,4.0,6,3702881547,41,0,286,286,56,1,True,200,1626
ws,100,200,4,4.0,4.0,7,3752886619,29,0,218,218,43,2,True,200,1638
ws,100,200,4,4.0,4.0,8,4203314062,36,0,450,450,51,1,True,200,1646
ws,100,200,4,4.0,4.0,9,3655703641,39,0,365,365,47,1,True,200,1626
ws,100,200,4,4.0,4.0,10,1380034272,39,0,194,194,60,1,True,200,1656
ws,100,200,4,4.0,4.0,11,652167756,33,0,235,235,53,5,True,200,1660
ws,100,200,4,4.0,4.0,12,2711939019,34,0,234,234,53,3,True,200,1644
ws,100,200,4,4.0,4.0,13,1227882357,31,0,353,353,42,3,True,200,1646
ws,100,200,4,4.0,4.0,14,1354486286,42,0,199,199,58,0,True,200,1638
ws,100,200,4,4.0,4.0,15,4172077820,32,0,209,209,45,2,True,200,1648
ws,100,200,4,4.0,4.0,16,4159013814,32,0,321,321,44,1,True,200,1636
ws,100,200,4,4.0,4.0,17,3824966326,27,0,258,258,39,2,True,200,1640
ws,100,200,4,4.0,4.0,18,3260211443,35,0,240,240,49,2,True,200,1626
ws,100,200,4,4.0,4.0,19,3147640591,34,0,487,487,52,2,True,200,1674
ws,100,200,4,4.0,4.0,20,917825792,31,0,202,202,52,5,True,200,1628
ws,100,200,4,4.0,4.0,21,2754213113,33,0,325,325,45,5,True,200,1630
ws,100,200,4,4.0,4.0,22,1896430802,38,0,394,394,52,0,True,200,1640
ws,100,200,4,4.0,4.0,23,3748685238,35,0,220,220,45,1,True,200,1632
ws,100,200,4,4.0,4.0,24,2043390186,37,0,433,433,53,2,True,200,1634
ws,100,200,4,4.0,4.0,25,2914701178,34,0,251,251,54,4,True,200,1648
ws,100,200,4,4.0,4.0,26,3164847202,38,0,508,508,52,1,True,200,1652
ws,100,200,4,4.0,4.0,27,2095841055,32,0,301,301,49,2,True,200,1632
ws,100,200,4,4.0,4.0,28,3962206216,34,0,347,347,50,1,True,200,1630
ws,100,200,4,4.0,4.0,29,3792567723,38,0,621,621,51,0,True,200,1646
ws,100,200,4,4.0,4.0,30,1776018562,38,0,215,215,56,6,True,200,1628
ws,100,200,4,4.0,4.0,31,3716615475,37,0,342,342,52,1,True,200,1620
ws,100,200,4,4.0,4.0,32,4276190628,36,0,210,210,58,4,True,200,1646
ws,100,200,4,4.0,4.0,33,3960790384,39,0,305,305,48,1,True,200,1636
ws,100,200,4,4.0,4.0,34,625845327,37,0,314,314,52,1,True,200,1632
ws,100,200,4,4.0,4.0,35,1505494806,36,0,244,244,56,4,True,200,1634
ws,100,200,4,4.0,4.0,36,1450451434,38,0,209,209,56,3,True,200,1634
ws,100,200,4,4.0,4.0,37,2165021721,35,0,240,240,51,2,True,200,1630
ws,100,200,4,4.0,4.0,38,4224841099,27,0,345,345,39,3,True,200,1622
ws,100,200,4,4.0,4.0,39,2998773614,30,0,160,160,43,2,True,200,1638
ws,200,400,4,4.0,4.0,0,4002015601,76,0,667,667,109,4,True,400,3266
ws,200,400,4,4.0,4.0,1,1247936323,79,0,606,606,111,4,True,400,3282
ws,200,400,4,4.0,4.0,2,3550013509,74,0,875,875,110,4,True,400,3286
ws,200,400,4,4.0,4.0,3,188843394,75,0,830,830,105,3,True,400,3280
ws,200,400,4,4.0,4.0,4,1344585956,73,0,749,749,105,4,True,400,3260
ws,200,400,4,4.0,4.0,5,3384240576,66,0,774,774,92,7,True,400,3272
ws,200,400,4,4.0,4.0,6,1637585956,68,0,706,706,93,4,True,400,3266
ws,200,400,4,4.0,4.0,7,1879436887,61,0,465,465,93,8,True,400,3290
ws,200,400,4,4.0,4.0,8,1248162067,73,0,901,901,99,5,True,400,3288
ws,200,400,4,4.0,4.0,9,1826709776,73,0,630,630,94,2,True,400,3252
ws,200,400,4,4.0,4.0,10,946859861,66,0,807,807,95,6,True,400,3278
ws,200,400,4,4.0,4.0,11,459650207,73,0,959,959,109,5,True,400,3280
ws,200,400,4,4.0,4.0,12,2699678676,69,0,1355,1355,95,5,True,400,3248
ws,200,400,4,4.0,4.0,13,3490183412,73,0,741,741,107,7,True,400,3292
ws,200,400,4,4.0,4.0,14,3625185168,68,0,490,490,99,10,True,400,3268
ws,200,400,4,4.0,4.0,15,1855936207,68,0,530,530,96,7,True,400,3282
ws,200,400,4,4.0,4.0,16,2502177285,69,0,475,475,101,5,True,400,3254
ws,200,400,4,4.0,4.0,17,1914513918,75,0,562,562,105,6,True,400,3272
ws,200,400,4,4.0,4.0,18,760894062,73,0,999,999,101,7,True,400,3280
ws,200,400,4,4.0,4.0,19,798217473,67,0,1150,1150,86,5,True,400,3278
ws,200,400,4,4.0,4.0,20,2843115017,72,0,1031,1031,91,4,True,400,3278
ws,200,400,4,4.0,4.0,21,3366364817,71,0,751,751,102,6,True,400,3256
ws,200,400,4,4.0,4.0,22,915267535,66,0,665,665,90,6,True,400,3268
ws,200,400,4,4.0,4.0,23,3913661827,64,0,860,860,99,6,True,400,3284
ws,200,400,4,4.0,4.0,24,1810125576,76,0,877,877,106,5,True,400,3240
ws,200,400,4,4.0,4.0,25,1094622718,63,0,510,510,85,3,True,400,3304
ws,200,400,4,4.0,4.0,26,746099247,75,0,923,923,109,6,True,400,3274
ws,200,400,4,4.0,4.0,27,1852484146,74,0,1116,1116,95,5,True,400,3258
ws,200,400,4,4.0,4.0,28,1337181960,58,0,651,651,87,6,True,400,3268
ws,200,400,4,4.0,4.0,29,1649311152,73,0,473,473,106,4,True,400,3276
ws,200,400,4,4.0,4.0,30,1846444028,67,0,746,746,93,3,True,400,3270
ws,200,400,4,4.0,4.0,31,2822307468,66,0,783,783,86,1,True,400,3302
ws,200,400,4,4.0,4.0,32,2811084794,70,0,758,758,98,4,True,400,3248
ws,200,400,4,4.0,4.0,33,1644533601,84,0,1406,1406,108,3,True,400,3296
ws,200,400,4,4.0,4.0,34,2907660877,59,0,593,593,85,5,True,400,3290
ws,200,400,4,4.0,4.0,35,4060229953,84,0,628,628,120,4,True,400,3294
ws,200,400,4,4.0,4.0,36,1446933329,71,0,961,961,94,3,True,400,3284
ws,200,400,4,4.0,4.0,37,2040793782,73,0,556,556,97,6,True,400,3298
ws,200,400,4,4.0,4.0,38,3384941464,73,0,581,581,102,3,True,400,3308
ws,200,400,4,4.0,4.0,39,2343426199,68,0,604,604,90,3,True,400,3274
ws,400,800,4,4.0,4.0,0,2333648089,143,0,1955,1955,192,8,True,800,6572
ws,400,800,4,4.0,4.0,1,2598723214,147,0,1545,1545,193,8,True,800,6546
ws,400,800,4,4.0,4.0,2,1593494694,127,0,2080,2080,174,4,True,800,6556
ws,400,800,4,4.0,4.0,3,1527674637,141,0,1309,1309,192,6,True,800,6562
ws,400,800,4,4.0,4.0,4,3950825740,140,0,2175,2175,199,12,True,800,6562
ws,400,800,4,4.0,4.0,5,4021547276,140,0,1489,1489,195,8,True,800,6548
ws,400,800,4,4.0,4.0,6,2184361964,147,0,1342,1342,214,8,True,800,6558
ws,400,800,4,4.0,4.0,7,580551447,135,0,1338,1338,202,11,True,800,6548
ws,400,800,4,4.0,4.0,8,3332452744,145,0,1249,1249,198,7,True,800,6562
ws,400,800,4,4.0,4.0,9,3008713485,152,0,2488,2488,223,10,True,800,6538
ws,400,800,4,4.0,4.0,10,2376897487,131,0,1249,1249,185,16,True,800,6564
ws,400,800,4,4.0,4.0,11,3404870952,145,0,2360,2360,204,8,True,800,6526
ws,400,800,4,4.0,4.0,12,3675670755,136,0,1789,1789,190,13,True,800,6546
ws,400,800,4,4.0,4.0,13,4052223691,126,0,1644,1644,187,15,True,800,6566
ws,400,800,4,4.0,4.0,14,137728630,147,0,2831,2831,211,7,True,800,6572
ws,400,800,4,4.0,4.0,15,1438480541,137,0,2008,2008,200,10,True,800,6516
ws,400,800,4,4.0,4.0,16,2119876731,134,0,1215,1215,197,16,True,800,6572
ws,400,800,4,4.0,4.0,17,2614150051,149,0,1562,1562,202,3,True,800,6526
ws,400,800,4,4.0,4.0,18,2352030557,143,0,1809,1809,203,7,True,800,6568
ws,400,800,4,4.0,4.0,19,1982358378,135,0,1309,1309,191,10,True,800,6564
ws,400,800,4,4.0,4.0,20,1266447051,140,0,1104,1104,196,12,True,800,6566
ws,400,800,4,4.0,4.0,21,3102002852,139,0,1653,1653,190,6,True,800,6550
ws,400,800,4,4.0,4.0,22,3343010448,132,0,1512,1512,195,7,True,800,6534
ws,400,800,4,4.0,4.0,23,836219673,131,0,2507,2507,175,7,True,800,6530
ws,400,800,4,4.0,4.0,24,2758324843,141,0,1669,1669,188,6,True,800,6576
ws,400,800,4,4.0,4.0,25,3741519731,135,0,1674,1674,188,8,True,800,6542
ws,400,800,4,4.0,4.0,26,730964222,148,0,1594,1594,208,6,True,800,6540
ws,400,800,4,4.0,4.0,27,2809221945,154,0,2986,2986,196,4,True,800,6572
ws,400,800,4,4.0,4.0,28,3506221559,136,0,1413,1413,201,11,True,800,6524
ws,400,800,4,4.0,4.0,29,4153553892,138,0,1012,1012,200,9,True,800,6548
ws,400,800,4,4.0,4.0,30,2024985513,148,0,1943,1943,195,8,True,800,6540
ws,400,800,4,4.0,4.0,31,3079202292,155,0,2942,2942,207,5,True,800,6566
ws,400,800,4,4.0,4.0,32,1189177566,143,0,1632,1632,203,7,True,800,6542
ws,400,800,4,4.0,4.0,33,4093117876,154,0,1265,1265,210,5,True,800,6552
ws,400,800,4,4.0,4.0,34,118324607,143,0,1427,1427,193,7,True,800,6590
ws,400,800,4,4.0,4.0,35,2414711735,146,0,2166,2166,196,5,True,800,6530
ws,400,800,4,4.0,4.0,36,2346725534,144,0,3566,3566,197,14,True,800,6554
ws,400,800,4,4.0,4.0,37,372589783,135,0,1946,1946,193,12,True,800,6554
ws,400,800,4,4.0,4.0,38,1933645451,128,0,1192,1192,188,12,True,800,6560
ws,400,800,4,4.0,4.0,39,3346871399,141,0,2685,2685,195,10,True,800,6552
ws,800,1600,4,4.0,4.0,0,3887166441,276,0,3410,3410,395,28,True,1600,13106
ws,800,1600,4,4.0,4.0,1,2455752477,284,0,4840,4840,401,17,True,1600,13104
ws,800,1600,4,4.0,4.0,2,2013590731,273,0,3437,3437,379,24,True,1600,13092
ws,800,1600,4,4.0,4.0,3,1752879728,276,0,4859,4859,392,13,True,1600,13116
ws,800,1600,4,4.0,4.0,4,4088422825,274,0,2493,2493,402,24,True,1600,13068
ws,800,1600,4,4.0,4.0,5,2087733806,295,0,5048,5048,409,18,True,1600,13102
ws,800,1600,4,4.0,4.0,6,3374016978,294,0,4169,4169,393,17,True,1600,13172
ws,800,1600,4,4.0,4.0,7,1283552275,295,0,4434,4434,419,18,True,1600,13088
ws,800,1600,4,4.0,4.0,8,1103592137,258,0,2971,2971,376,21,True,1600,13088
ws,800,1600,4,4.0,4.0,9,2394392592,301,0,3488,3488,413,17,True,1600,13160
ws,800,1600,4,4.0,4.0,10,3088473260,292,0,3138,3138,399,15,True,1600,13092
ws,800,1600,4,4.0,4.0,11,1012024360,296,0,4414,4414,425,17,True,1600,13104
ws,800,1600,4,4.0,4.0,12,357106015,286,0,3777,3777,413,19,True,1600,13116
ws,800,1600,4,4.0,4.0,13,116384110,300,0,4736,4736,423,22,True,1600,13128
ws,800,1600,4,4.0,4.0,14,4264499258,276,0,3818,3818,402,26,True,1600,13072
ws,800,1600,4,4.0,4.0,15,3330944826,293,0,4189,4189,410,25,True,1600,13084
ws,800,1600,4,4.0,4.0,16,1905545543,282,0,3209,3209,407,19,True,1600,13072
ws,800,1600,4,4.0,4.0,17,3643253110,269,0,3486,3486,372,23,True,1600,13134
ws,800,1600,4,4.0,4.0,18,919537415,286,0,3378,3378,403,19,True,1600,13056
ws,800,1600,4,4.0,4.0,19,45253472,292,0,5496,5496,403,15,True,1600,13130
ws,800,1600,4,4.0,4.0,20,3682983272,268,0,3816,3816,371,20,True,1600,13104
ws,800,1600,4,4.0,4.0,21,2051881796,282,0,3174,3174,398,20,True,1600,13106
ws,800,1600,4,4.0,4.0,22,2262073782,263,0,3780,3780,363,18,True,1600,13088
ws,800,1600,4,4.0,4.0,23,991616663,286,0,3912,3912,407,19,True,1600,13104
ws,800,1600,4,4.0,4.0,24,3188412227,280,0,4819,4819,397,20,True,1600,13116
ws,800,1600,4,4.0,4.0,25,1485750423,282,0,3772,3772,403,21,True,1600,13144
ws,800,1600,4,4.0,4.0,26,2636622246,281,0,3214,3214,408,28,True,1600,13122
ws,800,1600,4,4.0,4.0,27,484874866,293,0,4232,4232,413,19,True,1600,13080
ws,800,1600,4,4.0,4.0,28,2849564877,306,0,3692,3692,436,19,True,1600,13062
ws,800,1600,4,4.0,4.0,29,2587634746,275,0,2816,2816,366,20,True,1600,13044
ws,800,1600,4,4.0,4.0,30,3509617474,280,0,4998,4998,401,14,True,1600,13114
ws,800,1600,4,4.0,4.0,31,887873286,288,0,5046,5046,407,21,True,1600,13102
ws,800,1600,4,4.0,4.0,32,3182797419,273,0,4321,4321,386,17,True,1600,13140
ws,800,1600,4,4.0,4.0,33,555835461,282,0,5935,5935,394,15,True,1600,13090
ws,800,1600,4,4.0,4.0,34,242267769,266,0,3781,3781,363,16,True,1600,13142
ws,800,1600,4,4.0,4.0,35,3285423970,294,0,4218,4218,422,22,True,1600,13080
ws,800,1600,4,4.0,4.0,36,4263875652,249,0,3625,3625,356,22,True,1600,13130
ws,800,1600,4,4.0,4.0,37,781557447,300,0,4898,4898,400,13,True,1600,13092
ws,800,1600,4,4.0,4.0,38,1191502775,259,0,2844,2844,358,19,True,1600,13108
ws,800,1600,4,4.0,4.0,39,1111328967,295,0,3023,3023,415,15,True,1600,13094
er,100,399,4,8.0,7.98,0,116706866,54,0,508,508,90,12,True,399,6876
er,100,412,4,8.0,8.24,1,588500823,51,0,410,410,100,21,True,412,7578
er,100,411,4,8.0,8.22,2,2399551319,55,0,455,455,106,20,True,411,7392
er,100,396,4,8.0,7.92,3,3833834660,50,0,381,381,89,19,True,396,6956
er,100,421,4,8.0,8.42,4,2253042144,58,0,612,612,119,22,True,421,7878
er,100,384,4,8.0,7.68,5,826717085,48,0,668,668,94,15,True,384,6596
er,100,415,4,8.0,8.3,6,165288749,51,0,587,587,106,18,True,415,7626
er,100,377,4,8.0,7.54,7,2204939172,50,0,691,691,94,15,True,377,6450
er,100,416,4,8.0,8.32,8,2779631505,51,0,410,410,111,20,True,416,7608
er,100,379,4,8.0,7.58,9,3911644659,47,0,511,511,83,19,True,379,6456
er,100,390,4,8.0,7.8,10,3881784063,58,0,286,286,112,16,True,390,6614
er,100,380,4,8.0,7.6,11,1192238128,46,0,331,331,99,19,True,380,6438
er,100,414,4,8.0,8.28,12,2249594399,53,0,308,308,119,20,True,414,7616
er,100,399,4,8.0,7.98,13,4140208125,45,0,398,398,94,18,True,399,7196
er,100,428,4,8.0,8.56,14,3622335375,50,0,412,412,121,22,True,428,8132
er,100,414,4,8.0,8.28,15,1511545142,47,0,363,363,108,18,True,414,7514
er,100,382,4,8.0,7.64,16,273282124,61,0,832,832,118,13,True,382,6616
er,100,373,4,8.0,7.46,17,1491012164,43,0,713,713,90,15,True,373,6216
er,100,379,4,8.0,7.58,18,63028959,45,0,312,312,95,20,True,379,6446
er,100,381,4,8.0,7.62,19,3753289086,48,0,543,543,97,15,True,381,6552
er,100,433,4,8.0,8.66,20,436551894,55,0,707,707,108,20,True,433,8086
er,100,399,4,8.0,7.98,21,3281198016,55,0,325,325,97,16,True,399,6988
er,100,390,4,8.0,7.8,22,2374052413,50,0,296,296,107,19,True,390,6810
er,100,402,4,8.0,8.04,23,2651807936,47,0,284,284,94,19,True,402,7414
er,100,419,4,8.0,8.38,24,3892471376,67,0,951,951,122,15,True,419,7866
er,100,393,4,8.0,7.86,25,2742193768,56,0,982,982,102,18,True,393,6944
er,100,408,4,8.0,8.16,26,2659130868,45,0,390,390,96,23,True,408,7514
er,100,385,4,8.0,7.7,27,781825983,45,0,825,825,88,20,True,385,6492
er,100,409,4,8.0,8.18,28,1062051214,50,0,347,347,113,23,True,409,7440
er,100,410,4,8.0,8.2,29,793340477,56,0,265,265,103,14,True,410,7456
er,100,382,4,8.0,7.64,30,2469633707,56,0,475,475,100,17,True,382,6386
er,100,419,4,8.0,8.38,31,1541598084,68,0,651,651,115,16,True,419,7922
er,100,423,4,8.0,8.46,32,3651193772,58,0,427,427,110,21,True,423,7854
er,100,403,4,8.0,8.06,33,4071235548,56,0,273,273,108,17,True,403,7428
er,100,359,4,8.0,7.18,34,1238819058,51,0,270,270,89,13,True,359,5782
er,100,419,4,8.0,8.38,35,2963199205,56,0,443,443,100,22,True,419,7758
er,100,377,4,8.0,7.54,36,759418004,53,0,432,432,98,16,True,377,6448
er,100,389,4,8.0,7.78,37,3984593032,50,0,430,430,103,25,True,389,6842
er,100,381,4,8.0,7.62,38,2647261194,46,0,318,318,87,18,True,381,6530
er,100,433,4,8.0,8.66,39,2970186217,44,0,302,302,103,21,True,433,8174
er,200,817,4,8.0,8.17,0,3606850694,99,0,707,707,214,34,True,817,14698
er,200,828,4,8.0,8.28,1,3476307892,109,0,980,980,214,33,True,828,15146
er,200,807,4,8.0,8.07,2,3199992561,105,0,801,801,219,36,True,807,14500
er,200,774,4,8.0,7.74,3,2983236280,114,0,576,576,205,23,True,774,13554
er,200,795,4,8.0,7.95,4,299636579,109,0,1769,1769,204,31,True,795,14050
er,200,810,4,8.0,8.1,5,1042595651,102,0,1146,1146,208,33,True,810,14532
er,200,792,4,8.0,7.92,6,2217838874,101,0,1755,1755,201,36,True,792,14000
er,200,775,4,8.0,7.75,7,1938974798,101,0,1119,1119,183,39,True,775,13254
er,200,806,4,8.0,8.06,8,1165699923,104,0,1095,1095,209,30,True,806,14544
er,200,833,4,8.0,8.33,9,526671677,104,0,880,880,211,34,True,833,15354
er,200,770,4,8.0,7.7,10,1839625914,91,0,908,908,191,29,True,770,13470
er,200,762,4,8.0,7.62,11,735711686,107,0,1192,1192,209,33,True,762,12818
er,200,841,4,8.0,8.41,12,4257107914,106,0,953,953,215,38,True,841,15794
er,200,781,4,8.0,7.81,13,2935668029,105,0,1397,1397,183,24,True,781,13662
er,200,843,4,8.0,8.43,14,1971847515,97,0,1068,1068,199,37,True,843,15630
er,200,820,4,8.0,8.2,15,1821824676,102,0,1225,1225,201,25,True,820,15040
er,200,748,4,8.0,7.48,16,1054684940,90,0,1364,1364,166,27,True,748,12812
er,200,821,4,8.0,8.21,17,1550241809,124,0,1400,1400,225,28,True,821,14956
er,200,768,4,8.0,7.68,18,1355137743,104,0,1012,1012,221,41,True,768,13230
er,200,791,4,8.0,7.91,19,2986761426,101,0,1289,1289,195,28,True,791,13814
er,200,792,4,8.0,7.92,20,683195511,107,0,1021,1021,182,27,True,792,14180
er,200,794,4,8.0,7.94,21,1798505876,98,0,1366,1366,187,31,True,794,14228
er,200,786,4,8.0,7.86,22,451661227,94,0,816,816,194,36,True,786,13670
er,200,803,4,8.0,8.03,23,2114344013,90,0,605,605,206,40,True,803,14546
er,200,811,4,8.0,8.11,24,2979989105,104,0,1086,1086,196,31,True,811,14798
er,200,825,4,8.0,8.25,25,447703312,96,0,1039,1039,204,35,True,825,15252
er,200,804,4,8.0,8.04,26,1945175574,108,0,1158,1158,212,27,True,804,14538
er,200,790,4,8.0,7.9,27,1344751485,102,0,1424,1424,204,34,True,790,13778
er,200,790,4,8.0,7.9,28,3444768005,102,0,1029,1029,198,36,True,790,13956
er,200,806,4,8.0,8.06,29,2811407466,103,0,1274,1274,213,38,True,806,14518
er,200,825,4,8.0,8.25,30,1698783381,97,0,894,894,190,33,True,825,15316
er,200,794,4,8.0,7.94,31,3708706509,90,0,1812,1812,190,36,True,794,14026
er,200,761,4,8.0,7.61,32,3136349704,98,0,1085,1085,192,34,True,761,13082
er,200,819,4,8.0,8.19,33,222319546,101,0,942,942,218,33,True,819,14946
er,200,779,4,8.0,7.79,34,873641477,94,0,1461,1461,184,31,True,779,13638
er,200,823,4,8.0,8.23,35,2033361925,116,0,1342,1342,208,30,True,823,15048
er,200,815,4,8.0,8.15,36,2686080313,96,0,1570,1570,202,32,True,815,14652
er,200,800,4,8.0,8.0,37,4084504008,105,0,1330,1330,203,33,True,800,14402
er,200,722,4,8.0,7.22,38,1944377937,103,0,622,622,192,36,True,722,11796
er,200,827,4,8.0,8.27,39,459242211,102,0,803,803,215,38,True,827,15102
er,400,1598,4,8.0,7.99,0,901100164,192,0,2517,2517,404,71,True,1598,28240
er,400,1528,4,8.0,7.64,1,2681965744,188,0,3210,3210,373,58,True,1528,26410
er,400,1659,4,8.0,8.295,2,2199507637,192,0,2867,2867,389,78,True,1659,30812
er,400,1599,4,8.0,7.995,3,112048638,200,0,2316,2316,387,64,True,1599,28920
er,400,1609,4,8.0,8.045,4,344412631,197,0,2197,2197,407,69,True,1609,28698
er,400,1612,4,8.0,8.06,5,485083414,184,0,2427,2427,380,66,True,1612,29054
er,400,1595,4,8.0,7.975,6,4236904452,191,0,1653,1653,380,65,True,1595,28398
er,400,1644,4,8.0,8.22,7,1437724028,202,0,2506,2506,414,72,True,1644,30416
er,400,1567,4,8.0,7.835,8,3802454509,197,0,3741,3741,379,48,True,1567,27794
er,400,1661,4,8.0,8.305,9,2638672302,188,0,1824,1824,408,88,True,1661,30880
er,400,1574,4,8.0,7.87,10,1497873332,191,0,2424,2424,382,60,True,1574,27500
er,400,1683,4,8.0,8.415,11,1779289159,215,0,3424,3424,417,68,True,1683,31520
er,400,1669,4,8.0,8.345,12,301549308,210,0,2414,2414,417,57,True,1669,30834
er,400,1732,4,8.0,8.66,13,2130086124,189,0,1943,1943,435,79,True,1732,33214
er,400,1585,4,8.0,7.925,14,3762894330,198,0,2048,2048,399,72,True,1585,28064
er,400,1687,4,8.0,8.435,15,1956703872,216,0,2155,2155,440,70,True,1687,31648
er,400,1562,4,8.0,7.81,16,3992149122,207,0,3274,3274,392,61,True,1562,27198
er,400,1542,4,8.0,7.71,17,915043977,192,0,4153,4153,375,58,True,1542,26486
er,400,1587,4,8.0,7.935,18,4135055211,212,0,3690,3690,386,59,True,1587,28504
er,400,1576,4,8.0,7.88,19,2088230773,213,0,2269,2269,419,61,True,1576,27726
er,400,1623,4,8.0,8.115,20,3107346705,205,0,5104,5104,424,63,True,1623,29700
er,400,1572,4,8.0,7.86,21,3699869063,193,0,1691,1691,366,64,True,1572,27794
er,400,1631,4,8.0,8.155,22,1308771792,220,0,3391,3391,422,65,True,1631,29612
er,400,1580,4,8.0,7.9,23,3254531778,216,0,3566,3566,421,67,True,1580,27906
er,400,1623,4,8.0,8.115,24,3541801832,196,0,2283,2283,419,71,True,1623,29586
er,400,1568,4,8.0,7.84,25,1450211328,205,0,2456,2456,389,56,True,1568,27722
er,400,1624,4,8.0,8.12,26,3627897362,209,0,2214,2214,425,74,True,1624,30080
er,400,1541,4,8.0,7.705,27,2373384270,187,0,3120,3120,367,70,True,1541,26572
er,400,1666,4,8.0,8.33,28,474883452,216,0,2565,2565,423,67,True,1666,31008
er,400,1584,4,8.0,7.92,29,3666663674,188,0,3698,3698,385,72,True,1584,28084
er,400,1576,4,8.0,7.88,30,1979553222,187,0,2293,2293,396,76,True,1576,28176
er,400,1524,4,8.0,7.62,31,916424851,200,0,2991,2991,386,60,True,1524,26316
er,400,1661,4,8.0,8.305,32,3933679496,201,0,2878,2878,404,73,True,1661,30842
er,400,1606,4,8.0,8.03,33,1030744723,199,0,2895,2895,405,63,True,1606,28876
er,400,1549,4,8.0,7.745,34,3793328939,210,0,1942,1942,391,60,True,1549,26920
er,400,1549,4,8.0,7.745,35,2089466624,206,0,2613,2613,388,61,True,1549,27050
er,400,1631,4,8.0,8.155,36,1359345419,194,0,2467,2467,410,73,True,1631,29536
er,400,1560,4,8.0,7.8,37,4266542508,206,0,2312,2312,399,61,True,1560,27164
er,400,1591,4,8.0,7.955,38,194316143,193,0,1736,1736,390,58,True,1591,28530
er,400,1603,4,8.0,8.015,39,1965194376,212,0,2730,2730,397,60,True,1603,28868
er,800,3289,4,8.0,8.2225,0,3643506786,415,0,6152,6152,827,141,True,3289,60782
er,800,3270,4,8.0,8.175,1,3011020263,382,0,6138,6138,780,153,True,3270,60304
er,800,3206,4,8.0,8.015,2,3207637460,397,0,5739,5739,792,146,True,3206,57336
er,800,3169,4,8.0,7.9225,3,47217852,414,0,6783,6783,788,117,True,3169,56348
er,800,3292,4,8.0,8.23,4,2983000565,408,0,5648,5648,845,143,True,3292,60184
er,800,3218,4,8.0,8.045,5,4142599991,424,0,5655,5655,847,129,True,3218,58192
er,800,3197,4,8.0,7.9925,6,3989403587,418,0,9371,9371,790,126,True,3197,57580
er,800,3224,4,8.0,8.06,7,2881217358,416,0,5899,5899,803,130,True,3224,58700
er,800,3283,4,8.0,8.2075,8,475503822,441,0,5047,5047,832,112,True,3283,60028
er,800,3186,4,8.0,7.965,9,3776948663,385,0,6331,6331,758,144,True,3186,57024
er,800,3180,4,8.0,7.95,10,3078673703,388,0,3728,3728,786,135,True,3180,57026
er,800,3195,4,8.0,7.9875,11,3029866349,420,0,5862,5862,833,131,True,3195,57240
er,800,3186,4,8.0,7.965,12,4081274103,397,0,6297,6297,796,130,True,3186,57276
er,800,3308,4,8.0,8.27,13,1165112732,414,0,5662,5662,813,130,True,3308,61118
er,800,3264,4,8.0,8.16,14,3053596686,416,0,6139,6139,829,140,True,3264,59426
er,800,3258,4,8.0,8.145,15,1215231407,405,0,4957,4957,809,133,True,3258,59652
er,800,3189,4,8.0,7.9725,16,343706610,438,0,5291,5291,844,129,True,3189,57286
er,800,3103,4,8.0,7.7575,17,2900236352,403,0,4648,4648,774,123,True,3103,54232
er,800,3195,4,8.0,7.9875,18,3327133515,410,0,9031,9031,837,130,True,3195,57390
er,800,3134,4,8.0,7.835,19,299862320,430,0,8101,8101,777,111,True,3134,55298
er,800,3184,4,8.0,7.96,20,3558156065,414,0,6398,6398,772,122,True,3184,57066
er,800,3187,4,8.0,7.9675,21,1397941282,395,0,6117,6117,753,109,True,3187,56778
er,800,3194,4,8.0,7.985,22,2057935976,394,0,4343,4343,768,126,True,3194,57310
er,800,3171,4,8.0,7.9275,23,183729721,397,0,6295,6295,785,116,True,3171,56254
er,800,3232,4,8.0,8.08,24,927252867,409,0,8546,8546,818,127,True,3232,58416
er,800,3195,4,8.0,7.9875,25,3324658963,430,0,4868,4868,836,118,True,3195,57162
er,800,3187,4,8.0,7.9675,26,1035905734,423,0,6406,6406,816,129,True,3187,57932
er,800,3197,4,8.0,7.9925,27,1893690116,410,0,6825,6825,815,125,True,3197,57272
er,800,3260,4,8.0,8.15,28,3912692584,424,0,6903,6903,853,130,True,3260,59482
er,800,3097,4,8.0,7.7425,29,1247871016,400,0,6557,6557,753,106,True,3097,53826
er,800,3183,4,8.0,7.9575,30,1990500075,410,0,5673,5673,791,125,True,3183,57550
er,800,3216,4,8.0,8.04,31,1003467362,438,0,6396,6396,845,119,True,3216,57838
er,800,3164,4,8.0,7.91,32,554528422,408,0,6654,6654,811,120,True,3164,56238
er,800,3250,4,8.0,8.125,33,2505443467,435,0,7717,7717,863,131,True,3250,59046
er,800,3217,4,8.0,8.0425,34,2332411428,375,0,5441,5441,744,141,True,3217,57906
er,800,3224,4,8.0,8.06,35,4150738361,412,0,6430,6430,819,110,True,3224,58394
er,800,3165,4,8.0,7.9125,36,1064769637,402,0,5268,5268,805,126,True,3165,56710
er,800,3302,4,8.0,8.255,37,1559532083,397,0,5314,5314,826,140,True,3302,60796
er,800,3136,4,8.0,7.84,38,3111936475,392,0,7360,7360,797,136,True,3136,55598
er,800,3170,4,8.0,7.925,39,1115060835,430,0,5065,5065,796,104,True,3170,56242
ba,100,384,4,8.0,7.68,0,2740479194,52,0,308,308,88,18,True,384,10122
ba,100,384,4,8.0,7.68,1,1850368157,54,0,883,883,93,13,True,384,8378
ba,100,384,4,8.0,7.68,2,2173210895,65,0,507,507,102,10,True,384,9654
ba,100,384,4,8.0,7.68,3,3459110025,52,0,378,378,98,14,True,384,8814
ba,100,384,4,8.0,7.68,4,1703584563,59,0,622,622,97,11,True,384,8642
ba,100,384,4,8.0,7.68,5,1988687388,50,0,475,475,97,20,True,384,8712
ba,100,384,4,8.0,7.68,6,2055512037,62,0,433,433,110,21,True,384,8454
ba,100,384,4,8.0,7.68,7,815108785,57,0,472,472,99,14,True,384,8990
ba,100,384,4,8.0,7.68,8,804778990,50,0,541,541,98,19,True,384,8978
ba,100,384,4,8.0,7.68,9,3154448650,52,0,391,391,101,18,True,384,9482
ba,100,384,4,8.0,7.68,10,2487867369,41,0,902,902,78,19,True,384,8356
ba,100,384,4,8.0,7.68,11,4043455263,45,0,608,608,87,15,True,384,10102
ba,100,384,4,8.0,7.68,12,2653637975,49,0,1115,1115,102,18,True,384,8742
ba,100,384,4,8.0,7.68,13,1868372731,57,0,423,423,105,15,True,384,9506
ba,100,384,4,8.0,7.68,14,2728596199,49,0,811,811,107,25,True,384,8676
ba,100,384,4,8.0,7.68,15,3413782059,46,0,438,438,96,16,True,384,9220
ba,100,384,4,8.0,7.68,16,3438153384,36,0,441,441,86,27,True,384,8774
ba,100,384,4,8.0,7.68,17,371458530,52,0,414,414,93,20,True,384,9430
ba,100,384,4,8.0,7.68,18,803778547,45,0,675,675,94,19,True,384,9548
ba,100,384,4,8.0,7.68,19,1562352040,56,0,485,485,99,14,True,384,9286
ba,100,384,4,8.0,7.68,20,3131408841,45,0,445,445,85,22,True,384,9454
ba,100,384,4,8.0,7.68,21,1832054331,54,0,389,389,101,20,True,384,9138
ba,100,384,4,8.0,7.68,22,3652879595,48,0,746,746,97,16,True,384,8838
ba,100,384,4,8.0,7.68,23,3999788018,46,0,503,503,99,21,True,384,9180
ba,100,384,4,8.0,7.68,24,612947399,49,0,694,694,94,9,True,384,8692
ba,100,384,4,8.0,7.68,25,1711074885,55,0,607,607,100,11,True,384,9248
ba,100,384,4,8.0,7.68,26,3347030407,59,0,617,617,103,11,True,384,8724
ba,100,384,4,8.0,7.68,27,3250808760,47,0,402,402,93,21,True,384,8760
ba,100,384,4,8.0,7.68,28,2091918870,45,0,897,897,85,19,True,384,8546
ba,100,384,4,8.0,7.68,29,2344760075,51,0,416,416,92,15,True,384,9098
ba,100,384,4,8.0,7.68,30,6551108,45,0,457,457,94,16,True,384,8156
ba,100,384,4,8.0,7.68,31,1276399329,48,0,226,226,96,19,True,384,9206
ba,100,384,4,8.0,7.68,32,1929481797,56,0,386,386,94,18,True,384,8384
ba,100,384,4,8.0,7.68,33,2936730287,52,0,443,443,102,15,True,384,9388
ba,100,384,4,8.0,7.68,34,1836985695,47,0,325,325,95,22,True,384,8544
ba,100,384,4,8.0,7.68,35,910648430,50,0,1146,1146,90,15,True,384,10134
ba,100,384,4,8.0,7.68,36,1879905652,51,0,346,346,101,18,True,384,8782
ba,100,384,4,8.0,7.68,37,2374411753,48,0,425,425,83,15,True,384,8816
ba,100,384,4,8.0,7.68,38,1859950451,43,0,287,287,92,25,True,384,9438
ba,100,384,4,8.0,7.68,39,245665657,47,0,333,333,91,20,True,384,8608
ba,200,784,4,8.0,7.84,0,3891710260,102,0,1194,1194,204,38,True,784,20840
ba,200,784,4,8.0,7.84,1,711066666,107,0,1236,1236,196,32,True,784,20842
ba,200,784,4,8.0,7.84,2,1288837909,101,0,981,981,174,32,True,784,20022
ba,200,784,4,8.0,7.84,3,3068456861,108,0,1259,1259,213,38,True,784,21978
ba,200,784,4,8.0,7.84,4,1426462568,111,0,1814,1814,201,37,True,784,19280
ba,200,784,4,8.0,7.84,5,2902840932,89,0,1022,1022,191,44,True,784,20892
ba,200,784,4,8.0,7.84,6,3490741621,105,0,1795,1795,197,29,True,784,21338
ba,200,784,4,8.0,7.84,7,112387226,110,0,843,843,215,40,True,784,20002
ba,200,784,4,8.0,7.84,8,1321779476,108,0,965,965,185,33,True,784,21938
ba,200,784,4,8.0,7.84,9,2272798687,111,0,884,884,215,30,True,784,20680
ba,200,784,4,8.0,7.84,10,3912077577,108,0,1103,1103,200,35,True,784,22090
ba,200,784,4,8.0,7.84,11,2132193942,96,0,837,837,196,44,True,784,20246
ba,200,784,4,8.0,7.84,12,2554832448,111,0,1140,1140,198,29,True,784,19694
ba,200,784,4,8.0,7.84,13,4029171813,108,0,1084,1084,203,35,True,784,19796
ba,200,784,4,8.0,7.84,14,1057083736,91,0,922,922,185,34,True,784,23222
ba,200,784,4,8.0,7.84,15,2170624715,106,0,829,829,223,46,True,784,22344
ba,200,784,4,8.0,7.84,16,2036756561,88,0,741,741,190,40,True,784,20548
ba,200,784,4,8.0,7.84,17,3205828856,97,0,758,758,190,33,True,784,21480
ba,200,784,4,8.0,7.84,18,1510538474,96,0,1337,1337,188,35,True,784,20468
ba,200,784,4,8.0,7.84,19,1337884530,102,0,670,670,198,40,True,784,22054
ba,200,784,4,8.0,7.84,20,1366214631,105,0,1843,1843,196,36,True,784,21764
ba,200,784,4,8.0,7.84,21,3154252399,90,0,1238,1238,180,37,True,784,21136
ba,200,784,4,8.0,7.84,22,1421518054,94,0,790,790,203,34,True,784,22140
ba,200,784,4,8.0,7.84,23,1609404444,91,0,1582,1582,191,32,True,784,21188
ba,200,784,4,8.0,7.84,24,626313794,91,0,1231,1231,177,30,True,784,20816
ba,200,784,4,8.0,7.84,25,2218284262,111,0,2108,2108,206,34,True,784,22666
ba,200,784,4,8.0,7.84,26,3774873885,102,0,981,981,203,37,True,784,19702
ba,200,784,4,8.0,7.84,27,1004914055,108,0,1053,1053,204,35,True,784,23168
ba,200,784,4,8.0,7.84,28,2948296714,101,0,1269,1269,185,34,True,784,21416
ba,200,784,4,8.0,7.84,29,3550274632,106,0,971,971,200,40,True,784,19884
ba,200,784,4,8.0,7.84,30,3522987808,104,0,1003,1003,202,37,True,784,23080
ba,200,784,4,8.0,7.84,31,2422472257,103,0,859,859,211,41,True,784,22718
ba,200,784,4,8.0,7.84,32,2760463369,105,0,1271,1271,200,30,True,784,21536
ba,200,784,4,8.0,7.84,33,850655873,98,0,989,989,184,44,True,784,21496
ba,200,784,4,8.0,7.84,34,566068585,111,0,1155,1155,218,36,True,784,22092
ba,200,784,4,8.0,7.84,35,659799582,96,0,963,963,185,37,True,784,20918
ba,200,784,4,8.0,7.84,36,3679544724,101,0,956,956,183,30,True,784,20862
ba,200,784,4,8.0,7.84,37,4066404836,95,0,1025,1025,199,36,True,784,24166
ba,200,784,4,8.0,7.84,38,1432013278,100,0,806,806,194,38,True,784,21254
ba,200,784,4,8.0,7.84,39,3930086720,99,0,903,903,174,35,True,784,22122
ba,400,1584,4,8.0,7.92,0,2083937672,199,0,3854,3854,397,82,True,1584,48914
ba,400,1584,4,8.0,7.92,1,1816255789,182,0,4519,4519,379,81,True,1584,46808
ba,400,1584,4,8.0,7.92,2,159772782,203,0,2261,2261,417,89,True,1584,51320
ba,400,1584,4,8.0,7.92,3,2249696595,203,0,2098,2098,423,62,True,1584,50742
ba,400,1584,4,8.0,7.92,4,1994618810,211,0,3014,3014,432,84,True,1584,45460
ba,400,1584,4,8.0,7.92,5,2848455011,198,0,2440,2440,374,66,True,1584,46862
ba,400,1584,4,8.0,7.92,6,361617932,216,0,2604,2604,416,69,True,1584,49792
ba,400,1584,4,8.0,7.92,7,3058569354,191,0,3234,3234,388,87,True,1584,48076
ba,400,1584,4,8.0,7.92,8,3458570629,203,0,2755,2755,415,92,True,1584,51596
ba,400,1584,4,8.0,7.92,9,414368881,216,0,2319,2319,434,58,True,1584,48698
ba,400,1584,4,8.0,7.92,10,1874532099,194,0,2655,2655,392,81,True,1584,48270
ba,400,1584,4,8.0,7.92,11,1699229036,198,0,2847,2847,416,84,True,1584,46468
ba,400,1584,4,8.0,7.92,12,4046961867,224,0,2201,2201,443,78,True,1584,48920
ba,400,1584,4,8.0,7.92,13,1233060622,197,0,1931,1931,408,82,True,1584,45254
ba,400,1584,4,8.0,7.92,14,348250405,205,0,2204,2204,402,63,True,1584,47192
ba,400,1584,4,8.0,7.92,15,375087506,224,0,2787,2787,432,73,True,1584,45860
ba,400,1584,4,8.0,7.92,16,926814148,205,0,3534,3534,396,63,True,1584,43916
ba,400,1584,4,8.0,7.92,17,2795383007,206,0,4373,4373,395,68,True,1584,46956
ba,400,1584,4,8.0,7.92,18,3004020538,192,0,3121,3121,381,75,True,1584,50262
ba,400,1584,4,8.0,7.92,19,3204690152,209,0,2164,2164,395,77,True,1584,49404
ba,400,1584,4,8.0,7.92,20,3697306764,204,0,2115,2115,394,85,True,1584,49230
ba,400,1584,4,8.0,7.92,21,2375210523,199,0,3075,3075,408,82,True,1584,51456
ba,400,1584,4,8.0,7.92,22,3834889178,224,0,3022,3022,415,70,True,1584,47340
ba,400,1584,4,8.0,7.92,23,3972895448,203,0,2994,2994,383,74,True,1584,48470
ba,400,1584,4,8.0,7.92,24,1487300588,197,0,2435,2435,387,69,True,1584,50444
ba,400,1584,4,8.0,7.92,25,2201347692,200,0,1561,1561,387,72,True,1584,49074
ba,400,1584,4,8.0,7.92,26,2312900644,201,0,2056,2056,411,80,True,1584,48804
ba,400,1584,4,8.0,7.92,27,3851842657,194,0,2821,2821,388,68,True,1584,47826
ba,400,1584,4,8.0,7.92,28,3190576417,197,0,3751,3751,393,69,True,1584,47342
ba,400,1584,4,8.0,7.92,29,1286883005,211,0,2751,2751,405,74,True,1584,45760
ba,400,1584,4,8.0,7.92,30,2802751438,203,0,2458,2458,386,80,True,1584,51058
ba,400,1584,4,8.0,7.92,31,1551783755,183,0,2430,2430,354,73,True,1584,46816
ba,400,1584,4,8.0,7.92,32,3757969242,233,0,2228,2228,445,60,True,1584,47296
ba,400,1584,4,8.0,7.92,33,3789721575,203,0,3099,3099,386,69,True,1584,47080
ba,400,1584,4,8.0,7.92,34,3006184871,196,0,3638,3638,396,72,True,1584,46726
ba,400,1584,4,8.0,7.92,35,2472485534,210,0,3797,3797,384,60,True,1584,52290
ba,400,1584,4,8.0,7.92,36,3504456248,192,0,2894,2894,385,83,True,1584,53120
ba,400,1584,4,8.0,7.92,37,1407838850,228,0,3209,3209,429,59,True,1584,45922
ba,400,1584,4,8.0,7.92,38,2808330400,202,0,2692,2692,382,72,True,1584,47434
ba,400,1584,4,8.0,7.92,39,2823588721,208,0,2594,2594,410,70,True,1584,48362
ba,800,3184,4,8.0,7.96,0,2062939050,399,0,7167,7167,787,151,True,3184,110168
ba,800,3184,4,8.0,7.96,1,569656089,405,0,4517,4517,782,134,True,3184,101798
ba,800,3184,4,8.0,7.96,2,832856214,437,0,5719,5719,808,133,True,3184,111074
ba,800,3184,4,8.0,7.96,3,1237894653,422,0,4809,4809,780,140,True,3184,113798
ba,800,3184,4,8.0,7.96,4,92579542,413,0,5999,5999,811,149,True,3184,97304
ba,800,3184,4,8.0,7.96,5,1673856928,408,0,8403,8403,789,146,True,3184,103976
ba,800,3184,4,8.0,7.96,6,1913424068,374,0,6780,6780,736,171,True,3184,101628
ba,800,3184,4,8.0,7.96,7,1921071734,418,0,8555,8555,827,161,True,3184,103238
ba,800,3184,4,8.0,7.96,8,1616311837,417,0,5593,5593,821,155,True,3184,99938
ba,800,3184,4,8.0,7.96,9,1896077833,398,0,4446,4446,786,148,True,3184,116048
ba,800,3184,4,8.0,7.96,10,1530338102,400,0,6117,6117,792,145,True,3184,106936
ba,800,3184,4,8.0,7.96,11,920773293,414,0,7027,7027,846,146,True,3184,107704
ba,800,3184,4,8.0,7.96,12,3420157016,393,0,6242,6242,798,160,True,3184,107786
ba,800,3184,4,8.0,7.96,13,2137563017,437,0,7695,7695,814,141,True,3184,107686
ba,800,3184,4,8.0,7.96,14,718808685,421,0,6382,6382,812,152,True,3184,109716
ba,800,3184,4,8.0,7.96,15,763930918,415,0,5685,5685,773,151,True,3184,105078
ba,800,3184,4,8.0,7.96,16,3177935064,422,0,7760,7760,783,139,True,3184,106292
ba,800,3184,4,8.0,7.96,17,874012841,393,0,6142,6142,776,157,True,3184,108080
ba,800,3184,4,8.0,7.96,18,1332182273,433,0,6039,6039,781,138,True,3184,104562
ba,800,3184,4,8.0,7.96,19,2782613979,409,0,6314,6314,804,140,True,3184,108454
ba,800,3184,4,8.0,7.96,20,1113268758,410,0,6953,6953,790,156,True,3184,108282
ba,800,3184,4,8.0,7.96,21,4187903388,387,0,5434,5434,768,152,True,3184,106174
ba,800,3184,4,8.0,7.96,22,3585623848,406,0,5468,5468,790,142,True,3184,102662
ba,800,3184,4,8.0,7.96,23,482449237,423,0,7348,7348,814,142,True,3184,107112
ba,800,3184,4,8.0,7.96,24,1206715756,425,0,5736,5736,800,139,True,3184,107160
ba,800,3184,4,8.0,7.96,25,2840686339,382,0,6374,6374,754,151,True,3184,106920
ba,800,3184,4,8.0,7.96,26,2072116256,421,0,6985,6985,819,147,True,3184,107984
ba,800,3184,4,8.0,7.96,27,3348448435,415,0,5254,5254,788,163,True,3184,111946
ba,800,3184,4,8.0,7.96,28,3007440820,417,0,6175,6175,785,147,True,3184,110322
ba,800,3184,4,8.0,7.96,29,244119708,394,0,5518,5518,777,139,True,3184,97300
ba,800,3184,4,8.0,7.96,30,3455354317,422,0,5879,5879,797,144,True,3184,109800
ba,800,3184,4,8.0,7.96,31,4266070433,414,0,5850,5850,808,146,True,3184,106206
ba,800,3184,4,8.0,7.96,32,3581351762,403,0,4819,4819,768,146,True,3184,117070
ba,800,3184,4,8.0,7.96,33,2708249754,394,0,4794,4794,744,141,True,3184,115068
ba,800,3184,4,8.0,7.96,34,1115778897,400,0,7204,7204,796,158,True,3184,108054
ba,800,3184,4,8.0,7.96,35,1036481215,385,0,3738,3738,786,164,True,3184,110420
ba,800,3184,4,8.0,7.96,36,1240493456,406,0,5973,5973,776,137,True,3184,99462
ba,800,3184,4,8.0,7.96,37,1806332266,404,0,5280,5280,799,153,True,3184,110782
ba,800,3184,4,8.0,7.96,38,2607768423,432,0,5851,5851,793,147,True,3184,105540
ba,800,3184,4,8.0,7.96,39,3003206285,408,0,8375,8375,779,157,True,3184,103432
ws,100,400,4,8.0,8.0,0,2239544785,51,0,328,328,123,29,True,400,6472
ws,100,400,4,8.0,8.0,1,2591611794,46,0,623,623,100,26,True,400,6472
ws,100,400,4,8.0,8.0,2,1830524947,43,0,507,507,103,32,True,400,6480
ws,100,400,4,8.0,8.0,3,1906427498,46,0,528,528,99,33,True,400,6474
ws,100,400,4,8.0,8.0,4,2111102232,43,0,796,796,111,35,True,400,6486
ws,100,400,4,8.0,8.0,5,2312380787,42,0,680,680,101,36,True,400,6480
ws,100,400,4,8.0,8.0,6,2818913451,48,0,643,643,107,38,True,400,6450
ws,100,400,4,8.0,8.0,7,3816519658,42,0,527,527,98,33,True,400,6462
ws,100,400,4,8.0,8.0,8,2312501963,39,0,370,370,91,31,True,400,6466
ws,100,400,4,8.0,8.0,9,4053361852,43,0,448,448,95,31,True,400,6462
ws,100,400,4,8.0,8.0,10,1021619894,51,0,584,584,100,28,True,400,6488
ws,100,400,4,8.0,8.0,11,3837274474,42,0,211,211,114,36,True,400,6470
ws,100,400,4,8.0,8.0,12,2686713354,36,0,361,361,94,37,True,400,6454
ws,100,400,4,8.0,8.0,13,1473772748,50,0,303,303,109,33,True,400,6472
ws,100,400,4,8.0,8.0,14,1871139116,41,0,312,312,107,33,True,400,6464
ws,100,400,4,8.0,8.0,15,3846219724,46,0,529,529,90,30,True,400,6468
ws,100,400,4,8.0,8.0,16,3968674680,38,0,170,170,94,41,True,400,6464
ws,100,400,4,8.0,8.0,17,867582957,50,0,282,282,116,26,True,400,6488
ws,100,400,4,8.0,8.0,18,3253287545,41,0,486,486,109,37,True,400,6474
ws,100,400,4,8.0,8.0,19,547710543,32,0,584,584,85,33,True,400,6472
ws,100,400,4,8.0,8.0,20,1225106106,37,0,466,466,89,31,True,400,6482
ws,100,400,4,8.0,8.0,21,4184482037,37,0,430,430,87,34,True,400,6460
ws,100,400,4,8.0,8.0,22,4280389371,54,0,471,471,111,29,True,400,6488
ws,100,400,4,8.0,8.0,23,214049908,44,0,525,525,98,32,True,400,6458
ws,100,400,4,8.0,8.0,24,1487323654,39,0,449,449,98,37,True,400,6474
ws,100,400,4,8.0,8.0,25,1052488583,42,0,615,615,79,30,True,400,6458
ws,100,400,4,8.0,8.0,26,2496485346,39,0,689,689,96,34,True,400,6466
ws,100,400,4,8.0,8.0,27,1455573110,44,0,446,446,110,32,True,400,6464
ws,100,400,4,8.0,8.0,28,3853670113,41,0,443,443,93,34,True,400,6472
ws,100,400,4,8.0,8.0,29,258096420,43,0,464,464,89,33,True,400,6474
ws,100,400,4,8.0,8.0,30,854673387,38,0,240,240,95,35,True,400,6472
ws,100,400,4,8.0,8.0,31,3385895520,34,0,338,338,97,39,True,400,6492
ws,100,400,4,8.0,8.0,32,1133340010,48,0,534,534,104,35,True,400,6470
ws,100,400,4,8.0,8.0,33,3192280870,53,0,888,888,106,31,True,400,6478
ws,100,400,4,8.0,8.0,34,1408112276,43,0,523,523,100,34,True,400,6492
ws,100,400,4,8.0,8.0,35,2205199634,43,0,383,383,98,30,True,400,6486
ws,100,400,4,8.0,8.0,36,1485529484,43,0,364,364,109,38,True,400,6472
ws,100,400,4,8.0,8.0,37,4017736691,45,0,734,734,105,36,True,400,6468
ws,100,400,4,8.0,8.0,38,3520807145,36,0,264,264,83,36,True,400,6462
ws,100,400,4,8.0,8.0,39,1055165046,39,0,340,340,85,33,True,400,6460
ws,200,800,4,8.0,8.0,0,2904988753,86,0,734,734,193,64,True,800,12924
ws,200,800,4,8.0,8.0,1,4283437973,94,0,1417,1417,217,66,True,800,12938
ws,200,800,4,8.0,8.0,2,3223850032,83,0,873,873,197,67,True,800,12942
ws,200,800,4,8.0,8.0,3,2339248947,97,0,1299,1299,200,62,True,800,12938
ws,200,800,4,8.0,8.0,4,690317437,95,0,1388,1388,218,63,True,800,12948
ws,200,800,4,8.0,8.0,5,2817943259,97,0,2015,2015,205,61,True,800,12954
ws,200,800,4,8.0,8.0,6,4272551455,81,0,685,685,201,66,True,800,12968
ws,200,800,4,8.0,8.0,7,3577924161,78,0,970,970,205,67,True,800,12964
ws,200,800,4,8.0,8.0,8,2313716263,88,0,544,544,199,67,True,800,12910
ws,200,800,4,8.0,8.0,9,3749572441,94,0,1714,1714,215,71,True,800,12946
ws,200,800,4,8.0,8.0,10,3199843936,88,0,776,776,190,65,True,800,12908
ws,200,800,4,8.0,8.0,11,490497271,85,0,1269,1269,195,59,True,800,12992
ws,200,800,4,8.0,8.0,12,4014241731,88,0,1042,1042,178,65,True,800,12920
ws,200,800,4,8.0,8.0,13,86368039,96,0,1765,1765,218,65,True,800,12928
ws,200,800,4,8.0,8.0,14,1314825978,79,0,974,974,193,64,True,800,12902
ws,200,800,4,8.0,8.0,15,2833082661,91,0,1183,1183,208,65,True,800,12918
ws,200,800,4,8.0,8.0,16,2250134629,77,0,727,727,187,72,True,800,12968
ws,200,800,4,8.0,8.0,17,965315627,89,0,1444,1444,192,63,True,800,12980
ws,200,800,4,8.0,8.0,18,109408812,87,0,1491,1491,195,60,True,800,12958
ws,200,800,4,8.0,8.0,19,1335458072,97,0,1137,1137,217,66,True,800,12954
ws,200,800,4,8.0,8.0,20,2315914758,87,0,1633,1633,186,66,True,800,12954
ws,200,800,4,8.0,8.0,21,1335849255,96,0,865,865,204,62,True,800,12990
ws,200,800,4,8.0,8.0,22,3652758523,84,0,1225,1225,199,67,True,800,12954
ws,200,800,4,8.0,8.0,23,1812526694,85,0,881,881,214,71,True,800,12940
ws,200,800,4,8.0,8.0,24,1672675626,89,0,1012,1012,213,71,True,800,12920
ws,200,800,4,8.0,8.0,25,3201096708,87,0,1355,1355,197,69,True,800,12996
ws,200,800,4,8.0,8.0,26,1722248094,84,0,1448,1448,201,71,True,800,12922
ws,200,800,4,8.0,8.0,27,1067012476,88,0,1083,1083,202,69,True,800,12950
ws,200,800,4,8.0,8.0,28,219173258,82,0,1168,1168,204,69,True,800,12916
ws,200,800,4,8.0,8.0,29,1529828040,88,0,1145,1145,208,66,True,800,12934
ws,200,800,4,8.0,8.0,30,819619403,85,0,709,709,200,64,True,800,12930
ws,200,800,4,8.0,8.0,31,2789577945,78,0,748,748,188,64,True,800,12948
ws,200,800,4,8.0,8.0,32,1666744485,83,0,745,745,187,65,True,800,12966
ws,200,800,4,8.0,8.0,33,992612957,94,0,892,892,203,60,True,800,12956
ws,200,800,4,8.0,8.0,34,1438979231,80,0,1584,1584,186,67,True,800,12954
ws,200,800,4,8.0,8.0,35,1597955132,93,0,971,971,198,62,True,800,12942
ws,200,800,4,8.0,8.0,36,3823381746,95,0,633,633,215,67,True,800,12930
ws,200,800,4,8.0,8.0,37,4052554119,86,0,720,720,211,70,True,800,13022
ws,200,800,4,8.0,8.0,38,444038053,94,0,854,854,209,68,True,800,12968
ws,200,800,4,8.0,8.0,39,2839129202,90,0,1150,1150,202,69,True,800,12926
ws,400,1600,4,8.0,8.0,0,4004460327,180,0,2913,2913,386,131,True,1600,25908
ws,400,1600,4,8.0,8.0,1,467030189,180,0,2529,2529,414,135,True,1600,25904
ws,400,1600,4,8.0,8.0,2,3208746350,181,0,1987,1987,414,127,True,1600,25898
ws,400,1600,4,8.0,8.0,3,427950011,173,0,1684,1684,386,134,True,1600,25882
ws,400,1600,4,8.0,8.0,4,1943447343,181,0,2930,2930,384,124,True,1600,25978
ws,400,1600,4,8.0,8.0,5,594975672,164,0,2354,2354,387,140,True,1600,25914
ws,400,1600,4,8.0,8.0,6,749851288,189,0,2212,2212,400,114,True,1600,25868
ws,400,1600,4,8.0,8.0,7,2517330105,157,0,2001,2001,397,131,True,1600,25894
ws,400,1600,4,8.0,8.0,8,1594660845,174,0,2635,2635,407,139,True,1600,25936
ws,400,1600,4,8.0,8.0,9,2256553239,198,0,1903,1903,417,136,True,1600,25936
ws,400,1600,4,8.0,8.0,10,1962807700,171,0,1724,1724,437,147,True,1600,25896
ws,400,1600,4,8.0,8.0,11,1686976056,168,0,1596,1596,390,142,True,1600,25930
ws,400,1600,4,8.0,8.0,12,1529555357,177,0,2833,2833,428,137,True,1600,25900
ws,400,1600,4,8.0,8.0,13,2095382076,178,0,2865,2865,386,127,True,1600,25910
ws,400,1600,4,8.0,8.0,14,2606873339,186,0,2003,2003,419,132,True,1600,25890
ws,400,1600,4,8.0,8.0,15,1838350938,167,0,2635,2635,389,134,True,1600,25942
ws,400,1600,4,8.0,8.0,16,591778557,183,0,2492,2492,390,127,True,1600,25886
ws,400,1600,4,8.0,8.0,17,4258227143,166,0,2590,2590,388,138,True,1600,25952
ws,400,1600,4,8.0,8.0,18,1047114378,169,0,1878,1878,392,132,True,1600,25892
ws,400,1600,4,8.0,8.0,19,1507325020,158,0,1814,1814,366,138,True,1600,25920
ws,400,1600,4,8.0,8.0,20,3687185059,170,0,3000,3000,368,133,True,1600,25888
ws,400,1600,4,8.0,8.0,21,3152084777,187,0,3058,3058,404,126,True,1600,25892
ws,400,1600,4,8.0,8.0,22,1707219851,168,0,2060,2060,406,140,True,1600,25902
ws,400,1600,4,8.0,8.0,23,2646957320,168,0,3364,3364,408,131,True,1600,25938
ws,400,1600,4,8.0,8.0,24,750929413,177,0,2472,2472,421,139,True,1600,25880
ws,400,1600,4,8.0,8.0,25,4126605326,179,0,2353,2353,397,124,True,1600,25896
ws,400,1600,4,8.0,8.0,26,3576472034,156,0,1270,1270,384,137,True,1600,25906
ws,400,1600,4,8.0,8.0,27,1336179799,172,0,2418,2418,414,129,True,1600,25898
ws,400,1600,4,8.0,8.0,28,4102825600,185,0,2802,2802,403,119,True,1600,25894
ws,400,1600,4,8.0,8.0,29,63270292,185,0,2748,2748,400,133,True,1600,25858
ws,400,1600,4,8.0,8.0,30,2985130694,194,0,2245,2245,440,121,True,1600,25904
ws,400,1600,4,8.0,8.0,31,2209135425,171,0,2730,2730,373,119,True,1600,25872
ws,400,1600,4,8.0,8.0,32,2729082020,185,0,1828,1828,394,119,True,1600,25952
ws,400,1600,4,8.0,8.0,33,605612677,193,0,1732,1732,411,131,True,1600,25910
ws,400,1600,4,8.0,8.0,34,1191284712,164,0,2673,2673,394,136,True,1600,25890
ws,400,1600,4,8.0,8.0,35,2294470179,201,0,5041,5041,431,108,True,1600,26022
ws,400,1600,4,8.0,8.0,36,4177283149,158,0,2203,2203,397,142,True,1600,25926
ws,400,1600,4,8.0,8.0,37,3181879468,179,0,1955,1955,432,138,True,1600,25902
ws,400,1600,4,8.0,8.0,38,2520237364,160,0,1706,1706,402,123,True,1600,25926
ws,400,1600,4,8.0,8.0,39,4000055166,185,0,4221,4221,390,125,True,1600,25890
ws,800,3200,4,8.0,8.0,0,621112325,344,0,5417,5417,802,251,True,3200,51826
ws,800,3200,4,8.0,8.0,1,2949261276,369,0,8464,8464,866,258,True,3200,51792
ws,800,3200,4,8.0,8.0,2,1993196000,328,0,10103,10103,766,264,True,3200,51826
ws,800,3200,4,8.0,8.0,3,2254213906,349,0,5221,5221,826,266,True,3200,51770
ws,800,3200,4,8.0,8.0,4,2840907951,357,0,5562,5562,779,251,True,3200,51756
ws,800,3200,4,8.0,8.0,5,4102631059,357,0,6612,6612,806,252,True,3200,51802
ws,800,3200,4,8.0,8.0,6,4285876294,341,0,5037,5037,805,279,True,3200,51778
ws,800,3200,4,8.0,8.0,7,4187319371,368,0,4731,4731,803,246,True,3200,51876
ws,800,3200,4,8.0,8.0,8,4239691638,335,0,6951,6951,776,270,True,3200,51802
ws,800,3200,4,8.0,8.0,9,3427045557,330,0,8162,8162,803,269,True,3200,51832
ws,800,3200,4,8.0,8.0,10,1215607658,339,0,4856,4856,791,264,True,3200,51830
ws,800,3200,4,8.0,8.0,11,1538729321,335,0,8553,8553,795,279,True,3200,51762
ws,800,3200,4,8.0,8.0,12,427304610,345,0,4823,4823,824,263,True,3200,51802
ws,800,3200,4,8.0,8.0,13,1304451895,349,0,5929,5929,834,269,True,3200,51752
ws,800,3200,4,8.0,8.0,14,2302603097,338,0,6102,6102,795,261,True,3200,51748
ws,800,3200,4,8.0,8.0,15,1732202407,358,0,9708,9708,818,278,True,3200,51710
ws,800,3200,4,8.0,8.0,16,4193418739,341,0,5025,5025,808,270,True,3200,51788
ws,800,3200,4,8.0,8.0,17,2659864397,332,0,5096,5096,802,270,True,3200,51854
ws,800,3200,4,8.0,8.0,18,1181661162,324,0,4624,4624,753,266,True,3200,51806
ws,800,3200,4,8.0,8.0,19,1320361333,359,0,5657,5657,814,255,True,3200,51860
ws,800,3200,4,8.0,8.0,20,709636455,338,0,6328,6328,779,262,True,3200,51760
ws,800,3200,4,8.0,8.0,21,3355631273,344,0,6401,6401,798,268,True,3200,51804
ws,800,3200,4,8.0,8.0,22,1187691996,349,0,6747,6747,787,265,True,3200,51768
ws,800,3200,4,8.0,8.0,23,3557235412,355,0,6312,6312,824,252,True,3200,51808
ws,800,3200,4,8.0,8.0,24,531912664,335,0,4057,4057,759,255,True,3200,51762
ws,800,3200,4,8.0,8.0,25,1715231911,340,0,4466,4466,797,261,True,3200,51810
ws,800,3200,4,8.0,8.0,26,240574540,376,0,4044,4044,845,263,True,3200,51796
ws,800,3200,4,8.0,8.0,27,2934670923,342,0,6858,6858,805,263,True,3200,51856
ws,800,3200,4,8.0,8.0,28,2713116945,361,0,5198,5198,817,254,True,3200,51772
ws,800,3200,4,8.0,8.0,29,2935465925,348,0,6284,6284,794,254,True,3200,51824
ws,800,3200,4,8.0,8.0,30,1883238745,341,0,5063,5063,801,265,True,3200,51800
ws,800,3200,4,8.0,8.0,31,1379779410,361,0,5949,5949,797,254,True,3200,51888
ws,800,3200,4,8.0,8.0,32,1536029231,373,0,8436,8436,832,248,True,3200,51806
ws,800,3200,4,8.0,8.0,33,3125963142,334,0,5511,5511,792,273,True,3200,51722
ws,800,3200,4,8.0,8.0,34,1686763982,358,0,3981,3981,808,273,True,3200,51706
ws,800,3200,4,8.0,8.0,35,371922764,339,0,4124,4124,769,258,True,3200,51804
ws,800,3200,4,8.0,8.0,36,530216577,347,0,3821,3821,793,257,True,3200,51838
ws,800,3200,4,8.0,8.0,37,3902085008,370,0,5291,5291,805,264,True,3200,51832
ws,800,3200,4,8.0,8.0,38,3140440522,370,0,6058,6058,824,261,True,3200,51832
ws,800,3200,4,8.0,8.0,39,1823006390,375,0,8576,8576,867,263,True,3200,51792
er,100,602,4,12.0,12.04,0,2539481196,61,0,528,528,151,35,True,602,15308
er,100,631,4,12.0,12.62,1,359056493,63,0,483,483,149,41,True,631,17214
er,100,634,4,12.0,12.68,2,3316636177,52,0,446,446,133,47,True,634,17406
er,100,596,4,12.0,11.92,3,829471299,54,0,507,507,154,47,True,596,15424
er,100,622,4,12.0,12.44,4,2378912469,62,0,477,477,167,40,True,622,16866
er,100,619,4,12.0,12.38,5,2385499088,53,0,389,389,139,46,True,619,16314
er,100,631,4,12.0,12.62,6,1227060419,53,0,359,359,159,51,True,631,17218
er,100,595,4,12.0,11.9,7,1260063702,57,0,479,479,145,46,True,595,15366
er,100,622,4,12.0,12.44,8,36823920,54,0,509,509,157,54,True,622,16720
er,100,611,4,12.0,12.22,9,613868608,47,0,380,380,140,43,True,611,16102
er,100,567,4,12.0,11.34,10,3348572548,53,0,380,380,139,35,True,567,13844
er,100,606,4,12.0,12.12,11,416302701,56,0,648,648,155,47,True,606,15682
er,100,605,4,12.0,12.1,12,3530323465,64,0,1093,1093,152,38,True,605,15404
er,100,605,4,12.0,12.1,13,3503789343,52,0,430,430,162,48,True,605,15716
er,100,629,4,12.0,12.58,14,533761066,62,0,613,613,165,43,True,629,16876
er,100,607,4,12.0,12.14,15,773385770,54,0,330,330,147,44,True,607,15860
er,100,649,4,12.0,12.98,16,476211347,63,0,643,643,159,47,True,649,17866
er,100,608,4,12.0,12.16,17,3034883612,58,0,424,424,143,33,True,608,15986
er,100,603,4,12.0,12.06,18,2000399800,54,0,319,319,135,44,True,603,15372
er,100,618,4,12.0,12.36,19,2297178487,69,0,589,589,167,46,True,618,16062
er,100,613,4,12.0,12.26,20,895184341,54,0,501,501,138,39,True,613,15894
er,100,618,4,12.0,12.36,21,3909139638,51,0,315,315,143,51,True,618,16296
er,100,564,4,12.0,11.28,22,4108408248,57,0,580,580,146,39,True,564,13496
er,100,580,4,12.0,11.6,23,2441062035,48,0,507,507,131,46,True,580,14252
er,100,603,4,12.0,12.06,24,3368349995,57,0,584,584,162,48,True,603,15492
er,100,598,4,12.0,11.96,25,169995759,48,0,580,580,143,42,True,598,15148
er,100,599,4,12.0,11.98,26,732549158,58,0,286,286,147,44,True,599,15582
er,100,577,4,12.0,11.54,27,635769318,50,0,337,337,152,39,True,577,14268
er,100,641,4,12.0,12.82,28,595042099,58,0,648,648,151,45,True,641,17614
er,100,543,4,12.0,10.86,29,151408935,64,0,972,972,137,31,True,543,12716
er,100,583,4,12.0,11.66,30,4143462851,52,0,406,406,146,48,True,583,14326
er,100,591,4,12.0,11.82,31,2197411459,60,0,391,391,150,42,True,591,15164
er,100,586,4,12.0,11.72,32,927860657,46,0,417,417,123,43,True,586,14814
er,100,615,4,12.0,12.3,33,1405200724,66,0,960,960,160,43,True,615,16182
er,100,622,4,12.0,12.44,34,1276349235,56,0,348,348,148,47,True,622,16594
er,100,586,4,12.0,11.72,35,3545354505,61,0,545,545,145,41,True,586,14800
er,100,594,4,12.0,11.88,36,2523825686,42,0,467,467,141,48,True,594,15044
er,100,567,4,12.0,11.34,37,2128490762,59,0,477,477,143,44,True,567,13918
er,100,630,4,12.0,12.6,38,3371660339,60,0,555,555,172,51,True,630,17026
er,100,552,4,12.0,11.04,39,2472373088,66,0,597,597,156,37,True,552,13126
er,200,1185,4,12.0,11.85,0,1222814884,112,0,1774,1774,267,74,True,1185,30684
er,200,1246,4,12.0,12.46,1,2173805749,104,0,1121,1121,312,104,True,1246,33270
er,200,1204,4,12.0,12.04,2,3384752460,113,0,1535,1535,283,71,True,1204,31276
er,200,1199,4,12.0,11.99,3,1356684088,110,0,996,996,281,81,True,1199,31004
er,200,1188,4,12.0,11.88,4,1097949515,117,0,1585,1585,265,78,True,1188,30614
er,200,1202,4,12.0,12.02,5,1134924688,118,0,1258,1258,306,81,True,1202,31248
er,200,1192,4,12.0,11.92,6,2589447854,116,0,1120,1120,320,83,True,1192,31124
er,200,1230,4,12.0,12.3,7,1431093776,118,0,802,802,300,91,True,1230,32418
er,200,1216,4,12.0,12.16,8,1049685176,122,0,1509,1509,307,76,True,1216,31740
er,200,1185,4,12.0,11.85,9,841596258,115,0,1321,1321,300,82,True,1185,30168
er,200,1138,4,12.0,11.38,10,1361473510,109,0,1510,1510,289,72,True,1138,27756
er,200,1222,4,12.0,12.22,11,3630651771,118,0,1612,1612,310,86,True,1222,32084
er,200,1137,4,12.0,11.37,12,2517811209,124,0,1520,1520,283,71,True,1137,28026
er,200,1200,4,12.0,12.0,13,350880835,116,0,828,828,315,80,True,1200,30836
er,200,1176,4,12.0,11.76,14,2114934346,126,0,1017,1017,305,71,True,1176,29596
er,200,1211,4,12.0,12.11,15,2431576944,129,0,1242,1242,345,73,True,1211,31694
er,200,1125,4,12.0,11.25,16,3073632904,105,0,1249,1249,252,68,True,1125,27400
er,200,1091,4,12.0,10.91,17,2823378464,123,0,1363,1363,279,70,True,1091,25874
er,200,1231,4,12.0,12.31,18,3967104915,125,0,1503,1503,316,83,True,1231,32646
er,200,1172,4,12.0,11.72,19,3582312637,128,0,1411,1411,297,77,True,1172,29580
er,200,1205,4,12.0,12.05,20,1922745687,132,0,1507,1507,313,82,True,1205,31414
er,200,1217,4,12.0,12.17,21,4184464120,106,0,1347,1347,286,80,True,1217,32330
er,200,1134,4,12.0,11.34,22,1586966111,126,0,1310,1310,320,76,True,1134,28086
er,200,1191,4,12.0,11.91,23,2754356753,110,0,1588,1588,284,86,True,1191,30640
er,200,1115,4,12.0,11.15,24,4136957670,116,0,1122,1122,277,71,True,1115,26776
er,200,1271,4,12.0,12.71,25,289009651,125,0,2078,2078,339,83,True,1271,34666
er,200,1217,4,12.0,12.17,26,841440606,106,0,2169,2169,285,76,True,1217,31966
er,200,1131,4,12.0,11.31,27,1716286186,118,0,1970,1970,268,60,True,1131,27554
er,200,1206,4,12.0,12.06,28,1807303964,122,0,1469,1469,296,72,True,1206,31322
er,200,1203,4,12.0,12.03,29,251377283,113,0,1070,1070,284,81,True,1203,31154
er,200,1233,4,12.0,12.33,30,1836983158,124,0,1708,1708,313,82,True,1233,32700
er,200,1220,4,12.0,12.2,31,2898071291,124,0,1638,1638,302,77,True,1220,31812
er,200,1175,4,12.0,11.75,32,3329701291,124,0,1001,1001,303,86,True,1175,30010
er,200,1128,4,12.0,11.28,33,1566341386,132,0,1795,1795,306,64,True,1128,27456
er,200,1196,4,12.0,11.96,34,3037173103,102,0,861,861,289,90,True,1196,31024
er,200,1222,4,12.0,12.22,35,2582860090,118,0,951,951,312,88,True,1222,32300
er,200,1230,4,12.0,12.3,36,2694148644,127,0,2296,2296,330,75,True,1230,32612
er,200,1165,4,12.0,11.65,37,2338564603,104,0,780,780,280,79,True,1165,29366
er,200,1204,4,12.0,12.04,38,1733378481,122,0,1448,1448,304,84,True,1204,31098
er,200,1210,4,12.0,12.1,39,3142662957,123,0,1600,1600,309,69,True,1210,31734
er,400,2395,4,12.0,11.975,0,809320400,245,0,4219,4219,617,176,True,2395,62282
er,400,2405,4,12.0,12.025,1,1951657799,204,0,4881,4881,567,153,True,2405,62800
er,400,2431,4,12.0,12.155,2,1805359509,218,0,2283,2283,586,163,True,2431,63464
er,400,2336,4,12.0,11.68,3,1838064165,225,0,3483,3483,579,170,True,2336,58978
er,400,2382,4,12.0,11.91,4,600351430,246,0,2374,2374,605,139,True,2382,61106
er,400,2390,4,12.0,11.95,5,800804492,206,0,3569,3569,569,176,True,2390,62066
er,400,2332,4,12.0,11.66,6,353967189,224,0,2971,2971,559,154,True,2332,58408
er,400,2353,4,12.0,11.765,7,4094423498,226,0,2850,2850,572,151,True,2353,59898
er,400,2461,4,12.0,12.305,8,2321400353,237,0,2652,2652,616,161,True,2461,65394
er,400,2416,4,12.0,12.08,9,2275587980,223,0,2749,2749,599,187,True,2416,64008
er,400,2495,4,12.0,12.475,10,1844839869,246,0,2618,2618,628,160,True,2495,66682
er,400,2439,4,12.0,12.195,11,2343237994,268,0,4624,4624,611,139,True,2439,64028
er,400,2388,4,12.0,11.94,12,328391363,229,0,3554,3554,590,159,True,2388,61466
er,400,2318,4,12.0,11.59,13,3455721125,224,0,2515,2515,572,153,True,2318,58750
er,400,2447,4,12.0,12.235,14,2120606766,219,0,2318,2318,614,170,True,2447,64626
er,400,2456,4,12.0,12.28,15,1293257247,251,0,2944,2944,674,167,True,2456,65264
er,400,2364,4,12.0,11.82,16,211964519,231,0,4676,4676,592,151,True,2364,60514
er,400,2434,4,12.0,12.17,17,2552456220,237,0,3515,3515,643,160,True,2434,64096
er,400,2342,4,12.0,11.71,18,3934043454,254,0,1938,1938,588,150,True,2342,59238
er,400,2469,4,12.0,12.345,19,350374410,226,0,2973,2973,608,180,True,2469,65932
er,400,2382,4,12.0,11.91,20,667698035,239,0,2338,2338,605,161,True,2382,61754
er,400,2388,4,12.0,11.94,21,2070877641,236,0,3880,3880,599,151,True,2388,61444
er,400,2444,4,12.0,12.22,22,2187809819,241,0,3605,3605,570,168,True,2444,64114
er,400,2389,4,12.0,11.945,23,755199035,232,0,2885,2885,592,159,True,2389,61726
er,400,2431,4,12.0,12.155,24,523311527,247,0,2954,2954,604,160,True,2431,63890
er,400,2395,4,12.0,11.975,25,3096972230,237,0,4495,4495,591,148,True,2395,62980
er,400,2392,4,12.0,11.96,26,3629529753,243,0,2690,2690,591,140,True,2392,61958
er,400,2435,4,12.0,12.175,27,1671078168,235,0,3795,3795,648,167,True,2435,63766
er,400,2434,4,12.0,12.17,28,2862854020,232,0,3528,3528,590,139,True,2434,64174
er,400,2272,4,12.0,11.36,29,2596616561,229,0,2642,2642,568,153,True,2272,56234
er,400,2382,4,12.0,11.91,30,3181807230,228,0,3061,3061,580,163,True,2382,61288
er,400,2312,4,12.0,11.56,31,197406598,241,0,3795,3795,545,146,True,2312,57944
er,400,2380,4,12.0,11.9,32,2146430680,218,0,4004,4004,549,159,True,2380,61532
er,400,2304,4,12.0,11.52,33,3758079629,241,0,3284,3284,576,154,True,2304,57816
er,400,2407,4,12.0,12.035,34,1208888442,225,0,4368,4368,580,158,True,2407,62666
er,400,2399,4,12.0,11.995,35,2061042189,258,0,4837,4837,600,155,True,2399,62552
er,400,2462,4,12.0,12.31,36,2203943921,245,0,3247,3247,617,149,True,2462,65326
er,400,2365,4,12.0,11.825,37,3070271592,237,0,4168,4168,607,153,True,2365,60924
er,400,2444,4,12.0,12.22,38,2860353757,224,0,3690,3690,590,169,True,2444,64594
er,400,2392,4,12.0,11.96,39,1965652649,218,0,4152,4152,545,150,True,2392,62476
er,800,4739,4,12.0,11.8475,0,3547852687,472,0,5099,5099,1221,327,True,4739,122354
er,800,4785,4,12.0,11.9625,1,1603751769,488,0,8109,8109,1168,309,True,4785,123830
er,800,4692,4,12.0,11.73,2,3158749283,449,0,6792,6792,1175,320,True,4692,119324
er,800,4781,4,12.0,11.9525,3,1731302910,460,0,7411,7411,1188,302,True,4781,124190
er,800,4811,4,12.0,12.0275,4,3226727771,459,0,9372,9372,1169,299,True,4811,125222
er,800,4845,4,12.0,12.1125,5,2196302803,483,0,5518,5518,1252,339,True,4845,126858
er,800,4736,4,12.0,11.84,6,2910233821,445,0,8837,8837,1181,328,True,4736,121758
er,800,4772,4,12.0,11.93,7,2926334145,492,0,6346,6346,1189,289,True,4772,123588
er,800,4881,4,12.0,12.2025,8,1819447848,463,0,8408,8408,1188,330,True,4881,128998
er,800,4812,4,12.0,12.03,9,3263632926,495,0,8653,8653,1214,299,True,4812,124976
er,800,4773,4,12.0,11.9325,10,2396734349,478,0,7478,7478,1212,318,True,4773,123016
er,800,4725,4,12.0,11.8125,11,2741761021,461,0,7164,7164,1140,301,True,4725,120872
er,800,4782,4,12.0,11.955,12,2216760900,484,0,6026,6026,1171,298,True,4782,123722
er,800,4771,4,12.0,11.9275,13,3477167870,475,0,5994,5994,1225,314,True,4771,123924
er,800,4932,4,12.0,12.33,14,1162260073,466,0,4859,4859,1243,322,True,4932,131670
er,800,4709,4,12.0,11.7725,15,4092808115,475,0,5885,5885,1190,306,True,4709,119622
er,800,4739,4,12.0,11.8475,16,1036031817,465,0,7421,7421,1194,318,True,4739,120936
er,800,4787,4,12.0,11.9675,17,13752366,487,0,9411,9411,1200,307,True,4787,123884
er,800,4761,4,12.0,11.9025,18,1544295536,484,0,7381,7381,1200,310,True,4761,123014
er,800,4707,4,12.0,11.7675,19,3025584536,461,0,9841,9841,1174,299,True,4707,121052
er,800,4838,4,12.0,12.095,20,1213375793,471,0,8723,8723,1232,318,True,4838,126108
er,800,4832,4,12.0,12.08,21,3680400621,477,0,5935,5935,1242,345,True,4832,126852
er,800,4851,4,12.0,12.1275,22,2124395585,475,0,6600,6600,1171,295,True,4851,126714
er,800,4821,4,12.0,12.0525,23,1720254458,486,0,10062,10062,1226,313,True,4821,126202
er,800,4848,4,12.0,12.12,24,248032620,503,0,11212,11212,1229,309,True,4848,127096
er,800,4808,4,12.0,12.02,25,2212081217,491,0,8347,8347,1200,309,True,4808,125388
er,800,4868,4,12.0,12.17,26,1284371238,475,0,6467,6467,1221,321,True,4868,128530
er,800,4879,4,12.0,12.1975,27,962359300,455,0,7746,7746,1210,326,True,4879,128548
er,800,4819,4,12.0,12.0475,28,343453303,491,0,7128,7128,1210,302,True,4819,125086
er,800,4793,4,12.0,11.9825,29,920957598,460,0,7561,7561,1178,310,True,4793,124220
er,800,4682,4,12.0,11.705,30,3022388923,490,0,6632,6632,1183,300,True,4682,118890
er,800,4812,4,12.0,12.03,31,3767645437,447,0,6263,6263,1212,330,True,4812,125470
er,800,4717,4,12.0,11.7925,32,3501532022,495,0,7438,7438,1227,308,True,4717,120850
er,800,4746,4,12.0,11.865,33,1764014840,449,0,6495,6495,1191,299,True,4746,121954
er,800,4782,4,12.0,11.955,34,2513988718,475,0,7927,7927,1167,293,True,4782,122852
er,800,4819,4,12.0,12.0475,35,2061249795,467,0,13964,13964,1182,324,True,4819,125934
er,800,4948,4,12.0,12.37,36,3356636401,497,0,6249,6249,1287,336,True,4948,131216
er,800,4715,4,12.0,11.7875,37,1257079435,454,0,6609,6609,1202,309,True,4715,120114
er,800,4609,4,12.0,11.5225,38,1149935100,474,0,8766,8766,1133,269,True,4609,115234
er,800,4756,4,12.0,11.89,39,3770196206,462,0,13175,13175,1124,289,True,4756,122548
ba,100,564,4,12.0,11.28,0,3397588619,49,0,512,512,145,43,True,564,17142
ba,100,564,4,12.0,11.28,1,3362509337,59,0,895,895,140,43,True,564,18318
ba,100,564,4,12.0,11.28,2,952490338,54,0,404,404,147,41,True,564,18380
ba,100,564,4,12.0,11.28,3,1118260941,61,0,365,365,134,43,True,564,17450
ba,100,564,4,12.0,11.28,4,4082926357,51,0,259,259,140,45,True,564,18242
ba,100,564,4,12.0,11.28,5,2986447975,56,0,355,355,134,37,True,564,16956
ba,100,564,4,12.0,11.28,6,474907127,56,0,720,720,136,40,True,564,17014
ba,100,564,4,12.0,11.28,7,2776153210,63,0,483,483,150,42,True,564,17632
ba,100,564,4,12.0,11.28,8,1059172551,62,0,556,556,152,48,True,564,17290
ba,100,564,4,12.0,11.28,9,3532121576,56,0,663,663,132,39,True,564,17428
ba,100,564,4,12.0,11.28,10,505510699,55,0,497,497,132,36,True,564,18290
ba,100,564,4,12.0,11.28,11,1808916123,67,0,517,517,149,39,True,564,16978
ba,100,564,4,12.0,11.28,12,3236894113,55,0,323,323,140,46,True,564,17368
ba,100,564,4,12.0,11.28,13,3889260096,48,0,594,594,138,41,True,564,17890
ba,100,564,4,12.0,11.28,14,3086478490,56,0,1356,1356,142,45,True,564,17318
ba,100,564,4,12.0,11.28,15,2834464235,53,0,607,607,136,40,True,564,18566
ba,100,564,4,12.0,11.28,16,1642082824,52,0,330,330,146,49,True,564,16824
ba,100,564,4,12.0,11.28,17,3284734760,54,0,433,433,132,44,True,564,18632
ba,100,564,4,12.0,11.28,18,107011336,55,0,346,346,133,40,True,564,17464
ba,100,564,4,12.0,11.28,19,4008386025,51,0,396,396,147,45,True,564,17572
ba,100,564,4,12.0,11.28,20,316626042,58,0,1203,1203,144,40,True,564,17640
ba,100,564,4,12.0,11.28,21,2131677047,56,0,379,379,152,41,True,564,17522
ba,100,564,4,12.0,11.28,22,217313025,59,0,914,914,149,36,True,564,17392
ba,100,564,4,12.0,11.28,23,733359939,60,0,482,482,161,38,True,564,18828
ba,100,564,4,12.0,11.28,24,4278849650,62,0,469,469,153,39,True,564,16670
ba,100,564,4,12.0,11.28,25,3736946164,50,0,589,589,132,44,True,564,17090
ba,100,564,4,12.0,11.28,26,766202525,50,0,406,406,143,47,True,564,18168
ba,100,564,4,12.0,11.28,27,1730739556,50,0,410,410,152,44,True,564,18230
ba,100,564,4,12.0,11.28,28,1980886668,66,0,360,360,146,40,True,564,18624
ba,100,564,4,12.0,11.28,29,1293555636,65,0,667,667,132,38,True,564,17694
ba,100,564,4,12.0,11.28,30,2423079727,65,0,672,672,157,49,True,564,18092
ba,100,564,4,12.0,11.28,31,3013378633,45,0,374,374,128,51,True,564,18028
ba,100,564,4,12.0,11.28,32,4217301304,49,0,415,415,135,45,True,564,18194
ba,100,564,4,12.0,11.28,33,1877385610,57,0,504,504,132,39,True,564,17880
ba,100,564,4,12.0,11.28,34,3569242951,49,0,232,232,118,44,True,564,17410
ba,100,564,4,12.0,11.28,35,1467933727,48,0,511,511,130,46,True,564,17226
ba,100,564,4,12.0,11.28,36,3883561115,55,0,412,412,144,50,True,564,17192
ba,100,564,4,12.0,11.28,37,1182729348,59,0,322,322,140,45,True,564,17766
ba,100,564,4,12.0,11.28,38,879158981,61,0,483,483,144,40,True,564,17694
ba,100,564,4,12.0,11.28,39,862669441,67,0,520,520,149,43,True,564,17968
ba,200,1164,4,12.0,11.64,0,71738345,115,0,1411,1411,289,88,True,1164,43672
ba,200,1164,4,12.0,11.64,1,1724394412,108,0,901,901,288,88,True,1164,41148
ba,200,1164,4,12.0,11.64,2,3429382771,105,0,836,836,298,90,True,1164,43930
ba,200,1164,4,12.0,11.64,3,3892450087,119,0,1428,1428,277,71,True,1164,42776
ba,200,1164,4,12.0,11.64,4,1821285196,137,0,1725,1725,320,87,True,1164,45064
ba,200,1164,4,12.0,11.64,5,2000912822,120,0,1126,1126,284,74,True,1164,44948
ba,200,1164,4,12.0,11.64,6,1670440712,121,0,1363,1363,292,87,True,1164,40328
ba,200,1164,4,12.0,11.64,7,4234200583,122,0,1223,1223,308,85,True,1164,42036
ba,200,1164,4,12.0,11.64,8,2366407484,109,0,976,976,273,81,True,1164,42778
ba,200,1164,4,12.0,11.64,9,14533006,120,0,1147,1147,270,84,True,1164,42638
ba,200,1164,4,12.0,11.64,10,410923654,106,0,736,736,285,94,True,1164,42688
ba,200,1164,4,12.0,11.64,11,3046170188,114,0,1249,1249,280,95,True,1164,41504
ba,200,1164,4,12.0,11.64,12,2036343827,130,0,1330,1330,297,78,True,1164,42466
ba,200,1164,4,12.0,11.64,13,1353787520,126,0,2524,2524,314,81,True,1164,40558
ba,200,1164,4,12.0,11.64,14,3950909819,132,0,1642,1642,295,84,True,1164,43204
ba,200,1164,4,12.0,11.64,15,103130619,123,0,2931,2931,284,71,True,1164,41238
ba,200,1164,4,12.0,11.64,16,4014473739,104,0,923,923,282,90,True,1164,41650
ba,200,1164,4,12.0,11.64,17,482147165,112,0,1857,1857,290,78,True,1164,40734
ba,200,1164,4,12.0,11.64,18,1709940701,110,0,2078,2078,288,85,True,1164,44596
ba,200,1164,4,12.0,11.64,19,587445683,123,0,1189,1189,298,82,True,1164,43714
ba,200,1164,4,12.0,11.64,20,191699376,128,0,2366,2366,310,85,True,1164,43256
ba,200,1164,4,12.0,11.64,21,1581871792,114,0,1143,1143,287,83,True,1164,41940
ba,200,1164,4,12.0,11.64,22,3741568579,114,0,1409,1409,308,92,True,1164,41654
ba,200,1164,4,12.0,11.64,23,4258217515,108,0,1520,1520,299,97,True,1164,40198
ba,200,1164,4,12.0,11.64,24,2300816553,113,0,1061,1061,274,68,True,1164,40784
ba,200,1164,4,12.0,11.64,25,2482393396,118,0,1090,1090,305,75,True,1164,41388
ba,200,1164,4,12.0,11.64,26,1156480127,117,0,995,995,297,88,True,1164,40912
ba,200,1164,4,12.0,11.64,27,1798578562,120,0,1822,1822,287,92,True,1164,41630
ba,200,1164,4,12.0,11.64,28,168484719,130,0,1158,1158,301,78,True,1164,40832
ba,200,1164,4,12.0,11.64,29,29519234,108,0,995,995,301,94,True,1164,42656
ba,200,1164,4,12.0,11.64,30,639409196,121,0,2952,2952,295,89,True,1164,41600
ba,200,1164,4,12.0,11.64,31,598202033,111,0,1056,1056,265,85,True,1164,44466
ba,200,1164,4,12.0,11.64,32,1973358762,110,0,847,847,279,87,True,1164,42842
ba,200,1164,4,12.0,11.64,33,2357339268,120,0,1045,1045,296,79,True,1164,42880
ba,200,1164,4,12.0,11.64,34,578301720,115,0,1329,1329,285,96,True,1164,41088
ba,200,1164,4,12.0,11.64,35,2686437822,115,0,1170,1170,300,88,True,1164,43254
ba,200,1164,4,12.0,11.64,36,3689762628,123,0,1536,1536,319,82,True,1164,42824
ba,200,1164,4,12.0,11.64,37,3342508586,128,0,1636,1636,290,79,True,1164,42704
ba,200,1164,4,12.0,11.64,38,2756522421,114,0,614,614,291,86,True,1164,42176
ba,200,1164,4,12.0,11.64,39,4280792091,107,0,1225,1225,291,77,True,1164,42270
ba,400,2364,4,12.0,11.82,0,3363304230,232,0,1998,1998,610,189,True,2364,95650
ba,400,2364,4,12.0,11.82,1,326340363,221,0,2344,2344,577,172,True,2364,102588
ba,400,2364,4,12.0,11.82,2,173201224,243,0,2394,2394,604,168,True,2364,94752
ba,400,2364,4,12.0,11.82,3,3700619021,245,0,2429,2429,603,165,True,2364,98294
ba,400,2364,4,12.0,11.82,4,1368836972,220,0,2901,2901,625,193,True,2364,103146
ba,400,2364,4,12.0,11.82,5,2208749741,220,0,3241,3241,535,164,True,2364,98918
ba,400,2364,4,12.0,11.82,6,2765105024,225,0,3661,3661,589,166,True,2364,96668
ba,400,2364,4,12.0,11.82,7,73628734,227,0,3117,3117,562,158,True,2364,93958
ba,400,2364,4,12.0,11.82,8,1073065629,219,0,2015,2015,594,175,True,2364,98384
ba,400,2364,4,12.0,11.82,9,1023468137,222,0,4935,4935,576,173,True,2364,98034
ba,400,2364,4,12.0,11.82,10,4118294759,248,0,2763,2763,601,162,True,2364,93450
ba,400,2364,4,12.0,11.82,11,1122685246,231,0,2503,2503,617,167,True,2364,98944
ba,400,2364,4,12.0,11.82,12,1683365267,242,0,3057,3057,598,160,True,2364,99796
ba,400,2364,4,12.0,11.82,13,1690055639,246,0,2951,2951,629,182,True,2364,96224
ba,400,2364,4,12.0,11.82,14,1179585808,241,0,3324,3324,605,167,True,2364,94210
ba,400,2364,4,12.0,11.82,15,3985634161,221,0,2584,2584,589,176,True,2364,96860
ba,400,2364,4,12.0,11.82,16,2738244527,234,0,2727,2727,600,175,True,2364,102460
ba,400,2364,4,12.0,11.82,17,159320404,227,0,2377,2377,588,173,True,2364,96312
ba,400,2364,4,12.0,11.82,18,1609628062,235,0,4068,4068,603,172,True,2364,94484
ba,400,2364,4,12.0,11.82,19,1503158852,223,0,2152,2152,596,176,True,2364,99464
ba,400,2364,4,12.0,11.82,20,1193614086,239,0,2422,2422,630,157,True,2364,96290
ba,400,2364,4,12.0,11.82,21,3151740065,233,0,2359,2359,590,177,True,2364,96008
ba,400,2364,4,12.0,11.82,22,408298174,226,0,2006,2006,584,167,True,2364,96458
ba,400,2364,4,12.0,11.82,23,2612603317,257,0,6527,6527,603,166,True,2364,98364
ba,400,2364,4,12.0,11.82,24,1130928554,237,0,3853,3853,567,172,True,2364,97400
ba,400,2364,4,12.0,11.82,25,4220850719,237,0,3556,3556,615,173,True,2364,97024
ba,400,2364,4,12.0,11.82,26,1258271492,228,0,2278,2278,577,178,True,2364,93558
ba,400,2364,4,12.0,11.82,27,3021467065,238,0,3483,3483,580,162,True,2364,95968
ba,400,2364,4,12.0,11.82,28,649556708,233,0,2492,2492,611,176,True,2364,99932
ba,400,2364,4,12.0,11.82,29,3260876277,237,0,3118,3118,597,161,True,2364,105610
ba,400,2364,4,12.0,11.82,30,2663119383,260,0,6988,6988,626,148,True,2364,92046
ba,400,2364,4,12.0,11.82,31,536572229,233,0,2547,2547,590,153,True,2364,95982
ba,400,2364,4,12.0,11.82,32,1277418080,236,0,4270,4270,572,168,True,2364,100714
ba,400,2364,4,12.0,11.82,33,1635685104,231,0,3494,3494,576,167,True,2364,95564
ba,400,2364,4,12.0,11.82,34,491662742,220,0,2209,2209,562,182,True,2364,97444
ba,400,2364,4,12.0,11.82,35,2370591148,212,0,2456,2456,571,164,True,2364,96376
ba,400,2364,4,12.0,11.82,36,1522126177,243,0,3139,3139,637,165,True,2364,99224
ba,400,2364,4,12.0,11.82,37,2093681103,247,0,2238,2238,589,151,True,2364,99356
ba,400,2364,4,12.0,11.82,38,1266693396,228,0,4478,4478,581,169,True,2364,101970
ba,400,2364,4,12.0,11.82,39,3394299172,234,0,2791,2791,619,171,True,2364,97578
ba,800,4764,4,12.0,11.91,0,2095079127,453,0,6587,6587,1156,352,True,4764,221560
ba,800,4764,4,12.0,11.91,1,293215707,439,0,8940,8940,1208,346,True,4764,202288
ba,800,4764,4,12.0,11.91,2,433190933,420,0,7085,7085,1130,368,True,4764,218728
ba,800,4764,4,12.0,11.91,3,764531752,495,0,8331,8331,1240,352,True,4764,222928
ba,800,4764,4,12.0,11.91,4,5481335,484,0,6190,6190,1235,362,True,4764,210818
ba,800,4764,4,12.0,11.91,5,717509549,473,0,6977,6977,1232,349,True,4764,222694
ba,800,4764,4,12.0,11.91,6,3810744917,452,0,6628,6628,1166,329,True,4764,217128
ba,800,4764,4,12.0,11.91,7,2480816061,457,0,10393,10393,1191,348,True,4764,220306
ba,800,4764,4,12.0,11.91,8,413458603,470,0,6104,6104,1162,326,True,4764,211878
ba,800,4764,4,12.0,11.91,9,3409098610,485,0,8974,8974,1190,336,True,4764,215404
ba,800,4764,4,12.0,11.91,10,1426750559,489,0,7805,7805,1168,326,True,4764,221632
ba,800,4764,4,12.0,11.91,11,4148678348,470,0,10198,10198,1218,348,True,4764,219212
ba,800,4764,4,12.0,11.91,12,2166980086,473,0,8710,8710,1208,349,True,4764,212676
ba,800,4764,4,12.0,11.91,13,640094085,460,0,5413,5413,1211,341,True,4764,209200
ba,800,4764,4,12.0,11.91,14,682636080,443,0,9441,9441,1212,342,True,4764,231202
ba,800,4764,4,12.0,11.91,15,1008115897,462,0,6711,6711,1201,348,True,4764,213446
ba,800,4764,4,12.0,11.91,16,1674038661,460,0,6707,6707,1195,352,True,4764,219122
ba,800,4764,4,12.0,11.91,17,3811461580,475,0,5488,5488,1217,344,True,4764,222794
ba,800,4764,4,12.0,11.91,18,1311761346,468,0,5931,5931,1191,338,True,4764,224396
ba,800,4764,4,12.0,11.91,19,3525466351,470,0,6222,6222,1196,343,True,4764,233016
ba,800,4764,4,12.0,11.91,20,1177480646,489,0,8455,8455,1245,351,True,4764,216514
ba,800,4764,4,12.0,11.91,21,2614606571,484,0,5487,5487,1249,353,True,4764,226516
ba,800,4764,4,12.0,11.91,22,2204069388,465,0,4730,4730,1176,324,True,4764,210592
ba,800,4764,4,12.0,11.91,23,679437353,444,0,7821,7821,1149,356,True,4764,213800
ba,800,4764,4,12.0,11.91,24,1697472216,459,0,6984,6984,1190,367,True,4764,218332
ba,800,4764,4,12.0,11.91,25,1909350186,457,0,6308,6308,1180,345,True,4764,218886
ba,800,4764,4,12.0,11.91,26,1264509195,466,0,5651,5651,1176,333,True,4764,214946
ba,800,4764,4,12.0,11.91,27,3518236605,472,0,5722,5722,1181,344,True,4764,218514
ba,800,4764,4,12.0,11.91,28,2884039740,436,0,4154,4154,1177,362,True,4764,223310
ba,800,4764,4,12.0,11.91,29,3768896995,479,0,8910,8910,1194,318,True,4764,217422
ba,800,4764,4,12.0,11.91,30,3995169964,457,0,8320,8320,1199,339,True,4764,221058
ba,800,4764,4,12.0,11.91,31,3814563277,482,0,7740,7740,1253,340,True,4764,214934
ba,800,4764,4,12.0,11.91,32,2705886073,484,0,9331,9331,1198,304,True,4764,214968
ba,800,4764,4,12.0,11.91,33,3052444063,479,0,7914,7914,1244,354,True,4764,218442
ba,800,4764,4,12.0,11.91,34,1739832617,452,0,4458,4458,1195,339,True,4764,216990
ba,800,4764,4,12.0,11.91,35,2392962531,434,0,9706,9706,1131,359,True,4764,232080
ba,800,4764,4,12.0,11.91,36,133655521,452,0,6825,6825,1184,355,True,4764,211794
ba,800,4764,4,12.0,11.91,37,3913894435,492,0,5391,5391,1220,354,True,4764,214006
ba,800,4764,4,12.0,11.91,38,480799674,429,0,5527,5527,1153,333,True,4764,224308
ba,800,4764,4,12.0,11.91,39,639610964,491,0,5536,5536,1249,347,True,4764,209522
ws,100,600,4,12.0,12.0,0,2080821913,53,0,443,443,149,70,True,600,14518
ws,100,600,4,12.0,12.0,1,3616835694,48,0,524,524,150,67,True,600,14542
ws,100,600,4,12.0,12.0,2,3895313137,49,0,396,396,142,66,True,600,14502
ws,100,600,4,12.0,12.0,3,2574470026,58,0,429,429,165,65,True,600,14538
ws,100,600,4,12.0,12.0,4,93359180,51,0,349,349,154,67,True,600,14508
ws,100,600,4,12.0,12.0,5,2647626598,51,0,967,967,149,73,True,600,14498
ws,100,600,4,12.0,12.0,6,2920459372,47,0,634,634,154,68,True,600,14506
ws,100,600,4,12.0,12.0,7,3343275829,50,0,324,324,146,65,True,600,14510
ws,100,600,4,12.0,12.0,8,130312106,47,0,791,791,160,72,True,600,14510
ws,100,600,4,12.0,12.0,9,3454246628,44,0,370,370,149,62,True,600,14526
ws,100,600,4,12.0,12.0,10,153717140,58,0,421,421,157,59,True,600,14534
ws,100,600,4,12.0,12.0,11,2865078007,54,0,448,448,163,63,True,600,14506
ws,100,600,4,12.0,12.0,12,697236713,42,0,328,328,152,77,True,600,14528
ws,100,600,4,12.0,12.0,13,2838780441,50,0,483,483,140,69,True,600,14490
ws,100,600,4,12.0,12.0,14,2551831616,54,0,316,316,173,67,True,600,14492
ws,100,600,4,12.0,12.0,15,2531576344,50,0,534,534,152,63,True,600,14498
ws,100,600,4,12.0,12.0,16,1178111139,43,0,495,495,129,63,True,600,14498
ws,100,600,4,12.0,12.0,17,1272481045,48,0,509,509,132,58,True,600,14536
ws,100,600,4,12.0,12.0,18,1477606878,46,0,739,739,140,65,True,600,14552
ws,100,600,4,12.0,12.0,19,3274662197,56,0,505,505,147,60,True,600,14500
ws,100,600,4,12.0,12.0,20,4070363485,52,0,847,847,141,62,True,600,14494
ws,100,600,4,12.0,12.0,21,1038632796,46,0,659,659,158,75,True,600,14522
ws,100,600,4,12.0,12.0,22,766196769,50,0,433,433,139,65,True,600,14530
ws,100,600,4,12.0,12.0,23,175368765,50,0,814,814,138,61,True,600,14550
ws,100,600,4,12.0,12.0,24,102401982,44,0,479,479,132,63,True,600,14528
ws,100,600,4,12.0,12.0,25,3103500439,51,0,348,348,152,69,True,600,14510
ws,100,600,4,12.0,12.0,26,1664899489,63,0,915,915,148,60,True,600,14504
ws,100,600,4,12.0,12.0,27,745061112,60,0,411,411,168,63,True,600,14530
ws,100,600,4,12.0,12.0,28,1143524025,47,0,1341,1341,131,66,True,600,14488
ws,100,600,4,12.0,12.0,29,1669803041,51,0,284,284,153,73,True,600,14492
ws,100,600,4,12.0,12.0,30,1595394525,59,0,722,722,186,75,True,600,14504
ws,100,600,4,12.0,12.0,31,1696081608,54,0,466,466,161,76,True,600,14500
ws,100,600,4,12.0,12.0,32,3179439331,66,0,769,769,150,55,True,600,14480
ws,100,600,4,12.0,12.0,33,3592552353,41,0,207,207,138,71,True,600,14522
ws,100,600,4,12.0,12.0,34,3055537861,51,0,1137,1137,148,67,True,600,14482
ws,100,600,4,12.0,12.0,35,4286333406,51,0,764,764,163,75,True,600,14486
ws,100,600,4,12.0,12.0,36,2763611047,39,0,738,738,152,67,True,600,14538
ws,100,600,4,12.0,12.0,37,3559939498,52,0,371,371,169,62,True,600,14500
ws,100,600,4,12.0,12.0,38,2238037431,48,0,662,662,146,69,True,600,14474
ws,100,600,4,12.0,12.0,39,2667947767,53,0,569,569,153,69,True,600,14504
ws,200,1200,4,12.0,12.0,0,3826182612,113,0,1793,1793,321,129,True,1200,28992
ws,200,1200,4,12.0,12.0,1,1752447800,92,0,1635,1635,284,145,True,1200,29020
ws,200,1200,4,12.0,12.0,2,4137000658,105,0,1151,1151,311,129,True,1200,28980
ws,200,1200,4,12.0,12.0,3,257852218,116,0,950,950,332,126,True,1200,28982
ws,200,1200,4,12.0,12.0,4,1483494813,92,0,1892,1892,275,128,True,1200,29016
ws,200,1200,4,12.0,12.0,5,1374604090,92,0,872,872,314,148,True,1200,29034
ws,200,1200,4,12.0,12.0,6,3463151794,111,0,1379,1379,316,133,True,1200,29104
ws,200,1200,4,12.0,12.0,7,90048394,91,0,1017,1017,317,145,True,1200,29024
ws,200,1200,4,12.0,12.0,8,3842702066,93,0,826,826,303,136,True,1200,29000
ws,200,1200,4,12.0,12.0,9,3193054365,94,0,950,950,283,136,True,1200,29024
ws,200,1200,4,12.0,12.0,10,3792295345,76,0,757,757,275,139,True,1200,29036
ws,200,1200,4,12.0,12.0,11,3246279866,89,0,824,824,275,139,True,1200,28992
ws,200,1200,4,12.0,12.0,12,2200770449,109,0,1666,1666,305,127,True,1200,29028
ws,200,1200,4,12.0,12.0,13,3061114181,97,0,995,995,300,139,True,1200,29078
ws,200,1200,4,12.0,12.0,14,3053224952,96,0,932,932,305,148,True,1200,29032
ws,200,1200,4,12.0,12.0,15,2121034837,106,0,1511,1511,294,134,True,1200,29050
ws,200,1200,4,12.0,12.0,16,3522828796,100,0,1017,1017,335,130,True,1200,28974
ws,200,1200,4,12.0,12.0,17,3353951144,96,0,1132,1132,292,143,True,1200,29028
ws,200,1200,4,12.0,12.0,18,2823260500,94,0,999,999,309,139,True,1200,29018
ws,200,1200,4,12.0,12.0,19,2268172742,96,0,1402,1402,293,139,True,1200,29008
ws,200,1200,4,12.0,12.0,20,814149034,95,0,1590,1590,304,140,True,1200,29028
ws,200,1200,4,12.0,12.0,21,1373459532,104,0,2240,2240,299,135,True,1200,29022
ws,200,1200,4,12.0,12.0,22,4290240270,94,0,1314,1314,295,144,True,1200,28986
ws,200,1200,4,12.0,12.0,23,879938471,103,0,981,981,299,135,True,1200,29012
ws,200,1200,4,12.0,12.0,24,2704481605,104,0,1930,1930,289,122,True,1200,29058
ws,200,1200,4,12.0,12.0,25,2223534025,95,0,1055,1055,288,127,True,1200,29006
ws,200,1200,4,12.0,12.0,26,2908384794,89,0,707,707,284,134,True,1200,28974
ws,200,1200,4,12.0,12.0,27,3079873344,80,0,516,516,290,147,True,1200,29028
ws,200,1200,4,12.0,12.0,28,3916678478,93,0,1231,1231,286,136,True,1200,28992
ws,200,1200,4,12.0,12.0,29,2031354693,87,0,913,913,294,147,True,1200,29000
ws,200,1200,4,12.0,12.0,30,767932597,99,0,751,751,319,143,True,1200,29018
ws,200,1200,4,12.0,12.0,31,1976713447,101,0,1025,1025,320,135,True,1200,29042
ws,200,1200,4,12.0,12.0,32,632970670,96,0,1904,1904,303,132,True,1200,29106
ws,200,1200,4,12.0,12.0,33,3941574026,90,0,1424,1424,295,137,True,1200,29026
ws,200,1200,4,12.0,12.0,34,1269352113,104,0,1593,1593,315,139,True,1200,29014
ws,200,1200,4,12.0,12.0,35,1537115487,100,0,1888,1888,288,132,True,1200,29044
ws,200,1200,4,12.0,12.0,36,73606242,101,0,1304,1304,310,126,True,1200,29050
ws,200,1200,4,12.0,12.0,37,3925958206,86,0,647,647,300,142,True,1200,29000
ws,200,1200,4,12.0,12.0,38,1152339648,100,0,1354,1354,298,138,True,1200,29050
ws,200,1200,4,12.0,12.0,39,488795839,101,0,1255,1255,301,130,True,1200,29058
ws,400,2400,4,12.0,12.0,0,1560191287,171,0,2551,2551,563,274,True,2400,58070
ws,400,2400,4,12.0,12.0,1,3292875738,183,0,2061,2061,578,265,True,2400,58024
ws,400,2400,4,12.0,12.0,2,589890797,211,0,4547,4547,626,263,True,2400,58020
ws,400,2400,4,12.0,12.0,3,3375627775,192,0,3686,3686,578,271,True,2400,58068
ws,400,2400,4,12.0,12.0,4,824448253,187,0,2747,2747,598,269,True,2400,58102
ws,400,2400,4,12.0,12.0,5,3296246756,220,0,4912,4912,642,258,True,2400,58056
ws,400,2400,4,12.0,12.0,6,2576337925,184,0,2494,2494,597,273,True,2400,58058
ws,400,2400,4,12.0,12.0,7,3850705392,205,0,2311,2311,628,277,True,2400,58004
ws,400,2400,4,12.0,12.0,8,1827345682,208,0,2188,2188,611,269,True,2400,58078
ws,400,2400,4,12.0,12.0,9,1709264937,191,0,3010,3010,594,272,True,2400,58074
ws,400,2400,4,12.0,12.0,10,235308577,163,0,2348,2348,564,266,True,2400,58052
ws,400,2400,4,12.0,12.0,11,2940412726,187,0,2176,2176,618,279,True,2400,58102
ws,400,2400,4,12.0,12.0,12,188254604,182,0,3283,3283,607,286,True,2400,58044
ws,400,2400,4,12.0,12.0,13,193639268,196,0,2965,2965,597,266,True,2400,58096
ws,400,2400,4,12.0,12.0,14,2602901513,205,0,3454,3454,618,266,True,2400,58048
ws,400,2400,4,12.0,12.0,15,1731185550,200,0,2608,2608,630,281,True,2400,58104
ws,400,2400,4,12.0,12.0,16,162541822,171,0,4108,4108,568,285,True,2400,58062
ws,400,2400,4,12.0,12.0,17,377520254,191,0,3153,3153,624,277,True,2400,57994
ws,400,2400,4,12.0,12.0,18,2218637350,182,0,3655,3655,566,272,True,2400,57944
ws,400,2400,4,12.0,12.0,19,1787293064,208,0,3038,3038,602,263,True,2400,58118
ws,400,2400,4,12.0,12.0,20,1006499785,188,0,2317,2317,578,281,True,2400,57976
ws,400,2400,4,12.0,12.0,21,3767150906,206,0,3009,3009,638,268,True,2400,58004
ws,400,2400,4,12.0,12.0,22,2846870350,190,0,2633,2633,598,269,True,2400,58088
ws,400,2400,4,12.0,12.0,23,2313014752,195,0,2556,2556,585,260,True,2400,58038
ws,400,2400,4,12.0,12.0,24,1515723935,187,0,2931,2931,604,282,True,2400,58082
ws,400,2400,4,12.0,12.0,25,3839493635,203,0,2814,2814,610,276,True,2400,58002
ws,400,2400,4,12.0,12.0,26,2766878163,177,0,2452,2452,574,274,True,2400,58074
ws,400,2400,4,12.0,12.0,27,296345330,193,0,3512,3512,598,283,True,2400,58078
ws,400,2400,4,12.0,12.0,28,1899104780,222,0,3473,3473,636,259,True,2400,58108
ws,400,2400,4,12.0,12.0,29,1478814957,189,0,2821,2821,603,283,True,2400,58020
ws,400,2400,4,12.0,12.0,30,912595722,208,0,3576,3576,621,274,True,2400,58044
ws,400,2400,4,12.0,12.0,31,3194850368,190,0,2550,2550,609,270,True,2400,58052
ws,400,2400,4,12.0,12.0,32,1735847466,203,0,3084,3084,583,275,True,2400,58038
ws,400,2400,4,12.0,12.0,33,2172786751,184,0,4143,4143,581,265,True,2400,58124
ws,400,2400,4,12.0,12.0,34,411307013,202,0,3270,3270,612,265,True,2400,58016
ws,400,2400,4,12.0,12.0,35,4203396084,184,0,2182,2182,577,281,True,2400,58034
ws,400,2400,4,12.0,12.0,36,855845873,185,0,1862,1862,599,281,True,2400,58122
ws,400,2400,4,12.0,12.0,37,1890867827,172,0,1745,1745,580,300,True,2400,58016
ws,400,2400,4,12.0,12.0,38,1736694500,194,0,2112,2112,574,277,True,2400,58114
ws,400,2400,4,12.0,12.0,39,2349882629,190,0,3248,3248,584,264,True,2400,58096
ws,800,4800,4,12.0,12.0,0,1413089600,386,0,6369,6369,1240,559,True,4800,116094
ws,800,4800,4,12.0,12.0,1,529501091,400,0,6235,6235,1207,519,True,4800,116068
ws,800,4800,4,12.0,12.0,2,3291694338,368,0,6595,6595,1205,556,True,4800,116124
ws,800,4800,4,12.0,12.0,3,260365559,369,0,6900,6900,1204,557,True,4800,116148
ws,800,4800,4,12.0,12.0,4,149759179,400,0,7343,7343,1225,538,True,4800,116140
ws,800,4800,4,12.0,12.0,5,3555968172,367,0,6698,6698,1157,545,True,4800,116054
ws,800,4800,4,12.0,12.0,6,4074855434,366,0,8025,8025,1148,547,True,4800,116104
ws,800,4800,4,12.0,12.0,7,3984446349,395,0,5203,5203,1160,528,True,4800,116088
ws,800,4800,4,12.0,12.0,8,2820974512,398,0,9657,9657,1180,525,True,4800,116036
ws,800,4800,4,12.0,12.0,9,1984708209,399,0,7263,7263,1221,547,True,4800,116014
ws,800,4800,4,12.0,12.0,10,1428434396,418,0,6847,6847,1232,537,True,4800,116106
ws,800,4800,4,12.0,12.0,11,1494712431,381,0,5540,5540,1226,555,True,4800,116176
ws,800,4800,4,12.0,12.0,12,2562125471,409,0,6843,6843,1177,524,True,4800,116038
ws,800,4800,4,12.0,12.0,13,2648016786,403,0,5324,5324,1198,534,True,4800,116124
ws,800,4800,4,12.0,12.0,14,1754378434,378,0,4893,4893,1166,528,True,4800,116216
ws,800,4800,4,12.0,12.0,15,1422321524,390,0,8548,8548,1170,541,True,4800,116118
ws,800,4800,4,12.0,12.0,16,3970003212,378,0,7521,7521,1168,539,True,4800,116192
ws,800,4800,4,12.0,12.0,17,2288073238,366,0,5950,5950,1186,566,True,4800,116060
ws,800,4800,4,12.0,12.0,18,1770946324,384,0,6928,6928,1215,544,True,4800,116088
ws,800,4800,4,12.0,12.0,19,2256447694,424,0,8685,8685,1227,507,True,4800,116138
ws,800,4800,4,12.0,12.0,20,3276679961,371,0,7550,7550,1144,536,True,4800,116130
ws,800,4800,4,12.0,12.0,21,1591179440,412,0,10432,10432,1209,530,True,4800,116110
ws,800,4800,4,12.0,12.0,22,1120135143,401,0,6079,6079,1202,560,True,4800,116010
ws,800,4800,4,12.0,12.0,23,1769004016,366,0,4914,4914,1142,544,True,4800,116066
ws,800,4800,4,12.0,12.0,24,2735629536,395,0,6155,6155,1178,533,True,4800,116228
ws,800,4800,4,12.0,12.0,25,1103341797,385,0,5442,5442,1191,545,True,4800,116006
ws,800,4800,4,12.0,12.0,26,738012122,389,0,6341,6341,1187,531,True,4800,116098
ws,800,4800,4,12.0,12.0,27,308232005,386,0,6951,6951,1204,539,True,4800,116230
ws,800,4800,4,12.0,12.0,28,644502437,369,0,7265,7265,1164,537,True,4800,116176
ws,800,4800,4,12.0,12.0,29,1554892849,413,0,5038,5038,1226,534,True,4800,116114
ws,800,4800,4,12.0,12.0,30,3537656812,390,0,7794,7794,1174,540,True,4800,116128
ws,800,4800,4,12.0,12.0,31,3279224991,424,0,7101,7101,1208,516,True,4800,116030
ws,800,4800,4,12.0,12.0,32,167386085,387,0,6621,6621,1197,536,True,4800,116056
ws,800,4800,4,12.0,12.0,33,488608869,383,0,7218,7218,1190,533,True,4800,116112
ws,800,4800,4,12.0,12.0,34,1332570977,369,0,7442,7442,1157,557,True,4800,116098
ws,800,4800,4,12.0,12.0,35,3933426628,366,0,8196,8196,1207,563,True,4800,116148
ws,800,4800,4,12.0,12.0,36,1899209760,369,0,7842,7842,1161,547,True,4800,116060
ws,800,4800,4,12.0,12.0,37,3717788040,399,0,6932,6932,1206,531,True,4800,116064
ws,800,4800,4,12.0,12.0,38,3399136098,409,0,10566,10566,1253,517,True,4800,116100
ws,800,4800,4,12.0,12.0,39,95012209,403,0,5883,5883,1160,533,True,4800,116138
er,100,813,4,16.0,16.26,0,809660337,63,0,737,737,215,64,True,813,27678
er,100,774,4,16.0,15.48,1,1190497384,52,0,545,545,183,71,True,774,25280
er,100,811,4,16.0,16.22,2,2077911954,60,0,630,630,205,79,True,811,27618
er,100,832,4,16.0,16.64,3,4222513195,63,0,587,587,213,76,True,832,28816
er,100,811,4,16.0,16.22,4,3923009916,60,0,1047,1047,199,80,True,811,27176
er,100,804,4,16.0,16.08,5,355553156,63,0,783,783,187,74,True,804,27162
er,100,807,4,16.0,16.14,6,1269612574,68,0,387,387,216,69,True,807,27082
er,100,766,4,16.0,15.32,7,1251712380,63,0,573,573,199,66,True,766,24746
er,100,827,4,16.0,16.54,8,953659972,56,0,435,435,207,82,True,827,28684
er,100,806,4,16.0,16.12,9,3092812052,54,0,628,628,189,78,True,806,27706
er,100,800,4,16.0,16.0,10,1014987566,67,0,747,747,189,64,True,800,27034
er,100,793,4,16.0,15.86,11,1579725647,64,0,425,425,205,69,True,793,26576
er,100,810,4,16.0,16.2,12,2408311056,61,0,476,476,190,76,True,810,27856
er,100,797,4,16.0,15.94,13,2957470305,76,0,1000,1000,214,59,True,797,26564
er,100,821,4,16.0,16.42,14,2248125363,63,0,948,948,215,75,True,821,28046
er,100,812,4,16.0,16.24,15,1107277844,55,0,486,486,207,76,True,812,27664
er,100,803,4,16.0,16.06,16,3806942247,77,0,982,982,206,67,True,803,27322
er,100,790,4,16.0,15.8,17,2438359472,64,0,654,654,199,70,True,790,26012
er,100,821,4,16.0,16.42,18,2379504613,69,0,485,485,205,73,True,821,28506
er,100,841,4,16.0,16.82,19,298142988,57,0,560,560,222,87,True,841,29874
er,100,731,4,16.0,14.62,20,2177968629,62,0,382,382,192,64,True,731,22528
er,100,799,4,16.0,15.98,21,3784963553,76,0,763,763,217,63,True,799,26808
er,100,794,4,16.0,15.88,22,707647162,65,0,554,554,213,75,True,794,26508
er,100,780,4,16.0,15.6,23,2534645761,58,0,614,614,203,73,True,780,25784
er,100,830,4,16.0,16.6,24,4074649511,60,0,587,587,182,70,True,830,28924
er,100,785,4,16.0,15.7,25,256674900,59,0,507,507,202,69,True,785,25826
er,100,823,4,16.0,16.46,26,2765853186,54,0,406,406,196,81,True,823,28132
er,100,821,4,16.0,16.42,27,2842179685,60,0,746,746,194,66,True,821,28136
er,100,767,4,16.0,15.34,28,1036052382,58,0,371,371,202,73,True,767,24558
er,100,770,4,16.0,15.4,29,1614155829,70,0,868,868,195,63,True,770,25274
er,100,831,4,16.0,16.62,30,3610368824,59,0,762,762,219,78,True,831,28924
er,100,787,4,16.0,15.74,31,1616454029,56,0,380,380,195,73,True,787,26186
er,100,811,4,16.0,16.22,32,2428263753,59,0,448,448,206,74,True,811,27872
er,100,818,4,16.0,16.36,33,1074000448,58,0,508,508,200,79,True,818,28398
er,100,799,4,16.0,15.98,34,1667554482,72,0,573,573,213,79,True,799,26960
er,100,844,4,16.0,16.88,35,506544823,59,0,352,352,209,90,True,844,29812
er,100,853,4,16.0,17.06,36,1029471638,62,0,416,416,178,67,True,853,30258
er,100,813,4,16.0,16.26,37,3059264246,70,0,1056,1056,208,69,True,813,27850
er,100,832,4,16.0,16.64,38,2587299897,66,0,522,522,211,77,True,832,28994
er,100,794,4,16.0,15.88,39,3645778569,69,0,451,451,210,76,True,794,26334
er,200,1627,4,16.0,16.27,0,2842791899,128,0,1440,1440,391,125,True,1627,55696
er,200,1621,4,16.0,16.21,1,4050906220,119,0,1341,1341,397,138,True,1621,55960
er,200,1580,4,16.0,15.8,2,3822989722,114,0,1044,1044,391,137,True,1580,52544
er,200,1605,4,16.0,16.05,3,3649517915,125,0,813,813,401,154,True,1605,54496
er,200,1598,4,16.0,15.98,4,3716945437,142,0,1655,1655,374,116,True,1598,53472
er,200,1647,4,16.0,16.47,5,253640754,135,0,1422,1422,401,143,True,1647,57194
er,200,1575,4,16.0,15.75,6,1950492139,121,0,1249,1249,381,142,True,1575,52636
er,200,1586,4,16.0,15.86,7,4107174402,131,0,1759,1759,386,137,True,1586,53790
er,200,1639,4,16.0,16.39,8,2717466888,116,0,1515,1515,412,150,True,1639,56666
er,200,1633,4,16.0,16.33,9,3980819286,127,0,1537,1537,391,144,True,1633,56108
er,200,1646,4,16.0,16.46,10,3175081224,124,0,1601,1601,419,141,True,1646,57254
er,200,1556,4,16.0,15.56,11,2225424096,105,0,1930,1930,354,134,True,1556,51170
er,200,1691,4,16.0,16.91,12,1673178654,144,0,1425,1425,429,148,True,1691,60552
er,200,1523,4,16.0,15.23,13,3522653513,131,0,1243,1243,386,124,True,1523,49872
er,200,1568,4,16.0,15.68,14,893270306,124,0,3124,3124,360,124,True,1568,52452
er,200,1565,4,16.0,15.65,15,2411282512,119,0,1525,1525,380,131,True,1565,52214
er,200,1572,4,16.0,15.72,16,1938160795,127,0,1294,1294,388,139,True,1572,52444
er,200,1613,4,16.0,16.13,17,289168786,117,0,1312,1312,390,141,True,1613,55044
er,200,1642,4,16.0,16.42,18,2948187242,115,0,2275,2275,396,149,True,1642,56994
er,200,1618,4,16.0,16.18,19,2368078249,128,0,1088,1088,416,150,True,1618,54658
er,200,1580,4,16.0,15.8,20,2871531932,122,0,1186,1186,394,130,True,1580,53046
er,200,1634,4,16.0,16.34,21,2485840418,138,0,1160,1160,430,149,True,1634,56228
er,200,1544,4,16.0,15.44,22,1806410626,123,0,1691,1691,374,122,True,1544,50692
er,200,1575,4,16.0,15.75,23,4025372483,120,0,2307,2307,397,139,True,1575,52528
er,200,1578,4,16.0,15.78,24,3434249989,129,0,1761,1761,388,134,True,1578,52624
er,200,1598,4,16.0,15.98,25,4013240340,143,0,1338,1338,410,139,True,1598,53914
er,200,1587,4,16.0,15.87,26,629640791,121,0,1135,1135,387,149,True,1587,53336
er,200,1609,4,16.0,16.09,27,2860420061,120,0,1143,1143,402,135,True,1609,54544
er,200,1627,4,16.0,16.27,28,3772610451,130,0,2586,2586,392,135,True,1627,56228
er,200,1599,4,16.0,15.99,29,3442068648,114,0,1698,1698,370,142,True,1599,54056
er,200,1618,4,16.0,16.18,30,3586613800,142,0,1309,1309,439,143,True,1618,55040
er,200,1585,4,16.0,15.85,31,3483593150,136,0,1663,1663,374,122,True,1585,53496
er,200,1619,4,16.0,16.19,32,2750794969,129,0,1951,1951,399,136,True,1619,55538
er,200,1634,4,16.0,16.34,33,1909750585,123,0,1141,1141,399,147,True,1634,56518
er,200,1600,4,16.0,16.0,34,2526922996,117,0,1507,1507,400,147,True,1600,54362
er,200,1560,4,16.0,15.6,35,1457560686,129,0,1343,1343,370,136,True,1560,51212
er,200,1637,4,16.0,16.37,36,1014498114,130,0,1800,1800,411,138,True,1637,56848
er,200,1579,4,16.0,15.79,37,1092948210,134,0,1534,1534,386,130,True,1579,52846
er,200,1657,4,16.0,16.57,38,3296921044,145,0,2331,2331,427,140,True,1657,58158
er,200,1653,4,16.0,16.53,39,4161963287,119,0,1793,1793,382,146,True,1653,57448
er,400,3110,4,16.0,15.55,0,2780911581,243,0,3180,3180,768,271,True,3110,102760
er,400,3211,4,16.0,16.055,1,2609244811,274,0,3462,3462,813,258,True,3211,109150
er,400,3129,4,16.0,15.645,2,623081360,242,0,2729,2729,763,246,True,3129,102644
er,400,3126,4,16.0,15.63,3,1407913709,273,0,4362,4362,810,249,True,3126,103912
er,400,3261,4,16.0,16.305,4,3777444762,242,0,5340,5340,802,300,True,3261,113188
er,400,3247,4,16.0,16.235,5,3477073549,248,0,4695,4695,801,287,True,3247,111360
er,400,3200,4,16.0,16.0,6,1069473843,259,0,3515,3515,809,261,True,3200,108722
er,400,3232,4,16.0,16.16,7,1811541831,251,0,3841,3841,823,265,True,3232,110344
er,400,3218,4,16.0,16.09,8,3782948465,229,0,4727,4727,773,285,True,3218,109808
er,400,3265,4,16.0,16.325,9,92700765,288,0,3480,3480,849,258,True,3265,112834
er,400,3179,4,16.0,15.895,10,2063828637,275,0,4469,4469,816,272,True,3179,106710
er,400,3249,4,16.0,16.245,11,2553295214,254,0,2317,2317,816,284,True,3249,111004
er,400,3179,4,16.0,15.895,12,488404334,284,0,6372,6372,809,260,True,3179,107620
er,400,3255,4,16.0,16.275,13,3416316613,282,0,3565,3565,829,269,True,3255,111936
er,400,3123,4,16.0,15.615,14,76219981,242,0,6877,6877,769,251,True,3123,103790
er,400,3164,4,16.0,15.82,15,1815152252,244,0,2584,2584,763,262,True,3164,106570
er,400,3140,4,16.0,15.7,16,1528909317,260,0,4365,4365,748,235,True,3140,104728
er,400,3194,4,16.0,15.97,17,3384064929,252,0,4177,4177,799,270,True,3194,107854
er,400,3154,4,16.0,15.77,18,3127528197,243,0,2677,2677,771,249,True,3154,105464
er,400,3256,4,16.0,16.28,19,1083823830,276,0,5410,5410,836,256,True,3256,111994
er,400,3172,4,16.0,15.86,20,2367279272,285,0,5136,5136,815,235,True,3172,107028
er,400,3226,4,16.0,16.13,21,1372453832,261,0,3536,3536,821,258,True,3226,109876
er,400,3171,4,16.0,15.855,22,2918879095,234,0,2271,2271,750,270,True,3171,106572
er,400,3192,4,16.0,15.96,23,1892977117,261,0,4515,4515,805,273,True,3192,108298
er,400,3217,4,16.0,16.085,24,4170595194,245,0,2777,2777,798,283,True,3217,109534
er,400,3180,4,16.0,15.9,25,2385562253,269,0,4993,4993,835,242,True,3180,106628
er,400,3081,4,16.0,15.405,26,4173278685,263,0,3166,3166,843,263,True,3081,100578
er,400,3277,4,16.0,16.385,27,883407648,282,0,3847,3847,851,278,True,3277,114242
er,400,3160,4,16.0,15.8,28,1766803166,247,0,3412,3412,802,268,True,3160,105816
er,400,3170,4,16.0,15.85,29,3249671959,246,0,2800,2800,754,264,True,3170,106638
er,400,3179,4,16.0,15.895,30,2475478746,240,0,5747,5747,769,257,True,3179,106754
er,400,3154,4,16.0,15.77,31,3377775893,266,0,2828,2828,817,264,True,3154,105138
er,400,3156,4,16.0,15.78,32,2000805563,265,0,2239,2239,806,280,True,3156,105342
er,400,3248,4,16.0,16.24,33,108735978,254,0,2441,2441,808,275,True,3248,110924
er,400,3197,4,16.0,15.985,34,3027077368,243,0,2447,2447,800,267,True,3197,108688
er,400,3190,4,16.0,15.95,35,4098842106,263,0,3173,3173,795,248,True,3190,107970
er,400,3266,4,16.0,16.33,36,1287120506,242,0,3443,3443,827,272,True,3266,112192
er,400,3223,4,16.0,16.115,37,815713033,260,0,4721,4721,800,274,True,3223,110362
er,400,3242,4,16.0,16.21,38,254343359,251,0,2638,2638,805,270,True,3242,110738
er,400,3228,4,16.0,16.14,39,1530529188,251,0,4005,4005,794,274,True,3228,110106
er,800,6449,4,16.0,16.1225,0,2492355447,541,0,9620,9620,1692,536,True,6449,220250
er,800,6360,4,16.0,15.9,1,1398084838,539,0,10923,10923,1587,489,True,6360,214500
er,800,6421,4,16.0,16.0525,2,3863279984,529,0,7745,7745,1629,533,True,6421,217640
er,800,6324,4,16.0,15.81,3,269774415,510,0,9132,9132,1569,523,True,6324,212772
er,800,6305,4,16.0,15.7625,4,1907906928,497,0,9096,9096,1564,496,True,6305,211454
er,800,6345,4,16.0,15.8625,5,1088811266,489,0,5951,5951,1512,493,True,6345,212178
er,800,6393,4,16.0,15.9825,6,719351814,512,0,8814,8814,1551,532,True,6393,218420
er,800,6504,4,16.0,16.26,7,2133578398,537,0,10740,10740,1675,577,True,6504,224880
er,800,6327,4,16.0,15.8175,8,4216257359,492,0,5897,5897,1591,529,True,6327,212904
er,800,6443,4,16.0,16.1075,9,2491364943,524,0,6245,6245,1648,539,True,6443,220124
er,800,6556,4,16.0,16.39,10,2239275587,502,0,7953,7953,1678,547,True,6556,228036
er,800,6278,4,16.0,15.695,11,2759487823,529,0,8898,8898,1558,521,True,6278,209588
er,800,6325,4,16.0,15.8125,12,2940939446,523,0,8558,8558,1589,505,True,6325,212874
er,800,6469,4,16.0,16.1725,13,1500944804,568,0,10300,10300,1695,519,True,6469,222186
er,800,6216,4,16.0,15.54,14,333373893,508,0,8300,8300,1551,495,True,6216,204718
er,800,6406,4,16.0,16.015,15,4221102320,551,0,7198,7198,1556,499,True,6406,217226
er,800,6438,4,16.0,16.095,16,4252884132,546,0,11106,11106,1663,535,True,6438,220048
er,800,6334,4,16.0,15.835,17,1020736069,508,0,9888,9888,1589,549,True,6334,212204
er,800,6492,4,16.0,16.23,18,1897893883,560,0,12155,12155,1687,529,True,6492,223156
er,800,6417,4,16.0,16.0425,19,407477731,506,0,12085,12085,1550,531,True,6417,218566
er,800,6464,4,16.0,16.16,20,4181474904,518,0,8386,8386,1579,518,True,6464,221948
er,800,6436,4,16.0,16.09,21,550152690,542,0,6508,6508,1650,515,True,6436,220234
er,800,6508,4,16.0,16.27,22,725531172,490,0,9448,9448,1551,541,True,6508,224020
er,800,6479,4,16.0,16.1975,23,644059333,547,0,11044,11044,1600,516,True,6479,221400
er,800,6392,4,16.0,15.98,24,3193697792,520,0,9606,9606,1575,514,True,6392,215870
er,800,6447,4,16.0,16.1175,25,452296621,485,0,11462,11462,1535,535,True,6447,220574
er,800,6396,4,16.0,15.99,26,2706738290,511,0,6795,6795,1605,545,True,6396,216572
er,800,6472,4,16.0,16.18,27,315323659,534,0,11047,11047,1647,533,True,6472,222046
er,800,6524,4,16.0,16.31,28,2726299450,564,0,15212,15212,1659,515,True,6524,225190
er,800,6538,4,16.0,16.345,29,3533475410,552,0,6276,6276,1659,552,True,6538,226852
er,800,6364,4,16.0,15.91,30,1954439789,521,0,7660,7660,1567,546,True,6364,214434
er,800,6442,4,16.0,16.105,31,3021380050,514,0,9659,9659,1611,548,True,6442,219454
er,800,6443,4,16.0,16.1075,32,359947987,512,0,8798,8798,1625,532,True,6443,220314
er,800,6272,4,16.0,15.68,33,4125299831,509,0,6490,6490,1579,527,True,6272,209594
er,800,6432,4,16.0,16.08,34,3303844502,524,0,8046,8046,1648,531,True,6432,219128
er,800,6496,4,16.0,16.24,35,1379192870,505,0,9127,9127,1605,551,True,6496,222820
er,800,6397,4,16.0,15.9925,36,3557292705,506,0,7296,7296,1558,542,True,6397,217342
er,800,6516,4,16.0,16.29,37,498130618,542,0,11363,11363,1678,553,True,6516,223728
er,800,6474,4,16.0,16.185,38,3162723809,514,0,11748,11748,1574,531,True,6474,222180
er,800,6380,4,16.0,15.95,39,2348599593,517,0,11683,11683,1558,512,True,6380,216250
ba,100,736,4,16.0,14.72,0,1841562097,62,0,425,425,180,65,True,736,28118
ba,100,736,4,16.0,14.72,1,2041398230,67,0,461,461,197,69,True,736,28340
ba,100,736,4,16.0,14.72,2,1635910196,56,0,590,590,179,83,True,736,30018
ba,100,736,4,16.0,14.72,3,3983054315,57,0,403,403,177,68,True,736,29092
ba,100,736,4,16.0,14.72,4,3920084017,51,0,436,436,167,69,True,736,27856
ba,100,736,4,16.0,14.72,5,1188820020,55,0,735,735,195,77,True,736,28400
ba,100,736,4,16.0,14.72,6,893534838,63,0,455,455,188,72,True,736,27874
ba,100,736,4,16.0,14.72,7,1512105049,53,0,787,787,170,72,True,736,28858
ba,100,736,4,16.0,14.72,8,880832285,61,0,532,532,183,74,True,736,28100
ba,100,736,4,16.0,14.72,9,846607248,57,0,508,508,192,69,True,736,27650
ba,100,736,4,16.0,14.72,10,2540902240,67,0,508,508,182,63,True,736,28460
ba,100,736,4,16.0,14.72,11,4103186992,63,0,1377,1377,195,59,True,736,29880
ba,100,736,4,16.0,14.72,12,1805017103,65,0,901,901,200,66,True,736,29416
ba,100,736,4,16.0,14.72,13,3545770644,58,0,676,676,177,67,True,736,27532
ba,100,736,4,16.0,14.72,14,1748079643,54,0,542,542,178,66,True,736,28994
ba,100,736,4,16.0,14.72,15,2775436591,52,0,431,431,187,80,True,736,28196
ba,100,736,4,16.0,14.72,16,2852215804,59,0,587,587,168,62,True,736,29606
ba,100,736,4,16.0,14.72,17,386449460,58,0,636,636,195,70,True,736,29364
ba,100,736,4,16.0,14.72,18,337052596,60,0,479,479,204,77,True,736,27992
ba,100,736,4,16.0,14.72,19,1134341239,60,0,762,762,182,59,True,736,28004
ba,100,736,4,16.0,14.72,20,1830638579,52,0,615,615,168,65,True,736,28746
ba,100,736,4,16.0,14.72,21,4116276615,57,0,771,771,204,76,True,736,28178
ba,100,736,4,16.0,14.72,22,2456570017,67,0,560,560,184,59,True,736,28776
ba,100,736,4,16.0,14.72,23,1358017793,71,0,661,661,188,64,True,736,28958
ba,100,736,4,16.0,14.72,24,3793006563,69,0,663,663,192,59,True,736,29170
ba,100,736,4,16.0,14.72,25,4279230361,55,0,839,839,160,68,True,736,28264
ba,100,736,4,16.0,14.72,26,3073358776,56,0,370,370,195,73,True,736,27018
ba,100,736,4,16.0,14.72,27,1745228645,58,0,450,450,186,72,True,736,28046
ba,100,736,4,16.0,14.72,28,3101585390,67,0,574,574,191,67,True,736,29266
ba,100,736,4,16.0,14.72,29,2500111137,52,0,435,435,200,72,True,736,28234
ba,100,736,4,16.0,14.72,30,2713886345,48,0,446,446,180,71,True,736,28674
ba,100,736,4,16.0,14.72,31,4154182977,64,0,537,537,183,66,True,736,30042
ba,100,736,4,16.0,14.72,32,3527564461,62,0,715,715,193,75,True,736,28968
ba,100,736,4,16.0,14.72,33,2262250822,68,0,606,606,190,69,True,736,28596
ba,100,736,4,16.0,14.72,34,4049901912,59,0,600,600,188,65,True,736,27902
ba,100,736,4,16.0,14.72,35,1777775338,56,0,408,408,182,66,True,736,29220
ba,100,736,4,16.0,14.72,36,2696628831,60,0,368,368,191,75,True,736,31832
ba,100,736,4,16.0,14.72,37,910956268,66,0,512,512,190,62,True,736,29846
ba,100,736,4,16.0,14.72,38,1032429025,63,0,722,722,174,56,True,736,29720
ba,100,736,4,16.0,14.72,39,1269829201,56,0,726,726,154,68,True,736,28966
ba,200,1536,4,16.0,15.36,0,221463476,129,0,1742,1742,360,122,True,1536,68248
ba,200,1536,4,16.0,15.36,1,3194598552,115,0,2105,2105,369,141,True,1536,66892
ba,200,1536,4,16.0,15.36,2,1174631225,121,0,1220,1220,397,136,True,1536,69018
ba,200,1536,4,16.0,15.36,3,964662161,129,0,1397,1397,382,132,True,1536,67480
ba,200,1536,4,16.0,15.36,4,794605439,112,0,1381,1381,369,143,True,1536,67052
ba,200,1536,4,16.0,15.36,5,950576618,121,0,1339,1339,390,145,True,1536,70250
ba,200,1536,4,16.0,15.36,6,3103001552,128,0,2042,2042,395,139,True,1536,68620
ba,200,1536,4,16.0,15.36,7,2758222096,136,0,956,956,404,136,True,1536,70364
ba,200,1536,4,16.0,15.36,8,590410995,121,0,1098,1098,381,133,True,1536,67262
ba,200,1536,4,16.0,15.36,9,1126446582,125,0,1266,1266,399,132,True,1536,67962
ba,200,1536,4,16.0,15.36,10,668521853,126,0,2213,2213,385,134,True,1536,69392
ba,200,1536,4,16.0,15.36,11,851284842,119,0,1370,1370,363,138,True,1536,67446
ba,200,1536,4,16.0,15.36,12,3995346406,130,0,1854,1854,395,135,True,1536,69830
ba,200,1536,4,16.0,15.36,13,1580321789,113,0,1250,1250,374,153,True,1536,70586
ba,200,1536,4,16.0,15.36,14,1615977983,132,0,1707,1707,376,142,True,1536,70914
ba,200,1536,4,16.0,15.36,15,3594792331,114,0,1621,1621,342,147,True,1536,70916
ba,200,1536,4,16.0,15.36,16,1163052418,121,0,1305,1305,380,145,True,1536,68606
ba,200,1536,4,16.0,15.36,17,299604423,114,0,1059,1059,350,142,True,1536,68926
ba,200,1536,4,16.0,15.36,18,2266899059,128,0,975,975,394,133,True,1536,71298
ba,200,1536,4,16.0,15.36,19,484324691,139,0,1535,1535,426,141,True,1536,70206
ba,200,1536,4,16.0,15.36,20,1493691053,122,0,1104,1104,398,150,True,1536,69126
ba,200,1536,4,16.0,15.36,21,464040722,125,0,1190,1190,406,141,True,1536,67768
ba,200,1536,4,16.0,15.36,22,4180145768,125,0,1575,1575,384,141,True,1536,67986
ba,200,1536,4,16.0,15.36,23,352855400,117,0,1300,1300,385,161,True,1536,72870
ba,200,1536,4,16.0,15.36,24,3734507709,122,0,1250,1250,380,136,True,1536,68612
ba,200,1536,4,16.0,15.36,25,2178851629,126,0,1480,1480,393,125,True,1536,66424
ba,200,1536,4,16.0,15.36,26,1621426519,134,0,1487,1487,400,148,True,1536,70322
ba,200,1536,4,16.0,15.36,27,2749457200,141,0,1520,1520,425,135,True,1536,70666
ba,200,1536,4,16.0,15.36,28,4213848114,131,0,1337,1337,403,155,True,1536,68170
ba,200,1536,4,16.0,15.36,29,1226162534,109,0,971,971,370,143,True,1536,70604
ba,200,1536,4,16.0,15.36,30,1255756852,137,0,1774,1774,380,136,True,1536,69506
ba,200,1536,4,16.0,15.36,31,3800986513,125,0,887,887,374,133,True,1536,67426
ba,200,1536,4,16.0,15.36,32,4171075612,126,0,1431,1431,392,145,True,1536,67484
ba,200,1536,4,16.0,15.36,33,224083348,131,0,1318,1318,369,144,True,1536,70536
ba,200,1536,4,16.0,15.36,34,138168091,120,0,1553,1553,393,136,True,1536,69984
ba,200,1536,4,16.0,15.36,35,3578919981,109,0,1593,1593,358,147,True,1536,68104
ba,200,1536,4,16.0,15.36,36,2989459499,114,0,1510,1510,341,133,True,1536,68040
ba,200,1536,4,16.0,15.36,37,3083789707,113,0,888,888,378,152,True,1536,69464
ba,200,1536,4,16.0,15.36,38,2368528809,113,0,2054,2054,382,144,True,1536,70464
ba,200,1536,4,16.0,15.36,39,92326167,143,0,1846,1846,398,128,True,1536,68122
ba,400,3136,4,16.0,15.68,0,958331261,237,0,2246,2246,767,288,True,3136,159650
ba,400,3136,4,16.0,15.68,1,1545675335,252,0,3620,3620,777,280,True,3136,161848
ba,400,3136,4,16.0,15.68,2,143386119,260,0,3387,3387,812,279,True,3136,157738
ba,400,3136,4,16.0,15.68,3,3121190920,262,0,3340,3340,783,273,True,3136,161640
ba,400,3136,4,16.0,15.68,4,805253651,232,0,2278,2278,775,291,True,3136,153272
ba,400,3136,4,16.0,15.68,5,2689134737,275,0,3922,3922,754,262,True,3136,157614
ba,400,3136,4,16.0,15.68,6,3390306993,261,0,3677,3677,837,287,True,3136,163864
ba,400,3136,4,16.0,15.68,7,1815685494,245,0,3787,3787,777,291,True,3136,158268
ba,400,3136,4,16.0,15.68,8,4211256536,269,0,2982,2982,840,286,True,3136,161880
ba,400,3136,4,16.0,15.68,9,870877779,242,0,4106,4106,776,287,True,3136,165418
ba,400,3136,4,16.0,15.68,10,4164207673,228,0,3297,3297,740,284,True,3136,168442
ba,400,3136,4,16.0,15.68,11,1433576340,257,0,4268,4268,834,288,True,3136,163334
ba,400,3136,4,16.0,15.68,12,979332692,263,0,3702,3702,782,296,True,3136,160798
ba,400,3136,4,16.0,15.68,13,3175692948,273,0,3257,3257,798,278,True,3136,160950
ba,400,3136,4,16.0,15.68,14,320589434,267,0,3493,3493,809,276,True,3136,160208
ba,400,3136,4,16.0,15.68,15,1696503314,234,0,2748,2748,768,303,True,3136,159346
ba,400,3136,4,16.0,15.68,16,3230760982,268,0,3959,3959,802,272,True,3136,167410
ba,400,3136,4,16.0,15.68,17,875862441,246,0,3714,3714,781,265,True,3136,162224
ba,400,3136,4,16.0,15.68,18,3049827540,254,0,3510,3510,816,299,True,3136,163268
ba,400,3136,4,16.0,15.68,19,550232805,255,0,2901,2901,776,265,True,3136,163006
ba,400,3136,4,16.0,15.68,20,3944031364,248,0,3181,3181,787,287,True,3136,164950
ba,400,3136,4,16.0,15.68,21,3211660698,240,0,2557,2557,804,296,True,3136,159798
ba,400,3136,4,16.0,15.68,22,1900604278,236,0,3256,3256,756,282,True,3136,162214
ba,400,3136,4,16.0,15.68,23,3100164266,248,0,1975,1975,804,302,True,3136,166562
ba,400,3136,4,16.0,15.68,24,1760390649,238,0,2781,2781,807,298,True,3136,159550
ba,400,3136,4,16.0,15.68,25,4123043356,246,0,2973,2973,777,279,True,3136,158606
ba,400,3136,4,16.0,15.68,26,3954382014,256,0,4262,4262,791,294,True,3136,159502
ba,400,3136,4,16.0,15.68,27,400486374,235,0,3122,3122,766,290,True,3136,157534
ba,400,3136,4,16.0,15.68,28,524838057,255,0,2400,2400,797,273,True,3136,154590
ba,400,3136,4,16.0,15.68,29,4264342966,213,0,3223,3223,728,292,True,3136,160556
ba,400,3136,4,16.0,15.68,30,1191560155,268,0,3047,3047,829,281,True,3136,159354
ba,400,3136,4,16.0,15.68,31,2638875426,266,0,3149,3149,780,268,True,3136,169402
ba,400,3136,4,16.0,15.68,32,340205174,289,0,2492,2492,832,266,True,3136,153260
ba,400,3136,4,16.0,15.68,33,897438949,253,0,3702,3702,769,279,True,3136,161260
ba,400,3136,4,16.0,15.68,34,457740046,266,0,2507,2507,768,270,True,3136,157798
ba,400,3136,4,16.0,15.68,35,1929429430,252,0,2606,2606,801,258,True,3136,162800
ba,400,3136,4,16.0,15.68,36,2277531690,246,0,3103,3103,754,288,True,3136,159168
ba,400,3136,4,16.0,15.68,37,743637797,234,0,3460,3460,763,287,True,3136,164732
ba,400,3136,4,16.0,15.68,38,2524221394,249,0,2523,2523,777,288,True,3136,159984
ba,400,3136,4,16.0,15.68,39,2665008478,246,0,3606,3606,774,289,True,3136,158918
ba,800,6336,4,16.0,15.84,0,2475472945,507,0,6340,6340,1617,556,True,6336,361340
ba,800,6336,4,16.0,15.84,1,1873586808,512,0,5683,5683,1599,546,True,6336,376654
ba,800,6336,4,16.0,15.84,2,60203143,521,0,7641,7641,1599,564,True,6336,361702
ba,800,6336,4,16.0,15.84,3,3442137549,547,0,6695,6695,1543,545,True,6336,363684
ba,800,6336,4,16.0,15.84,4,2733299776,458,0,5425,5425,1509,585,True,6336,360700
ba,800,6336,4,16.0,15.84,5,2788367448,488,0,5276,5276,1607,574,True,6336,367254
ba,800,6336,4,16.0,15.84,6,85891666,507,0,6644,6644,1576,567,True,6336,358606
ba,800,6336,4,16.0,15.84,7,78074246,512,0,6306,6306,1611,584,True,6336,384096
ba,800,6336,4,16.0,15.84,8,3473088255,548,0,6730,6730,1690,560,True,6336,358502
ba,800,6336,4,16.0,15.84,9,1064905324,479,0,6529,6529,1559,558,True,6336,367492
ba,800,6336,4,16.0,15.84,10,143611551,520,0,9269,9269,1623,571,True,6336,366948
ba,800,6336,4,16.0,15.84,11,938810661,528,0,7328,7328,1627,552,True,6336,373616
ba,800,6336,4,16.0,15.84,12,1411804255,511,0,9475,9475,1584,586,True,6336,359512
ba,800,6336,4,16.0,15.84,13,3607721218,491,0,4921,4921,1547,582,True,6336,357588
ba,800,6336,4,16.0,15.84,14,1426671086,515,0,8872,8872,1548,548,True,6336,373006
ba,800,6336,4,16.0,15.84,15,3334232274,475,0,7102,7102,1592,566,True,6336,367892
ba,800,6336,4,16.0,15.84,16,1222472504,520,0,8053,8053,1580,565,True,6336,342940
ba,800,6336,4,16.0,15.84,17,170069864,509,0,10955,10955,1570,564,True,6336,356244
ba,800,6336,4,16.0,15.84,18,3543729351,507,0,8514,8514,1581,573,True,6336,372936
ba,800,6336,4,16.0,15.84,19,3192040138,515,0,8652,8652,1619,573,True,6336,344154
ba,800,6336,4,16.0,15.84,20,1221751841,521,0,6467,6467,1591,533,True,6336,361526
ba,800,6336,4,16.0,15.84,21,3473675519,508,0,7389,7389,1549,565,True,6336,356946
ba,800,6336,4,16.0,15.84,22,2150620883,530,0,6180,6180,1622,554,True,6336,355304
ba,800,6336,4,16.0,15.84,23,4288634543,519,0,9250,9250,1623,553,True,6336,368338
ba,800,6336,4,16.0,15.84,24,4277961758,504,0,7857,7857,1536,559,True,6336,359854
ba,800,6336,4,16.0,15.84,25,2679914918,524,0,8684,8684,1650,568,True,6336,369448
ba,800,6336,4,16.0,15.84,26,407234718,532,0,7916,7916,1564,544,True,6336,355008
ba,800,6336,4,16.0,15.84,27,3378564310,525,0,9240,9240,1573,559,True,6336,370916
ba,800,6336,4,16.0,15.84,28,1252151905,502,0,6278,6278,1553,541,True,6336,375164
ba,800,6336,4,16.0,15.84,29,3257932180,478,0,8118,8118,1549,596,True,6336,353094
ba,800,6336,4,16.0,15.84,30,3270994479,484,0,4408,4408,1542,583,True,6336,372238
ba,800,6336,4,16.0,15.84,31,1891589801,470,0,9656,9656,1519,572,True,6336,363304
ba,800,6336,4,16.0,15.84,32,582720456,467,0,4808,4808,1541,604,True,6336,370420
ba,800,6336,4,16.0,15.84,33,2676003462,502,0,7788,7788,1610,570,True,6336,361460
ba,800,6336,4,16.0,15.84,34,985943600,526,0,6582,6582,1549,583,True,6336,367502
ba,800,6336,4,16.0,15.84,35,1032058184,485,0,7708,7708,1528,571,True,6336,365494
ba,800,6336,4,16.0,15.84,36,3370714942,490,0,8640,8640,1602,596,True,6336,357040
ba,800,6336,4,16.0,15.84,37,2571313675,478,0,7065,7065,1551,599,True,6336,364352
ba,800,6336,4,16.0,15.84,38,2095515639,499,0,6888,6888,1544,561,True,6336,363190
ba,800,6336,4,16.0,15.84,39,396044267,515,0,5914,5914,1593,575,True,6336,367552
ws,100,800,4,16.0,16.0,0,4260781362,56,0,414,414,208,99,True,800,25748
ws,100,800,4,16.0,16.0,1,2906959291,56,0,463,463,199,102,True,800,25754
ws,100,800,4,16.0,16.0,2,3115949066,51,0,643,643,195,102,True,800,25770
ws,100,800,4,16.0,16.0,3,2179237082,45,0,482,482,188,109,True,800,25722
ws,100,800,4,16.0,16.0,4,3495998181,57,0,408,408,194,101,True,800,25718
ws,100,800,4,16.0,16.0,5,2610782703,54,0,399,399,205,105,True,800,25808
ws,100,800,4,16.0,16.0,6,2890675769,57,0,362,362,208,104,True,800,25776
ws,100,800,4,16.0,16.0,7,2999994918,53,0,518,518,195,102,True,800,25740
ws,100,800,4,16.0,16.0,8,2896184773,52,0,1004,1004,197,108,True,800,25738
ws,100,800,4,16.0,16.0,9,3516513531,58,0,575,575,203,107,True,800,25782
ws,100,800,4,16.0,16.0,10,3535489924,63,0,438,438,210,97,True,800,25772
ws,100,800,4,16.0,16.0,11,815476082,57,0,702,702,210,104,True,800,25754
ws,100,800,4,16.0,16.0,12,485559683,48,0,316,316,176,109,True,800,25758
ws,100,800,4,16.0,16.0,13,2415808762,54,0,541,541,189,103,True,800,25752
ws,100,800,4,16.0,16.0,14,4027039705,42,0,357,357,214,121,True,800,25726
ws,100,800,4,16.0,16.0,15,1419303933,53,0,632,632,202,104,True,800,25766
ws,100,800,4,16.0,16.0,16,2689202421,67,0,615,615,188,94,True,800,25734
ws,100,800,4,16.0,16.0,17,144673243,44,0,605,605,193,118,True,800,25722
ws,100,800,4,16.0,16.0,18,1536322741,60,0,431,431,209,97,True,800,25788
ws,100,800,4,16.0,16.0,19,35550937,60,0,516,516,197,100,True,800,25742
ws,100,800,4,16.0,16.0,20,2491194390,53,0,379,379,205,107,True,800,25752
ws,100,800,4,16.0,16.0,21,344172681,53,0,922,922,198,101,True,800,25786
ws,100,800,4,16.0,16.0,22,1377062897,57,0,599,599,204,103,True,800,25768
ws,100,800,4,16.0,16.0,23,1984191053,57,0,459,459,193,99,True,800,25814
ws,100,800,4,16.0,16.0,24,1289612518,48,0,366,366,192,103,True,800,25724
ws,100,800,4,16.0,16.0,25,4268373855,46,0,623,623,193,109,True,800,25736
ws,100,800,4,16.0,16.0,26,1813367639,57,0,562,562,181,99,True,800,25736
ws,100,800,4,16.0,16.0,27,245364336,58,0,520,520,209,101,True,800,25738
ws,100,800,4,16.0,16.0,28,534615701,52,0,572,572,203,101,True,800,25786
ws,100,800,4,16.0,16.0,29,1442808098,63,0,796,796,218,106,True,800,25746
ws,100,800,4,16.0,16.0,30,2552799071,59,0,674,674,185,94,True,800,25762
ws,100,800,4,16.0,16.0,31,978330897,57,0,818,818,202,107,True,800,25734
ws,100,800,4,16.0,16.0,32,1316627120,46,0,684,684,177,103,True,800,25794
ws,100,800,4,16.0,16.0,33,3858117063,47,0,367,367,196,109,True,800,25708
ws,100,800,4,16.0,16.0,34,1030163082,64,0,984,984,221,97,True,800,25738
ws,100,800,4,16.0,16.0,35,3310438284,49,0,718,718,192,102,True,800,25736
ws,100,800,4,16.0,16.0,36,2839071076,46,0,389,389,195,110,True,800,25706
ws,100,800,4,16.0,16.0,37,466407427,58,0,913,913,200,98,True,800,25732
ws,100,800,4,16.0,16.0,38,686396630,64,0,478,478,215,103,True,800,25740
ws,100,800,4,16.0,16.0,39,3909713088,60,0,1315,1315,210,97,True,800,25850
ws,200,1600,4,16.0,16.0,0,2724173673,100,0,950,950,384,210,True,1600,51452
ws,200,1600,4,16.0,16.0,1,2054522913,98,0,1015,1015,375,214,True,1600,51462
ws,200,1600,4,16.0,16.0,2,2743049852,102,0,1590,1590,384,204,True,1600,51502
ws,200,1600,4,16.0,16.0,3,86393978,99,0,1202,1202,391,208,True,1600,51462
ws,200,1600,4,16.0,16.0,4,2234816549,92,0,1602,1602,367,203,True,1600,51506
ws,200,1600,4,16.0,16.0,5,723358641,102,0,1400,1400,382,209,True,1600,51412
ws,200,1600,4,16.0,16.0,6,1374202817,110,0,688,688,411,213,True,1600,51518
ws,200,1600,4,16.0,16.0,7,1419694290,92,0,1048,1048,383,215,True,1600,51498
ws,200,1600,4,16.0,16.0,8,92961106,119,0,3251,3251,394,207,True,1600,51468
ws,200,1600,4,16.0,16.0,9,3299746549,94,0,3050,3050,359,221,True,1600,51494
ws,200,1600,4,16.0,16.0,10,4052740959,102,0,1035,1035,391,214,True,1600,51414
ws,200,1600,4,16.0,16.0,11,1599501946,103,0,1646,1646,369,201,True,1600,51528
ws,200,1600,4,16.0,16.0,12,4081361888,109,0,1704,1704,380,210,True,1600,51526
ws,200,1600,4,16.0,16.0,13,3648889732,124,0,1047,1047,463,209,True,1600,51544
ws,200,1600,4,16.0,16.0,14,2046268395,131,0,1492,1492,426,206,True,1600,51404
ws,200,1600,4,16.0,16.0,15,1172408912,98,0,1013,1013,394,212,True,1600,51472
ws,200,1600,4,16.0,16.0,16,1611183354,91,0,1242,1242,367,209,True,1600,51476
ws,200,1600,4,16.0,16.0,17,1174814527,105,0,868,868,411,221,True,1600,51474
ws,200,1600,4,16.0,16.0,18,2391376870,98,0,802,802,387,213,True,1600,51494
ws,200,1600,4,16.0,16.0,19,148064544,115,0,1534,1534,390,203,True,1600,51492
ws,200,1600,4,16.0,16.0,20,3850736545,117,0,1566,1566,405,198,True,1600,51454
ws,200,1600,4,16.0,16.0,21,4212817339,110,0,1690,1690,377,199,True,1600,51504
ws,200,1600,4,16.0,16.0,22,4267295016,92,0,1310,1310,386,221,True,1600,51472
ws,200,1600,4,16.0,16.0,23,731562423,133,0,1899,1899,421,190,True,1600,51484
ws,200,1600,4,16.0,16.0,24,113083231,110,0,693,693,430,212,True,1600,51418
ws,200,1600,4,16.0,16.0,25,1493236001,114,0,1285,1285,399,204,True,1600,51534
ws,200,1600,4,16.0,16.0,26,3516168260,103,0,2039,2039,419,207,True,1600,51544
ws,200,1600,4,16.0,16.0,27,3891153857,108,0,1513,1513,411,209,True,1600,51446
ws,200,1600,4,16.0,16.0,28,3321140033,100,0,1116,1116,391,213,True,1600,51454
ws,200,1600,4,16.0,16.0,29,2708552304,119,0,1263,1263,411,208,True,1600,51554
ws,200,1600,4,16.0,16.0,30,1394048015,107,0,1289,1289,398,203,True,1600,51514
ws,200,1600,4,16.0,16.0,31,1228416421,107,0,1421,1421,385,199,True,1600,51518
ws,200,1600,4,16.0,16.0,32,469459799,108,0,1434,1434,396,200,True,1600,51504
ws,200,1600,4,16.0,16.0,33,3748512128,106,0,1920,1920,391,207,True,1600,51518
ws,200,1600,4,16.0,16.0,34,236548904,112,0,1933,1933,417,207,True,1600,51524
ws,200,1600,4,16.0,16.0,35,3470304609,102,0,2039,2039,397,205,True,1600,51502
ws,200,1600,4,16.0,16.0,36,1700868032,105,0,1521,1521,381,213,True,1600,51496
ws,200,1600,4,16.0,16.0,37,1357339284,109,0,2087,2087,416,202,True,1600,51480
ws,200,1600,4,16.0,16.0,38,155292634,116,0,1330,1330,409,205,True,1600,51470
ws,200,1600,4,16.0,16.0,39,3634073502,104,0,843,843,404,207,True,1600,51518
ws,400,3200,4,16.0,16.0,0,2910455454,198,0,2402,2402,773,419,True,3200,103092
ws,400,3200,4,16.0,16.0,1,3410561247,226,0,3942,3942,804,416,True,3200,102938
ws,400,3200,4,16.0,16.0,2,322820692,200,0,3721,3721,769,411,True,3200,102882
ws,400,3200,4,16.0,16.0,3,861648485,205,0,3226,3226,808,430,True,3200,103048
ws,400,3200,4,16.0,16.0,4,4121497842,216,0,4832,4832,827,438,True,3200,103010
ws,400,3200,4,16.0,16.0,5,1127557151,229,0,3177,3177,800,396,True,3200,103004
ws,400,3200,4,16.0,16.0,6,1918930051,233,0,4406,4406,805,409,True,3200,102928
ws,400,3200,4,16.0,16.0,7,1409996356,216,0,2564,2564,818,426,True,3200,102936
ws,400,3200,4,16.0,16.0,8,2493827782,223,0,3707,3707,812,413,True,3200,103038
ws,400,3200,4,16.0,16.0,9,2403309370,215,0,2953,2953,771,414,True,3200,103068
ws,400,3200,4,16.0,16.0,10,139311499,199,0,2118,2118,789,428,True,3200,103082
ws,400,3200,4,16.0,16.0,11,3419901913,250,0,3189,3189,861,403,True,3200,103008
ws,400,3200,4,16.0,16.0,12,4204040398,221,0,2852,2852,844,412,True,3200,103024
ws,400,3200,4,16.0,16.0,13,565446747,201,0,2633,2633,752,421,True,3200,103010
ws,400,3200,4,16.0,16.0,14,3847088979,224,0,3302,3302,811,426,True,3200,102978
ws,400,3200,4,16.0,16.0,15,1987703054,206,0,4059,4059,783,408,True,3200,103010
ws,400,3200,4,16.0,16.0,16,587526616,214,0,2705,2705,781,408,True,3200,103008
ws,400,3200,4,16.0,16.0,17,4019710008,228,0,5103,5103,813,417,True,3200,102926
ws,400,3200,4,16.0,16.0,18,329343640,237,0,2958,2958,822,411,True,3200,102958
ws,400,3200,4,16.0,16.0,19,661424933,220,0,7730,7730,811,411,True,3200,103022
ws,400,3200,4,16.0,16.0,20,3944070791,230,0,2715,2715,811,409,True,3200,103066
ws,400,3200,4,16.0,16.0,21,1487262478,199,0,3513,3513,789,430,True,3200,102990
ws,400,3200,4,16.0,16.0,22,2095236437,222,0,3062,3062,787,404,True,3200,103012
ws,400,3200,4,16.0,16.0,23,2773038170,209,0,3631,3631,775,424,True,3200,103042
ws,400,3200,4,16.0,16.0,24,3994517839,205,0,2460,2460,800,417,True,3200,103008
ws,400,3200,4,16.0,16.0,25,4195590728,208,0,3567,3567,789,420,True,3200,103070
ws,400,3200,4,16.0,16.0,26,1297607293,208,0,2381,2381,786,417,True,3200,103024
ws,400,3200,4,16.0,16.0,27,1667618424,210,0,2571,2571,776,412,True,3200,102916
ws,400,3200,4,16.0,16.0,28,318936469,211,0,2502,2502,811,432,True,3200,102982
ws,400,3200,4,16.0,16.0,29,2729187367,198,0,2891,2891,770,428,True,3200,102964
ws,400,3200,4,16.0,16.0,30,3972039998,204,0,2335,2335,786,415,True,3200,102998
ws,400,3200,4,16.0,16.0,31,665687810,238,0,3466,3466,805,410,True,3200,102964
ws,400,3200,4,16.0,16.0,32,3085531083,202,0,2444,2444,767,423,True,3200,102998
ws,400,3200,4,16.0,16.0,33,4116862589,213,0,3762,3762,780,414,True,3200,103050
ws,400,3200,4,16.0,16.0,34,2840277060,227,0,2398,2398,832,402,True,3200,102998
ws,400,3200,4,16.0,16.0,35,88670630,215,0,4158,4158,768,418,True,3200,103072
ws,400,3200,4,16.0,16.0,36,2113208878,207,0,3051,3051,815,429,True,3200,102994
ws,400,3200,4,16.0,16.0,37,4260630365,182,0,2034,2034,771,421,True,3200,103078
ws,400,3200,4,16.0,16.0,38,4066336974,221,0,3179,3179,791,421,True,3200,103084
ws,400,3200,4,16.0,16.0,39,3876041216,209,0,2832,2832,803,423,True,3200,102928
ws,800,6400,4,16.0,16.0,0,2569503662,406,0,5287,5287,1593,843,True,6400,206084
ws,800,6400,4,16.0,16.0,1,3870730997,466,0,13088,13088,1660,818,True,6400,206108
ws,800,6400,4,16.0,16.0,2,713217076,418,0,8808,8808,1563,835,True,6400,206056
ws,800,6400,4,16.0,16.0,3,3299585024,440,0,6684,6684,1608,825,True,6400,206014
ws,800,6400,4,16.0,16.0,4,812887269,446,0,7785,7785,1602,813,True,6400,206050
ws,800,6400,4,16.0,16.0,5,865166246,441,0,6174,6174,1682,849,True,6400,206026
ws,800,6400,4,16.0,16.0,6,364693588,417,0,5091,5091,1608,864,True,6400,206074
ws,800,6400,4,16.0,16.0,7,496853176,446,0,9136,9136,1613,825,True,6400,205972
ws,800,6400,4,16.0,16.0,8,2029018313,428,0,7105,7105,1602,814,True,6400,206018
ws,800,6400,4,16.0,16.0,9,1332818015,451,0,10222,10222,1701,827,True,6400,206034
ws,800,6400,4,16.0,16.0,10,45015013,400,0,8247,8247,1579,843,True,6400,205962
ws,800,6400,4,16.0,16.0,11,933941295,437,0,9770,9770,1648,827,True,6400,206038
ws,800,6400,4,16.0,16.0,12,1638682177,426,0,6865,6865,1628,839,True,6400,205834
ws,800,6400,4,16.0,16.0,13,641222664,437,0,6901,6901,1630,819,True,6400,206124
ws,800,6400,4,16.0,16.0,14,3437595159,407,0,5458,5458,1605,823,True,6400,205980
ws,800,6400,4,16.0,16.0,15,3469637567,414,0,6270,6270,1611,845,True,6400,206086
ws,800,6400,4,16.0,16.0,16,4143319999,428,0,5619,5619,1568,828,True,6400,206008
ws,800,6400,4,16.0,16.0,17,2249234688,431,0,6690,6690,1605,825,True,6400,205986
ws,800,6400,4,16.0,16.0,18,584698370,392,0,9583,9583,1530,831,True,6400,206012
ws,800,6400,4,16.0,16.0,19,990261429,426,0,7808,7808,1606,837,True,6400,206108
ws,800,6400,4,16.0,16.0,20,4040376309,385,0,4864,4864,1570,832,True,6400,206064
ws,800,6400,4,16.0,16.0,21,2253078133,373,0,6802,6802,1602,859,True,6400,205986
ws,800,6400,4,16.0,16.0,22,799056401,413,0,6273,6273,1581,837,True,6400,205974
ws,800,6400,4,16.0,16.0,23,2602288639,441,0,7651,7651,1627,817,True,6400,206120
ws,800,6400,4,16.0,16.0,24,3925497613,426,0,8656,8656,1568,827,True,6400,205996
ws,800,6400,4,16.0,16.0,25,3032758610,443,0,10160,10160,1586,813,True,6400,205982
ws,800,6400,4,16.0,16.0,26,2251716257,431,0,4965,4965,1626,834,True,6400,206066
ws,800,6400,4,16.0,16.0,27,2126125217,395,0,5906,5906,1539,847,True,6400,206112
ws,800,6400,4,16.0,16.0,28,2293789412,412,0,6938,6938,1549,856,True,6400,205922
ws,800,6400,4,16.0,16.0,29,1227317198,409,0,7332,7332,1545,824,True,6400,206034
ws,800,6400,4,16.0,16.0,30,3542125443,432,0,5983,5983,1581,826,True,6400,206084
ws,800,6400,4,16.0,16.0,31,459871275,452,0,6672,6672,1620,808,True,6400,206068
ws,800,6400,4,16.0,16.0,32,2940148488,414,0,5690,5690,1604,826,True,6400,205994
ws,800,6400,4,16.0,16.0,33,4186851763,453,0,6803,6803,1625,805,True,6400,205970
ws,800,6400,4,16.0,16.0,34,3158812575,440,0,7650,7650,1598,823,True,6400,206048
ws,800,6400,4,16.0,16.0,35,2418928989,402,0,12787,12787,1568,826,True,6400,205978
ws,800,6400,4,16.0,16.0,36,1772193569,426,0,7025,7025,1580,828,True,6400,206116
ws,800,6400,4,16.0,16.0,37,1781357793,400,0,10934,10934,1536,832,True,6400,205932
ws,800,6400,4,16.0,16.0,38,2210972420,410,0,12054,12054,1549,843,True,6400,205986
ws,800,6400,4,16.0,16.0,39,597093843,416,0,6213,6213,1584,827,True,6400,206024
er,100,216,5,4.0,4.32,0,2517916215,33,0,167,167,44,1,True,216,2298
er,100,184,5,4.0,3.68,1,4232175892,24,0,154,154,36,0,True,184,1624
er,100,200,5,4.0,4.0,2,1200436115,26,0,450,450,35,1,True,200,2020
er,100,204,5,4.0,4.08,3,334733438,31,0,208,208,39,1,True,204,2024
er,100,203,5,4.0,4.06,4,2787828060,32,0,207,207,40,1,True,203,1954
er,100,178,5,4.0,3.56,5,2484944832,30,0,165,165,38,0,True,178,1558
er,100,199,5,4.0,3.98,6,2306424969,29,0,354,354,37,0,True,199,1884
er,100,189,5,4.0,3.78,7,614576618,28,0,215,215,38,1,True,189,1730
er,100,217,5,4.0,4.34,8,3063705139,34,0,397,397,47,0,True,217,2388
er,100,217,5,4.0,4.34,9,3297742153,41,0,247,247,50,0,True,217,2430
er,100,197,5,4.0,3.94,10,1895944896,38,0,482,482,46,1,True,197,1922
er,100,196,5,4.0,3.92,11,966806355,27,0,256,256,39,0,True,196,1866
er,100,177,5,4.0,3.54,12,1282550629,26,0,185,185,37,0,True,177,1584
er,100,185,5,4.0,3.7,13,3549231492,31,0,259,259,36,0,True,185,1672
er,100,203,5,4.0,4.06,14,146152828,32,0,262,262,43,1,True,203,2066
er,100,191,5,4.0,3.82,15,3162328710,36,0,320,320,49,1,True,191,1790
er,100,193,5,4.0,3.86,16,4006467465,31,0,236,236,39,0,True,193,1840
er,100,204,5,4.0,4.08,17,2731297268,28,0,160,160,36,1,True,204,2120
er,100,222,5,4.0,4.44,18,3275880464,34,0,818,818,49,0,True,222,2406
er,100,189,5,4.0,3.78,19,2099634364,29,0,172,172,35,1,True,189,1728
er,100,204,5,4.0,4.08,20,1978495971,32,0,176,176,34,0,True,204,2036
er,100,207,5,4.0,4.14,21,293192071,22,0,399,399,36,2,True,207,2170
er,100,203,5,4.0,4.06,22,2398935175,31,0,279,279,40,0,True,203,2116
er,100,208,5,4.0,4.16,23,477824887,34,0,394,394,45,0,True,208,2056
er,100,198,5,4.0,3.96,24,2323800771,31,0,287,287,35,0,True,198,1866
er,100,200,5,4.0,4.0,25,94154474,37,0,239,239,48,0,True,200,2024
er,100,206,5,4.0,4.12,26,1767146813,32,0,447,447,42,0,True,206,2076
er,100,189,5,4.0,3.78,27,2871683743,28,0,440,440,34,0,True,189,1720
er,100,206,5,4.0,4.12,28,2601324345,34,0,457,457,41,1,True,206,2000
er,100,191,5,4.0,3.82,29,1211996106,36,0,272,272,46,0,True,191,1822
er,100,184,5,4.0,3.68,30,3722246565,35,0,307,307,45,0,True,184,1694
er,100,201,5,4.0,4.02,31,1064564681,36,0,322,322,45,0,True,201,1944
er,100,208,5,4.0,4.16,32,3357429251,33,0,310,310,39,1,True,208,2140
er,100,203,5,4.0,4.06,33,1407806794,35,0,405,405,49,0,True,203,1998
er,100,197,5,4.0,3.94,34,2830047135,31,0,353,353,35,0,True,197,2006
er,100,206,5,4.0,4.12,35,2161795906,33,0,266,266,41,0,True,206,2046
er,100,191,5,4.0,3.82,36,2818124033,30,0,316,316,38,0,True,191,1826
er,100,204,5,4.0,4.08,37,483589202,39,0,571,571,49,0,True,204,2060
er,100,199,5,4.0,3.98,38,4221560215,32,0,161,161,40,0,True,199,1912
er,100,214,5,4.0,4.28,39,471666478,28,0,222,222,37,0,True,214,2338
er,200,402,5,4.0,4.02,0,2916642406,53,0,743,743,65,0,True,402,4096
er,200,433,5,4.0,4.33,1,2144724677,65,0,680,680,86,0,True,433,4690
er,200,398,5,4.0,3.98,2,3417667368,57,0,726,726,82,0,True,398,4146
er,200,381,5,4.0,3.81,3,3529578185,58,0,622,622,69,0,True,381,3770
er,200,426,5,4.0,4.26,4,541365519,67,0,782,782,88,0,True,426,4546
er,200,368,5,4.0,3.68,5,2366350675,56,0,516,516,75,1,True,368,3462
er,200,420,5,4.0,4.2,6,3114806263,65,0,877,877,76,1,True,420,4332
er,200,413,5,4.0,4.13,7,3052876491,73,0,1260,1260,92,1,True,413,4266
er,200,432,5,4.0,4.32,8,3105283126,65,0,771,771,83,0,True,432,4546
er,200,374,5,4.0,3.74,9,1284067560,61,0,929,929,74,0,True,374,3558
er,200,408,5,4.0,4.08,10,1723534663,65,0,599,599,89,3,True,408,4226
er,200,420,5,4.0,4.2,11,2142595209,65,0,709,709,78,0,True,420,4288
er,200,402,5,4.0,4.02,12,1463389917,55,0,481,481,79,1,True,402,3966
er,200,405,5,4.0,4.05,13,3423725138,61,0,1167,1167,80,1,True,405,4160
er,200,397,5,4.0,3.97,14,422362139,60,0,772,772,75,0,True,397,3882
er,200,429,5,4.0,4.29,15,1740656319,69,0,697,697,87,0,True,429,4484
er,200,397,5,4.0,3.97,16,1405747075,66,0,455,455,82,2,True,397,4020
er,200,386,5,4.0,3.86,17,3854742961,59,0,537,537,71,0,True,386,3792
er,200,430,5,4.0,4.3,18,292574774,68,0,954,954,92,1,True,430,4522
er,200,406,5,4.0,4.06,19,1184209416,54,0,615,615,62,1,True,406,4080
er,200,443,5,4.0,4.43,20,4103319976,71,0,729,729,90,0,True,443,4908
er,200,383,5,4.0,3.83,21,1619556371,59,0,593,593,78,0,True,383,3724
er,200,380,5,4.0,3.8,22,2315451154,57,0,695,695,71,1,True,380,3632
er,200,361,5,4.0,3.61,23,3037653905,60,0,494,494,83,0,True,361,3440
er,200,369,5,4.0,3.69,24,4035608032,71,0,481,481,95,0,True,369,3340
er,200,402,5,4.0,4.02,25,792958664,72,0,427,427,89,0,True,402,3946
er,200,393,5,4.0,3.93,26,4256492872,65,0,610,610,82,0,True,393,3808
er,200,390,5,4.0,3.9,27,1308045590,73,0,968,968,97,0,True,390,3760
er,200,387,5,4.0,3.87,28,876814904,58,0,765,765,74,0,True,387,3574
er,200,393,5,4.0,3.93,29,4020806191,65,0,623,623,89,0,True,393,4000
er,200,406,5,4.0,4.06,30,882653880,57,0,578,578,75,1,True,406,4144
er,200,398,5,4.0,3.98,31,2349138810,68,0,935,935,84,0,True,398,3820
er,200,361,5,4.0,3.61,32,2083696306,63,0,812,812,74,1,True,361,3162
er,200,384,5,4.0,3.84,33,2516766356,59,0,800,800,73,2,True,384,3710
er,200,400,5,4.0,4.0,34,1342865585,59,0,672,672,75,0,True,400,4058
er,200,414,5,4.0,4.14,35,2646324808,65,0,396,396,92,1,True,414,4142
er,200,387,5,4.0,3.87,36,519863187,66,0,473,473,85,1,True,387,3722
er,200,395,5,4.0,3.95,37,2253292603,62,0,396,396,71,0,True,395,3830
er,200,386,5,4.0,3.86,38,3105465740,66,0,561,561,80,0,True,386,3664
er,200,385,5,4.0,3.85,39,2315938006,56,0,886,886,67,0,True,385,3736
er,400,786,5,4.0,3.93,0,1570565168,135,0,1511,1511,174,1,True,786,7698
er,400,811,5,4.0,4.055,1,3620462841,132,0,1548,1548,173,0,True,811,8144
er,400,779,5,4.0,3.895,2,3777728084,111,0,1152,1152,148,1,True,779,7460
er,400,815,5,4.0,4.075,3,3100244232,123,0,1528,1528,160,0,True,815,8314
er,400,803,5,4.0,4.015,4,607107547,132,0,1408,1408,168,1,True,803,7858
er,400,805,5,4.0,4.025,5,493953248,133,0,1090,1090,166,0,True,805,8200
er,400,743,5,4.0,3.715,6,3911925302,109,0,1061,1061,138,1,True,743,7180
er,400,785,5,4.0,3.925,7,2925641667,134,0,938,938,170,0,True,785,7624
er,400,798,5,4.0,3.99,8,4137073744,110,0,1557,1557,138,2,True,798,7982
er,400,778,5,4.0,3.89,9,1356093755,132,0,3033,3033,168,1,True,778,7554
er,400,788,5,4.0,3.94,10,339902824,129,0,2254,2254,165,1,True,788,7756
er,400,802,5,4.0,4.01,11,698666510,121,0,1094,1094,148,0,True,802,7916
er,400,773,5,4.0,3.865,12,3801439786,119,0,887,887,151,0,True,773,7384
er,400,811,5,4.0,4.055,13,2265825432,122,0,1332,1332,162,2,True,811,8164
er,400,747,5,4.0,3.735,14,3280852268,123,0,1101,1101,154,1,True,747,7110
er,400,811,5,4.0,4.055,15,2128762374,131,0,1437,1437,179,1,True,811,8034
er,400,794,5,4.0,3.97,16,2337146125,120,0,2013,2013,166,0,True,794,7960
er,400,805,5,4.0,4.025,17,3640716357,127,0,1397,1397,164,0,True,805,8088
er,400,807,5,4.0,4.035,18,1117468319,133,0,1565,1565,171,0,True,807,8016
er,400,823,5,4.0,4.115,19,4293935890,128,0,984,984,156,1,True,823,8224
er,400,847,5,4.0,4.235,20,1413532985,131,0,1208,1208,174,0,True,847,8796
er,400,788,5,4.0,3.94,21,2893547725,122,0,1720,1720,146,0,True,788,7726
er,400,821,5,4.0,4.105,22,2564066726,120,0,1892,1892,147,1,True,821,8206
er,400,816,5,4.0,4.08,23,2366215967,127,0,1663,1663,161,0,True,816,8300
er,400,767,5,4.0,3.835,24,1471331342,131,0,1631,1631,163,0,True,767,7298
er,400,826,5,4.0,4.13,25,2690026146,114,0,1558,1558,154,2,True,826,8550
er,400,769,5,4.0,3.845,26,1711818237,118,0,2291,2291,155,1,True,769,7414
er,400,813,5,4.0,4.065,27,1561574907,129,0,2124,2124,172,3,True,813,8302
er,400,798,5,4.0,3.99,28,2353376124,116,0,1907,1907,141,2,True,798,7910
er,400,824,5,4.0,4.12,29,2338141971,123,0,2627,2627,156,1,True,824,8366
er,400,816,5,4.0,4.08,30,2957475365,122,0,1181,1181,162,5,True,816,8382
er,400,826,5,4.0,4.13,31,3526475273,129,0,1820,1820,157,2,True,826,8572
er,400,802,5,4.0,4.01,32,3447028348,132,0,1051,1051,176,4,True,802,8324
er,400,822,5,4.0,4.11,33,966357201,119,0,2043,2043,156,0,True,822,8190
er,400,779,5,4.0,3.895,34,219138205,119,0,1205,1205,153,2,True,779,7680
er,400,839,5,4.0,4.195,35,3149503676,130,0,1575,1575,167,1,True,839,8760
er,400,815,5,4.0,4.075,36,572465682,130,0,2352,2352,171,2,True,815,8220
er,400,798,5,4.0,3.99,37,1590531471,106,0,2060,2060,135,2,True,798,8170
er,400,766,5,4.0,3.83,38,3467673754,111,0,1169,1169,147,0,True,766,7200
er,400,865,5,4.0,4.325,39,3062571393,134,0,1404,1404,174,1,True,865,9202
er,800,1577,5,4.0,3.9425,0,492302532,229,0,3079,3079,310,1,True,1577,15516
er,800,1560,5,4.0,3.9,1,1671949651,238,0,2946,2946,302,1,True,1560,15296
er,800,1593,5,4.0,3.9825,2,1913364317,243,0,3659,3659,308,1,True,1593,15630
er,800,1619,5,4.0,4.0475,3,2312354838,261,0,3157,3157,340,3,True,1619,16220
er,800,1631,5,4.0,4.0775,4,431193485,256,0,3304,3304,329,0,True,1631,16512
er,800,1572,5,4.0,3.93,5,289983389,233,0,3761,3761,312,3,True,1572,15364
er,800,1624,5,4.0,4.06,6,1947463395,259,0,3505,3505,332,1,True,1624,16596
er,800,1660,5,4.0,4.15,7,211141598,248,0,3511,3511,313,2,True,1660,17024
er,800,1639,5,4.0,4.0975,8,827960337,246,0,3175,3175,350,1,True,1639,16702
er,800,1618,5,4.0,4.045,9,99060848,252,0,3367,3367,338,2,True,1618,16586
er,800,1607,5,4.0,4.0175,10,3389162291,243,0,5499,5499,309,3,True,1607,15894
er,800,1602,5,4.0,4.005,11,1353939087,259,0,3389,3389,331,2,True,1602,15936
er,800,1563,5,4.0,3.9075,12,3722916520,231,0,3329,3329,283,0,True,1563,14954
er,800,1561,5,4.0,3.9025,13,2537819861,255,0,2562,2562,324,0,True,1561,15144
er,800,1607,5,4.0,4.0175,14,2572907838,247,0,4296,4296,318,2,True,1607,16052
er,800,1518,5,4.0,3.795,15,4093558908,217,0,2715,2715,292,1,True,1518,14708
er,800,1589,5,4.0,3.9725,16,3467156719,246,0,3288,3288,309,1,True,1589,15858
er,800,1611,5,4.0,4.0275,17,1708598006,255,0,3683,3683,330,1,True,1611,15998
er,800,1603,5,4.0,4.0075,18,2269360553,268,0,4777,4777,345,3,True,1603,16166
er,800,1550,5,4.0,3.875,19,160869270,258,0,2750,2750,312,1,True,1550,14892
er,800,1612,5,4.0,4.03,20,3310205152,256,0,4491,4491,316,2,True,1612,16208
er,800,1584,5,4.0,3.96,21,3620963765,255,0,3298,3298,320,2,True,1584,15582
er,800,1655,5,4.0,4.1375,22,1752432355,236,0,2576,2576,303,4,True,1655,16890
er,800,1567,5,4.0,3.9175,23,2872894696,241,0,3785,3785,319,2,True,1567,15562
er,800,1566,5,4.0,3.915,24,1748603127,245,0,3063,3063,318,1,True,1566,15334
er,800,1579,5,4.0,3.9475,25,3627855858,247,0,3547,3547,315,1,True,1579,15804
er,800,1688,5,4.0,4.22,26,927066664,267,0,5088,5088,357,3,True,1688,17772
er,800,1600,5,4.0,4.0,27,1510037851,260,0,3146,3146,332,2,True,1600,15830
er,800,1641,5,4.0,4.1025,28,604580396,272,0,4912,4912,336,3,True,1641,16894
er,800,1562,5,4.0,3.905,29,3122736761,242,0,8065,8065,301,0,True,1562,15172
er,800,1575,5,4.0,3.9375,30,1437786194,225,0,4472,4472,291,1,True,1575,15466
er,800,1592,5,4.0,3.98,31,935341434,253,0,3212,3212,325,3,True,1592,15912
er,800,1579,5,4.0,3.9475,32,344571612,249,0,2709,2709,313,1,True,1579,15410
er,800,1586,5,4.0,3.965,33,2853650973,242,0,4444,4444,319,1,True,1586,15718
er,800,1572,5,4.0,3.93,34,1938120373,244,0,3607,3607,340,3,True,1572,15664
er,800,1646,5,4.0,4.115,35,2368799289,246,0,2635,2635,343,1,True,1646,16722
er,800,1586,5,4.0,3.965,36,185973892,252,0,4057,4057,346,4,True,1586,15978
er,800,1584,5,4.0,3.96,37,3553411404,243,0,3681,3681,324,3,True,1584,15804
er,800,1623,5,4.0,4.0575,38,3482319639,255,0,4680,4680,325,3,True,1623,16384
er,800,1553,5,4.0,3.8825,39,2681981575,245,0,4514,4514,314,4,True,1553,15210
ba,100,196,5,4.0,3.92,0,4145864041,32,0,449,449,40,0,True,196,2660
ba,100,196,5,4.0,3.92,1,3913492800,30,0,275,275,37,0,True,196,3030
ba,100,196,5,4.0,3.92,2,3814319729,27,0,390,390,37,0,True,196,2950
ba,100,196,5,4.0,3.92,3,3944567910,34,0,794,794,41,1,True,196,2766
ba,100,196,5,4.0,3.92,4,4084974063,31,0,208,208,40,0,True,196,2606
ba,100,196,5,4.0,3.92,5,155237696,35,0,265,265,44,0,True,196,2582
ba,100,196,5,4.0,3.92,6,2026232419,35,0,519,519,44,0,True,196,4616
ba,100,196,5,4.0,3.92,7,99719152,34,0,329,329,43,1,True,196,2726
ba,100,196,5,4.0,3.92,8,1733050817,27,0,417,417,35,1,True,196,2630
ba,100,196,5,4.0,3.92,9,2346476712,33,0,360,360,39,1,True,196,2610
ba,100,196,5,4.0,3.92,10,4084669964,24,0,249,249,28,2,True,196,3370
ba,100,196,5,4.0,3.92,11,2234623736,29,0,283,283,41,2,True,196,3338
ba,100,196,5,4.0,3.92,12,549890054,28,0,265,265,36,1,True,196,2932
ba,100,196,5,4.0,3.92,13,1440600783,38,0,305,305,46,0,True,196,2872
ba,100,196,5,4.0,3.92,14,795748894,34,0,619,619,44,1,True,196,2998
ba,100,196,5,4.0,3.92,15,1563118822,33,0,391,391,39,1,True,196,2850
ba,100,196,5,4.0,3.92,16,1214911000,32,0,389,389,38,1,True,196,3228
ba,100,196,5,4.0,3.92,17,2797923990,24,0,642,642,33,1,True,196,3052
ba,100,196,5,4.0,3.92,18,1445516999,26,0,163,163,37,2,True,196,2802
ba,100,196,5,4.0,3.92,19,2496619980,28,0,325,325,43,1,True,196,2772
ba,100,196,5,4.0,3.92,20,1609452662,35,0,609,609,39,0,True,196,2812
ba,100,196,5,4.0,3.92,21,2538200997,28,0,208,208,36,1,True,196,2700
ba,100,196,5,4.0,3.92,22,1114467552,24,0,269,269,30,2,True,196,3300
ba,100,196,5,4.0,3.92,23,1059980624,34,0,173,173,43,1,True,196,2782
ba,100,196,5,4.0,3.92,24,1092303232,27,0,248,248,43,1,True,196,3074
ba,100,196,5,4.0,3.92,25,1106520768,30,0,374,374,36,1,True,196,2922
ba,100,196,5,4.0,3.92,26,3960045797,25,0,270,270,33,1,True,196,2952
ba,100,196,5,4.0,3.92,27,1325184763,30,0,245,245,38,0,True,196,2906
ba,100,196,5,4.0,3.92,28,1336867780,29,0,421,421,37,1,True,196,3010
ba,100,196,5,4.0,3.92,29,1867163823,34,0,357,357,38,0,True,196,3068
ba,100,196,5,4.0,3.92,30,2207072862,37,0,185,185,44,2,True,196,3204
ba,100,196,5,4.0,3.92,31,1165425359,31,0,337,337,37,1,True,196,2602
ba,100,196,5,4.0,3.92,32,1502940426,33,0,235,235,37,0,True,196,2770
ba,100,196,5,4.0,3.92,33,882818199,40,0,441,441,48,2,True,196,3344
ba,100,196,5,4.0,3.92,34,3021539852,32,0,346,346,49,0,True,196,2768
ba,100,196,5,4.0,3.92,35,2767517990,31,0,325,325,37,0,True,196,3068
ba,100,196,5,4.0,3.92,36,1775226665,28,0,445,445,34,0,True,196,2942
ba,100,196,5,4.0,3.92,37,2130979063,30,0,345,345,41,1,True,196,2976
ba,100,196,5,4.0,3.92,38,2136024819,30,0,412,412,37,1,True,196,2812
ba,100,196,5,4.0,3.92,39,2921429448,27,0,329,329,33,1,True,196,2986
ba,200,396,5,4.0,3.96,0,2205062313,61,0,729,729,83,4,True,396,6688
ba,200,396,5,4.0,3.96,1,2631555843,63,0,602,602,78,0,True,396,6536
ba,200,396,5,4.0,3.96,2,3548479605,60,0,338,338,74,2,True,396,7252
ba,200,396,5,4.0,3.96,3,2315552949,62,0,539,539,74,5,True,396,6476
ba,200,396,5,4.0,3.96,4,775143559,77,0,753,753,94,0,True,396,6564
ba,200,396,5,4.0,3.96,5,1655262376,67,0,792,792,81,0,True,396,7844
ba,200,396,5,4.0,3.96,6,299433326,66,0,563,563,86,2,True,396,6956
ba,200,396,5,4.0,3.96,7,1998715578,75,0,404,404,94,2,True,396,7112
ba,200,396,5,4.0,3.96,8,2594778102,61,0,985,985,82,2,True,396,7128
ba,200,396,5,4.0,3.96,9,2133207454,60,0,655,655,74,1,True,396,6182
ba,200,396,5,4.0,3.96,10,994179076,63,0,593,593,80,2,True,396,6224
ba,200,396,5,4.0,3.96,11,2160815768,62,0,669,669,79,0,True,396,5808
ba,200,396,5,4.0,3.96,12,2751024646,58,0,1093,1093,72,5,True,396,7064
ba,200,396,5,4.0,3.96,13,1543253126,62,0,1019,1019,76,0,True,396,6922
ba,200,396,5,4.0,3.96,14,894901542,67,0,946,946,81,2,True,396,7470
ba,200,396,5,4.0,3.96,15,4252748703,79,0,998,998,92,2,True,396,7312
ba,200,396,5,4.0,3.96,16,3390733225,51,0,665,665,68,4,True,396,5864
ba,200,396,5,4.0,3.96,17,1068712409,69,0,641,641,93,4,True,396,6948
ba,200,396,5,4.0,3.96,18,3208686813,66,0,525,525,90,6,True,396,7668
ba,200,396,5,4.0,3.96,19,2036857957,54,0,847,847,65,5,True,396,6344
ba,200,396,5,4.0,3.96,20,3489615647,63,0,788,788,88,3,True,396,6570
ba,200,396,5,4.0,3.96,21,643329492,67,0,978,978,81,3,True,396,7516
ba,200,396,5,4.0,3.96,22,4066234287,63,0,895,895,82,3,True,396,7048
ba,200,396,5,4.0,3.96,23,1402402240,62,0,506,506,74,1,True,396,6454
ba,200,396,5,4.0,3.96,24,3602190128,58,0,554,554,72,5,True,396,6762
ba,200,396,5,4.0,3.96,25,2580881601,60,0,830,830,70,3,True,396,6412
ba,200,396,5,4.0,3.96,26,745007874,68,0,817,817,81,2,True,396,7134
ba,200,396,5,4.0,3.96,27,1373433508,66,0,1008,1008,83,3,True,396,7364
ba,200,396,5,4.0,3.96,28,70182652,65,0,409,409,78,3,True,396,6148
ba,200,396,5,4.0,3.96,29,1036011230,59,0,1190,1190,73,4,True,396,6676
ba,200,396,5,4.0,3.96,30,2164838693,54,0,646,646,74,2,True,396,6360
ba,200,396,5,4.0,3.96,31,590887536,64,0,506,506,90,4,True,396,6920
ba,200,396,5,4.0,3.96,32,159099922,49,0,993,993,61,1,True,396,6896
ba,200,396,5,4.0,3.96,33,3621806712,70,0,626,626,89,4,True,396,7662
ba,200,396,5,4.0,3.96,34,2890314964,69,0,850,850,90,3,True,396,8208
ba,200,396,5,4.0,3.96,35,1653653274,72,0,1315,1315,96,2,True,396,5594
ba,200,396,5,4.0,3.96,36,2383146893,71,0,485,485,86,4,True,396,6868
ba,200,396,5,4.0,3.96,37,3348858361,74,0,615,615,87,2,True,396,7698
ba,200,396,5,4.0,3.96,38,737537135,68,0,701,701,95,4,True,396,7476
ba,200,396,5,4.0,3.96,39,2172884560,58,0,922,922,80,4,True,396,6512
ba,400,796,5,4.0,3.98,0,1398609977,125,0,1039,1039,168,7,True,796,15180
ba,400,796,5,4.0,3.98,1,1145788593,119,0,1733,1733,157,5,True,796,13838
ba,400,796,5,4.0,3.98,2,3893508949,125,0,2105,2105,159,4,True,796,15114
ba,400,796,5,4.0,3.98,3,1090440919,128,0,1414,1414,172,5,True,796,15198
ba,400,796,5,4.0,3.98,4,2440036179,121,0,2822,2822,161,4,True,796,14686
ba,400,796,5,4.0,3.98,5,1566168864,135,0,1857,1857,172,5,True,796,15210
ba,400,796,5,4.0,3.98,6,3602884506,126,0,1623,1623,164,7,True,796,14674
ba,400,796,5,4.0,3.98,7,404975705,136,0,1452,1452,177,5,True,796,16778
ba,400,796,5,4.0,3.98,8,2533008052,131,0,1472,1472,175,3,True,796,12872
ba,400,796,5,4.0,3.98,9,1511693885,128,0,1374,1374,159,3,True,796,13024
ba,400,796,5,4.0,3.98,10,796707678,112,0,1083,1083,142,7,True,796,13920
ba,400,796,5,4.0,3.98,11,771102676,126,0,1470,1470,155,6,True,796,14652
ba,400,796,5,4.0,3.98,12,4233325780,132,0,2467,2467,162,5,True,796,13248
ba,400,796,5,4.0,3.98,13,2144646377,124,0,1878,1878,166,6,True,796,15812
ba,400,796,5,4.0,3.98,14,3753938601,129,0,1530,1530,165,6,True,796,15670
ba,400,796,5,4.0,3.98,15,1016326095,125,0,1616,1616,155,5,True,796,14866
ba,400,796,5,4.0,3.98,16,3633052448,119,0,1626,1626,158,7,True,796,15528
ba,400,796,5,4.0,3.98,17,2436548807,120,0,1799,1799,140,2,True,796,15762
ba,400,796,5,4.0,3.98,18,3446782461,127,0,1524,1524,162,7,True,796,16884
ba,400,796,5,4.0,3.98,19,375674782,131,0,1407,1407,182,6,True,796,14916
ba,400,796,5,4.0,3.98,20,4205324841,110,0,2671,2671,161,5,True,796,16790
ba,400,796,5,4.0,3.98,21,2512482140,107,0,1389,1389,144,4,True,796,14578
ba,400,796,5,4.0,3.98,22,3604563827,134,0,1427,1427,176,6,True,796,13284
ba,400,796,5,4.0,3.98,23,2374676859,148,0,2007,2007,188,4,True,796,16570
ba,400,796,5,4.0,3.98,24,2160209078,115,0,3031,3031,155,2,True,796,15532
ba,400,796,5,4.0,3.98,25,2082088982,112,0,1762,1762,140,5,True,796,15320
ba,400,796,5,4.0,3.98,26,1787259498,128,0,2082,2082,162,4,True,796,14610
ba,400,796,5,4.0,3.98,27,449153445,119,0,2540,2540,146,6,True,796,14530
ba,400,796,5,4.0,3.98,28,2109456778,115,0,2744,2744,157,9,True,796,12294
ba,400,796,5,4.0,3.98,29,361948676,110,0,1487,1487,140,3,True,796,12242
ba,400,796,5,4.0,3.98,30,1657419936,122,0,2635,2635,149,3,True,796,14074
ba,400,796,5,4.0,3.98,31,1289254680,120,0,1655,1655,151,4,True,796,13006
ba,400,796,5,4.0,3.98,32,741101650,123,0,2787,2787,156,5,True,796,13916
ba,400,796,5,4.0,3.98,33,2697727964,137,0,3811,3811,184,3,True,796,13940
ba,400,796,5,4.0,3.98,34,1363281880,119,0,2196,2196,146,4,True,796,16814
ba,400,796,5,4.0,3.98,35,2989081364,141,0,1703,1703,190,5,True,796,14068
ba,400,796,5,4.0,3.98,36,4251344387,119,0,1929,1929,153,3,True,796,13388
ba,400,796,5,4.0,3.98,37,504502120,120,0,2750,2750,144,6,True,796,14852
ba,400,796,5,4.0,3.98,38,3228684883,132,0,1906,1906,167,5,True,796,13404
ba,400,796,5,4.0,3.98,39,506671473,136,0,1513,1513,168,4,True,796,14276
ba,800,1596,5,4.0,3.99,0,1997876206,231,0,3938,3938,298,12,True,1596,35156
ba,800,1596,5,4.0,3.99,1,3231210613,247,0,3771,3771,328,10,True,1596,31704
ba,800,1596,5,4.0,3.99,2,282490806,248,0,2945,2945,323,9,True,1596,29812
ba,800,1596,5,4.0,3.99,3,560814088,252,0,2942,2942,314,13,True,1596,35678
ba,800,1596,5,4.0,3.99,4,530673825,248,0,2865,2865,332,12,True,1596,30726
ba,800,1596,5,4.0,3.99,5,3856930129,256,0,3565,3565,331,13,True,1596,32430
ba,800,1596,5,4.0,3.99,6,2088517430,240,0,5375,5375,298,3,True,1596,32506
ba,800,1596,5,4.0,3.99,7,690769547,253,0,3973,3973,342,8,True,1596,29302
ba,800,1596,5,4.0,3.99,8,854216257,239,0,3053,3053,308,9,True,1596,32984
ba,800,1596,5,4.0,3.99,9,3934809828,265,0,3295,3295,336,4,True,1596,30954
ba,800,1596,5,4.0,3.99,10,1724890070,251,0,5110,5110,329,8,True,1596,35788
ba,800,1596,5,4.0,3.99,11,3156168632,224,0,3668,3668,305,13,True,1596,31654
ba,800,1596,5,4.0,3.99,12,3342172198,242,0,3714,3714,321,10,True,1596,31208
ba,800,1596,5,4.0,3.99,13,3268138797,242,0,3418,3418,319,10,True,1596,31892
ba,800,1596,5,4.0,3.99,14,1559346804,232,0,4687,4687,314,16,True,1596,31756
ba,800,1596,5,4.0,3.99,15,1352819050,246,0,3479,3479,327,6,True,1596,31998
ba,800,1596,5,4.0,3.99,16,1805635192,251,0,3518,3518,326,8,True,1596,33506
ba,800,1596,5,4.0,3.99,17,4175529287,241,0,3691,3691,313,15,True,1596,30622
ba,800,1596,5,4.0,3.99,18,2751463407,250,0,4254,4254,311,5,True,1596,36028
ba,800,1596,5,4.0,3.99,19,2888508125,240,0,3898,3898,308,8,True,1596,38302
ba,800,1596,5,4.0,3.99,20,3484505276,242,0,3500,3500,313,11,True,1596,37800
ba,800,1596,5,4.0,3.99,21,2526528807,237,0,4406,4406,302,13,True,1596,34486
ba,800,1596,5,4.0,3.99,22,2823245913,238,0,3769,3769,316,11,True,1596,34348
ba,800,1596,5,4.0,3.99,23,2506949655,247,0,3182,3182,317,10,True,1596,33832
ba,800,1596,5,4.0,3.99,24,628751240,265,0,4594,4594,339,7,True,1596,29576
ba,800,1596,5,4.0,3.99,25,4253007231,232,0,3393,3393,308,9,True,1596,33382
ba,800,1596,5,4.0,3.99,26,1530281703,239,0,8104,8104,306,6,True,1596,34410
ba,800,1596,5,4.0,3.99,27,1561939117,258,0,2842,2842,326,8,True,1596,33412
ba,800,1596,5,4.0,3.99,28,3688250088,265,0,4256,4256,348,6,True,1596,33850
ba,800,1596,5,4.0,3.99,29,3456143202,249,0,3216,3216,319,13,True,1596,33256
ba,800,1596,5,4.0,3.99,30,2678177088,243,0,4792,4792,303,11,True,1596,35762
ba,800,1596,5,4.0,3.99,31,2519539897,237,0,3589,3589,303,7,True,1596,34272
ba,800,1596,5,4.0,3.99,32,2752287225,243,0,3370,3370,331,11,True,1596,32742
ba,800,1596,5,4.0,3.99,33,904979604,264,0,5849,5849,354,8,True,1596,34504
ba,800,1596,5,4.0,3.99,34,614669701,244,0,3914,3914,313,11,True,1596,31910
ba,800,1596,5,4.0,3.99,35,2211469206,237,0,5079,5079,312,10,True,1596,29908
ba,800,1596,5,4.0,3.99,36,3155940393,242,0,4004,4004,302,7,True,1596,37270
ba,800,1596,5,4.0,3.99,37,3459088835,237,0,3035,3035,315,11,True,1596,29666
ba,800,1596,5,4.0,3.99,38,1660938801,248,0,4566,4566,332,9,True,1596,35382
ba,800,1596,5,4.0,3.99,39,101582729,249,0,4240,4240,322,12,True,1596,31716
ws,100,200,5,4.0,4.0,0,1138519315,36,0,200,200,46,0,True,200,1632
ws,100,200,5,4.0,4.0,1,3181894902,32,0,421,421,38,0,True,200,1652
ws,100,200,5,4.0,4.0,2,1288616212,34,0,186,186,42,0,True,200,1656
ws,100,200,5,4.0,4.0,3,4202120881,34,0,339,339,40,0,True,200,1636
ws,100,200,5,4.0,4.0,4,2334127948,26,0,149,149,30,0,True,200,1636
ws,100,200,5,4.0,4.0,5,2554063241,33,0,196,196,44,0,True,200,1630
ws,100,200,5,4.0,4.0,6,4160238404,42,0,244,244,57,0,True,200,1634
ws,100,200,5,4.0,4.0,7,565843189,37,0,246,246,45,0,True,200,1636
ws,100,200,5,4.0,4.0,8,426832387,40,0,205,205,48,0,True,200,1644
ws,100,200,5,4.0,4.0,9,2699679531,33,0,183,183,39,0,True,200,1638
ws,100,200,5,4.0,4.0,10,4118505814,31,0,315,315,37,0,True,200,1626
ws,100,200,5,4.0,4.0,11,3493984926,34,0,369,369,40,0,True,200,1630
ws,100,200,5,4.0,4.0,12,3368948156,38,0,192,192,51,0,True,200,1652
ws,100,200,5,4.0,4.0,13,2806400898,32,0,389,389,40,0,True,200,1622
ws,100,200,5,4.0,4.0,14,1565453768,35,0,515,515,40,0,True,200,1636
ws,100,200,5,4.0,4.0,15,102432205,30,0,216,216,31,0,True,200,1640
ws,100,200,5,4.0,4.0,16,2255862965,37,0,225,225,48,0,True,200,1634
ws,100,200,5,4.0,4.0,17,4047096637,31,0,246,246,36,0,True,200,1628
ws,100,200,5,4.0,4.0,18,47202885,28,0,160,160,32,0,True,200,1638
ws,100,200,5,4.0,4.0,19,1167064890,27,0,190,190,34,0,True,200,1624
ws,100,200,5,4.0,4.0,20,1855249630,27,0,222,222,32,0,True,200,1632
ws,100,200,5,4.0,4.0,21,1769440333,29,0,180,180,35,0,True,200,1630
ws,100,200,5,4.0,4.0,22,307153305,33,0,484,484,39,0,True,200,1640
ws,100,200,5,4.0,4.0,23,2256242,22,0,154,154,27,0,True,200,1640
ws,100,200,5,4.0,4.0,24,1970334269,35,0,183,183,38,0,True,200,1642
ws,100,200,5,4.0,4.0,25,1235797579,33,0,179,179,41,0,True,200,1652
ws,100,200,5,4.0,4.0,26,2677285814,34,0,205,205,42,0,True,200,1644
ws,100,200,5,4.0,4.0,27,450065954,27,0,321,321,36,0,True,200,1636
ws,100,200,5,4.0,4.0,28,4245677895,25,0,144,144,29,0,True,200,1638
ws,100,200,5,4.0,4.0,29,19221526,24,0,151,151,32,0,True,200,1646
ws,100,200,5,4.0,4.0,30,1223647594,33,0,183,183,38,0,True,200,1646
ws,100,200,5,4.0,4.0,31,4275914058,30,0,318,318,36,0,True,200,1640
ws,100,200,5,4.0,4.0,32,3320495803,33,0,258,258,40,0,True,200,1636
ws,100,200,5,4.0,4.0,33,1948596930,22,0,193,193,27,0,True,200,1624
ws,100,200,5,4.0,4.0,34,4287463026,39,0,201,201,50,0,True,200,1632
ws,100,200,5,4.0,4.0,35,4003660583,32,0,166,166,39,0,True,200,1638
ws,100,200,5,4.0,4.0,36,1095362229,35,0,257,257,44,0,True,200,1662
ws,100,200,5,4.0,4.0,37,2682319421,36,0,213,213,43,0,True,200,1630
ws,100,200,5,4.0,4.0,38,3548193168,32,0,207,207,38,0,True,200,1632
ws,100,200,5,4.0,4.0,39,1539954486,30,0,199,199,33,0,True,200,1628
ws,200,400,5,4.0,4.0,0,1044760064,73,0,509,509,94,0,True,400,3298
ws,200,400,5,4.0,4.0,1,2318064646,62,0,558,558,73,0,True,400,3270
ws,200,400,5,4.0,4.0,2,2846766151,62,0,722,722,75,0,True,400,3282
ws,200,400,5,4.0,4.0,3,802673420,64,0,556,556,78,0,True,400,3248
ws,200,400,5,4.0,4.0,4,1055377089,61,0,348,348,73,0,True,400,3274
ws,200,400,5,4.0,4.0,5,2923902600,71,0,608,608,87,0,True,400,3284
ws,200,400,5,4.0,4.0,6,4240861426,62,0,432,432,75,0,True,400,3288
ws,200,400,5,4.0,4.0,7,3350577764,55,0,456,456,66,0,True,400,3284
ws,200,400,5,4.0,4.0,8,2417492364,64,0,402,402,77,0,True,400,3290
ws,200,400,5,4.0,4.0,9,3386780339,65,0,527,527,83,0,True,400,3286
ws,200,400,5,4.0,4.0,10,2757777744,55,0,480,480,66,0,True,400,3270
ws,200,400,5,4.0,4.0,11,1228522377,66,0,574,574,83,0,True,400,3264
ws,200,400,5,4.0,4.0,12,887785499,63,0,410,410,76,0,True,400,3270
ws,200,400,5,4.0,4.0,13,956962509,56,0,459,459,72,0,True,400,3284
ws,200,400,5,4.0,4.0,14,4247445169,66,0,906,906,81,0,True,400,3274
ws,200,400,5,4.0,4.0,15,714454015,63,0,520,520,84,0,True,400,3260
ws,200,400,5,4.0,4.0,16,504859658,59,0,525,525,66,0,True,400,3264
ws,200,400,5,4.0,4.0,17,1210816604,57,0,432,432,65,0,True,400,3264
ws,200,400,5,4.0,4.0,18,1301729604,73,0,738,738,93,0,True,400,3262
ws,200,400,5,4.0,4.0,19,3500958820,69,0,429,429,81,0,True,400,3276
ws,200,400,5,4.0,4.0,20,4071181694,69,0,616,616,85,0,True,400,3274
ws,200,400,5,4.0,4.0,21,2123426423,64,0,463,463,74,0,True,400,3284
ws,200,400,5,4.0,4.0,22,1590555497,57,0,327,327,69,0,True,400,3306
ws,200,400,5,4.0,4.0,23,1624587789,63,0,507,507,76,0,True,400,3256
ws,200,400,5,4.0,4.0,24,60899919,74,0,540,540,93,0,True,400,3298
ws,200,400,5,4.0,4.0,25,1006289116,67,0,401,401,84,0,True,400,3292
ws,200,400,5,4.0,4.0,26,1182390622,64,0,662,662,70,0,True,400,3294
ws,200,400,5,4.0,4.0,27,2844581854,57,0,706,706,71,0,True,400,3284
ws,200,400,5,4.0,4.0,28,3211341734,70,0,431,431,87,0,True,400,3262
ws,200,400,5,4.0,4.0,29,3704340631,69,0,718,718,93,0,True,400,3264
ws,200,400,5,4.0,4.0,30,275857289,71,0,481,481,88,0,True,400,3258
ws,200,400,5,4.0,4.0,31,230372361,66,0,570,570,86,0,True,400,3264
ws,200,400,5,4.0,4.0,32,3413692391,66,0,531,531,77,0,True,400,3262
ws,200,400,5,4.0,4.0,33,2014230188,61,0,358,358,78,0,True,400,3276
ws,200,400,5,4.0,4.0,34,4240285233,69,0,390,390,80,0,True,400,3276
ws,200,400,5,4.0,4.0,35,28954325,62,0,659,659,81,0,True,400,3286
ws,200,400,5,4.0,4.0,36,105263773,66,0,435,435,86,0,True,400,3292
ws,200,400,5,4.0,4.0,37,1796195799,59,0,380,380,74,0,True,400,3258
ws,200,400,5,4.0,4.0,38,1755593364,70,0,533,533,82,0,True,400,3266
ws,200,400,5,4.0,4.0,39,2486298401,73,0,596,596,84,0,True,400,3272
ws,400,800,5,4.0,4.0,0,1824571117,139,0,1081,1081,181,0,True,800,6540
ws,400,800,5,4.0,4.0,1,831332313,131,0,1125,1125,162,1,True,800,6576
ws,400,800,5,4.0,4.0,2,3069629608,128,0,1164,1164,161,0,True,800,6532
ws,400,800,5,4.0,4.0,3,943468471,137,0,880,880,170,0,True,800,6538
ws,400,800,5,4.0,4.0,4,3611587386,126,0,1029,1029,153,0,True,800,6566
ws,400,800,5,4.0,4.0,5,3797666684,130,0,963,963,161,0,True,800,6534
ws,400,800,5,4.0,4.0,6,1815970945,139,0,1229,1229,171,0,True,800,6564
ws,400,800,5,4.0,4.0,7,4178269466,133,0,1254,1254,167,0,True,800,6572
ws,400,800,5,4.0,4.0,8,408108566,141,0,979,979,181,0,True,800,6522
ws,400,800,5,4.0,4.0,9,2913243930,142,0,1410,1410,181,0,True,800,6538
ws,400,800,5,4.0,4.0,10,713495788,123,0,892,892,147,0,True,800,6536
ws,400,800,5,4.0,4.0,11,1481340779,125,0,1411,1411,162,0,True,800,6544
ws,400,800,5,4.0,4.0,12,653727798,131,0,1060,1060,165,0,True,800,6578
ws,400,800,5,4.0,4.0,13,635928280,126,0,947,947,151,0,True,800,6566
ws,400,800,5,4.0,4.0,14,2786392383,137,0,868,868,174,0,True,800,6536
ws,400,800,5,4.0,4.0,15,144420161,134,0,1061,1061,160,0,True,800,6562
ws,400,800,5,4.0,4.0,16,1379718217,128,0,1302,1302,156,0,True,800,6552
ws,400,800,5,4.0,4.0,17,896977929,131,0,974,974,166,0,True,800,6576
ws,400,800,5,4.0,4.0,18,2499001073,125,0,1059,1059,154,0,True,800,6564
ws,400,800,5,4.0,4.0,19,2865850217,132,0,1154,1154,163,0,True,800,6570
ws,400,800,5,4.0,4.0,20,2304113194,131,0,1098,1098,152,0,True,800,6556
ws,400,800,5,4.0,4.0,21,1341687934,124,0,1616,1616,153,0,True,800,6536
ws,400,800,5,4.0,4.0,22,3254020344,128,0,1049,1049,163,0,True,800,6546
ws,400,800,5,4.0,4.0,23,3582034921,115,0,1226,1226,138,0,True,800,6566
ws,400,800,5,4.0,4.0,24,3794602651,127,0,1283,1283,166,0,True,800,6552
ws,400,800,5,4.0,4.0,25,1740536592,126,0,970,970,144,0,True,800,6574
ws,400,800,5,4.0,4.0,26,499900836,140,0,970,970,173,0,True,800,6566
ws,400,800,5,4.0,4.0,27,2868559928,139,0,969,969,170,0,True,800,6558
ws,400,800,5,4.0,4.0,28,3104725625,134,0,861,861,172,0,True,800,6558
ws,400,800,5,4.0,4.0,29,1487799610,120,0,2429,2429,139,0,True,800,6556
ws,400,800,5,4.0,4.0,30,3391187529,138,0,1066,1066,179,0,True,800,6550
ws,400,800,5,4.0,4.0,31,1188812473,129,0,1266,1266,164,0,True,800,6534
ws,400,800,5,4.0,4.0,32,1709160248,135,0,1101,1101,162,0,True,800,6566
ws,400,800,5,4.0,4.0,33,2204833529,132,0,1001,1001,159,0,True,800,6598
ws,400,800,5,4.0,4.0,34,1479946754,127,0,1356,1356,157,0,True,800,6576
ws,400,800,5,4.0,4.0,35,2645728934,125,0,1679,1679,151,0,True,800,6536
ws,400,800,5,4.0,4.0,36,494891651,126,0,784,784,147,0,True,800,6536
ws,400,800,5,4.0,4.0,37,4113577512,135,0,1197,1197,164,0,True,800,6570
ws,400,800,5,4.0,4.0,38,2709543104,140,0,1189,1189,182,0,True,800,6552
ws,400,800,5,4.0,4.0,39,2903787892,126,0,1081,1081,149,0,True,800,6560
ws,800,1600,5,4.0,4.0,0,1508783516,253,0,3003,3003,311,0,True,1600,13088
ws,800,1600,5,4.0,4.0,1,1679785584,259,0,2896,2896,314,0,True,1600,13112
ws,800,1600,5,4.0,4.0,2,697662177,280,0,2803,2803,349,0,True,1600,13064
ws,800,1600,5,4.0,4.0,3,1966328655,250,0,2593,2593,308,0,True,1600,13098
ws,800,1600,5,4.0,4.0,4,2090378353,263,0,2773,2773,322,0,True,1600,13170
ws,800,1600,5,4.0,4.0,5,3162138614,262,0,3141,3141,322,0,True,1600,13118
ws,800,1600,5,4.0,4.0,6,3877945957,260,0,2695,2695,325,0,True,1600,13090
ws,800,1600,5,4.0,4.0,7,3807994517,257,0,2421,2421,324,0,True,1600,13128
ws,800,1600,5,4.0,4.0,8,3193406046,272,0,2353,2353,336,0,True,1600,13120
ws,800,1600,5,4.0,4.0,9,845207832,269,0,2146,2146,320,0,True,1600,13096
ws,800,1600,5,4.0,4.0,10,1805431787,264,0,2968,2968,329,0,True,1600,13120
ws,800,1600,5,4.0,4.0,11,3138239624,239,0,2623,2623,297,0,True,1600,13070
ws,800,1600,5,4.0,4.0,12,1384456065,263,0,2628,2628,327,0,True,1600,13118
ws,800,1600,5,4.0,4.0,13,1615585813,290,0,6567,6567,354,0,True,1600,13108
ws,800,1600,5,4.0,4.0,14,4132640239,246,0,2023,2023,314,0,True,1600,13078
ws,800,1600,5,4.0,4.0,15,709282903,249,0,1981,1981,306,0,True,1600,13094
ws,800,1600,5,4.0,4.0,16,3722482910,278,0,3413,3413,348,1,True,1600,13140
ws,800,1600,5,4.0,4.0,17,74764026,260,0,3319,3319,320,0,True,1600,13086
ws,800,1600,5,4.0,4.0,18,1669617839,285,0,3710,3710,356,0,True,1600,13114
ws,800,1600,5,4.0,4.0,19,534897950,269,0,2646,2646,331,0,True,1600,13090
ws,800,1600,5,4.0,4.0,20,808606006,240,0,2130,2130,297,0,True,1600,13120
ws,800,1600,5,4.0,4.0,21,211730366,251,0,3834,3834,320,0,True,1600,13182
ws,800,1600,5,4.0,4.0,22,2063294570,265,0,3189,3189,324,0,True,1600,13106
ws,800,1600,5,4.0,4.0,23,2695090158,252,0,2132,2132,311,0,True,1600,13122
ws,800,1600,5,4.0,4.0,24,1848893572,278,0,2808,2808,346,0,True,1600,13108
ws,800,1600,5,4.0,4.0,25,3239409436,246,0,6999,6999,311,0,True,1600,13122
ws,800,1600,5,4.0,4.0,26,963870811,252,0,1903,1903,314,0,True,1600,13092
ws,800,1600,5,4.0,4.0,27,2228550015,255,0,4212,4212,312,0,True,1600,13112
ws,800,1600,5,4.0,4.0,28,3602048604,235,0,2320,2320,287,1,True,1600,13086
ws,800,1600,5,4.0,4.0,29,1267544276,257,0,3011,3011,306,1,True,1600,13102
ws,800,1600,5,4.0,4.0,30,839025565,258,0,2486,2486,328,0,True,1600,13100
ws,800,1600,5,4.0,4.0,31,167200906,268,0,2670,2670,335,1,True,1600,13132
ws,800,1600,5,4.0,4.0,32,1929436876,274,0,3042,3042,341,0,True,1600,13122
ws,800,1600,5,4.0,4.0,33,1575741734,278,0,2993,2993,351,0,True,1600,13096
ws,800,1600,5,4.0,4.0,34,1015418263,262,0,2935,2935,310,0,True,1600,13092
ws,800,1600,5,4.0,4.0,35,139029159,267,0,2319,2319,340,0,True,1600,13088
ws,800,1600,5,4.0,4.0,36,2825479563,260,0,2542,2542,329,0,True,1600,13128
ws,800,1600,5,4.0,4.0,37,139601381,265,0,2657,2657,326,0,True,1600,13106
ws,800,1600,5,4.0,4.0,38,2597415558,260,0,3390,3390,303,1,True,1600,13098
ws,800,1600,5,4.0,4.0,39,1651883120,259,0,2226,2226,316,0,True,1600,13116
er,100,402,5,8.0,8.04,0,4262693596,52,0,430,430,86,5,True,402,7302
er,100,384,5,8.0,7.68,1,4173546577,55,0,345,345,104,4,True,384,6598
er,100,435,5,8.0,8.7,2,1974825369,55,0,503,503,99,7,True,435,8320
er,100,412,5,8.0,8.24,3,2192065929,50,0,510,510,83,4,True,412,7408
er,100,395,5,8.0,7.9,4,741061735,59,0,473,473,96,2,True,395,6942
er,100,414,5,8.0,8.28,5,2514742738,54,0,594,594,88,7,True,414,7652
er,100,432,5,8.0,8.64,6,2625099705,48,0,301,301,81,8,True,432,8268
er,100,385,5,8.0,7.7,7,3568993313,46,0,475,475,69,3,True,385,6570
er,100,391,5,8.0,7.82,8,1056690508,46,0,478,478,76,7,True,391,6826
er,100,376,5,8.0,7.52,9,1204519907,47,0,378,378,83,5,True,376,6334
er,100,420,5,8.0,8.4,10,4281902389,52,0,422,422,87,10,True,420,7846
er,100,374,5,8.0,7.48,11,4050569764,54,0,527,527,93,3,True,374,6190
er,100,385,5,8.0,7.7,12,3197205670,42,0,266,266,74,6,True,385,6738
er,100,375,5,8.0,7.5,13,1735807003,56,0,559,559,79,5,True,375,6236
er,100,436,5,8.0,8.72,14,2095636137,39,0,372,372,75,8,True,436,8436
er,100,389,5,8.0,7.78,15,2681803989,47,0,397,397,76,5,True,389,6682
er,100,397,5,8.0,7.94,16,2708532819,53,0,431,431,88,2,True,397,7090
er,100,380,5,8.0,7.6,17,3310578814,56,0,239,239,83,4,True,380,6472
er,100,401,5,8.0,8.02,18,1287308774,52,0,512,512,81,7,True,401,6914
er,100,406,5,8.0,8.12,19,2551929881,52,0,324,324,86,5,True,406,7146
er,100,438,5,8.0,8.76,20,1331256128,55,0,1130,1130,97,7,True,438,8446
er,100,394,5,8.0,7.88,21,1679151729,54,0,326,326,90,6,True,394,6916
er,100,410,5,8.0,8.2,22,3195838318,48,0,370,370,80,8,True,410,7562
er,100,386,5,8.0,7.72,23,940135927,48,0,439,439,76,9,True,386,6548
er,100,400,5,8.0,8.0,24,4123085125,55,0,289,289,84,6,True,400,7404
er,100,409,5,8.0,8.18,25,3462315650,46,0,481,481,74,5,True,409,7468
er,100,391,5,8.0,7.82,26,4160096395,44,0,409,409,71,5,True,391,6866
er,100,421,5,8.0,8.42,27,3862913095,59,0,726,726,101,5,True,421,7814
er,100,402,5,8.0,8.04,28,2549428972,50,0,540,540,79,6,True,402,7432
er,100,383,5,8.0,7.66,29,1287912949,44,0,396,396,64,6,True,383,6504
er,100,385,5,8.0,7.7,30,1428312672,47,0,487,487,77,3,True,385,6558
er,100,391,5,8.0,7.82,31,2641882399,41,0,546,546,71,6,True,391,6768
er,100,405,5,8.0,8.1,32,2163997842,51,0,379,379,80,7,True,405,7552
er,100,393,5,8.0,7.86,33,3280429855,44,0,509,509,84,8,True,393,7018
er,100,442,5,8.0,8.84,34,1810314197,49,0,565,565,80,5,True,442,8554
er,100,411,5,8.0,8.22,35,269344391,52,0,974,974,87,6,True,411,7382
er,100,403,5,8.0,8.06,36,3610599547,41,0,465,465,63,5,True,403,7254
er,100,417,5,8.0,8.34,37,203535491,54,0,289,289,93,8,True,417,7542
er,100,375,5,8.0,7.5,38,534454225,45,0,395,395,70,5,True,375,6384
er,100,411,5,8.0,8.22,39,3944390128,42,0,527,527,75,6,True,411,7614
er,200,863,5,8.0,8.63,0,393462474,102,0,682,682,174,19,True,863,16508
er,200,854,5,8.0,8.54,1,3904089285,100,0,1427,1427,176,10,True,854,16376
er,200,774,5,8.0,7.74,2,3177610002,99,0,729,729,184,12,True,774,13586
er,200,797,5,8.0,7.97,3,3822735901,103,0,582,582,166,13,True,797,14174
er,200,838,5,8.0,8.38,4,981976407,94,0,1020,1020,169,13,True,838,15692
er,200,840,5,8.0,8.4,5,2896687092,94,0,824,824,185,13,True,840,15684
er,200,808,5,8.0,8.08,6,2148267633,101,0,758,758,167,8,True,808,15024
er,200,821,5,8.0,8.21,7,2489510151,90,0,788,788,174,13,True,821,15236
er,200,789,5,8.0,7.89,8,2417597499,84,0,580,580,154,16,True,789,13894
er,200,801,5,8.0,8.01,9,3468170345,101,0,967,967,158,13,True,801,14344
er,200,785,5,8.0,7.85,10,2585238784,102,0,1272,1272,174,8,True,785,13738
er,200,818,5,8.0,8.18,11,1172159267,88,0,1195,1195,163,14,True,818,14702
er,200,825,5,8.0,8.25,12,3112949558,110,0,1492,1492,191,9,True,825,15376
er,200,766,5,8.0,7.66,13,456125048,91,0,938,938,148,7,True,766,13032
er,200,759,5,8.0,7.59,14,1349160045,89,0,884,884,148,14,True,759,12972
er,200,825,5,8.0,8.25,15,3605776467,95,0,1218,1218,157,11,True,825,15316
er,200,722,5,8.0,7.22,16,157118140,109,0,1089,1089,162,3,True,722,11746
er,200,800,5,8.0,8.0,17,917365002,91,0,1098,1098,168,15,True,800,14448
er,200,795,5,8.0,7.95,18,1484368989,101,0,910,910,167,11,True,795,14098
er,200,805,5,8.0,8.05,19,2690341309,98,0,1297,1297,152,14,True,805,14476
er,200,835,5,8.0,8.35,20,2867783653,107,0,614,614,181,13,True,835,15668
er,200,801,5,8.0,8.01,21,1176405150,94,0,1576,1576,143,11,True,801,14066
er,200,846,5,8.0,8.46,22,1147445394,106,0,956,956,171,22,True,846,16294
er,200,793,5,8.0,7.93,23,2412819914,90,0,700,700,145,14,True,793,14002
er,200,801,5,8.0,8.01,24,1535809350,89,0,618,618,158,11,True,801,14544
er,200,828,5,8.0,8.28,25,1937660750,90,0,1429,1429,160,15,True,828,15500
er,200,784,5,8.0,7.84,26,597473039,101,0,1152,1152,164,11,True,784,13740
er,200,778,5,8.0,7.78,27,1710514548,101,0,946,946,161,10,True,778,13728
er,200,796,5,8.0,7.96,28,269851794,99,0,1604,1604,166,12,True,796,14154
er,200,830,5,8.0,8.3,29,1827465662,101,0,736,736,167,15,True,830,15362
er,200,785,5,8.0,7.85,30,2638950413,109,0,644,644,165,10,True,785,13948
er,200,810,5,8.0,8.1,31,3747770598,99,0,1373,1373,173,14,True,810,14698
er,200,845,5,8.0,8.45,32,858061631,114,0,995,995,180,8,True,845,15900
er,200,829,5,8.0,8.29,33,1097379548,107,0,1085,1085,179,12,True,829,15342
er,200,747,5,8.0,7.47,34,386755971,93,0,562,562,145,6,True,747,12546
er,200,807,5,8.0,8.07,35,588610939,93,0,1120,1120,164,15,True,807,14712
er,200,837,5,8.0,8.37,36,1784501094,95,0,791,791,159,14,True,837,15710
er,200,793,5,8.0,7.93,37,3888935026,94,0,718,718,152,15,True,793,14036
er,200,775,5,8.0,7.75,38,3561816851,84,0,863,863,147,14,True,775,13562
er,200,771,5,8.0,7.71,39,3130954912,93,0,1016,1016,154,8,True,771,13450
er,400,1655,5,8.0,8.275,0,3692103480,202,0,3108,3108,350,24,True,1655,30856
er,400,1704,5,8.0,8.52,1,1497294616,201,0,2407,2407,356,24,True,1704,32442
er,400,1699,5,8.0,8.495,2,4122240784,188,0,3236,3236,325,31,True,1699,31936
er,400,1634,5,8.0,8.17,3,3783137785,199,0,2503,2503,327,25,True,1634,30090
er,400,1596,5,8.0,7.98,4,4036054257,197,0,1949,1949,333,16,True,1596,28382
er,400,1594,5,8.0,7.97,5,3490570494,196,0,2439,2439,316,22,True,1594,28200
er,400,1634,5,8.0,8.17,6,4152100550,193,0,2256,2256,333,25,True,1634,29694
er,400,1621,5,8.0,8.105,7,2752230734,184,0,2067,2067,300,22,True,1621,29012
er,400,1566,5,8.0,7.83,8,2166562193,192,0,2116,2116,320,20,True,1566,27586
er,400,1580,5,8.0,7.9,9,3143672049,195,0,2816,2816,302,17,True,1580,27828
er,400,1562,5,8.0,7.81,10,1799110123,190,0,3558,3558,310,18,True,1562,27476
er,400,1545,5,8.0,7.725,11,4142585044,200,0,2360,2360,301,19,True,1545,26786
er,400,1595,5,8.0,7.975,12,3962354849,180,0,3270,3270,311,16,True,1595,28538
er,400,1551,5,8.0,7.755,13,247753075,180,0,2341,2341,291,18,True,1551,26986
er,400,1596,5,8.0,7.98,14,2299825235,211,0,2314,2314,353,20,True,1596,28512
er,400,1597,5,8.0,7.985,15,2761944679,189,0,2559,2559,320,19,True,1597,28880
er,400,1628,5,8.0,8.14,16,2443679078,186,0,2621,2621,301,27,True,1628,29432
er,400,1576,5,8.0,7.88,17,4241280555,184,0,3582,3582,305,17,True,1576,27800
er,400,1543,5,8.0,7.715,18,1814939641,195,0,2932,2932,328,22,True,1543,26674
er,400,1689,5,8.0,8.445,19,4279877263,187,0,2497,2497,311,28,True,1689,31824
er,400,1613,5,8.0,8.065,20,779727362,198,0,1939,1939,329,26,True,1613,28980
er,400,1571,5,8.0,7.855,21,3343346551,197,0,2188,2188,313,13,True,1571,27992
er,400,1628,5,8.0,8.14,22,1243535192,186,0,1952,1952,310,24,True,1628,29780
er,400,1596,5,8.0,7.98,23,2115536706,188,0,2033,2033,311,20,True,1596,28196
er,400,1672,5,8.0,8.36,24,1268320533,193,0,2359,2359,333,26,True,1672,31370
er,400,1614,5,8.0,8.07,25,4184199173,200,0,2789,2789,321,22,True,1614,29492
er,400,1637,5,8.0,8.185,26,3739915449,186,0,2913,2913,342,24,True,1637,30656
er,400,1590,5,8.0,7.95,27,3114795992,189,0,2182,2182,325,18,True,1590,28204
er,400,1600,5,8.0,8.0,28,2206444996,208,0,1642,1642,324,26,True,1600,28708
er,400,1609,5,8.0,8.045,29,1652470236,191,0,2589,2589,322,25,True,1609,28990
er,400,1563,5,8.0,7.815,30,2811530082,196,0,3677,3677,313,19,True,1563,27396
er,400,1662,5,8.0,8.31,31,1164181808,190,0,1913,1913,322,26,True,1662,31068
er,400,1586,5,8.0,7.93,32,924385011,201,0,2378,2378,326,21,True,1586,28452
er,400,1633,5,8.0,8.165,33,234566655,174,0,1912,1912,302,22,True,1633,29552
er,400,1569,5,8.0,7.845,34,162788413,181,0,1643,1643,304,23,True,1569,27678
er,400,1598,5,8.0,7.99,35,3347781157,191,0,2906,2906,338,23,True,1598,29090
er,400,1582,5,8.0,7.91,36,3078592788,192,0,2128,2128,346,30,True,1582,27974
er,400,1600,5,8.0,8.0,37,3427452308,181,0,3516,3516,306,30,True,1600,28462
er,400,1551,5,8.0,7.755,38,3577719073,170,0,1496,1496,283,26,True,1551,27084
er,400,1599,5,8.0,7.995,39,1716542126,196,0,2025,2025,319,21,True,1599,28636
er,800,3206,5,8.0,8.015,0,2310505702,402,0,4844,4844,641,40,True,3206,57578
er,800,3144,5,8.0,7.86,1,4186997727,400,0,7041,7041,645,39,True,3144,56176
er,800,3161,5,8.0,7.9025,2,2715256701,385,0,5424,5424,634,48,True,3161,56354
er,800,3191,5,8.0,7.9775,3,1134967400,384,0,3642,3642,652,38,True,3191,57502
er,800,3227,5,8.0,8.0675,4,526727860,394,0,4813,4813,647,45,True,3227,58488
er,800,3318,5,8.0,8.295,5,3857943249,432,0,6206,6206,705,43,True,3318,61380
er,800,3205,5,8.0,8.0125,6,36935731,368,0,4925,4925,609,48,True,3205,58166
er,800,3267,5,8.0,8.1675,7,3629298711,400,0,4724,4724,635,31,True,3267,59792
er,800,3248,5,8.0,8.12,8,4022266831,392,0,4752,4752,625,41,True,3248,58468
er,800,3217,5,8.0,8.0425,9,681973876,409,0,6120,6120,671,39,True,3217,58134
er,800,3127,5,8.0,7.8175,10,800798700,386,0,8204,8204,640,40,True,3127,55012
er,800,3178,5,8.0,7.945,11,2542993974,377,0,4487,4487,629,51,True,3178,56758
er,800,3181,5,8.0,7.9525,12,3512778882,366,0,4786,4786,616,46,True,3181,56456
er,800,3170,5,8.0,7.925,13,3889337058,375,0,4999,4999,612,40,True,3170,56566
er,800,3199,5,8.0,7.9975,14,3923561554,406,0,5473,5473,662,31,True,3199,57604
er,800,3200,5,8.0,8.0,15,1532769381,383,0,4530,4530,635,55,True,3200,57574
er,800,3198,5,8.0,7.995,16,3341071956,380,0,5634,5634,609,43,True,3198,57568
er,800,3159,5,8.0,7.8975,17,863601961,388,0,4195,4195,638,42,True,3159,55760
er,800,3231,5,8.0,8.0775,18,3206666974,371,0,4536,4536,640,48,True,3231,58158
er,800,3155,5,8.0,7.8875,19,4165900945,383,0,4903,4903,620,43,True,3155,55480
er,800,3080,5,8.0,7.7,20,3766589643,374,0,5294,5294,621,35,True,3080,53210
er,800,3305,5,8.0,8.2625,21,3475934228,403,0,5923,5923,674,52,True,3305,60954
er,800,3161,5,8.0,7.9025,22,2587247559,383,0,3977,3977,637,42,True,3161,55696
er,800,3230,5,8.0,8.075,23,2949929481,387,0,4944,4944,653,42,True,3230,58706
er,800,3204,5,8.0,8.01,24,1363025045,365,0,5097,5097,608,54,True,3204,57664
er,800,3198,5,8.0,7.995,25,2455276569,379,0,6321,6321,642,42,True,3198,57670
er,800,3153,5,8.0,7.8825,26,3116360653,377,0,3455,3455,631,45,True,3153,55998
er,800,3243,5,8.0,8.1075,27,1296987377,404,0,6299,6299,680,42,True,3243,58710
er,800,3188,5,8.0,7.97,28,4165400922,373,0,5276,5276,628,56,True,3188,57004
er,800,3168,5,8.0,7.92,29,3374244191,413,0,4529,4529,644,39,True,3168,56172
er,800,3241,5,8.0,8.1025,30,2062838667,392,0,3766,3766,633,43,True,3241,59248
er,800,3269,5,8.0,8.1725,31,117003956,402,0,5330,5330,681,47,True,3269,59682
er,800,3132,5,8.0,7.83,32,3481355570,413,0,6015,6015,665,42,True,3132,54970
er,800,3167,5,8.0,7.9175,33,510994920,365,0,6892,6892,606,47,True,3167,56426
er,800,3128,5,8.0,7.82,34,1009708319,389,0,4565,4565,656,42,True,3128,55346
er,800,3160,5,8.0,7.9,35,807140587,382,0,4856,4856,615,38,True,3160,56100
er,800,3232,5,8.0,8.08,36,1625371273,384,0,4520,4520,649,41,True,3232,58648
er,800,3206,5,8.0,8.015,37,3894379176,382,0,8029,8029,647,44,True,3206,58068
er,800,3195,5,8.0,7.9875,38,2709658293,409,0,6481,6481,665,42,True,3195,57296
er,800,3151,5,8.0,7.8775,39,709542703,366,0,9116,9116,587,41,True,3151,55818
ba,100,384,5,8.0,7.68,0,2066214576,42,0,292,292,72,7,True,384,9540
ba,100,384,5,8.0,7.68,1,1704151766,46,0,301,301,73,5,True,384,8428
ba,100,384,5,8.0,7.68,2,3093065276,39,0,298,298,76,9,True,384,8764
ba,100,384,5,8.0,7.68,3,2493039877,41,0,314,314,61,6,True,384,8950
ba,100,384,5,8.0,7.68,4,2545224629,48,0,461,461,73,9,True,384,9022
ba,100,384,5,8.0,7.68,5,635204408,39,0,326,326,67,11,True,384,9264
ba,100,384,5,8.0,7.68,6,1067021951,47,0,395,395,71,7,True,384,8954
ba,100,384,5,8.0,7.68,7,3787874861,48,0,512,512,77,6,True,384,8234
ba,100,384,5,8.0,7.68,8,3931398747,48,0,272,272,72,10,True,384,9244
ba,100,384,5,8.0,7.68,9,830852305,47,0,470,470,80,4,True,384,9278
ba,100,384,5,8.0,7.68,10,4290412587,58,0,400,400,86,3,True,384,9102
ba,100,384,5,8.0,7.68,11,236204119,56,0,464,464,86,7,True,384,10078
ba,100,384,5,8.0,7.68,12,3464623238,45,0,252,252,76,12,True,384,9130
ba,100,384,5,8.0,7.68,13,1675455127,52,0,407,407,83,7,True,384,8884
ba,100,384,5,8.0,7.68,14,1987478610,46,0,341,341,67,7,True,384,8726
ba,100,384,5,8.0,7.68,15,950433209,53,0,396,396,82,6,True,384,9968
ba,100,384,5,8.0,7.68,16,4240625144,42,0,293,293,70,6,True,384,8740
ba,100,384,5,8.0,7.68,17,4059734368,52,0,325,325,87,7,True,384,9320
ba,100,384,5,8.0,7.68,18,3469660719,46,0,496,496,72,11,True,384,8708
ba,100,384,5,8.0,7.68,19,4271535203,47,0,371,371,78,9,True,384,9212
ba,100,384,5,8.0,7.68,20,1236908309,49,0,380,380,72,8,True,384,9268
ba,100,384,5,8.0,7.68,21,2138086848,40,0,264,264,61,9,True,384,9716
ba,100,384,5,8.0,7.68,22,1164361309,45,0,330,330,63,8,True,384,9924
ba,100,384,5,8.0,7.68,23,3011973609,43,0,367,367,77,8,True,384,8840
ba,100,384,5,8.0,7.68,24,879934339,46,0,475,475,76,8,True,384,9436
ba,100,384,5,8.0,7.68,25,3953333923,57,0,386,386,101,9,True,384,9130
ba,100,384,5,8.0,7.68,26,4142862039,49,0,676,676,85,6,True,384,8754
ba,100,384,5,8.0,7.68,27,387172758,50,0,1257,1257,95,5,True,384,8928
ba,100,384,5,8.0,7.68,28,2843453689,40,0,153,153,64,7,True,384,9234
ba,100,384,5,8.0,7.68,29,2995440301,54,0,389,389,79,8,True,384,8712
ba,100,384,5,8.0,7.68,30,1323394040,62,0,696,696,99,5,True,384,9586
ba,100,384,5,8.0,7.68,31,2651995189,46,0,387,387,78,6,True,384,9098
ba,100,384,5,8.0,7.68,32,3921770684,54,0,316,316,84,6,True,384,9778
ba,100,384,5,8.0,7.68,33,1077163203,38,0,529,529,57,10,True,384,8860
ba,100,384,5,8.0,7.68,34,862324765,45,0,307,307,79,12,True,384,9648
ba,100,384,5,8.0,7.68,35,3709030665,52,0,730,730,84,11,True,384,9438
ba,100,384,5,8.0,7.68,36,908744636,53,0,614,614,90,9,True,384,9190
ba,100,384,5,8.0,7.68,37,4056715573,47,0,319,319,81,9,True,384,9970
ba,100,384,5,8.0,7.68,38,2538740792,48,0,499,499,78,9,True,384,9176
ba,100,384,5,8.0,7.68,39,3382406072,40,0,298,298,75,7,True,384,8884
ba,200,784,5,8.0,7.84,0,3477824143,105,0,1326,1326,165,13,True,784,21598
ba,200,784,5,8.0,7.84,1,2719698733,96,0,734,734,136,8,True,784,21224
ba,200,784,5,8.0,7.84,2,2773590840,95,0,904,904,154,21,True,784,19622
ba,200,784,5,8.0,7.84,3,1329297237,102,0,756,756,158,14,True,784,20692
ba,200,784,5,8.0,7.84,4,2106171218,95,0,714,714,153,16,True,784,20026
ba,200,784,5,8.0,7.84,5,2868323597,108,0,986,986,165,10,True,784,20634
ba,200,784,5,8.0,7.84,6,3042809614,95,0,1448,1448,165,11,True,784,20842
ba,200,784,5,8.0,7.84,7,346435352,78,0,760,760,125,15,True,784,20762
ba,200,784,5,8.0,7.84,8,262021244,95,0,1090,1090,147,11,True,784,20236
ba,200,784,5,8.0,7.84,9,3744290904,94,0,1150,1150,151,11,True,784,20862
ba,200,784,5,8.0,7.84,10,2549807356,94,0,918,918,161,17,True,784,21518
ba,200,784,5,8.0,7.84,11,2703464733,112,0,821,821,184,15,True,784,19896
ba,200,784,5,8.0,7.84,12,2966074560,104,0,1104,1104,160,13,True,784,21736
ba,200,784,5,8.0,7.84,13,4017309500,102,0,845,845,168,18,True,784,21492
ba,200,784,5,8.0,7.84,14,3354202947,86,0,1109,1109,139,15,True,784,21112
ba,200,784,5,8.0,7.84,15,1166434081,93,0,843,843,177,11,True,784,19854
ba,200,784,5,8.0,7.84,16,3942493585,90,0,1302,1302,153,18,True,784,19676
ba,200,784,5,8.0,7.84,17,3963994570,89,0,712,712,149,17,True,784,21720
ba,200,784,5,8.0,7.84,18,1915218878,93,0,625,625,142,12,True,784,21638
ba,200,784,5,8.0,7.84,19,104847766,94,0,989,989,164,21,True,784,20304
ba,200,784,5,8.0,7.84,20,61378586,83,0,804,804,144,23,True,784,20908
ba,200,784,5,8.0,7.84,21,3879674036,104,0,1148,1148,159,10,True,784,21658
ba,200,784,5,8.0,7.84,22,896275019,96,0,992,992,153,17,True,784,19142
ba,200,784,5,8.0,7.84,23,1952727879,97,0,953,953,157,13,True,784,21630
ba,200,784,5,8.0,7.84,24,1811246557,96,0,815,815,161,14,True,784,19970
ba,200,784,5,8.0,7.84,25,2903533995,95,0,987,987,146,15,True,784,22286
ba,200,784,5,8.0,7.84,26,1740813944,103,0,964,964,165,15,True,784,20982
ba,200,784,5,8.0,7.84,27,1025884568,99,0,1139,1139,147,11,True,784,22414
ba,200,784,5,8.0,7.84,28,3469947540,85,0,910,910,132,17,True,784,21344
ba,200,784,5,8.0,7.84,29,1419620918,102,0,1182,1182,164,22,True,784,22182
ba,200,784,5,8.0,7.84,30,3488277412,93,0,556,556,146,13,True,784,21864
ba,200,784,5,8.0,7.84,31,3813051593,102,0,1401,1401,153,12,True,784,22622
ba,200,784,5,8.0,7.84,32,2466417760,97,0,1256,1256,155,17,True,784,21496
ba,200,784,5,8.0,7.84,33,2046862015,94,0,879,879,163,17,True,784,21910
ba,200,784,5,8.0,7.84,34,4189447578,97,0,1048,1048,153,12,True,784,21134
ba,200,784,5,8.0,7.84,35,2613639367,99,0,1333,1333,143,12,True,784,20386
ba,200,784,5,8.0,7.84,36,611051792,110,0,1565,1565,173,15,True,784,22368
ba,200,784,5,8.0,7.84,37,549038224,89,0,709,709,153,17,True,784,19688
ba,200,784,5,8.0,7.84,38,4059752667,92,0,680,680,143,12,True,784,21318
ba,200,784,5,8.0,7.84,39,4284529950,104,0,1071,1071,162,10,True,784,21604
ba,400,1584,5,8.0,7.92,0,2828253846,184,0,2305,2305,307,27,True,1584,46206
ba,400,1584,5,8.0,7.92,1,1684066135,183,0,2492,2492,306,32,True,1584,48828
ba,400,1584,5,8.0,7.92,2,2452011820,207,0,2224,2224,332,26,True,1584,50182
ba,400,1584,5,8.0,7.92,3,900426916,199,0,1600,1600,323,31,True,1584,47680
ba,400,1584,5,8.0,7.92,4,2484269144,193,0,2410,2410,311,29,True,1584,46116
ba,400,1584,5,8.0,7.92,5,3808524666,187,0,2737,2737,294,26,True,1584,48466
ba,400,1584,5,8.0,7.92,6,444161661,194,0,2133,2133,310,28,True,1584,47172
ba,400,1584,5,8.0,7.92,7,2692581420,206,0,1699,1699,302,23,True,1584,46900
ba,400,1584,5,8.0,7.92,8,1476032999,204,0,2555,2555,299,18,True,1584,44404
ba,400,1584,5,8.0,7.92,9,852351231,190,0,3450,3450,314,36,True,1584,45784
ba,400,1584,5,8.0,7.92,10,959159180,192,0,2146,2146,303,34,True,1584,49586
ba,400,1584,5,8.0,7.92,11,1904033572,198,0,2133,2133,324,36,True,1584,50882
ba,400,1584,5,8.0,7.92,12,704686441,201,0,3021,3021,316,32,True,1584,47112
ba,400,1584,5,8.0,7.92,13,4263724447,197,0,1795,1795,311,38,True,1584,49270
ba,400,1584,5,8.0,7.92,14,802072664,185,0,1872,1872,314,25,True,1584,49840
ba,400,1584,5,8.0,7.92,15,2913798160,174,0,2045,2045,287,34,True,1584,50350
ba,400,1584,5,8.0,7.92,16,3158848732,188,0,1593,1593,325,29,True,1584,46242
ba,400,1584,5,8.0,7.92,17,3411554228,215,0,2707,2707,313,23,True,1584,53786
ba,400,1584,5,8.0,7.92,18,2853999843,199,0,2087,2087,326,31,True,1584,48616
ba,400,1584,5,8.0,7.92,19,2534911304,172,0,1992,1992,283,32,True,1584,46982
ba,400,1584,5,8.0,7.92,20,1393249233,186,0,1755,1755,315,34,True,1584,48580
ba,400,1584,5,8.0,7.92,21,1338704417,195,0,1925,1925,301,30,True,1584,50582
ba,400,1584,5,8.0,7.92,22,1958738882,202,0,2662,2662,295,20,True,1584,45902
ba,400,1584,5,8.0,7.92,23,1109892327,212,0,1794,1794,352,35,True,1584,46318
ba,400,1584,5,8.0,7.92,24,1881045397,199,0,1777,1777,317,26,True,1584,43456
ba,400,1584,5,8.0,7.92,25,1561813933,198,0,1754,1754,318,32,True,1584,48292
ba,400,1584,5,8.0,7.92,26,1313722399,192,0,3457,3457,319,33,True,1584,49158
ba,400,1584,5,8.0,7.92,27,1329093551,196,0,2591,2591,322,34,True,1584,53656
ba,400,1584,5,8.0,7.92,28,4249084075,198,0,2311,2311,323,31,True,1584,45356
ba,400,1584,5,8.0,7.92,29,1618294080,205,0,3038,3038,326,31,True,1584,52436
ba,400,1584,5,8.0,7.92,30,595215013,198,0,2854,2854,322,34,True,1584,50656
ba,400,1584,5,8.0,7.92,31,3649618502,189,0,2276,2276,303,28,True,1584,53970
ba,400,1584,5,8.0,7.92,32,2001401545,220,0,2125,2125,331,22,True,1584,43978
ba,400,1584,5,8.0,7.92,33,324008942,200,0,2629,2629,337,28,True,1584,47246
ba,400,1584,5,8.0,7.92,34,576415959,181,0,3302,3302,302,34,True,1584,49566
ba,400,1584,5,8.0,7.92,35,3894795657,191,0,1907,1907,320,35,True,1584,46336
ba,400,1584,5,8.0,7.92,36,102011824,198,0,2273,2273,308,24,True,1584,46628
ba,400,1584,5,8.0,7.92,37,1743350958,179,0,2491,2491,295,33,True,1584,45152
ba,400,1584,5,8.0,7.92,38,128005505,211,0,2657,2657,329,27,True,1584,46078
ba,400,1584,5,8.0,7.92,39,2718484945,198,0,1927,1927,322,39,True,1584,53238
ba,800,3184,5,8.0,7.96,0,799801610,413,0,4722,4722,643,52,True,3184,105532
ba,800,3184,5,8.0,7.96,1,2441513842,395,0,3732,3732,645,57,True,3184,97036
ba,800,3184,5,8.0,7.96,2,1900212681,405,0,5421,5421,646,50,True,3184,102342
ba,800,3184,5,8.0,7.96,3,1442619584,389,0,4802,4802,615,52,True,3184,112080
ba,800,3184,5,8.0,7.96,4,3696620268,390,0,5071,5071,648,71,True,3184,106496
ba,800,3184,5,8.0,7.96,5,2057275386,375,0,4696,4696,641,75,True,3184,98124
ba,800,3184,5,8.0,7.96,6,1571127300,385,0,3838,3838,631,64,True,3184,104212
ba,800,3184,5,8.0,7.96,7,3331562943,414,0,4524,4524,655,61,True,3184,105394
ba,800,3184,5,8.0,7.96,8,3430125043,401,0,4838,4838,641,54,True,3184,111688
ba,800,3184,5,8.0,7.96,9,3454580715,369,0,4999,4999,611,56,True,3184,105040
ba,800,3184,5,8.0,7.96,10,3531146001,402,0,4520,4520,687,48,True,3184,106768
ba,800,3184,5,8.0,7.96,11,1005879736,375,0,5810,5810,617,64,True,3184,104534
ba,800,3184,5,8.0,7.96,12,1692073246,395,0,5928,5928,673,60,True,3184,105908
ba,800,3184,5,8.0,7.96,13,1158386602,388,0,7086,7086,671,65,True,3184,106642
ba,800,3184,5,8.0,7.96,14,1592136051,396,0,3959,3959,645,61,True,3184,116036
ba,800,3184,5,8.0,7.96,15,2713256823,395,0,4806,4806,647,60,True,3184,113246
ba,800,3184,5,8.0,7.96,16,4166222816,379,0,3908,3908,594,52,True,3184,102942
ba,800,3184,5,8.0,7.96,17,2588301015,363,0,5262,5262,623,61,True,3184,107140
ba,800,3184,5,8.0,7.96,18,3848786593,387,0,5780,5780,607,53,True,3184,109688
ba,800,3184,5,8.0,7.96,19,2902559489,390,0,4636,4636,637,55,True,3184,111980
ba,800,3184,5,8.0,7.96,20,1180877327,362,0,6223,6223,579,64,True,3184,100364
ba,800,3184,5,8.0,7.96,21,556892088,403,0,5050,5050,637,54,True,3184,112150
ba,800,3184,5,8.0,7.96,22,3574396156,386,0,4298,4298,617,50,True,3184,108418
ba,800,3184,5,8.0,7.96,23,2893474939,397,0,7430,7430,644,58,True,3184,114010
ba,800,3184,5,8.0,7.96,24,2874230859,395,0,4854,4854,625,57,True,3184,105684
ba,800,3184,5,8.0,7.96,25,2580353140,392,0,4110,4110,624,54,True,3184,106062
ba,800,3184,5,8.0,7.96,26,449906544,396,0,5083,5083,653,54,True,3184,105804
ba,800,3184,5,8.0,7.96,27,3223759968,392,0,5672,5672,614,60,True,3184,108012
ba,800,3184,5,8.0,7.96,28,2878172696,378,0,4952,4952,621,43,True,3184,105944
ba,800,3184,5,8.0,7.96,29,2670235928,405,0,5621,5621,669,63,True,3184,112858
ba,800,3184,5,8.0,7.96,30,75566113,417,0,5026,5026,658,54,True,3184,108520
ba,800,3184,5,8.0,7.96,31,1466083407,394,0,4298,4298,633,46,True,3184,108648
ba,800,3184,5,8.0,7.96,32,1271558854,382,0,5577,5577,633,59,True,3184,126552
ba,800,3184,5,8.0,7.96,33,3080163809,389,0,4230,4230,636,56,True,3184,109682
ba,800,3184,5,8.0,7.96,34,4100894183,384,0,5933,5933,605,51,True,3184,108010
ba,800,3184,5,8.0,7.96,35,1504977541,383,0,7431,7431,649,68,True,3184,109672
ba,800,3184,5,8.0,7.96,36,1522940479,405,0,7324,7324,639,61,True,3184,107440
ba,800,3184,5,8.0,7.96,37,1941918783,385,0,8483,8483,617,61,True,3184,104970
ba,800,3184,5,8.0,7.96,38,991157952,371,0,4320,4320,619,74,True,3184,103250
ba,800,3184,5,8.0,7.96,39,1752931319,423,0,4933,4933,639,46,True,3184,112488
ws,100,400,5,8.0,8.0,0,1592058413,42,0,602,602,77,15,True,400,6474
ws,100,400,5,8.0,8.0,1,4050676867,45,0,368,368,87,15,True,400,6486
ws,100,400,5,8.0,8.0,2,675842388,39,0,244,244,71,18,True,400,6486
ws,100,400,5,8.0,8.0,3,2856339403,41,0,479,479,84,16,True,400,6480
ws,100,400,5,8.0,8.0,4,131145385,38,0,326,326,79,17,True,400,6464
ws,100,400,5,8.0,8.0,5,1775500519,42,0,301,301,76,18,True,400,6486
ws,100,400,5,8.0,8.0,6,17196056,38,0,351,351,75,21,True,400,6492
ws,100,400,5,8.0,8.0,7,1131959477,47,0,307,307,81,15,True,400,6482
ws,100,400,5,8.0,8.0,8,3827329937,49,0,264,264,89,14,True,400,6484
ws,100,400,5,8.0,8.0,9,4253264099,34,0,496,496,71,22,True,400,6454
ws,100,400,5,8.0,8.0,10,3461888563,51,0,279,279,89,14,True,400,6470
ws,100,400,5,8.0,8.0,11,1643743972,39,0,720,720,66,16,True,400,6452
ws,100,400,5,8.0,8.0,12,1332600024,39,0,414,414,71,17,True,400,6470
ws,100,400,5,8.0,8.0,13,3375410322,36,0,245,245,67,16,True,400,6484
ws,100,400,5,8.0,8.0,14,3576050274,40,0,592,592,84,17,True,400,6468
ws,100,400,5,8.0,8.0,15,932369123,41,0,429,429,71,18,True,400,6466
ws,100,400,5,8.0,8.0,16,2309991533,44,0,436,436,82,14,True,400,6466
ws,100,400,5,8.0,8.0,17,872711238,43,0,284,284,77,15,True,400,6484
ws,100,400,5,8.0,8.0,18,289198923,44,0,656,656,95,15,True,400,6486
ws,100,400,5,8.0,8.0,19,3021010883,40,0,278,278,86,20,True,400,6470
ws,100,400,5,8.0,8.0,20,1939587383,37,0,732,732,67,16,True,400,6442
ws,100,400,5,8.0,8.0,21,724328308,38,0,320,320,78,19,True,400,6466
ws,100,400,5,8.0,8.0,22,1687032639,40,0,375,375,80,17,True,400,6470
ws,100,400,5,8.0,8.0,23,2153546194,41,0,364,364,77,18,True,400,6472
ws,100,400,5,8.0,8.0,24,1620793200,43,0,304,304,85,21,True,400,6468
ws,100,400,5,8.0,8.0,25,3187137311,46,0,343,343,95,19,True,400,6482
ws,100,400,5,8.0,8.0,26,3966458091,48,0,562,562,101,18,True,400,6470
ws,100,400,5,8.0,8.0,27,875050911,43,0,565,565,88,19,True,400,6456
ws,100,400,5,8.0,8.0,28,1875155182,44,0,288,288,81,14,True,400,6472
ws,100,400,5,8.0,8.0,29,1088831319,42,0,472,472,79,13,True,400,6510
ws,100,400,5,8.0,8.0,30,2653105792,39,0,440,440,83,23,True,400,6488
ws,100,400,5,8.0,8.0,31,1945819695,48,0,398,398,95,17,True,400,6468
ws,100,400,5,8.0,8.0,32,1956694831,47,0,419,419,87,14,True,400,6468
ws,100,400,5,8.0,8.0,33,1080953163,47,0,300,300,86,20,True,400,6482
ws,100,400,5,8.0,8.0,34,1805965253,48,0,534,534,87,20,True,400,6480
ws,100,400,5,8.0,8.0,35,2802629102,45,0,692,692,85,20,True,400,6456
ws,100,400,5,8.0,8.0,36,738366396,44,0,344,344,85,14,True,400,6456
ws,100,400,5,8.0,8.0,37,2326203556,43,0,367,367,81,19,True,400,6442
ws,100,400,5,8.0,8.0,38,3880436984,41,0,481,481,77,20,True,400,6468
ws,100,400,5,8.0,8.0,39,2667773279,43,0,513,513,89,23,True,400,6476
ws,200,800,5,8.0,8.0,0,2307943723,87,0,847,847,161,29,True,800,12962
ws,200,800,5,8.0,8.0,1,3503411520,81,0,1179,1179,152,32,True,800,12946
ws,200,800,5,8.0,8.0,2,2771015630,97,0,1066,1066,178,29,True,800,12938
ws,200,800,5,8.0,8.0,3,931687633,87,0,766,766,167,37,True,800,12944
ws,200,800,5,8.0,8.0,4,1498629655,86,0,733,733,170,37,True,800,12966
ws,200,800,5,8.0,8.0,5,1230473110,81,0,918,918,160,36,True,800,13000
ws,200,800,5,8.0,8.0,6,750816186,84,0,844,844,150,31,True,800,12982
ws,200,800,5,8.0,8.0,7,505623252,94,0,805,805,163,30,True,800,12994
ws,200,800,5,8.0,8.0,8,2413470225,97,0,881,881,170,33,True,800,12944
ws,200,800,5,8.0,8.0,9,848031699,85,0,743,743,167,36,True,800,12936
ws,200,800,5,8.0,8.0,10,3161652823,90,0,1000,1000,161,33,True,800,12968
ws,200,800,5,8.0,8.0,11,1434310570,76,0,1156,1156,156,37,True,800,12950
ws,200,800,5,8.0,8.0,12,1725515754,95,0,1048,1048,166,32,True,800,12986
ws,200,800,5,8.0,8.0,13,1470152958,82,0,780,780,156,25,True,800,12958
ws,200,800,5,8.0,8.0,14,3990923968,79,0,1828,1828,164,38,True,800,12924
ws,200,800,5,8.0,8.0,15,1845875121,84,0,935,935,150,34,True,800,12942
ws,200,800,5,8.0,8.0,16,2648731263,70,0,672,672,149,39,True,800,12954
ws,200,800,5,8.0,8.0,17,2166240176,74,0,1275,1275,145,34,True,800,12976
ws,200,800,5,8.0,8.0,18,1578838998,80,0,1325,1325,142,31,True,800,12972
ws,200,800,5,8.0,8.0,19,4274123479,84,0,883,883,155,36,True,800,12924
ws,200,800,5,8.0,8.0,20,1760229050,91,0,1048,1048,162,30,True,800,12950
ws,200,800,5,8.0,8.0,21,3831753743,80,0,649,649,154,36,True,800,12930
ws,200,800,5,8.0,8.0,22,119863835,84,0,1147,1147,163,29,True,800,12944
ws,200,800,5,8.0,8.0,23,2051467420,99,0,1161,1161,162,30,True,800,12932
ws,200,800,5,8.0,8.0,24,4053090864,74,0,1454,1454,159,38,True,800,12950
ws,200,800,5,8.0,8.0,25,2128268190,80,0,1037,1037,150,35,True,800,12910
ws,200,800,5,8.0,8.0,26,4042206954,89,0,991,991,166,37,True,800,12940
ws,200,800,5,8.0,8.0,27,2506209393,73,0,1105,1105,157,37,True,800,12914
ws,200,800,5,8.0,8.0,28,2674633253,87,0,1120,1120,144,27,True,800,12956
ws,200,800,5,8.0,8.0,29,2868726975,85,0,1189,1189,155,30,True,800,12914
ws,200,800,5,8.0,8.0,30,2071068332,76,0,951,951,144,30,True,800,12944
ws,200,800,5,8.0,8.0,31,1436616433,70,0,623,623,148,37,True,800,12954
ws,200,800,5,8.0,8.0,32,1827705033,83,0,668,668,164,35,True,800,12960
ws,200,800,5,8.0,8.0,33,1926641469,75,0,1011,1011,153,38,True,800,12922
ws,200,800,5,8.0,8.0,34,525803897,84,0,1761,1761,161,39,True,800,12928
ws,200,800,5,8.0,8.0,35,4035017167,91,0,668,668,186,34,True,800,12938
ws,200,800,5,8.0,8.0,36,2602310734,86,0,1171,1171,174,29,True,800,12938
ws,200,800,5,8.0,8.0,37,1103209951,81,0,668,668,156,39,True,800,12982
ws,200,800,5,8.0,8.0,38,4011633794,88,0,1027,1027,156,30,True,800,12946
ws,200,800,5,8.0,8.0,39,3646903880,93,0,743,743,177,27,True,800,13000
ws,400,1600,5,8.0,8.0,0,1105346115,186,0,2033,2033,327,51,True,1600,25940
ws,400,1600,5,8.0,8.0,1,671540017,174,0,2079,2079,334,62,True,1600,25892
ws,400,1600,5,8.0,8.0,2,733632678,164,0,2827,2827,317,67,True,1600,25930
ws,400,1600,5,8.0,8.0,3,2913479287,160,0,2373,2373,298,64,True,1600,25858
ws,400,1600,5,8.0,8.0,4,2021526086,165,0,2169,2169,330,75,True,1600,25882
ws,400,1600,5,8.0,8.0,5,740096823,166,0,2522,2522,327,65,True,1600,25874
ws,400,1600,5,8.0,8.0,6,1736446242,166,0,2267,2267,327,60,True,1600,25938
ws,400,1600,5,8.0,8.0,7,1065195328,172,0,2098,2098,323,68,True,1600,25890
ws,400,1600,5,8.0,8.0,8,156395747,164,0,1702,1702,324,70,True,1600,25868
ws,400,1600,5,8.0,8.0,9,3007928217,148,0,2200,2200,331,72,True,1600,25874
ws,400,1600,5,8.0,8.0,10,584910946,178,0,2267,2267,346,67,True,1600,25940
ws,400,1600,5,8.0,8.0,11,925490532,171,0,2882,2882,339,65,True,1600,25910
ws,400,1600,5,8.0,8.0,12,4187545325,166,0,2466,2466,302,61,True,1600,25884
ws,400,1600,5,8.0,8.0,13,1983073125,157,0,2741,2741,306,67,True,1600,25914
ws,400,1600,5,8.0,8.0,14,1984121559,165,0,2223,2223,313,63,True,1600,25910
ws,400,1600,5,8.0,8.0,15,2267658624,157,0,1802,1802,308,66,True,1600,25916
ws,400,1600,5,8.0,8.0,16,748179822,163,0,1373,1373,322,68,True,1600,25924
ws,400,1600,5,8.0,8.0,17,352269673,180,0,1533,1533,353,69,True,1600,25868
ws,400,1600,5,8.0,8.0,18,3842639865,186,0,2284,2284,355,62,True,1600,25898
ws,400,1600,5,8.0,8.0,19,2202546047,161,0,2986,2986,310,65,True,1600,25870
ws,400,1600,5,8.0,8.0,20,576164123,182,0,2275,2275,335,64,True,1600,25916
ws,400,1600,5,8.0,8.0,21,2323734617,172,0,2640,2640,314,67,True,1600,25868
ws,400,1600,5,8.0,8.0,22,1133492070,160,0,2349,2349,307,79,True,1600,25872
ws,400,1600,5,8.0,8.0,23,711296199,169,0,2872,2872,314,60,True,1600,25932
ws,400,1600,5,8.0,8.0,24,2707280322,172,0,1836,1836,341,66,True,1600,25858
ws,400,1600,5,8.0,8.0,25,2186368761,156,0,2051,2051,312,65,True,1600,25916
ws,400,1600,5,8.0,8.0,26,1728482070,158,0,3671,3671,305,69,True,1600,25872
ws,400,1600,5,8.0,8.0,27,2111516072,158,0,2509,2509,323,75,True,1600,25916
ws,400,1600,5,8.0,8.0,28,762824817,161,0,2073,2073,298,61,True,1600,25874
ws,400,1600,5,8.0,8.0,29,2172292299,141,0,1849,1849,300,74,True,1600,25926
ws,400,1600,5,8.0,8.0,30,3704883027,160,0,2456,2456,305,63,True,1600,25894
ws,400,1600,5,8.0,8.0,31,149004381,182,0,1987,1987,326,74,True,1600,25906
ws,400,1600,5,8.0,8.0,32,801715834,181,0,2257,2257,352,64,True,1600,25892
ws,400,1600,5,8.0,8.0,33,4206165713,150,0,2335,2335,297,72,True,1600,25882
ws,400,1600,5,8.0,8.0,34,702120319,157,0,1856,1856,294,67,True,1600,25870
ws,400,1600,5,8.0,8.0,35,1640009686,170,0,2173,2173,341,73,True,1600,25916
ws,400,1600,5,8.0,8.0,36,2330951541,158,0,2363,2363,302,69,True,1600,25900
ws,400,1600,5,8.0,8.0,37,3579882447,174,0,3417,3417,317,68,True,1600,25908
ws,400,1600,5,8.0,8.0,38,3364135202,171,0,2808,2808,318,70,True,1600,25892
ws,400,1600,5,8.0,8.0,39,250287814,157,0,2449,2449,336,81,True,1600,25918
ws,800,3200,5,8.0,8.0,0,544058607,321,0,6244,6244,645,144,True,3200,51848
ws,800,3200,5,8.0,8.0,1,3995853930,352,0,5856,5856,645,133,True,3200,51770
ws,800,3200,5,8.0,8.0,2,3694109690,353,0,7451,7451,621,123,True,3200,51836
ws,800,3200,5,8.0,8.0,3,3862767997,353,0,4981,4981,677,133,True,3200,51814
ws,800,3200,5,8.0,8.0,4,4286454713,323,0,5258,5258,610,122,True,3200,51806
ws,800,3200,5,8.0,8.0,5,3486937662,317,0,5726,5726,617,135,True,3200,51834
ws,800,3200,5,8.0,8.0,6,2536148025,352,0,5843,5843,672,142,True,3200,51758
ws,800,3200,5,8.0,8.0,7,3284662499,299,0,5348,5348,615,152,True,3200,51772
ws,800,3200,5,8.0,8.0,8,3994866647,357,0,4616,4616,653,130,True,3200,51798
ws,800,3200,5,8.0,8.0,9,3092851848,348,0,4567,4567,684,126,True,3200,51832
ws,800,3200,5,8.0,8.0,10,3306379671,330,0,4588,4588,649,143,True,3200,51678
ws,800,3200,5,8.0,8.0,11,2356270782,344,0,5107,5107,635,131,True,3200,51848
ws,800,3200,5,8.0,8.0,12,2986874484,350,0,3718,3718,673,131,True,3200,51804
ws,800,3200,5,8.0,8.0,13,2085003360,338,0,4793,4793,654,135,True,3200,51868
ws,800,3200,5,8.0,8.0,14,3479513477,318,0,6195,6195,623,147,True,3200,51782
ws,800,3200,5,8.0,8.0,15,3813423055,330,0,5560,5560,643,138,True,3200,51784
ws,800,3200,5,8.0,8.0,16,3057284036,318,0,4081,4081,615,138,True,3200,51792
ws,800,3200,5,8.0,8.0,17,1348847139,314,0,6279,6279,598,152,True,3200,51724
ws,800,3200,5,8.0,8.0,18,1170943022,326,0,4648,4648,626,137,True,3200,51818
ws,800,3200,5,8.0,8.0,19,2993173229,352,0,8327,8327,670,136,True,3200,51824
ws,800,3200,5,8.0,8.0,20,2384930263,340,0,4123,4123,659,138,True,3200,51790
ws,800,3200,5,8.0,8.0,21,3093559804,339,0,5861,5861,637,130,True,3200,51848
ws,800,3200,5,8.0,8.0,22,1372235309,350,0,5015,5015,641,124,True,3200,51818
ws,800,3200,5,8.0,8.0,23,329780427,324,0,4676,4676,607,133,True,3200,51826
ws,800,3200,5,8.0,8.0,24,1459989400,345,0,3441,3441,637,123,True,3200,51820
ws,800,3200,5,8.0,8.0,25,1532325058,333,0,4856,4856,657,134,True,3200,51742
ws,800,3200,5,8.0,8.0,26,4259394949,330,0,3306,3306,622,130,True,3200,51782
ws,800,3200,5,8.0,8.0,27,3465748314,350,0,4599,4599,681,119,True,3200,51896
ws,800,3200,5,8.0,8.0,28,1395868693,346,0,4036,4036,639,128,True,3200,51778
ws,800,3200,5,8.0,8.0,29,3508366950,336,0,7341,7341,667,137,True,3200,51822
ws,800,3200,5,8.0,8.0,30,953371046,335,0,4801,4801,653,135,True,3200,51736
ws,800,3200,5,8.0,8.0,31,1906730461,315,0,3990,3990,610,138,True,3200,51810
ws,800,3200,5,8.0,8.0,32,278519673,320,0,3489,3489,647,147,True,3200,51834
ws,800,3200,5,8.0,8.0,33,992809862,357,0,8247,8247,645,121,True,3200,51860
ws,800,3200,5,8.0,8.0,34,3741469597,341,0,6225,6225,655,128,True,3200,51806
ws,800,3200,5,8.0,8.0,35,622014252,345,0,6299,6299,673,135,True,3200,51816
ws,800,3200,5,8.0,8.0,36,231543910,327,0,6036,6036,636,125,True,3200,51834
ws,800,3200,5,8.0,8.0,37,2564047849,343,0,5751,5751,640,135,True,3200,51770
ws,800,3200,5,8.0,8.0,38,3660153812,330,0,5178,5178,610,124,True,3200,51756
ws,800,3200,5,8.0,8.0,39,3817906591,340,0,4522,4522,655,132,True,3200,51788
er,100,603,5,12.0,12.06,0,2971420046,52,0,403,403,117,23,True,603,15392
er,100,591,5,12.0,11.82,1,4250415117,56,0,483,483,111,18,True,591,14890
er,100,581,5,12.0,11.62,2,4183933576,51,0,422,422,117,21,True,581,14506
er,100,565,5,12.0,11.3,3,1072635675,56,0,341,341,114,17,True,565,13918
er,100,611,5,12.0,12.22,4,3503248752,54,0,692,692,123,24,True,611,15968
er,100,602,5,12.0,12.04,5,2975508158,64,0,610,610,112,18,True,602,15432
er,100,622,5,12.0,12.44,6,2989863542,53,0,507,507,119,22,True,622,16592
er,100,630,5,12.0,12.6,7,660522230,60,0,523,523,131,25,True,630,16990
er,100,629,5,12.0,12.58,8,3861392595,62,0,520,520,124,20,True,629,16824
er,100,579,5,12.0,11.58,9,2963715122,57,0,531,531,105,17,True,579,14550
er,100,592,5,12.0,11.84,10,1878091041,55,0,457,457,113,17,True,592,15106
er,100,597,5,12.0,11.94,11,966306087,61,0,768,768,129,14,True,597,15358
er,100,570,5,12.0,11.4,12,1664099064,58,0,288,288,117,17,True,570,14106
er,100,609,5,12.0,12.18,13,515216459,64,0,807,807,133,20,True,609,15698
er,100,631,5,12.0,12.62,14,408657775,66,0,561,561,135,19,True,631,17050
er,100,602,5,12.0,12.04,15,3955221900,54,0,609,609,112,23,True,602,15514
er,100,598,5,12.0,11.96,16,2123322841,53,0,655,655,118,18,True,598,15236
er,100,579,5,12.0,11.58,17,689728466,62,0,253,253,128,22,True,579,14448
er,100,600,5,12.0,12.0,18,1263211090,60,0,673,673,114,20,True,600,15748
er,100,582,5,12.0,11.64,19,518911260,54,0,416,416,125,18,True,582,14496
er,100,620,5,12.0,12.4,20,2449295969,58,0,394,394,125,27,True,620,16440
er,100,582,5,12.0,11.64,21,15397341,61,0,497,497,117,15,True,582,14278
er,100,586,5,12.0,11.72,22,1848002921,66,0,957,957,125,15,True,586,14926
er,100,587,5,12.0,11.74,23,1052169925,69,0,510,510,122,13,True,587,14650
er,100,621,5,12.0,12.42,24,2568880479,62,0,646,646,130,19,True,621,16362
er,100,632,5,12.0,12.64,25,2701088608,53,0,418,418,129,22,True,632,17058
er,100,615,5,12.0,12.3,26,1912725257,59,0,769,769,120,22,True,615,15782
er,100,573,5,12.0,11.46,27,2776165581,58,0,424,424,106,14,True,573,13826
er,100,596,5,12.0,11.92,28,2492660548,48,0,287,287,111,24,True,596,15224
er,100,602,5,12.0,12.04,29,3722319861,67,0,519,519,144,16,True,602,15724
er,100,615,5,12.0,12.3,30,872328671,49,0,961,961,119,23,True,615,16088
er,100,600,5,12.0,12.0,31,3121075116,53,0,387,387,114,22,True,600,15202
er,100,630,5,12.0,12.6,32,2243505229,56,0,483,483,120,24,True,630,17060
er,100,573,5,12.0,11.46,33,2120355769,57,0,288,288,124,16,True,573,14062
er,100,618,5,12.0,12.36,34,3074641828,65,0,581,581,135,14,True,618,16428
er,100,639,5,12.0,12.78,35,2852741070,61,0,681,681,135,22,True,639,17424
er,100,617,5,12.0,12.34,36,2971080940,55,0,314,314,119,21,True,617,16126
er,100,619,5,12.0,12.38,37,530642081,61,0,736,736,129,17,True,619,16606
er,100,561,5,12.0,11.22,38,341662004,55,0,551,551,111,18,True,561,13570
er,100,610,5,12.0,12.2,39,3106730867,58,0,549,549,130,23,True,610,15802
er,200,1175,5,12.0,11.75,0,3323108817,123,0,1228,1228,237,33,True,1175,29666
er,200,1260,5,12.0,12.6,1,4242484102,135,0,2226,2226,254,32,True,1260,34038
er,200,1297,5,12.0,12.97,2,3538210352,125,0,1322,1322,263,42,True,1297,35820
er,200,1180,5,12.0,11.8,3,91002260,123,0,993,993,219,30,True,1180,30246
er,200,1113,5,12.0,11.13,4,934647978,102,0,1244,1244,192,29,True,1113,27098
er,200,1177,5,12.0,11.77,5,2124225773,114,0,1889,1889,220,40,True,1177,30190
er,200,1225,5,12.0,12.25,6,4066715127,123,0,916,916,262,43,True,1225,32088
er,200,1173,5,12.0,11.73,7,1937522283,116,0,1582,1582,220,31,True,1173,29716
er,200,1172,5,12.0,11.72,8,4242432957,126,0,678,678,252,38,True,1172,29980
er,200,1180,5,12.0,11.8,9,2586972146,120,0,1508,1508,244,39,True,1180,30136
er,200,1265,5,12.0,12.65,10,1124977480,126,0,1432,1432,268,35,True,1265,34594
er,200,1232,5,12.0,12.32,11,2910485837,110,0,1038,1038,238,44,True,1232,32740
er,200,1191,5,12.0,11.91,12,3790834791,128,0,1773,1773,265,31,True,1191,30572
er,200,1231,5,12.0,12.31,13,2617920660,118,0,1395,1395,259,36,True,1231,32794
er,200,1173,5,12.0,11.73,14,1106632077,107,0,1642,1642,211,43,True,1173,30134
er,200,1180,5,12.0,11.8,15,2492722520,102,0,1250,1250,211,36,True,1180,29942
er,200,1207,5,12.0,12.07,16,4149219670,124,0,1646,1646,241,36,True,1207,31370
er,200,1191,5,12.0,11.91,17,951277533,125,0,1601,1601,258,38,True,1191,30762
er,200,1184,5,12.0,11.84,18,24509560,107,0,728,728,244,30,True,1184,29816
er,200,1254,5,12.0,12.54,19,871515807,116,0,993,993,252,41,True,1254,33636
er,200,1180,5,12.0,11.8,20,197429788,130,0,946,946,259,38,True,1180,30204
er,200,1207,5,12.0,12.07,21,3957102992,126,0,907,907,250,42,True,1207,31498
er,200,1227,5,12.0,12.27,22,382370981,120,0,1167,1167,252,47,True,1227,32160
er,200,1222,5,12.0,12.22,23,2189374925,114,0,1756,1756,230,30,True,1222,32498
er,200,1205,5,12.0,12.05,24,3473637838,113,0,994,994,236,41,True,1205,30976
er,200,1202,5,12.0,12.02,25,3544167296,109,0,985,985,247,42,True,1202,31228
er,200,1214,5,12.0,12.14,26,2581707373,114,0,1084,1084,238,41,True,1214,32414
er,200,1240,5,12.0,12.4,27,744500817,135,0,1289,1289,265,36,True,1240,33140
er,200,1243,5,12.0,12.43,28,664034778,124,0,1120,1120,267,46,True,1243,33086
er,200,1172,5,12.0,11.72,29,161290574,103,0,915,915,234,34,True,1172,29484
er,200,1241,5,12.0,12.41,30,1440876271,131,0,1509,1509,272,40,True,1241,32764
er,200,1253,5,12.0,12.53,31,271487293,116,0,1780,1780,234,40,True,1253,33774
er,200,1154,5,12.0,11.54,32,3555633871,110,0,1099,1099,238,34,True,1154,28704
er,200,1208,5,12.0,12.08,33,3068721067,130,0,1374,1374,255,30,True,1208,31462
er,200,1204,5,12.0,12.04,34,883855657,92,0,759,759,225,44,True,1204,31374
er,200,1219,5,12.0,12.19,35,2336240974,122,0,1380,1380,252,31,True,1219,32230
er,200,1200,5,12.0,12.0,36,2727636846,109,0,798,798,229,38,True,1200,31036
er,200,1215,5,12.0,12.15,37,2410405774,114,0,1478,1478,243,45,True,1215,31610
er,200,1226,5,12.0,12.26,38,1628785200,131,0,1872,1872,252,35,True,1226,32196
er,200,1211,5,12.0,12.11,39,1722909254,132,0,1184,1184,255,32,True,1211,31424
er,400,2393,5,12.0,11.965,0,2468814695,233,0,2297,2297,483,74,True,2393,62252
er,400,2447,5,12.0,12.235,1,373457768,250,0,4001,4001,505,76,True,2447,64194
er,400,2383,5,12.0,11.915,2,1639548878,225,0,4345,4345,446,74,True,2383,61756
er,400,2447,5,12.0,12.235,3,2792152846,233,0,3018,3018,510,77,True,2447,64648
er,400,2484,5,12.0,12.42,4,496464598,254,0,3359,3359,521,76,True,2484,66608
er,400,2439,5,12.0,12.195,5,2697071156,231,0,2925,2925,485,72,True,2439,64176
er,400,2416,5,12.0,12.08,6,2654655819,237,0,2612,2612,478,73,True,2416,62914
er,400,2385,5,12.0,11.925,7,3286413336,236,0,3472,3472,471,69,True,2385,61764
er,400,2367,5,12.0,11.835,8,3431645100,231,0,2509,2509,484,73,True,2367,60374
er,400,2433,5,12.0,12.165,9,3586841461,247,0,4092,4092,486,67,True,2433,64162
er,400,2425,5,12.0,12.125,10,1505492121,255,0,2612,2612,488,67,True,2425,63608
er,400,2425,5,12.0,12.125,11,2568162942,251,0,2613,2613,470,54,True,2425,63648
er,400,2383,5,12.0,11.915,12,3842532086,242,0,2756,2756,482,64,True,2383,61570
er,400,2369,5,12.0,11.845,13,2113867007,226,0,2385,2385,428,64,True,2369,61380
er,400,2419,5,12.0,12.095,14,730353258,231,0,2343,2343,485,72,True,2419,63526
er,400,2451,5,12.0,12.255,15,2075044239,223,0,2229,2229,491,86,True,2451,64932
er,400,2298,5,12.0,11.49,16,1043589843,217,0,2355,2355,428,61,True,2298,57076
er,400,2461,5,12.0,12.305,17,1643232817,235,0,2414,2414,489,77,True,2461,65262
er,400,2355,5,12.0,11.775,18,2897227931,230,0,2799,2799,452,63,True,2355,59580
er,400,2387,5,12.0,11.935,19,1228209847,243,0,2721,2721,472,68,True,2387,61252
er,400,2428,5,12.0,12.14,20,3125114347,240,0,3130,3130,480,76,True,2428,63514
er,400,2379,5,12.0,11.895,21,1405340226,238,0,3008,3008,491,73,True,2379,61540
er,400,2441,5,12.0,12.205,22,2505363637,236,0,4613,4613,476,62,True,2441,64368
er,400,2349,5,12.0,11.745,23,3190236834,241,0,4066,4066,465,73,True,2349,59544
er,400,2338,5,12.0,11.69,24,3216525032,227,0,2296,2296,453,67,True,2338,59230
er,400,2316,5,12.0,11.58,25,2396551017,233,0,2472,2472,451,65,True,2316,58240
er,400,2460,5,12.0,12.3,26,2016736434,226,0,2032,2032,506,75,True,2460,65618
er,400,2422,5,12.0,12.11,27,1261124736,238,0,2821,2821,483,70,True,2422,63506
er,400,2357,5,12.0,11.785,28,3729800717,224,0,2270,2270,453,66,True,2357,60386
er,400,2437,5,12.0,12.185,29,2321729915,231,0,3384,3384,474,68,True,2437,64326
er,400,2405,5,12.0,12.025,30,4133772222,243,0,4831,4831,506,82,True,2405,62262
er,400,2394,5,12.0,11.97,31,1265119213,255,0,2519,2519,506,55,True,2394,62080
er,400,2422,5,12.0,12.11,32,4068345272,226,0,2450,2450,481,67,True,2422,63172
er,400,2442,5,12.0,12.21,33,4232969016,235,0,3739,3739,453,77,True,2442,64482
er,400,2438,5,12.0,12.19,34,1058796074,245,0,5467,5467,480,79,True,2438,64094
er,400,2339,5,12.0,11.695,35,1027167648,247,0,4280,4280,496,66,True,2339,59416
er,400,2376,5,12.0,11.88,36,1838176505,216,0,2094,2094,473,86,True,2376,61352
er,400,2423,5,12.0,12.115,37,1775647365,225,0,2419,2419,490,81,True,2423,63450
er,400,2497,5,12.0,12.485,38,2365564740,242,0,2281,2281,501,70,True,2497,67210
er,400,2391,5,12.0,11.955,39,824129746,245,0,2805,2805,476,70,True,2391,62060
er,800,4689,5,12.0,11.7225,0,1950444141,444,0,8381,8381,984,154,True,4689,119040
er,800,4888,5,12.0,12.22,1,2372799764,498,0,4617,4617,993,134,True,4888,129416
er,800,4728,5,12.0,11.82,2,2379404685,461,0,9419,9419,949,134,True,4728,120932
er,800,4723,5,12.0,11.8075,3,3921516575,473,0,6902,6902,964,140,True,4723,121070
er,800,4808,5,12.0,12.02,4,2798171877,463,0,6379,6379,981,163,True,4808,125038
er,800,4775,5,12.0,11.9375,5,409795546,491,0,8414,8414,988,124,True,4775,122670
er,800,4722,5,12.0,11.805,6,1878258142,487,0,5952,5952,961,137,True,4722,120932
er,800,4748,5,12.0,11.87,7,2103596136,464,0,6249,6249,948,143,True,4748,121216
er,800,4876,5,12.0,12.19,8,1222933186,431,0,6755,6755,909,152,True,4876,128302
er,800,4847,5,12.0,12.1175,9,1457372002,455,0,6635,6635,988,160,True,4847,126392
er,800,4853,5,12.0,12.1325,10,3515725455,456,0,9567,9567,957,137,True,4853,127554
er,800,4712,5,12.0,11.78,11,1615330798,466,0,4653,4653,930,135,True,4712,120096
er,800,4852,5,12.0,12.13,12,2874380709,475,0,6119,6119,948,153,True,4852,127768
er,800,4693,5,12.0,11.7325,13,899808381,469,0,6276,6276,947,119,True,4693,119962
er,800,4619,5,12.0,11.5475,14,648586122,438,0,5770,5770,875,121,True,4619,116062
er,800,4802,5,12.0,12.005,15,3963279223,471,0,4605,4605,961,139,True,4802,124854
er,800,4835,5,12.0,12.0875,16,3825148155,472,0,6642,6642,985,154,True,4835,126632
er,800,4691,5,12.0,11.7275,17,2561861726,479,0,5645,5645,945,130,True,4691,118530
er,800,4772,5,12.0,11.93,18,1304131920,456,0,6975,6975,911,144,True,4772,122528
er,800,4786,5,12.0,11.965,19,2494996645,455,0,6985,6985,952,151,True,4786,124172
er,800,4769,5,12.0,11.9225,20,1782418691,460,0,5100,5100,951,131,True,4769,123088
er,800,4824,5,12.0,12.06,21,404802997,445,0,5127,5127,946,155,True,4824,125702
er,800,4837,5,12.0,12.0925,22,671871862,480,0,8840,8840,966,138,True,4837,125500
er,800,4721,5,12.0,11.8025,23,837086197,469,0,5519,5519,932,132,True,4721,121002
er,800,4898,5,12.0,12.245,24,3035815854,464,0,6417,6417,973,142,True,4898,128804
er,800,4797,5,12.0,11.9925,25,1965289230,457,0,6826,6826,957,151,True,4797,124310
er,800,4722,5,12.0,11.805,26,377370448,466,0,7432,7432,962,147,True,4722,120616
er,800,4727,5,12.0,11.8175,27,3415312634,460,0,5907,5907,936,122,True,4727,120784
er,800,4861,5,12.0,12.1525,28,809334997,465,0,5780,5780,975,138,True,4861,127994
er,800,4745,5,12.0,11.8625,29,48960446,462,0,6445,6445,931,134,True,4745,121726
er,800,4734,5,12.0,11.835,30,621913947,433,0,8019,8019,883,139,True,4734,121978
er,800,4770,5,12.0,11.925,31,194513601,472,0,5715,5715,958,142,True,4770,123626
er,800,4904,5,12.0,12.26,32,2603748756,457,0,4979,4979,994,175,True,4904,130208
er,800,4853,5,12.0,12.1325,33,4085609388,473,0,6606,6606,953,138,True,4853,126850
er,800,4763,5,12.0,11.9075,34,475133556,468,0,7441,7441,915,131,True,4763,123582
er,800,4865,5,12.0,12.1625,35,3064713646,464,0,7658,7658,965,154,True,4865,128420
er,800,4721,5,12.0,11.8025,36,586034435,459,0,5980,5980,921,130,True,4721,120432
er,800,4838,5,12.0,12.095,37,3488364463,465,0,5220,5220,1014,155,True,4838,127108
er,800,4833,5,12.0,12.0825,38,404832186,491,0,11751,11751,1002,149,True,4833,126524
er,800,4759,5,12.0,11.8975,39,2539629782,464,0,6198,6198,948,133,True,4759,121700
ba,100,564,5,12.0,11.28,0,3365479746,50,0,356,356,110,19,True,564,18562
ba,100,564,5,12.0,11.28,1,2825570187,59,0,413,413,122,22,True,564,17598
ba,100,564,5,12.0,11.28,2,2576025637,64,0,420,420,122,23,True,564,17412
ba,100,564,5,12.0,11.28,3,3897511325,49,0,361,361,114,23,True,564,17636
ba,100,564,5,12.0,11.28,4,1223401580,62,0,661,661,108,13,True,564,18388
ba,100,564,5,12.0,11.28,5,1424249058,56,0,383,383,107,24,True,564,17846
ba,100,564,5,12.0,11.28,6,3308341949,61,0,418,418,111,19,True,564,18204
ba,100,564,5,12.0,11.28,7,1024145848,50,0,646,646,108,23,True,564,17562
ba,100,564,5,12.0,11.28,8,1660034069,58,0,481,481,105,19,True,564,18242
ba,100,564,5,12.0,11.28,9,2407671628,52,0,583,583,115,20,True,564,18252
ba,100,564,5,12.0,11.28,10,3969735584,59,0,490,490,111,21,True,564,18476
ba,100,564,5,12.0,11.28,11,1473421081,57,0,400,400,123,22,True,564,17016
ba,100,564,5,12.0,11.28,12,2685608573,45,0,656,656,101,28,True,564,17296
ba,100,564,5,12.0,11.28,13,1071674836,59,0,389,389,112,25,True,564,17928
ba,100,564,5,12.0,11.28,14,1205486504,57,0,287,287,107,22,True,564,18308
ba,100,564,5,12.0,11.28,15,785305293,66,0,441,441,123,21,True,564,17430
ba,100,564,5,12.0,11.28,16,345698538,56,0,667,667,108,19,True,564,17880
ba,100,564,5,12.0,11.28,17,3977836428,60,0,445,445,109,14,True,564,17876
ba,100,564,5,12.0,11.28,18,885455843,64,0,394,394,130,18,True,564,17444
ba,100,564,5,12.0,11.28,19,3113033512,56,0,629,629,112,20,True,564,17516
ba,100,564,5,12.0,11.28,20,2118761143,58,0,525,525,125,21,True,564,16890
ba,100,564,5,12.0,11.28,21,1951364617,55,0,402,402,112,19,True,564,17122
ba,100,564,5,12.0,11.28,22,1856903469,59,0,288,288,112,22,True,564,17226
ba,100,564,5,12.0,11.28,23,567967490,59,0,250,250,113,22,True,564,19072
ba,100,564,5,12.0,11.28,24,3166627651,54,0,538,538,107,17,True,564,17744
ba,100,564,5,12.0,11.28,25,221523562,62,0,440,440,126,21,True,564,18498
ba,100,564,5,12.0,11.28,26,2685493735,54,0,870,870,114,23,True,564,17602
ba,100,564,5,12.0,11.28,27,3969348126,59,0,601,601,105,16,True,564,17642
ba,100,564,5,12.0,11.28,28,272621991,55,0,458,458,130,22,True,564,18088
ba,100,564,5,12.0,11.28,29,2519110009,64,0,692,692,128,23,True,564,17500
ba,100,564,5,12.0,11.28,30,2083951363,58,0,313,313,109,18,True,564,17182
ba,100,564,5,12.0,11.28,31,4056841013,51,0,311,311,113,21,True,564,18044
ba,100,564,5,12.0,11.28,32,151393567,49,0,475,475,99,26,True,564,17578
ba,100,564,5,12.0,11.28,33,4130628607,50,0,474,474,102,25,True,564,17218
ba,100,564,5,12.0,11.28,34,3903942146,60,0,603,603,123,22,True,564,17802
ba,100,564,5,12.0,11.28,35,2573594705,56,0,307,307,113,18,True,564,17204
ba,100,564,5,12.0,11.28,36,1522097045,55,0,366,366,102,22,True,564,16906
ba,100,564,5,12.0,11.28,37,2601238486,62,0,526,526,122,19,True,564,17782
ba,100,564,5,12.0,11.28,38,1855149774,58,0,619,619,115,25,True,564,18146
ba,100,564,5,12.0,11.28,39,1877776423,48,0,323,323,104,20,True,564,17300
ba,200,1164,5,12.0,11.64,0,1460396820,110,0,1823,1823,213,40,True,1164,44450
ba,200,1164,5,12.0,11.64,1,4223726173,136,0,1485,1485,271,36,True,1164,39962
ba,200,1164,5,12.0,11.64,2,3077759114,104,0,1088,1088,210,38,True,1164,42516
ba,200,1164,5,12.0,11.64,3,4159694554,128,0,1817,1817,222,39,True,1164,41770
ba,200,1164,5,12.0,11.64,4,2436152844,105,0,676,676,217,41,True,1164,43508
ba,200,1164,5,12.0,11.64,5,1680435724,116,0,1138,1138,259,50,True,1164,40556
ba,200,1164,5,12.0,11.64,6,354767099,109,0,2240,2240,251,43,True,1164,44134
ba,200,1164,5,12.0,11.64,7,1622042429,111,0,1678,1678,217,40,True,1164,40920
ba,200,1164,5,12.0,11.64,8,4183794392,109,0,1532,1532,221,39,True,1164,44436
ba,200,1164,5,12.0,11.64,9,3029171761,130,0,1791,1791,249,41,True,1164,41778
ba,200,1164,5,12.0,11.64,10,2530589484,108,0,1132,1132,237,44,True,1164,41508
ba,200,1164,5,12.0,11.64,11,4135732009,118,0,856,856,230,43,True,1164,44040
ba,200,1164,5,12.0,11.64,12,1790889697,114,0,1864,1864,203,29,True,1164,41564
ba,200,1164,5,12.0,11.64,13,2894830441,114,0,805,805,245,51,True,1164,44508
ba,200,1164,5,12.0,11.64,14,3362162451,128,0,1637,1637,234,34,True,1164,43576
ba,200,1164,5,12.0,11.64,15,4252613473,120,0,1607,1607,247,39,True,1164,42898
ba,200,1164,5,12.0,11.64,16,3410010235,112,0,652,652,235,39,True,1164,42638
ba,200,1164,5,12.0,11.64,17,1755436835,120,0,887,887,268,52,True,1164,42828
ba,200,1164,5,12.0,11.64,18,86830332,131,0,1051,1051,232,43,True,1164,43582
ba,200,1164,5,12.0,11.64,19,639383142,109,0,1115,1115,222,41,True,1164,41722
ba,200,1164,5,12.0,11.64,20,1835520979,123,0,1135,1135,242,39,True,1164,43144
ba,200,1164,5,12.0,11.64,21,3331321223,112,0,1261,1261,252,45,True,1164,41688
ba,200,1164,5,12.0,11.64,22,464437924,114,0,1749,1749,219,32,True,1164,42368
ba,200,1164,5,12.0,11.64,23,4084242182,120,0,1110,1110,242,37,True,1164,41582
ba,200,1164,5,12.0,11.64,24,2703885139,99,0,1361,1361,214,45,True,1164,44044
ba,200,1164,5,12.0,11.64,25,2487541740,116,0,1020,1020,218,39,True,1164,43154
ba,200,1164,5,12.0,11.64,26,3111211688,114,0,821,821,229,36,True,1164,43086
ba,200,1164,5,12.0,11.64,27,1299271173,115,0,994,994,211,37,True,1164,38500
ba,200,1164,5,12.0,11.64,28,3539252510,97,0,837,837,211,55,True,1164,41570
ba,200,1164,5,12.0,11.64,29,2328280672,124,0,1661,1661,232,44,True,1164,43124
ba,200,1164,5,12.0,11.64,30,1735585219,103,0,1134,1134,211,49,True,1164,42230
ba,200,1164,5,12.0,11.64,31,2749533782,117,0,900,900,223,35,True,1164,41172
ba,200,1164,5,12.0,11.64,32,1935127602,119,0,1290,1290,234,51,True,1164,43340
ba,200,1164,5,12.0,11.64,33,353391764,123,0,1171,1171,233,45,True,1164,42266
ba,200,1164,5,12.0,11.64,34,3665912395,112,0,1440,1440,237,44,True,1164,41828
ba,200,1164,5,12.0,11.64,35,538177841,119,0,754,754,234,38,True,1164,42744
ba,200,1164,5,12.0,11.64,36,2945938665,120,0,628,628,239,37,True,1164,43114
ba,200,1164,5,12.0,11.64,37,3341757077,120,0,1109,1109,238,37,True,1164,42808
ba,200,1164,5,12.0,11.64,38,3286365331,133,0,1710,1710,238,38,True,1164,42162
ba,200,1164,5,12.0,11.64,39,341892235,117,0,796,796,240,43,True,1164,41054
ba,400,2364,5,12.0,11.82,0,2752858237,238,0,2526,2526,492,83,True,2364,99828
ba,400,2364,5,12.0,11.82,1,1030728317,248,0,2550,2550,515,77,True,2364,93884
ba,400,2364,5,12.0,11.82,2,3759048561,229,0,3788,3788,483,87,True,2364,98888
ba,400,2364,5,12.0,11.82,3,2746377416,221,0,2681,2681,439,85,True,2364,99290
ba,400,2364,5,12.0,11.82,4,927840868,252,0,1889,1889,483,77,True,2364,99878
ba,400,2364,5,12.0,11.82,5,260535561,229,0,2189,2189,466,83,True,2364,102520
ba,400,2364,5,12.0,11.82,6,1928031794,254,0,2449,2449,471,74,True,2364,99086
ba,400,2364,5,12.0,11.82,7,437323763,239,0,2546,2546,490,75,True,2364,93598
ba,400,2364,5,12.0,11.82,8,2359740984,239,0,2410,2410,518,85,True,2364,93834
ba,400,2364,5,12.0,11.82,9,1536191047,232,0,2051,2051,496,77,True,2364,99800
ba,400,2364,5,12.0,11.82,10,633886946,222,0,3228,3228,451,85,True,2364,97938
ba,400,2364,5,12.0,11.82,11,2311020309,202,0,1947,1947,428,92,True,2364,104244
ba,400,2364,5,12.0,11.82,12,1278981021,246,0,2053,2053,511,86,True,2364,93662
ba,400,2364,5,12.0,11.82,13,595569998,228,0,2730,2730,459,93,True,2364,97866
ba,400,2364,5,12.0,11.82,14,3969739192,221,0,2399,2399,477,96,True,2364,95468
ba,400,2364,5,12.0,11.82,15,3390124136,223,0,2125,2125,463,74,True,2364,95958
ba,400,2364,5,12.0,11.82,16,352753790,218,0,1709,1709,450,80,True,2364,92828
ba,400,2364,5,12.0,11.82,17,313300141,236,0,2076,2076,491,87,True,2364,100298
ba,400,2364,5,12.0,11.82,18,3250556263,222,0,3869,3869,473,90,True,2364,93062
ba,400,2364,5,12.0,11.82,19,3153877447,224,0,3398,3398,449,73,True,2364,101998
ba,400,2364,5,12.0,11.82,20,2115013741,243,0,2380,2380,468,73,True,2364,99834
ba,400,2364,5,12.0,11.82,21,159955473,225,0,5290,5290,453,74,True,2364,98232
ba,400,2364,5,12.0,11.82,22,1236242493,221,0,2949,2949,455,91,True,2364,92486
ba,400,2364,5,12.0,11.82,23,1920239849,212,0,2369,2369,465,99,True,2364,101672
ba,400,2364,5,12.0,11.82,24,1797659518,213,0,3883,3883,441,89,True,2364,98012
ba,400,2364,5,12.0,11.82,25,3112310187,227,0,3477,3477,467,86,True,2364,92972
ba,400,2364,5,12.0,11.82,26,3123510626,203,0,1982,1982,437,91,True,2364,95750
ba,400,2364,5,12.0,11.82,27,2293684837,233,0,1942,1942,460,85,True,2364,99478
ba,400,2364,5,12.0,11.82,28,3234757835,244,0,4391,4391,516,90,True,2364,96052
ba,400,2364,5,12.0,11.82,29,750356879,221,0,2533,2533,453,72,True,2364,99080
ba,400,2364,5,12.0,11.82,30,3073638742,236,0,3072,3072,478,84,True,2364,91546
ba,400,2364,5,12.0,11.82,31,1729176972,224,0,2155,2155,457,90,True,2364,97656
ba,400,2364,5,12.0,11.82,32,2335974386,229,0,2257,2257,460,77,True,2364,96084
ba,400,2364,5,12.0,11.82,33,1170594833,208,0,2747,2747,443,93,True,2364,98614
ba,400,2364,5,12.0,11.82,34,780152857,244,0,3749,3749,478,91,True,2364,98458
ba,400,2364,5,12.0,11.82,35,1825078857,228,0,3579,3579,454,75,True,2364,96028
ba,400,2364,5,12.0,11.82,36,1511124960,237,0,3841,3841,485,74,True,2364,102216
ba,400,2364,5,12.0,11.82,37,2315010599,223,0,3308,3308,456,78,True,2364,98480
ba,400,2364,5,12.0,11.82,38,3220537718,212,0,3558,3558,423,90,True,2364,96970
ba,400,2364,5,12.0,11.82,39,3757047141,228,0,2370,2370,473,76,True,2364,99672
ba,800,4764,5,12.0,11.91,0,2827132868,462,0,4937,4937,940,173,True,4764,228882
ba,800,4764,5,12.0,11.91,1,3275690075,444,0,7755,7755,930,177,True,4764,217350
ba,800,4764,5,12.0,11.91,2,445592286,488,0,6016,6016,981,169,True,4764,219566
ba,800,4764,5,12.0,11.91,3,1869144244,459,0,6800,6800,939,176,True,4764,212414
ba,800,4764,5,12.0,11.91,4,1269265700,467,0,5780,5780,952,168,True,4764,214328
ba,800,4764,5,12.0,11.91,5,2682640329,492,0,5146,5146,973,169,True,4764,212486
ba,800,4764,5,12.0,11.91,6,25427284,463,0,6952,6952,940,174,True,4764,218984
ba,800,4764,5,12.0,11.91,7,2432580758,440,0,5445,5445,896,162,True,4764,222368
ba,800,4764,5,12.0,11.91,8,3034749406,479,0,6367,6367,983,156,True,4764,213128
ba,800,4764,5,12.0,11.91,9,183449402,465,0,6194,6194,924,169,True,4764,219900
ba,800,4764,5,12.0,11.91,10,2578854006,462,0,7786,7786,941,161,True,4764,216428
ba,800,4764,5,12.0,11.91,11,2274586328,466,0,6496,6496,921,162,True,4764,223730
ba,800,4764,5,12.0,11.91,12,570636467,433,0,4839,4839,938,182,True,4764,215106
ba,800,4764,5,12.0,11.91,13,499866217,483,0,6050,6050,975,155,True,4764,219492
ba,800,4764,5,12.0,11.91,14,2575057952,468,0,7051,7051,955,179,True,4764,217112
ba,800,4764,5,12.0,11.91,15,2538863508,435,0,5657,5657,880,170,True,4764,217232
ba,800,4764,5,12.0,11.91,16,4266917489,445,0,6273,6273,912,168,True,4764,210560
ba,800,4764,5,12.0,11.91,17,868545478,484,0,6083,6083,935,170,True,4764,211894
ba,800,4764,5,12.0,11.91,18,3241645790,458,0,7237,7237,918,161,True,4764,219908
ba,800,4764,5,12.0,11.91,19,961047049,446,0,6466,6466,934,154,True,4764,214862
ba,800,4764,5,12.0,11.91,20,2252382324,464,0,7417,7417,900,164,True,4764,219184
ba,800,4764,5,12.0,11.91,21,1419201700,437,0,5797,5797,980,162,True,4764,209752
ba,800,4764,5,12.0,11.91,22,615892886,453,0,6279,6279,909,163,True,4764,219712
ba,800,4764,5,12.0,11.91,23,4178150246,462,0,5214,5214,935,161,True,4764,214770
ba,800,4764,5,12.0,11.91,24,3982197801,492,0,7180,7180,983,164,True,4764,230732
ba,800,4764,5,12.0,11.91,25,2880963947,465,0,4849,4849,970,165,True,4764,211754
ba,800,4764,5,12.0,11.91,26,2253164460,470,0,5244,5244,962,168,True,4764,212466
ba,800,4764,5,12.0,11.91,27,152929808,465,0,5731,5731,952,172,True,4764,215522
ba,800,4764,5,12.0,11.91,28,2605309770,503,0,6652,6652,989,157,True,4764,217246
ba,800,4764,5,12.0,11.91,29,934212113,448,0,5799,5799,962,180,True,4764,218300
ba,800,4764,5,12.0,11.91,30,3011259364,459,0,7761,7761,945,153,True,4764,230486
ba,800,4764,5,12.0,11.91,31,1125314541,468,0,8085,8085,941,177,True,4764,216678
ba,800,4764,5,12.0,11.91,32,761648457,439,0,6404,6404,983,190,True,4764,223484
ba,800,4764,5,12.0,11.91,33,2951584322,456,0,4958,4958,972,162,True,4764,219008
ba,800,4764,5,12.0,11.91,34,4266081700,460,0,5842,5842,971,167,True,4764,223404
ba,800,4764,5,12.0,11.91,35,781791842,463,0,5827,5827,900,169,True,4764,224080
ba,800,4764,5,12.0,11.91,36,2777740327,460,0,6336,6336,961,166,True,4764,221988
ba,800,4764,5,12.0,11.91,37,628824250,470,0,4320,4320,970,173,True,4764,222898
ba,800,4764,5,12.0,11.91,38,1718674953,466,0,8133,8133,941,169,True,4764,212530
ba,800,4764,5,12.0,11.91,39,4001923587,446,0,3984,3984,957,192,True,4764,215048
ws,100,600,5,12.0,12.0,0,3277486646,48,0,530,530,113,40,True,600,14526
ws,100,600,5,12.0,12.0,1,1207959546,52,0,617,617,126,47,True,600,14462
ws,100,600,5,12.0,12.0,2,1094357035,60,0,307,307,141,40,True,600,14536
ws,100,600,5,12.0,12.0,3,2911365105,45,0,425,425,112,45,True,600,14512
ws,100,600,5,12.0,12.0,4,1151865323,46,0,476,476,119,39,True,600,14534
ws,100,600,5,12.0,12.0,5,3497336183,47,0,284,284,111,42,True,600,14522
ws,100,600,5,12.0,12.0,6,2624404870,40,0,541,541,106,44,True,600,14514
ws,100,600,5,12.0,12.0,7,4163223619,40,0,400,400,101,44,True,600,14486
ws,100,600,5,12.0,12.0,8,276268605,38,0,376,376,123,44,True,600,14540
ws,100,600,5,12.0,12.0,9,4120757920,49,0,677,677,122,37,True,600,14520
ws,100,600,5,12.0,12.0,10,2666846106,54,0,451,451,127,41,True,600,14522
ws,100,600,5,12.0,12.0,11,1506224168,42,0,359,359,117,48,True,600,14498
ws,100,600,5,12.0,12.0,12,783477648,42,0,707,707,112,49,True,600,14524
ws,100,600,5,12.0,12.0,13,3696162942,50,0,641,641,116,30,True,600,14494
ws,100,600,5,12.0,12.0,14,589388343,44,0,371,371,104,39,True,600,14504
ws,100,600,5,12.0,12.0,15,839306409,56,0,459,459,140,37,True,600,14524
ws,100,600,5,12.0,12.0,16,1793312279,41,0,420,420,115,46,True,600,14490
ws,100,600,5,12.0,12.0,17,684473820,40,0,458,458,110,43,True,600,14532
ws,100,600,5,12.0,12.0,18,2647135689,45,0,267,267,104,40,True,600,14490
ws,100,600,5,12.0,12.0,19,1528511130,53,0,388,388,119,42,True,600,14520
ws,100,600,5,12.0,12.0,20,2761447490,57,0,529,529,140,42,True,600,14528
ws,100,600,5,12.0,12.0,21,3987719436,46,0,787,787,123,43,True,600,14504
ws,100,600,5,12.0,12.0,22,1919718019,49,0,763,763,119,42,True,600,14500
ws,100,600,5,12.0,12.0,23,1776773996,52,0,760,760,133,42,True,600,14494
ws,100,600,5,12.0,12.0,24,2085668297,43,0,591,591,121,42,True,600,14536
ws,100,600,5,12.0,12.0,25,999129630,49,0,603,603,119,38,True,600,14540
ws,100,600,5,12.0,12.0,26,2375912783,47,0,275,275,112,40,True,600,14504
ws,100,600,5,12.0,12.0,27,1867255465,57,0,444,444,121,36,True,600,14522
ws,100,600,5,12.0,12.0,28,1447941193,57,0,646,646,129,37,True,600,14490
ws,100,600,5,12.0,12.0,29,1037645114,48,0,795,795,112,40,True,600,14508
ws,100,600,5,12.0,12.0,30,1259059322,53,0,359,359,128,41,True,600,14534
ws,100,600,5,12.0,12.0,31,4079055910,42,0,773,773,113,38,True,600,14520
ws,100,600,5,12.0,12.0,32,3427646855,52,0,918,918,119,41,True,600,14498
ws,100,600,5,12.0,12.0,33,307913069,46,0,322,322,116,43,True,600,14528
ws,100,600,5,12.0,12.0,34,1361510001,45,0,526,526,111,42,True,600,14554
ws,100,600,5,12.0,12.0,35,1670833761,44,0,258,258,128,45,True,600,14516
ws,100,600,5,12.0,12.0,36,3443193385,59,0,843,843,137,37,True,600,14516
ws,100,600,5,12.0,12.0,37,70368928,40,0,328,328,122,44,True,600,14494
ws,100,600,5,12.0,12.0,38,1917867625,47,0,538,538,116,37,True,600,14510
ws,100,600,5,12.0,12.0,39,2149589647,55,0,518,518,131,36,True,600,14506
ws,200,1200,5,12.0,12.0,0,2450239620,92,0,1438,1438,233,82,True,1200,28980
ws,200,1200,5,12.0,12.0,1,3896249078,79,0,1232,1232,227,89,True,1200,29046
ws,200,1200,5,12.0,12.0,2,1838594217,102,0,1172,1172,240,75,True,1200,29050
ws,200,1200,5,12.0,12.0,3,189661275,104,0,1743,1743,234,71,True,1200,28994
ws,200,1200,5,12.0,12.0,4,2641455209,87,0,1547,1547,215,85,True,1200,29036
ws,200,1200,5,12.0,12.0,5,1154371019,98,0,1201,1201,244,82,True,1200,29044
ws,200,1200,5,12.0,12.0,6,1242508270,91,0,1015,1015,229,78,True,1200,29050
ws,200,1200,5,12.0,12.0,7,3494342324,92,0,2541,2541,242,89,True,1200,29068
ws,200,1200,5,12.0,12.0,8,757518120,93,0,814,814,251,82,True,1200,29016
ws,200,1200,5,12.0,12.0,9,3898500089,90,0,1058,1058,221,90,True,1200,29002
ws,200,1200,5,12.0,12.0,10,4207368933,95,0,975,975,272,89,True,1200,29018
ws,200,1200,5,12.0,12.0,11,1097820365,104,0,1216,1216,269,76,True,1200,29020
ws,200,1200,5,12.0,12.0,12,3561402409,102,0,911,911,248,77,True,1200,29034
ws,200,1200,5,12.0,12.0,13,3669123851,115,0,1485,1485,251,73,True,1200,29074
ws,200,1200,5,12.0,12.0,14,2262255234,100,0,1486,1486,237,71,True,1200,29014
ws,200,1200,5,12.0,12.0,15,4103284203,83,0,813,813,234,90,True,1200,29052
ws,200,1200,5,12.0,12.0,16,1611500870,97,0,787,787,229,81,True,1200,29018
ws,200,1200,5,12.0,12.0,17,2411331779,101,0,1383,1383,254,79,True,1200,29056
ws,200,1200,5,12.0,12.0,18,3250290683,97,0,1363,1363,248,81,True,1200,29034
ws,200,1200,5,12.0,12.0,19,2368427441,98,0,982,982,226,73,True,1200,29118
ws,200,1200,5,12.0,12.0,20,2611375899,101,0,989,989,246,88,True,1200,29046
ws,200,1200,5,12.0,12.0,21,899315963,109,0,1138,1138,245,76,True,1200,29050
ws,200,1200,5,12.0,12.0,22,967937691,89,0,994,994,228,86,True,1200,28998
ws,200,1200,5,12.0,12.0,23,1254209831,102,0,1241,1241,250,77,True,1200,29034
ws,200,1200,5,12.0,12.0,24,1013995296,96,0,648,648,264,88,True,1200,28996
ws,200,1200,5,12.0,12.0,25,2256782091,100,0,823,823,248,78,True,1200,29098
ws,200,1200,5,12.0,12.0,26,2604517236,91,0,782,782,222,90,True,1200,28994
ws,200,1200,5,12.0,12.0,27,4111924722,96,0,1397,1397,227,77,True,1200,29072
ws,200,1200,5,12.0,12.0,28,229589498,88,0,1422,1422,251,93,True,1200,29008
ws,200,1200,5,12.0,12.0,29,957607013,95,0,1607,1607,251,83,True,1200,29044
ws,200,1200,5,12.0,12.0,30,3368509357,105,0,1195,1195,252,85,True,1200,29036
ws,200,1200,5,12.0,12.0,31,1988082747,103,0,1534,1534,240,83,True,1200,29006
ws,200,1200,5,12.0,12.0,32,2241727643,98,0,856,856,237,85,True,1200,28994
ws,200,1200,5,12.0,12.0,33,1020298468,88,0,1239,1239,230,84,True,1200,29018
ws,200,1200,5,12.0,12.0,34,839053800,94,0,1650,1650,233,83,True,1200,29002
ws,200,1200,5,12.0,12.0,35,3347266938,93,0,1241,1241,233,83,True,1200,29046
ws,200,1200,5,12.0,12.0,36,1421032954,107,0,1475,1475,266,84,True,1200,29060
ws,200,1200,5,12.0,12.0,37,1035534242,94,0,1140,1140,249,85,True,1200,29066
ws,200,1200,5,12.0,12.0,38,852181289,97,0,1140,1140,249,87,True,1200,29006
ws,200,1200,5,12.0,12.0,39,2711253144,98,0,933,933,235,81,True,1200,29054
ws,400,2400,5,12.0,12.0,0,334181470,210,0,1921,1921,491,166,True,2400,58070
ws,400,2400,5,12.0,12.0,1,17830747,189,0,1808,1808,487,178,True,2400,58030
ws,400,2400,5,12.0,12.0,2,3612082556,211,0,2470,2470,481,160,True,2400,58040
ws,400,2400,5,12.0,12.0,3,395380370,194,0,4262,4262,470,154,True,2400,58118
ws,400,2400,5,12.0,12.0,4,3782861037,188,0,2189,2189,482,176,True,2400,58070
ws,400,2400,5,12.0,12.0,5,2813700202,188,0,2118,2118,495,166,True,2400,58114
ws,400,2400,5,12.0,12.0,6,3724192460,181,0,2273,2273,471,175,True,2400,58068
ws,400,2400,5,12.0,12.0,7,3008220612,182,0,5581,5581,437,165,True,2400,58030
ws,400,2400,5,12.0,12.0,8,3758968704,188,0,2670,2670,476,158,True,2400,58084
ws,400,2400,5,12.0,12.0,9,4208693951,201,0,2610,2610,488,158,True,2400,58036
ws,400,2400,5,12.0,12.0,10,392736699,190,0,3214,3214,448,167,True,2400,58068
ws,400,2400,5,12.0,12.0,11,1189441028,200,0,2634,2634,478,162,True,2400,58024
ws,400,2400,5,12.0,12.0,12,2953987795,197,0,2396,2396,487,167,True,2400,58058
ws,400,2400,5,12.0,12.0,13,404753370,190,0,2871,2871,491,159,True,2400,58004
ws,400,2400,5,12.0,12.0,14,35294882,184,0,3336,3336,481,171,True,2400,58026
ws,400,2400,5,12.0,12.0,15,4075383245,218,0,2960,2960,517,157,True,2400,58008
ws,400,2400,5,12.0,12.0,16,2594096563,166,0,2455,2455,410,154,True,2400,58092
ws,400,2400,5,12.0,12.0,17,2190730201,188,0,2645,2645,486,167,True,2400,58056
ws,400,2400,5,12.0,12.0,18,1198099494,192,0,1876,1876,497,166,True,2400,58086
ws,400,2400,5,12.0,12.0,19,75374876,207,0,2774,2774,496,158,True,2400,58106
ws,400,2400,5,12.0,12.0,20,121474525,204,0,3023,3023,517,159,True,2400,58048
ws,400,2400,5,12.0,12.0,21,1102986546,200,0,3040,3040,470,150,True,2400,58100
ws,400,2400,5,12.0,12.0,22,1451067648,199,0,2347,2347,517,163,True,2400,57996
ws,400,2400,5,12.0,12.0,23,4143310827,183,0,2678,2678,469,166,True,2400,58046
ws,400,2400,5,12.0,12.0,24,3164181194,189,0,3532,3532,474,155,True,2400,58070
ws,400,2400,5,12.0,12.0,25,909667468,194,0,1981,1981,455,169,True,2400,58030
ws,400,2400,5,12.0,12.0,26,693233222,195,0,1757,1757,482,158,True,2400,58028
ws,400,2400,5,12.0,12.0,27,780400575,198,0,2235,2235,476,156,True,2400,58076
ws,400,2400,5,12.0,12.0,28,941906294,191,0,4030,4030,478,163,True,2400,58120
ws,400,2400,5,12.0,12.0,29,4183794330,174,0,2932,2932,450,177,True,2400,58004
ws,400,2400,5,12.0,12.0,30,1710216692,178,0,2750,2750,434,162,True,2400,58046
ws,400,2400,5,12.0,12.0,31,811015135,196,0,2320,2320,491,158,True,2400,58056
ws,400,2400,5,12.0,12.0,32,1978373108,199,0,2980,2980,525,159,True,2400,58056
ws,400,2400,5,12.0,12.0,33,3958226364,208,0,5090,5090,493,160,True,2400,58084
ws,400,2400,5,12.0,12.0,34,4272439098,177,0,2129,2129,459,167,True,2400,58118
ws,400,2400,5,12.0,12.0,35,1915082191,180,0,2471,2471,457,177,True,2400,58070
ws,400,2400,5,12.0,12.0,36,2695131074,176,0,1957,1957,486,167,True,2400,58050
ws,400,2400,5,12.0,12.0,37,639233435,201,0,3492,3492,493,157,True,2400,58066
ws,400,2400,5,12.0,12.0,38,342030712,201,0,3272,3272,502,157,True,2400,58114
ws,400,2400,5,12.0,12.0,39,2384482689,179,0,2748,2748,468,178,True,2400,58030
ws,800,4800,5,12.0,12.0,0,2331564714,390,0,5441,5441,970,316,True,4800,116050
ws,800,4800,5,12.0,12.0,1,3087253083,393,0,5941,5941,983,323,True,4800,116132
ws,800,4800,5,12.0,12.0,2,1394016562,406,0,12910,12910,979,321,True,4800,116050
ws,800,4800,5,12.0,12.0,3,407413976,390,0,7225,7225,953,318,True,4800,116072
ws,800,4800,5,12.0,12.0,4,1982239825,361,0,6762,6762,924,337,True,4800,116118
ws,800,4800,5,12.0,12.0,5,1337043433,398,0,5346,5346,974,327,True,4800,116058
ws,800,4800,5,12.0,12.0,6,2886058246,394,0,6640,6640,977,319,True,4800,116046
ws,800,4800,5,12.0,12.0,7,72830755,376,0,4226,4226,947,322,True,4800,116056
ws,800,4800,5,12.0,12.0,8,3058674751,387,0,6257,6257,963,337,True,4800,116220
ws,800,4800,5,12.0,12.0,9,2213338157,392,0,6081,6081,958,313,True,4800,116056
ws,800,4800,5,12.0,12.0,10,2662484998,372,0,4320,4320,957,339,True,4800,116102
ws,800,4800,5,12.0,12.0,11,738156427,362,0,4768,4768,922,331,True,4800,116056
ws,800,4800,5,12.0,12.0,12,1524793038,385,0,6153,6153,974,343,True,4800,116182
ws,800,4800,5,12.0,12.0,13,1198417761,425,0,5539,5539,1032,320,True,4800,116146
ws,800,4800,5,12.0,12.0,14,1225569047,409,0,4468,4468,1039,333,True,4800,116044
ws,800,4800,5,12.0,12.0,15,954588351,373,0,4337,4337,951,328,True,4800,116148
ws,800,4800,5,12.0,12.0,16,1248603573,392,0,4561,4561,973,321,True,4800,115942
ws,800,4800,5,12.0,12.0,17,2241203417,393,0,5694,5694,972,319,True,4800,116088
ws,800,4800,5,12.0,12.0,18,4251771742,367,0,7211,7211,910,331,True,4800,116082
ws,800,4800,5,12.0,12.0,19,2328300795,394,0,7818,7818,996,312,True,4800,116090
ws,800,4800,5,12.0,12.0,20,1552854569,375,0,7168,7168,957,339,True,4800,116104
ws,800,4800,5,12.0,12.0,21,706736624,396,0,4423,4423,963,322,True,4800,116084
ws,800,4800,5,12.0,12.0,22,3380496086,399,0,6679,6679,936,324,True,4800,116058
ws,800,4800,5,12.0,12.0,23,2683084127,388,0,5463,5463,939,315,True,4800,116174
ws,800,4800,5,12.0,12.0,24,843830413,387,0,6061,6061,969,332,True,4800,116088
ws,800,4800,5,12.0,12.0,25,2080807201,403,0,7423,7423,969,312,True,4800,116176
ws,800,4800,5,12.0,12.0,26,3945466452,372,0,3762,3762,986,348,True,4800,116070
ws,800,4800,5,12.0,12.0,27,3469015670,386,0,8668,8668,940,322,True,4800,116010
ws,800,4800,5,12.0,12.0,28,3076360370,397,0,6391,6391,979,336,True,4800,116132
ws,800,4800,5,12.0,12.0,29,3392822298,388,0,6263,6263,945,326,True,4800,116134
ws,800,4800,5,12.0,12.0,30,3245200641,363,0,6046,6046,967,353,True,4800,116010
ws,800,4800,5,12.0,12.0,31,2209150791,401,0,6753,6753,998,329,True,4800,116130
ws,800,4800,5,12.0,12.0,32,2172739601,365,0,8962,8962,930,342,True,4800,116120
ws,800,4800,5,12.0,12.0,33,3081623279,377,0,5932,5932,942,334,True,4800,116088
ws,800,4800,5,12.0,12.0,34,3022677189,386,0,7761,7761,942,327,True,4800,116070
ws,800,4800,5,12.0,12.0,35,4057216795,369,0,7518,7518,990,338,True,4800,116184
ws,800,4800,5,12.0,12.0,36,2479772149,394,0,5136,5136,964,330,True,4800,116068
ws,800,4800,5,12.0,12.0,37,3721001629,388,0,6912,6912,973,321,True,4800,116132
ws,800,4800,5,12.0,12.0,38,1645105219,371,0,6839,6839,969,339,True,4800,116018
ws,800,4800,5,12.0,12.0,39,1689522784,395,0,7030,7030,946,309,True,4800,116232
er,100,753,5,16.0,15.06,0,51142002,64,0,597,597,156,33,True,753,24060
er,100,789,5,16.0,15.78,1,1166890024,64,0,352,352,158,41,True,789,26324
er,100,803,5,16.0,16.06,2,2090374001,47,0,557,557,161,52,True,803,26914
er,100,812,5,16.0,16.24,3,774155728,53,0,495,495,148,41,True,812,27580
er,100,789,5,16.0,15.78,4,1966619363,63,0,600,600,155,37,True,789,26106
er,100,831,5,16.0,16.62,5,1614361645,59,0,337,337,173,38,True,831,29460
er,100,785,5,16.0,15.7,6,865693686,61,0,469,469,160,36,True,785,25950
er,100,858,5,16.0,17.16,7,3056302107,67,0,536,536,181,49,True,858,30552
er,100,780,5,16.0,15.6,8,2331441385,57,0,501,501,168,41,True,780,25696
er,100,828,5,16.0,16.56,9,3882134048,70,0,666,666,164,35,True,828,28688
er,100,789,5,16.0,15.78,10,925037658,63,0,490,490,141,33,True,789,25910
er,100,814,5,16.0,16.28,11,288071656,63,0,486,486,173,42,True,814,27750
er,100,804,5,16.0,16.08,12,1992165094,76,0,736,736,172,34,True,804,27042
er,100,810,5,16.0,16.2,13,3653326347,66,0,700,700,180,43,True,810,27500
er,100,816,5,16.0,16.32,14,2260770292,60,0,398,398,165,49,True,816,28016
er,100,831,5,16.0,16.62,15,443246692,65,0,544,544,169,42,True,831,28982
er,100,822,5,16.0,16.44,16,3611158151,61,0,349,349,159,40,True,822,28276
er,100,764,5,16.0,15.28,17,3617244032,55,0,567,567,160,37,True,764,24594
er,100,784,5,16.0,15.68,18,3005090431,50,0,364,364,154,42,True,784,25766
er,100,796,5,16.0,15.92,19,3316134049,66,0,1220,1220,152,33,True,796,26560
er,100,794,5,16.0,15.88,20,1153809385,66,0,795,795,166,37,True,794,26146
er,100,799,5,16.0,15.98,21,3581819765,63,0,437,437,159,46,True,799,27016
er,100,760,5,16.0,15.2,22,1829253411,59,0,560,560,163,33,True,760,24552
er,100,777,5,16.0,15.54,23,2449166204,59,0,444,444,161,45,True,777,25392
er,100,862,5,16.0,17.24,24,2190650083,58,0,420,420,147,40,True,862,31064
er,100,823,5,16.0,16.46,25,1052343138,58,0,535,535,153,46,True,823,28444
er,100,797,5,16.0,15.94,26,57342930,59,0,825,825,144,39,True,797,26696
er,100,794,5,16.0,15.88,27,3858290173,50,0,451,451,146,44,True,794,26304
er,100,782,5,16.0,15.64,28,3215839199,65,0,665,665,142,37,True,782,26050
er,100,804,5,16.0,16.08,29,199416389,66,0,476,476,179,42,True,804,27078
er,100,761,5,16.0,15.22,30,2078928032,62,0,489,489,157,29,True,761,24420
er,100,778,5,16.0,15.56,31,2603521929,57,0,590,590,151,37,True,778,25446
er,100,834,5,16.0,16.68,32,2431868455,57,0,425,425,173,50,True,834,29136
er,100,796,5,16.0,15.92,33,2492082269,86,0,989,989,203,38,True,796,26652
er,100,786,5,16.0,15.72,34,3395369514,65,0,1089,1089,168,40,True,786,25752
er,100,750,5,16.0,15.0,35,3762803572,71,0,981,981,150,28,True,750,23932
er,100,800,5,16.0,16.0,36,3010088533,63,0,612,612,154,40,True,800,27092
er,100,807,5,16.0,16.14,37,213286815,62,0,384,384,166,35,True,807,27180
er,100,759,5,16.0,15.18,38,2794023128,65,0,711,711,148,36,True,759,24262
er,100,817,5,16.0,16.34,39,2527436550,68,0,381,381,156,33,True,817,27994
er,200,1681,5,16.0,16.81,0,1610683471,136,0,1878,1878,348,75,True,1681,59644
er,200,1617,5,16.0,16.17,1,2469701452,137,0,1094,1094,343,69,True,1617,55446
er,200,1530,5,16.0,15.3,2,3189611952,130,0,2956,2956,320,67,True,1530,49400
er,200,1601,5,16.0,16.01,3,2762922718,121,0,1184,1184,319,82,True,1601,54062
er,200,1563,5,16.0,15.63,4,3078060404,135,0,2210,2210,335,77,True,1563,51476
er,200,1655,5,16.0,16.55,5,1765392505,122,0,1413,1413,302,70,True,1655,57302
er,200,1558,5,16.0,15.58,6,429671395,125,0,2003,2003,311,69,True,1558,50920
er,200,1629,5,16.0,16.29,7,3840318570,154,0,1361,1361,337,65,True,1629,55972
er,200,1601,5,16.0,16.01,8,2691420531,125,0,1187,1187,299,76,True,1601,54336
er,200,1540,5,16.0,15.4,9,1303691485,127,0,1104,1104,301,65,True,1540,50366
er,200,1577,5,16.0,15.77,10,380367367,113,0,805,805,302,93,True,1577,52910
er,200,1628,5,16.0,16.28,11,669763024,107,0,1005,1005,297,82,True,1628,55716
er,200,1636,5,16.0,16.36,12,1722890965,130,0,1081,1081,341,73,True,1636,56306
er,200,1550,5,16.0,15.5,13,61667271,126,0,1409,1409,301,71,True,1550,50660
er,200,1503,5,16.0,15.03,14,1302503826,112,0,1091,1091,291,77,True,1503,47498
er,200,1615,5,16.0,16.15,15,1961189082,133,0,1209,1209,334,72,True,1615,55536
er,200,1614,5,16.0,16.14,16,1680015633,142,0,1650,1650,335,73,True,1614,54832
er,200,1581,5,16.0,15.81,17,4106723948,123,0,1359,1359,326,71,True,1581,52474
er,200,1603,5,16.0,16.03,18,1614384196,122,0,1659,1659,285,72,True,1603,54652
er,200,1647,5,16.0,16.47,19,1577368601,125,0,1719,1719,318,73,True,1647,57318
er,200,1668,5,16.0,16.68,20,1428486012,133,0,2438,2438,348,79,True,1668,58420
er,200,1611,5,16.0,16.11,21,52100617,125,0,2061,2061,349,79,True,1611,54754
er,200,1626,5,16.0,16.26,22,2408068971,135,0,1355,1355,311,73,True,1626,55588
er,200,1610,5,16.0,16.1,23,642236888,125,0,1685,1685,299,74,True,1610,54650
er,200,1634,5,16.0,16.34,24,693427446,136,0,2058,2058,333,75,True,1634,56168
er,200,1563,5,16.0,15.63,25,2520957649,129,0,1345,1345,342,71,True,1563,51436
er,200,1559,5,16.0,15.59,26,1477928891,134,0,1592,1592,328,72,True,1559,52112
er,200,1574,5,16.0,15.74,27,3809407575,126,0,1150,1150,316,75,True,1574,52728
er,200,1592,5,16.0,15.92,28,3965864353,114,0,1276,1276,308,80,True,1592,53814
er,200,1543,5,16.0,15.43,29,2304387981,126,0,1125,1125,289,62,True,1543,50472
er,200,1596,5,16.0,15.96,30,3393960111,143,0,2037,2037,308,53,True,1596,54144
er,200,1634,5,16.0,16.34,31,1755183122,126,0,517,517,330,88,True,1634,55714
er,200,1613,5,16.0,16.13,32,2240872344,129,0,928,928,327,62,True,1613,54652
er,200,1603,5,16.0,16.03,33,2560123079,126,0,1329,1329,306,72,True,1603,54456
er,200,1619,5,16.0,16.19,34,2380561991,121,0,1598,1598,309,67,True,1619,55194
er,200,1606,5,16.0,16.06,35,3029276964,135,0,1401,1401,323,73,True,1606,54732
er,200,1598,5,16.0,15.98,36,981254723,143,0,1770,1770,295,68,True,1598,54028
er,200,1590,5,16.0,15.9,37,3915890178,128,0,1358,1358,322,79,True,1590,53098
er,200,1542,5,16.0,15.42,38,3972497826,135,0,1035,1035,321,68,True,1542,50492
er,200,1565,5,16.0,15.65,39,3471764789,141,0,1459,1459,340,69,True,1565,52092
er,400,3213,5,16.0,16.065,0,3433653806,272,0,2950,2950,657,152,True,3213,109408
er,400,3214,5,16.0,16.07,1,4128268897,245,0,2253,2253,662,154,True,3214,109254
er,400,3149,5,16.0,15.745,2,700023965,266,0,2618,2618,626,135,True,3149,104934
er,400,3210,5,16.0,16.05,3,523302569,265,0,4015,4015,662,135,True,3210,108582
er,400,3212,5,16.0,16.06,4,3584069284,258,0,2377,2377,665,150,True,3212,108910
er,400,3133,5,16.0,15.665,5,3099261587,274,0,2383,2383,649,125,True,3133,104466
er,400,3168,5,16.0,15.84,6,2572145049,246,0,3462,3462,637,140,True,3168,106402
er,400,3225,5,16.0,16.125,7,2484032284,241,0,3194,3194,643,150,True,3225,109958
er,400,3139,5,16.0,15.695,8,1692284145,274,0,2634,2634,641,127,True,3139,104918
er,400,3147,5,16.0,15.735,9,3447017109,274,0,4421,4421,663,129,True,3147,105410
er,400,3216,5,16.0,16.08,10,1655276364,276,0,2839,2839,664,142,True,3216,109956
er,400,3161,5,16.0,15.805,11,1683075386,256,0,5517,5517,626,117,True,3161,106088
er,400,3177,5,16.0,15.885,12,1925404796,238,0,1884,1884,579,145,True,3177,107226
er,400,3250,5,16.0,16.25,13,1692472035,271,0,2404,2404,644,130,True,3250,111540
er,400,3195,5,16.0,15.975,14,3287372433,245,0,3048,3048,630,137,True,3195,107770
er,400,3253,5,16.0,16.265,15,2394724856,280,0,4513,4513,660,126,True,3253,112372
er,400,3331,5,16.0,16.655,16,4082091348,252,0,3420,3420,635,167,True,3331,116884
er,400,3159,5,16.0,15.795,17,1765798621,245,0,2707,2707,610,131,True,3159,105988
er,400,3238,5,16.0,16.19,18,880659664,250,0,3412,3412,648,152,True,3238,110370
er,400,3174,5,16.0,15.87,19,2116148779,245,0,3677,3677,615,132,True,3174,107208
er,400,3096,5,16.0,15.48,20,1801514328,268,0,3851,3851,613,117,True,3096,102634
er,400,3278,5,16.0,16.39,21,1374013321,270,0,3707,3707,669,136,True,3278,113630
er,400,3244,5,16.0,16.22,22,754342261,247,0,2173,2173,628,150,True,3244,112536
er,400,3182,5,16.0,15.91,23,3044430528,283,0,3493,3493,625,133,True,3182,107458
er,400,3187,5,16.0,15.935,24,2653535052,243,0,3672,3672,622,143,True,3187,107252
er,400,3314,5,16.0,16.57,25,2192066476,255,0,3118,3118,636,158,True,3314,115164
er,400,3188,5,16.0,15.94,26,2181178375,258,0,2349,2349,686,143,True,3188,107712
er,400,3202,5,16.0,16.01,27,1403367829,273,0,3936,3936,668,134,True,3202,109390
er,400,3178,5,16.0,15.89,28,2760117070,267,0,2981,2981,654,120,True,3178,107318
er,400,3246,5,16.0,16.23,29,1703293585,257,0,3209,3209,667,156,True,3246,112546
er,400,3225,5,16.0,16.125,30,655785403,247,0,3203,3203,634,156,True,3225,110636
er,400,3187,5,16.0,15.935,31,837317976,250,0,3869,3869,611,139,True,3187,107828
er,400,3227,5,16.0,16.135,32,3739806121,269,0,3453,3453,679,148,True,3227,110404
er,400,3177,5,16.0,15.885,33,3281367706,288,0,3083,3083,686,136,True,3177,106920
er,400,3149,5,16.0,15.745,34,1219696217,263,0,3325,3325,608,121,True,3149,105752
er,400,3207,5,16.0,16.035,35,4211098626,249,0,3318,3318,612,150,True,3207,108112
er,400,3288,5,16.0,16.44,36,77506920,265,0,3321,3321,666,152,True,3288,114186
er,400,3223,5,16.0,16.115,37,1211366857,258,0,4093,4093,592,127,True,3223,110176
er,400,3218,5,16.0,16.09,38,1979412361,272,0,2667,2667,653,147,True,3218,110294
er,400,3259,5,16.0,16.295,39,3286407113,264,0,4331,4331,646,136,True,3259,112700
er,800,6390,5,16.0,15.975,0,3606617743,518,0,9730,9730,1246,278,True,6390,216344
er,800,6318,5,16.0,15.795,1,406592889,495,0,7972,7972,1236,282,True,6318,212714
er,800,6336,5,16.0,15.84,2,1019005348,510,0,8717,8717,1231,277,True,6336,214066
er,800,6254,5,16.0,15.635,3,1935202757,502,0,4825,4825,1238,282,True,6254,207428
er,800,6363,5,16.0,15.9075,4,2869248349,537,0,7721,7721,1302,257,True,6363,214142
er,800,6583,5,16.0,16.4575,5,822363497,535,0,15200,15200,1291,266,True,6583,229518
er,800,6452,5,16.0,16.13,6,275618715,529,0,9241,9241,1256,266,True,6452,220646
er,800,6230,5,16.0,15.575,7,1305886613,526,0,9465,9465,1243,263,True,6230,206784
er,800,6374,5,16.0,15.935,8,532667184,503,0,10850,10850,1285,295,True,6374,216232
er,800,6339,5,16.0,15.8475,9,3225591142,535,0,6751,6751,1322,280,True,6339,213364
er,800,6347,5,16.0,15.8675,10,96529689,509,0,6766,6766,1224,270,True,6347,213428
er,800,6444,5,16.0,16.11,11,1034740583,503,0,8258,8258,1297,283,True,6444,220210
er,800,6362,5,16.0,15.905,12,963748214,515,0,9427,9427,1239,257,True,6362,215290
er,800,6200,5,16.0,15.5,13,876889414,526,0,6248,6248,1251,238,True,6200,204492
er,800,6427,5,16.0,16.0675,14,246641943,522,0,9898,9898,1296,266,True,6427,219442
er,800,6462,5,16.0,16.155,15,2704915969,523,0,7364,7364,1319,318,True,6462,220670
er,800,6404,5,16.0,16.01,16,2957887862,536,0,8435,8435,1251,256,True,6404,216904
er,800,6462,5,16.0,16.155,17,2411155925,522,0,7016,7016,1272,274,True,6462,220910
er,800,6380,5,16.0,15.95,18,279724805,520,0,6629,6629,1245,274,True,6380,216352
er,800,6320,5,16.0,15.8,19,3089738088,529,0,7314,7314,1280,264,True,6320,212044
er,800,6340,5,16.0,15.85,20,536946893,496,0,7179,7179,1261,277,True,6340,213800
er,800,6181,5,16.0,15.4525,21,3259314493,519,0,7043,7043,1269,282,True,6181,202574
er,800,6366,5,16.0,15.915,22,261236753,520,0,6847,6847,1266,270,True,6366,215778
er,800,6459,5,16.0,16.1475,23,2207729913,519,0,6098,6098,1288,285,True,6459,221008
er,800,6477,5,16.0,16.1925,24,3096423190,507,0,10021,10021,1294,276,True,6477,223114
er,800,6416,5,16.0,16.04,25,2167191268,522,0,9525,9525,1288,278,True,6416,218190
er,800,6472,5,16.0,16.18,26,3631310984,513,0,8956,8956,1291,277,True,6472,220840
er,800,6451,5,16.0,16.1275,27,1889067197,548,0,10946,10946,1298,297,True,6451,220116
er,800,6375,5,16.0,15.9375,28,3590838877,518,0,8721,8721,1278,281,True,6375,216804
er,800,6489,5,16.0,16.2225,29,1687631280,530,0,6265,6265,1349,278,True,6489,223256
er,800,6442,5,16.0,16.105,30,1507793422,478,0,9186,9186,1235,290,True,6442,220282
er,800,6343,5,16.0,15.8575,31,3929055084,516,0,6328,6328,1277,275,True,6343,213368
er,800,6386,5,16.0,15.965,32,3938663358,496,0,8797,8797,1255,289,True,6386,216576
er,800,6385,5,16.0,15.9625,33,3843141094,518,0,8883,8883,1271,281,True,6385,216410
er,800,6590,5,16.0,16.475,34,1299227498,505,0,5501,5501,1301,304,True,6590,229774
er,800,6520,5,16.0,16.3,35,4169001087,524,0,6250,6250,1345,278,True,6520,225380
er,800,6562,5,16.0,16.405,36,1689389348,523,0,5896,5896,1298,285,True,6562,228458
er,800,6445,5,16.0,16.1125,37,1474145623,523,0,6459,6459,1293,287,True,6445,220678
er,800,6561,5,16.0,16.4025,38,164982087,510,0,5951,5951,1256,290,True,6561,229184
er,800,6516,5,16.0,16.29,39,1412293606,563,0,11338,11338,1374,290,True,6516,224340
ba,100,736,5,16.0,14.72,0,483952098,53,0,479,479,145,34,True,736,28956
ba,100,736,5,16.0,14.72,1,2732656269,68,0,589,589,147,28,True,736,27888
ba,100,736,5,16.0,14.72,2,3376052445,75,0,381,381,167,35,True,736,28964
ba,100,736,5,16.0,14.72,3,1740425896,64,0,348,348,149,41,True,736,28404
ba,100,736,5,16.0,14.72,4,1855912015,53,0,451,451,150,33,True,736,29064
ba,100,736,5,16.0,14.72,5,3279042998,65,0,970,970,150,32,True,736,28410
ba,100,736,5,16.0,14.72,6,2157540496,58,0,567,567,160,42,True,736,28276
ba,100,736,5,16.0,14.72,7,3221080409,75,0,835,835,169,35,True,736,29210
ba,100,736,5,16.0,14.72,8,1820031843,61,0,461,461,149,39,True,736,29762
ba,100,736,5,16.0,14.72,9,2723477419,65,0,420,420,158,39,True,736,29888
ba,100,736,5,16.0,14.72,10,985628903,76,0,1143,1143,159,32,True,736,28482
ba,100,736,5,16.0,14.72,11,2492637478,64,0,511,511,156,42,True,736,29046
ba,100,736,5,16.0,14.72,12,2832604938,59,0,458,458,150,35,True,736,28654
ba,100,736,5,16.0,14.72,13,510367738,63,0,638,638,150,33,True,736,28026
ba,100,736,5,16.0,14.72,14,600257258,63,0,466,466,143,37,True,736,27820
ba,100,736,5,16.0,14.72,15,1690829921,56,0,546,546,152,44,True,736,29126
ba,100,736,5,16.0,14.72,16,3511178174,58,0,681,681,140,44,True,736,28322
ba,100,736,5,16.0,14.72,17,2119291440,68,0,445,445,149,36,True,736,29352
ba,100,736,5,16.0,14.72,18,670788769,53,0,285,285,136,43,True,736,28140
ba,100,736,5,16.0,14.72,19,3079041713,58,0,318,318,141,44,True,736,28318
ba,100,736,5,16.0,14.72,20,2054399126,53,0,472,472,137,41,True,736,27900
ba,100,736,5,16.0,14.72,21,2852308339,63,0,659,659,141,34,True,736,28634
ba,100,736,5,16.0,14.72,22,1754681542,72,0,444,444,167,42,True,736,28760
ba,100,736,5,16.0,14.72,23,2840906849,71,0,531,531,161,36,True,736,28644
ba,100,736,5,16.0,14.72,24,1136474043,54,0,399,399,134,41,True,736,28968
ba,100,736,5,16.0,14.72,25,4222205160,57,0,458,458,172,46,True,736,28438
ba,100,736,5,16.0,14.72,26,1439906243,62,0,447,447,150,41,True,736,28944
ba,100,736,5,16.0,14.72,27,3013457479,70,0,580,580,156,31,True,736,27870
ba,100,736,5,16.0,14.72,28,1580139586,61,0,693,693,146,41,True,736,28932
ba,100,736,5,16.0,14.72,29,3037771784,68,0,710,710,157,37,True,736,28140
ba,100,736,5,16.0,14.72,30,900493900,59,0,380,380,155,40,True,736,28778
ba,100,736,5,16.0,14.72,31,1995674278,53,0,660,660,142,39,True,736,27966
ba,100,736,5,16.0,14.72,32,931290886,51,0,619,619,138,43,True,736,28658
ba,100,736,5,16.0,14.72,33,1663326654,58,0,452,452,137,40,True,736,28780
ba,100,736,5,16.0,14.72,34,1502538791,53,0,448,448,141,44,True,736,29086
ba,100,736,5,16.0,14.72,35,2170344637,61,0,767,767,154,42,True,736,27928
ba,100,736,5,16.0,14.72,36,633993416,52,0,736,736,134,40,True,736,29328
ba,100,736,5,16.0,14.72,37,1896342440,65,0,359,359,140,34,True,736,28608
ba,100,736,5,16.0,14.72,38,1402738083,58,0,459,459,142,36,True,736,29236
ba,100,736,5,16.0,14.72,39,1735960812,71,0,308,308,177,37,True,736,28798
ba,200,1536,5,16.0,15.36,0,4187094118,133,0,1854,1854,306,79,True,1536,70936
ba,200,1536,5,16.0,15.36,1,1994097338,131,0,1025,1025,308,72,True,1536,70406
ba,200,1536,5,16.0,15.36,2,541547907,121,0,2408,2408,302,86,True,1536,68958
ba,200,1536,5,16.0,15.36,3,336036286,115,0,825,825,304,97,True,1536,69888
ba,200,1536,5,16.0,15.36,4,310039454,132,0,1098,1098,304,77,True,1536,68794
ba,200,1536,5,16.0,15.36,5,1200461988,122,0,1770,1770,337,87,True,1536,68170
ba,200,1536,5,16.0,15.36,6,2396243109,116,0,1922,1922,306,81,True,1536,68478
ba,200,1536,5,16.0,15.36,7,451774286,125,0,1106,1106,351,77,True,1536,71562
ba,200,1536,5,16.0,15.36,8,3055088919,131,0,1103,1103,320,80,True,1536,70952
ba,200,1536,5,16.0,15.36,9,2486711224,147,0,1299,1299,312,73,True,1536,70220
ba,200,1536,5,16.0,15.36,10,1175254553,144,0,1014,1014,337,68,True,1536,69538
ba,200,1536,5,16.0,15.36,11,2674003664,119,0,2207,2207,276,75,True,1536,69034
ba,200,1536,5,16.0,15.36,12,3935812168,123,0,1836,1836,311,83,True,1536,68920
ba,200,1536,5,16.0,15.36,13,2317317418,118,0,1377,1377,285,89,True,1536,67626
ba,200,1536,5,16.0,15.36,14,2698518401,121,0,1546,1546,292,88,True,1536,70752
ba,200,1536,5,16.0,15.36,15,1053613160,126,0,1513,1513,302,79,True,1536,69790
ba,200,1536,5,16.0,15.36,16,49965409,147,0,1493,1493,308,70,True,1536,67564
ba,200,1536,5,16.0,15.36,17,1347884466,132,0,1301,1301,335,74,True,1536,74418
ba,200,1536,5,16.0,15.36,18,2952182818,124,0,1109,1109,292,82,True,1536,71318
ba,200,1536,5,16.0,15.36,19,3236705334,120,0,1332,1332,292,78,True,1536,67524
ba,200,1536,5,16.0,15.36,20,2594590759,125,0,1400,1400,306,97,True,1536,70832
ba,200,1536,5,16.0,15.36,21,1948107361,110,0,1466,1466,267,76,True,1536,71266
ba,200,1536,5,16.0,15.36,22,895711129,132,0,1292,1292,319,78,True,1536,70630
ba,200,1536,5,16.0,15.36,23,1407841919,131,0,1297,1297,315,82,True,1536,69024
ba,200,1536,5,16.0,15.36,24,3218357025,130,0,1231,1231,317,69,True,1536,67800
ba,200,1536,5,16.0,15.36,25,3152753487,133,0,1121,1121,307,72,True,1536,73698
ba,200,1536,5,16.0,15.36,26,2232042527,126,0,2605,2605,307,74,True,1536,69706
ba,200,1536,5,16.0,15.36,27,862388503,108,0,1280,1280,296,87,True,1536,70056
ba,200,1536,5,16.0,15.36,28,3287443752,124,0,1414,1414,307,80,True,1536,68196
ba,200,1536,5,16.0,15.36,29,729835630,129,0,1419,1419,313,68,True,1536,71072
ba,200,1536,5,16.0,15.36,30,1278797045,108,0,829,829,295,76,True,1536,71518
ba,200,1536,5,16.0,15.36,31,3052380991,120,0,2279,2279,305,69,True,1536,68858
ba,200,1536,5,16.0,15.36,32,3275480266,115,0,1522,1522,284,70,True,1536,69696
ba,200,1536,5,16.0,15.36,33,2994717439,110,0,1655,1655,287,89,True,1536,71230
ba,200,1536,5,16.0,15.36,34,1279856083,129,0,1725,1725,318,71,True,1536,69192
ba,200,1536,5,16.0,15.36,35,2715339610,131,0,995,995,291,65,True,1536,68774
ba,200,1536,5,16.0,15.36,36,59626203,124,0,1160,1160,312,74,True,1536,68646
ba,200,1536,5,16.0,15.36,37,1936101004,137,0,1211,1211,332,81,True,1536,65430
ba,200,1536,5,16.0,15.36,38,1968399681,114,0,1888,1888,277,84,True,1536,69312
ba,200,1536,5,16.0,15.36,39,3755231014,116,0,1265,1265,305,85,True,1536,67930
ba,400,3136,5,16.0,15.68,0,3151011125,259,0,2664,2664,672,164,True,3136,158478
ba,400,3136,5,16.0,15.68,1,911605030,239,0,3880,3880,592,150,True,3136,160180
ba,400,3136,5,16.0,15.68,2,1092789924,240,0,2269,2269,616,162,True,3136,161142
ba,400,3136,5,16.0,15.68,3,3371760003,272,0,2941,2941,632,147,True,3136,164272
ba,400,3136,5,16.0,15.68,4,2732055569,260,0,3423,3423,642,153,True,3136,164736
ba,400,3136,5,16.0,15.68,5,3092289663,257,0,2459,2459,662,150,True,3136,163412
ba,400,3136,5,16.0,15.68,6,1918818698,256,0,1979,1979,617,155,True,3136,157914
ba,400,3136,5,16.0,15.68,7,1681938225,253,0,2715,2715,674,155,True,3136,156876
ba,400,3136,5,16.0,15.68,8,801248079,263,0,4101,4101,613,166,True,3136,162760
ba,400,3136,5,16.0,15.68,9,1356999492,254,0,2924,2924,643,169,True,3136,158638
ba,400,3136,5,16.0,15.68,10,2413515968,249,0,4600,4600,640,162,True,3136,157086
ba,400,3136,5,16.0,15.68,11,1911548671,249,0,3575,3575,630,158,True,3136,162486
ba,400,3136,5,16.0,15.68,12,2428873492,266,0,3393,3393,615,158,True,3136,160132
ba,400,3136,5,16.0,15.68,13,214001062,277,0,3610,3610,659,151,True,3136,156662
ba,400,3136,5,16.0,15.68,14,914475706,272,0,2390,2390,605,147,True,3136,160236
ba,400,3136,5,16.0,15.68,15,3204355124,259,0,2849,2849,623,143,True,3136,154748
ba,400,3136,5,16.0,15.68,16,2684111809,256,0,1897,1897,636,162,True,3136,160192
ba,400,3136,5,16.0,15.68,17,2660713088,274,0,3165,3165,658,149,True,3136,159568
ba,400,3136,5,16.0,15.68,18,1759377455,259,0,3959,3959,612,163,True,3136,160864
ba,400,3136,5,16.0,15.68,19,3916557273,257,0,4240,4240,647,141,True,3136,158104
ba,400,3136,5,16.0,15.68,20,3916520262,226,0,2875,2875,596,146,True,3136,159714
ba,400,3136,5,16.0,15.68,21,1381900016,252,0,2650,2650,607,156,True,3136,162756
ba,400,3136,5,16.0,15.68,22,3648552764,239,0,2642,2642,599,174,True,3136,158010
ba,400,3136,5,16.0,15.68,23,2863507157,233,0,2951,2951,619,163,True,3136,161060
ba,400,3136,5,16.0,15.68,24,1665406051,252,0,2798,2798,606,155,True,3136,163242
ba,400,3136,5,16.0,15.68,25,345722461,252,0,3977,3977,625,163,True,3136,156542
ba,400,3136,5,16.0,15.68,26,1958362621,276,0,4575,4575,616,144,True,3136,162760
ba,400,3136,5,16.0,15.68,27,284172098,262,0,3234,3234,645,150,True,3136,161400
ba,400,3136,5,16.0,15.68,28,3178207463,247,0,3204,3204,592,165,True,3136,159912
ba,400,3136,5,16.0,15.68,29,2233400994,270,0,3586,3586,649,166,True,3136,154130
ba,400,3136,5,16.0,15.68,30,1517280524,256,0,2580,2580,606,150,True,3136,160526
ba,400,3136,5,16.0,15.68,31,2860391980,272,0,3318,3318,693,150,True,3136,160542
ba,400,3136,5,16.0,15.68,32,2560603424,261,0,4337,4337,615,149,True,3136,155916
ba,400,3136,5,16.0,15.68,33,4177727297,247,0,4080,4080,602,150,True,3136,160636
ba,400,3136,5,16.0,15.68,34,3677378524,237,0,2629,2629,609,149,True,3136,161074
ba,400,3136,5,16.0,15.68,35,142676045,266,0,2739,2739,664,149,True,3136,158812
ba,400,3136,5,16.0,15.68,36,2699448626,263,0,2888,2888,633,147,True,3136,162486
ba,400,3136,5,16.0,15.68,37,1589724537,258,0,3364,3364,658,155,True,3136,160770
ba,400,3136,5,16.0,15.68,38,3062923968,233,0,3275,3275,610,167,True,3136,159792
ba,400,3136,5,16.0,15.68,39,24895499,266,0,4146,4146,615,162,True,3136,163372
ba,800,6336,5,16.0,15.84,0,686204142,509,0,15649,15649,1246,321,True,6336,354990
ba,800,6336,5,16.0,15.84,1,2406718092,504,0,6794,6794,1281,336,True,6336,362080
ba,800,6336,5,16.0,15.84,2,326285921,499,0,8856,8856,1245,318,True,6336,368788
ba,800,6336,5,16.0,15.84,3,349316556,518,0,7227,7227,1269,295,True,6336,365266
ba,800,6336,5,16.0,15.84,4,3960701522,490,0,5557,5557,1293,318,True,6336,349226
ba,800,6336,5,16.0,15.84,5,3827294093,499,0,5264,5264,1263,329,True,6336,353076
ba,800,6336,5,16.0,15.84,6,3066695619,505,0,7217,7217,1216,324,True,6336,350696
ba,800,6336,5,16.0,15.84,7,4016006769,542,0,7530,7530,1300,305,True,6336,356580
ba,800,6336,5,16.0,15.84,8,3526894873,539,0,9370,9370,1274,290,True,6336,361072
ba,800,6336,5,16.0,15.84,9,1037364815,524,0,6264,6264,1232,308,True,6336,364206
ba,800,6336,5,16.0,15.84,10,1652386835,503,0,6558,6558,1300,315,True,6336,368550
ba,800,6336,5,16.0,15.84,11,1028584795,519,0,7800,7800,1301,301,True,6336,355772
ba,800,6336,5,16.0,15.84,12,1685055677,500,0,8212,8212,1282,308,True,6336,368182
ba,800,6336,5,16.0,15.84,13,2196447979,513,0,6962,6962,1236,333,True,6336,374204
ba,800,6336,5,16.0,15.84,14,4105732806,494,0,14746,14746,1209,291,True,6336,371056
ba,800,6336,5,16.0,15.84,15,1837114793,522,0,5528,5528,1256,304,True,6336,346882
ba,800,6336,5,16.0,15.84,16,3769706193,505,0,6520,6520,1277,333,True,6336,354132
ba,800,6336,5,16.0,15.84,17,4224256841,484,0,7125,7125,1238,321,True,6336,375694
ba,800,6336,5,16.0,15.84,18,1957548834,510,0,4578,4578,1291,330,True,6336,353832
ba,800,6336,5,16.0,15.84,19,1874862255,492,0,8015,8015,1209,318,True,6336,361444
ba,800,6336,5,16.0,15.84,20,2065908921,505,0,6184,6184,1241,316,True,6336,361096
ba,800,6336,5,16.0,15.84,21,3530024086,510,0,4856,4856,1293,326,True,6336,351922
ba,800,6336,5,16.0,15.84,22,357292138,499,0,6655,6655,1287,317,True,6336,366918
ba,800,6336,5,16.0,15.84,23,1639721169,512,0,4794,4794,1257,303,True,6336,363558
ba,800,6336,5,16.0,15.84,24,305631500,541,0,7021,7021,1294,315,True,6336,352412
ba,800,6336,5,16.0,15.84,25,1097872545,495,0,4908,4908,1238,321,True,6336,356316
ba,800,6336,5,16.0,15.84,26,506116584,513,0,5728,5728,1294,348,True,6336,357622
ba,800,6336,5,16.0,15.84,27,166291686,530,0,7043,7043,1280,320,True,6336,347502
ba,800,6336,5,16.0,15.84,28,1240695807,530,0,7486,7486,1294,305,True,6336,358184
ba,800,6336,5,16.0,15.84,29,2954686637,553,0,8423,8423,1310,305,True,6336,369704
ba,800,6336,5,16.0,15.84,30,1242204933,503,0,5881,5881,1297,339,True,6336,368298
ba,800,6336,5,16.0,15.84,31,1341531531,474,0,5368,5368,1241,335,True,6336,365686
ba,800,6336,5,16.0,15.84,32,2770512104,495,0,6005,6005,1266,326,True,6336,362510
ba,800,6336,5,16.0,15.84,33,131183900,537,0,7769,7769,1296,309,True,6336,357340
ba,800,6336,5,16.0,15.84,34,645595642,542,0,8809,8809,1341,315,True,6336,354728
ba,800,6336,5,16.0,15.84,35,3118454854,509,0,6073,6073,1257,301,True,6336,363106
ba,800,6336,5,16.0,15.84,36,2363361999,495,0,4711,4711,1281,324,True,6336,355686
ba,800,6336,5,16.0,15.84,37,2572036137,522,0,5422,5422,1331,349,True,6336,370910
ba,800,6336,5,16.0,15.84,38,3652102953,524,0,8643,8643,1304,323,True,6336,371272
ba,800,6336,5,16.0,15.84,39,818025143,489,0,5899,5899,1292,333,True,6336,371976
ws,100,800,5,16.0,16.0,0,1839692079,65,0,600,600,171,67,True,800,25782
ws,100,800,5,16.0,16.0,1,825178233,53,0,574,574,158,65,True,800,25728
ws,100,800,5,16.0,16.0,2,938594044,47,0,651,651,132,64,True,800,25724
ws,100,800,5,16.0,16.0,3,1740784533,65,0,405,405,177,67,True,800,25712
ws,100,800,5,16.0,16.0,4,2534204932,62,0,473,473,179,70,True,800,25762
ws,100,800,5,16.0,16.0,5,2264829317,56,0,577,577,154,64,True,800,25738
ws,100,800,5,16.0,16.0,6,2991616315,52,0,519,519,150,70,True,800,25730
ws,100,800,5,16.0,16.0,7,303548889,55,0,576,576,162,66,True,800,25746
ws,100,800,5,16.0,16.0,8,1436187520,65,0,613,613,159,60,True,800,25728
ws,100,800,5,16.0,16.0,9,2414706548,49,0,419,419,152,70,True,800,25744
ws,100,800,5,16.0,16.0,10,2984503021,54,0,490,490,143,59,True,800,25762
ws,100,800,5,16.0,16.0,11,3041509831,57,0,345,345,162,67,True,800,25744
ws,100,800,5,16.0,16.0,12,637769294,45,0,357,357,171,74,True,800,25754
ws,100,800,5,16.0,16.0,13,3484294441,56,0,669,669,158,72,True,800,25722
ws,100,800,5,16.0,16.0,14,543743391,48,0,607,607,154,67,True,800,25730
ws,100,800,5,16.0,16.0,15,1469869020,61,0,904,904,180,71,True,800,25736
ws,100,800,5,16.0,16.0,16,2907051663,54,0,718,718,158,66,True,800,25762
ws,100,800,5,16.0,16.0,17,646752443,55,0,944,944,150,67,True,800,25748
ws,100,800,5,16.0,16.0,18,1041570721,56,0,377,377,162,68,True,800,25738
ws,100,800,5,16.0,16.0,19,2021131966,63,0,477,477,182,59,True,800,25730
ws,100,800,5,16.0,16.0,20,1568103556,49,0,299,299,150,69,True,800,25764
ws,100,800,5,16.0,16.0,21,4266344008,62,0,661,661,183,74,True,800,25732
ws,100,800,5,16.0,16.0,22,1628201754,55,0,501,501,148,59,True,800,25748
ws,100,800,5,16.0,16.0,23,4082275872,47,0,574,574,157,71,True,800,25706
ws,100,800,5,16.0,16.0,24,943767484,44,0,382,382,159,81,True,800,25778
ws,100,800,5,16.0,16.0,25,2771038898,69,0,528,528,162,59,True,800,25786
ws,100,800,5,16.0,16.0,26,4049557172,54,0,920,920,163,68,True,800,25724
ws,100,800,5,16.0,16.0,27,925660996,49,0,510,510,158,74,True,800,25706
ws,100,800,5,16.0,16.0,28,2380007115,47,0,375,375,159,74,True,800,25778
ws,100,800,5,16.0,16.0,29,1608282422,48,0,442,442,151,64,True,800,25756
ws,100,800,5,16.0,16.0,30,2348434364,39,0,255,255,154,79,True,800,25700
ws,100,800,5,16.0,16.0,31,1829511000,60,0,783,783,191,72,True,800,25742
ws,100,800,5,16.0,16.0,32,1331206491,61,0,454,454,166,66,True,800,25748
ws,100,800,5,16.0,16.0,33,2170798919,55,0,349,349,162,67,True,800,25744
ws,100,800,5,16.0,16.0,34,1206664402,53,0,491,491,157,64,True,800,25726
ws,100,800,5,16.0,16.0,35,3942940787,52,0,516,516,183,72,True,800,25736
ws,100,800,5,16.0,16.0,36,4094579949,51,0,545,545,148,65,True,800,25744
ws,100,800,5,16.0,16.0,37,1785912668,65,0,1478,1478,184,61,True,800,25728
ws,100,800,5,16.0,16.0,38,2972658721,51,0,508,508,153,67,True,800,25764
ws,100,800,5,16.0,16.0,39,2167958422,51,0,481,481,160,71,True,800,25742
ws,200,1600,5,16.0,16.0,0,1100290278,93,0,783,783,327,140,True,1600,51550
ws,200,1600,5,16.0,16.0,1,1545918913,117,0,1299,1299,317,133,True,1600,51506
ws,200,1600,5,16.0,16.0,2,2808047367,101,0,1611,1611,289,126,True,1600,51512
ws,200,1600,5,16.0,16.0,3,1671379794,110,0,1196,1196,310,134,True,1600,51476
ws,200,1600,5,16.0,16.0,4,2250547644,114,0,1429,1429,331,134,True,1600,51466
ws,200,1600,5,16.0,16.0,5,406167432,96,0,896,896,304,137,True,1600,51496
ws,200,1600,5,16.0,16.0,6,813000375,113,0,1214,1214,324,122,True,1600,51576
ws,200,1600,5,16.0,16.0,7,4175360209,115,0,1076,1076,312,136,True,1600,51482
ws,200,1600,5,16.0,16.0,8,2884378159,114,0,1447,1447,311,122,True,1600,51560
ws,200,1600,5,16.0,16.0,9,3812865751,110,0,1709,1709,332,141,True,1600,51494
ws,200,1600,5,16.0,16.0,10,4108703028,92,0,1177,1177,320,153,True,1600,51490
ws,200,1600,5,16.0,16.0,11,3738308557,110,0,1300,1300,309,135,True,1600,51534
ws,200,1600,5,16.0,16.0,12,1002253366,111,0,949,949,351,136,True,1600,51528
ws,200,1600,5,16.0,16.0,13,4275212220,110,0,838,838,316,132,True,1600,51526
ws,200,1600,5,16.0,16.0,14,2850768031,99,0,1019,1019,296,135,True,1600,51548
ws,200,1600,5,16.0,16.0,15,2445897778,110,0,1021,1021,304,138,True,1600,51510
ws,200,1600,5,16.0,16.0,16,1138279502,107,0,1048,1048,314,131,True,1600,51504
ws,200,1600,5,16.0,16.0,17,3234499700,107,0,1665,1665,291,137,True,1600,51492
ws,200,1600,5,16.0,16.0,18,2551978813,106,0,1801,1801,318,134,True,1600,51514
ws,200,1600,5,16.0,16.0,19,2286536688,107,0,1093,1093,321,133,True,1600,51498
ws,200,1600,5,16.0,16.0,20,2403735082,110,0,1593,1593,310,132,True,1600,51582
ws,200,1600,5,16.0,16.0,21,861188972,112,0,1362,1362,345,141,True,1600,51532
ws,200,1600,5,16.0,16.0,22,3247557198,108,0,1368,1368,308,139,True,1600,51518
ws,200,1600,5,16.0,16.0,23,709589321,102,0,1873,1873,294,129,True,1600,51590
ws,200,1600,5,16.0,16.0,24,1401528288,108,0,1701,1701,327,141,True,1600,51466
ws,200,1600,5,16.0,16.0,25,4074345937,102,0,1048,1048,305,125,True,1600,51500
ws,200,1600,5,16.0,16.0,26,1564674698,117,0,1392,1392,348,132,True,1600,51502
ws,200,1600,5,16.0,16.0,27,1154066700,98,0,1129,1129,301,133,True,1600,51586
ws,200,1600,5,16.0,16.0,28,38361071,118,0,977,977,332,133,True,1600,51502
ws,200,1600,5,16.0,16.0,29,3431110913,114,0,3414,3414,328,129,True,1600,51452
ws,200,1600,5,16.0,16.0,30,376031920,119,0,919,919,326,124,True,1600,51566
ws,200,1600,5,16.0,16.0,31,1344831796,106,0,1477,1477,317,136,True,1600,51470
ws,200,1600,5,16.0,16.0,32,152260270,97,0,564,564,293,137,True,1600,51500
ws,200,1600,5,16.0,16.0,33,1675696562,104,0,540,540,330,131,True,1600,51504
ws,200,1600,5,16.0,16.0,34,1829450517,106,0,1096,1096,299,126,True,1600,51452
ws,200,1600,5,16.0,16.0,35,2959742548,107,0,1995,1995,313,131,True,1600,51554
ws,200,1600,5,16.0,16.0,36,142853177,100,0,1423,1423,285,137,True,1600,51492
ws,200,1600,5,16.0,16.0,37,2040528297,109,0,1753,1753,323,131,True,1600,51486
ws,200,1600,5,16.0,16.0,38,1135033185,118,0,1741,1741,318,133,True,1600,51522
ws,200,1600,5,16.0,16.0,39,1914934876,112,0,4453,4453,301,119,True,1600,51506
ws,400,3200,5,16.0,16.0,0,1199986355,213,0,6518,6518,678,277,True,3200,103070
ws,400,3200,5,16.0,16.0,1,698199482,228,0,3214,3214,667,264,True,3200,103018
ws,400,3200,5,16.0,16.0,2,3942506389,211,0,5096,5096,622,268,True,3200,103004
ws,400,3200,5,16.0,16.0,3,3723921129,199,0,2949,2949,599,264,True,3200,102920
ws,400,3200,5,16.0,16.0,4,246642775,222,0,2568,2568,651,265,True,3200,103020
ws,400,3200,5,16.0,16.0,5,104933834,214,0,3678,3678,649,279,True,3200,103062
ws,400,3200,5,16.0,16.0,6,3295704178,221,0,4042,4042,658,273,True,3200,102972
ws,400,3200,5,16.0,16.0,7,445444085,222,0,1925,1925,671,261,True,3200,103000
ws,400,3200,5,16.0,16.0,8,2334762548,242,0,2473,2473,690,264,True,3200,102998
ws,400,3200,5,16.0,16.0,9,916981020,207,0,2936,2936,643,281,True,3200,103084
ws,400,3200,5,16.0,16.0,10,2661395542,222,0,2025,2025,649,273,True,3200,103002
ws,400,3200,5,16.0,16.0,11,459404736,213,0,2260,2260,667,271,True,3200,102972
ws,400,3200,5,16.0,16.0,12,2836686349,238,0,2278,2278,641,269,True,3200,103000
ws,400,3200,5,16.0,16.0,13,3792082296,227,0,2842,2842,667,280,True,3200,103120
ws,400,3200,5,16.0,16.0,14,3280850002,222,0,3636,3636,624,262,True,3200,103004
ws,400,3200,5,16.0,16.0,15,661811334,220,0,4863,4863,644,274,True,3200,103122
ws,400,3200,5,16.0,16.0,16,703651725,220,0,3602,3602,652,270,True,3200,103074
ws,400,3200,5,16.0,16.0,17,3034582030,211,0,3014,3014,674,283,True,3200,103040
ws,400,3200,5,16.0,16.0,18,1466418495,215,0,2320,2320,659,269,True,3200,103020
ws,400,3200,5,16.0,16.0,19,3647318867,215,0,3315,3315,655,272,True,3200,102972
ws,400,3200,5,16.0,16.0,20,2828260144,219,0,2875,2875,637,270,True,3200,103026
ws,400,3200,5,16.0,16.0,21,189327972,235,0,3249,3249,646,258,True,3200,102990
ws,400,3200,5,16.0,16.0,22,162756565,220,0,3104,3104,656,272,True,3200,103044
ws,400,3200,5,16.0,16.0,23,3457385009,216,0,2685,2685,627,256,True,3200,103058
ws,400,3200,5,16.0,16.0,24,4022950334,214,0,1961,1961,639,274,True,3200,102982
ws,400,3200,5,16.0,16.0,25,3708804587,220,0,2985,2985,640,276,True,3200,102888
ws,400,3200,5,16.0,16.0,26,540214600,207,0,2279,2279,635,279,True,3200,102954
ws,400,3200,5,16.0,16.0,27,850152784,212,0,2437,2437,658,269,True,3200,103024
ws,400,3200,5,16.0,16.0,28,3558929766,229,0,2620,2620,667,272,True,3200,103024
ws,400,3200,5,16.0,16.0,29,1328093299,199,0,3162,3162,671,284,True,3200,102940
ws,400,3200,5,16.0,16.0,30,526527309,214,0,2718,2718,640,259,True,3200,102974
ws,400,3200,5,16.0,16.0,31,27224375,222,0,4958,4958,649,261,True,3200,103028
ws,400,3200,5,16.0,16.0,32,2847303141,231,0,3624,3624,654,264,True,3200,103094
ws,400,3200,5,16.0,16.0,33,1366266391,205,0,2013,2013,642,268,True,3200,102996
ws,400,3200,5,16.0,16.0,34,3011138452,221,0,3857,3857,644,261,True,3200,103056
ws,400,3200,5,16.0,16.0,35,444053561,210,0,4396,4396,632,260,True,3200,103072
ws,400,3200,5,16.0,16.0,36,440869837,203,0,3283,3283,638,284,True,3200,102966
ws,400,3200,5,16.0,16.0,37,565286863,194,0,2144,2144,635,287,True,3200,103014
ws,400,3200,5,16.0,16.0,38,467259047,222,0,2683,2683,646,276,True,3200,103022
ws,400,3200,5,16.0,16.0,39,2730087896,215,0,4995,4995,608,263,True,3200,103044
ws,800,6400,5,16.0,16.0,0,3897546525,448,0,12597,12597,1314,514,True,6400,206166
ws,800,6400,5,16.0,16.0,1,3064782056,447,0,7871,7871,1289,523,True,6400,206006
ws,800,6400,5,16.0,16.0,2,1037695696,437,0,6126,6126,1305,517,True,6400,206066
ws,800,6400,5,16.0,16.0,3,246245745,437,0,7173,7173,1293,552,True,6400,206018
ws,800,6400,5,16.0,16.0,4,1348229755,419,0,10200,10200,1269,539,True,6400,206042
ws,800,6400,5,16.0,16.0,5,2981733205,436,0,5188,5188,1309,552,True,6400,205996
ws,800,6400,5,16.0,16.0,6,3786214270,443,0,6832,6832,1351,531,True,6400,206178
ws,800,6400,5,16.0,16.0,7,796168732,460,0,5653,5653,1276,513,True,6400,205976
ws,800,6400,5,16.0,16.0,8,2812915797,443,0,5545,5545,1362,531,True,6400,205994
ws,800,6400,5,16.0,16.0,9,1700418127,414,0,8089,8089,1266,543,True,6400,206048
ws,800,6400,5,16.0,16.0,10,1130789110,436,0,6686,6686,1234,537,True,6400,205932
ws,800,6400,5,16.0,16.0,11,1363827354,438,0,8305,8305,1261,538,True,6400,205994
ws,800,6400,5,16.0,16.0,12,2778493860,447,0,9237,9237,1250,519,True,6400,205968
ws,800,6400,5,16.0,16.0,13,2113029245,439,0,7826,7826,1277,545,True,6400,206046
ws,800,6400,5,16.0,16.0,14,546400141,427,0,5632,5632,1328,554,True,6400,205978
ws,800,6400,5,16.0,16.0,15,454492085,412,0,5752,5752,1236,558,True,6400,206114
ws,800,6400,5,16.0,16.0,16,1787953996,408,0,4577,4577,1269,554,True,6400,205946
ws,800,6400,5,16.0,16.0,17,3744123749,405,0,6743,6743,1223,534,True,6400,206110
ws,800,6400,5,16.0,16.0,18,602431345,430,0,9163,9163,1312,536,True,6400,205964
ws,800,6400,5,16.0,16.0,19,3384951171,430,0,8715,8715,1279,543,True,6400,206028
ws,800,6400,5,16.0,16.0,20,4088448468,434,0,9419,9419,1258,534,True,6400,206118
ws,800,6400,5,16.0,16.0,21,3272757437,385,0,7042,7042,1233,554,True,6400,206024
ws,800,6400,5,16.0,16.0,22,3730526108,434,0,4463,4463,1264,533,True,6400,206088
ws,800,6400,5,16.0,16.0,23,986733971,449,0,5522,5522,1353,551,True,6400,205966
ws,800,6400,5,16.0,16.0,24,121601273,402,0,7951,7951,1236,553,True,6400,206002
ws,800,6400,5,16.0,16.0,25,3196363251,425,0,4138,4138,1264,538,True,6400,205988
ws,800,6400,5,16.0,16.0,26,1043539963,430,0,6377,6377,1258,547,True,6400,206152
ws,800,6400,5,16.0,16.0,27,3750262965,434,0,6696,6696,1275,541,True,6400,206134
ws,800,6400,5,16.0,16.0,28,831882098,409,0,4748,4748,1224,536,True,6400,205918
ws,800,6400,5,16.0,16.0,29,1641982261,425,0,4798,4798,1281,544,True,6400,206046
ws,800,6400,5,16.0,16.0,30,2794665163,419,0,6509,6509,1262,537,True,6400,205934
ws,800,6400,5,16.0,16.0,31,3154598892,459,0,5576,5576,1260,518,True,6400,206140
ws,800,6400,5,16.0,16.0,32,4066791562,436,0,6055,6055,1293,524,True,6400,206038
ws,800,6400,5,16.0,16.0,33,1716602218,434,0,11644,11644,1334,550,True,6400,205970
ws,800,6400,5,16.0,16.0,34,1858156654,425,0,4765,4765,1299,528,True,6400,206052
ws,800,6400,5,16.0,16.0,35,2816937768,451,0,7519,7519,1313,525,True,6400,205988
ws,800,6400,5,16.0,16.0,36,1432486841,459,0,6354,6354,1285,529,True,6400,206020
ws,800,6400,5,16.0,16.0,37,3664850352,464,0,6690,6690,1317,524,True,6400,206044
ws,800,6400,5,16.0,16.0,38,1628691770,464,0,7887,7887,1336,533,True,6400,206016
ws,800,6400,5,16.0,16.0,39,1195320552,442,0,7473,7473,1295,538,True,6400,205944
er,100,168,8,4.0,3.36,0,962823910,18,0,178,178,20,0,True,168,1402
er,100,222,8,4.0,4.44,1,2167717848,26,0,134,134,29,0,True,222,2406
er,100,213,8,4.0,4.26,2,3371827800,23,0,316,316,26,0,True,213,2250
er,100,198,8,4.0,3.96,3,960475744,21,0,287,287,21,0,True,198,1878
er,100,213,8,4.0,4.26,4,1198149960,24,0,220,220,24,0,True,213,2190
er,100,190,8,4.0,3.8,5,2943267213,20,0,162,162,24,0,True,190,1802
er,100,219,8,4.0,4.38,6,1526870982,21,0,238,238,25,0,True,219,2386
er,100,213,8,4.0,4.26,7,1145093801,19,0,158,158,23,0,True,213,2234
er,100,197,8,4.0,3.94,8,2728147880,21,0,277,277,23,0,True,197,1934
er,100,203,8,4.0,4.06,9,2413860186,18,0,138,138,18,0,True,203,1992
er,100,195,8,4.0,3.9,10,807119900,20,0,268,268,24,0,True,195,1782
er,100,179,8,4.0,3.58,11,4106258776,21,0,231,231,22,0,True,179,1552
er,100,205,8,4.0,4.1,12,2371163332,25,0,130,130,30,0,True,205,2116
er,100,206,8,4.0,4.12,13,3291844022,20,0,233,233,24,0,True,206,2156
er,100,197,8,4.0,3.94,14,1965857523,23,0,207,207,28,0,True,197,2004
er,100,208,8,4.0,4.16,15,135284102,22,0,274,274,26,0,True,208,2140
er,100,211,8,4.0,4.22,16,1996259361,28,0,226,226,35,0,True,211,2262
er,100,181,8,4.0,3.62,17,1920610665,26,0,255,255,26,0,True,181,1658
er,100,208,8,4.0,4.16,18,608898621,20,0,201,201,23,0,True,208,2170
er,100,190,8,4.0,3.8,19,3976271697,23,0,145,145,28,0,True,190,1806
er,100,185,8,4.0,3.7,20,1428095604,17,0,331,331,19,0,True,185,1742
er,100,206,8,4.0,4.12,21,3072655222,21,0,216,216,25,0,True,206,2194
er,100,212,8,4.0,4.24,22,1563374475,14,0,132,132,14,0,True,212,2206
er,100,198,8,4.0,3.96,23,3282792979,20,0,278,278,24,0,True,198,1986
er,100,207,8,4.0,4.14,24,4288506999,22,0,212,212,24,0,True,207,2190
er,100,215,8,4.0,4.3,25,3464038235,21,0,103,103,23,0,True,215,2362
er,100,201,8,4.0,4.02,26,3326356327,20,0,136,136,28,0,True,201,2000
er,100,200,8,4.0,4.0,27,2865256054,22,0,200,200,27,0,True,200,1980
er,100,199,8,4.0,3.98,28,894770558,18,0,111,111,20,0,True,199,1886
er,100,189,8,4.0,3.78,29,3869558360,21,0,184,184,23,0,True,189,1734
er,100,217,8,4.0,4.34,30,2659403667,20,0,143,143,21,0,True,217,2296
er,100,203,8,4.0,4.06,31,1607584447,28,0,197,197,34,0,True,203,2116
er,100,177,8,4.0,3.54,32,1256948976,14,0,167,167,16,0,True,177,1486
er,100,185,8,4.0,3.7,33,3962129975,20,0,322,322,23,0,True,185,1776
er,100,217,8,4.0,4.34,34,3217894017,22,0,210,210,25,0,True,217,2202
er,100,198,8,4.0,3.96,35,2913740160,22,0,219,219,23,0,True,198,1932
er,100,226,8,4.0,4.52,36,292688486,18,0,200,200,20,0,True,226,2470
er,100,206,8,4.0,4.12,37,1126469844,15,0,153,153,21,0,True,206,2280
er,100,193,8,4.0,3.86,38,2344458725,27,0,144,144,31,0,True,193,1888
er,100,192,8,4.0,3.84,39,1831556691,22,0,226,226,24,0,True,192,1902
er,200,409,8,4.0,4.09,0,3156997547,37,0,518,518,43,0,True,409,4082
er,200,424,8,4.0,4.24,1,3599244274,45,0,441,441,53,0,True,424,4532
er,200,429,8,4.0,4.29,2,2349212993,50,0,481,481,68,0,True,429,4564
er,200,392,8,4.0,3.92,3,4048537154,33,0,466,466,40,0,True,392,3684
er,200,433,8,4.0,4.33,4,2166581883,39,0,348,348,45,0,True,433,4462
er,200,402,8,4.0,4.02,5,3453259529,40,0,349,349,45,0,True,402,3970
er,200,406,8,4.0,4.06,6,31558944,52,0,612,612,57,0,True,406,4078
er,200,369,8,4.0,3.69,7,2107595573,45,0,404,404,50,0,True,369,3532
er,200,400,8,4.0,4.0,8,3111459827,39,0,330,330,42,0,True,400,3984
er,200,390,8,4.0,3.9,9,3489601568,43,0,744,744,45,0,True,390,3744
er,200,371,8,4.0,3.71,10,3267122078,44,0,736,736,47,0,True,371,3462
er,200,388,8,4.0,3.88,11,4168846425,37,0,340,340,42,0,True,388,3802
er,200,422,8,4.0,4.22,12,1538678705,50,0,527,527,68,0,True,422,4360
er,200,392,8,4.0,3.92,13,2252813214,31,0,306,306,38,0,True,392,3928
er,200,400,8,4.0,4.0,14,641563888,32,0,337,337,37,0,True,400,3938
er,200,449,8,4.0,4.49,15,3466141409,49,0,327,327,54,0,True,449,4804
er,200,427,8,4.0,4.27,16,1101927429,43,0,393,393,54,0,True,427,4602
er,200,384,8,4.0,3.84,17,149977065,46,0,588,588,54,0,True,384,3624
er,200,389,8,4.0,3.89,18,4017841947,40,0,447,447,46,0,True,389,3686
er,200,371,8,4.0,3.71,19,4278739826,45,0,629,629,54,0,True,371,3458
er,200,392,8,4.0,3.92,20,981972962,40,0,279,279,49,0,True,392,3870
er,200,398,8,4.0,3.98,21,3645724764,50,0,436,436,58,0,True,398,3848
er,200,401,8,4.0,4.01,22,3826456121,38,0,369,369,42,0,True,401,3880
er,200,423,8,4.0,4.23,23,3558963023,48,0,322,322,57,0,True,423,4526
er,200,417,8,4.0,4.17,24,1253721386,53,0,442,442,58,0,True,417,4204
er,200,392,8,4.0,3.92,25,710204412,49,0,396,396,60,0,True,392,3798
er,200,420,8,4.0,4.2,26,663412227,37,0,674,674,45,0,True,420,4332
er,200,398,8,4.0,3.98,27,3071185794,45,0,334,334,56,0,True,398,3942
er,200,408,8,4.0,4.08,28,1673242086,42,0,358,358,45,0,True,408,4254
er,200,378,8,4.0,3.78,29,3237537974,37,0,790,790,44,0,True,378,3586
er,200,411,8,4.0,4.11,30,1761793896,43,0,586,586,49,0,True,411,4250
er,200,364,8,4.0,3.64,31,1503640067,39,0,473,473,42,0,True,364,3378
er,200,407,8,4.0,4.07,32,2766992065,50,0,384,384,57,0,True,407,3900
er,200,419,8,4.0,4.19,33,1610029243,43,0,400,400,50,0,True,419,4358
er,200,411,8,4.0,4.11,34,1488962981,33,0,409,409,37,0,True,411,4204
er,200,423,8,4.0,4.23,35,3195336365,50,0,358,358,60,0,True,423,4370
er,200,389,8,4.0,3.89,36,3471907800,43,0,659,659,50,0,True,389,3828
er,200,434,8,4.0,4.34,37,3830993362,44,0,603,603,52,0,True,434,4468
er,200,416,8,4.0,4.16,38,1334437035,40,0,480,480,49,0,True,416,4238
er,200,417,8,4.0,4.17,39,2783493162,39,0,381,381,48,0,True,417,4290
er,400,848,8,4.0,4.24,0,4222921915,101,0,827,827,120,0,True,848,8986
er,400,785,8,4.0,3.925,1,4293141113,88,0,1241,1241,101,0,True,785,7776
er,400,780,8,4.0,3.9,2,1437664737,86,0,1142,1142,106,0,True,780,7536
er,400,788,8,4.0,3.94,3,3844401288,86,0,895,895,105,0,True,788,7668
er,400,841,8,4.0,4.205,4,2388141699,85,0,1324,1324,97,0,True,841,8688
er,400,781,8,4.0,3.905,5,4278194076,89,0,1340,1340,104,0,True,781,7616
er,400,795,8,4.0,3.975,6,3116268432,83,0,770,770,101,0,True,795,7844
er,400,772,8,4.0,3.86,7,654388794,87,0,999,999,100,0,True,772,7632
er,400,835,8,4.0,4.175,8,869960941,94,0,974,974,112,0,True,835,8420
er,400,818,8,4.0,4.09,9,978536223,86,0,888,888,105,0,True,818,8152
er,400,767,8,4.0,3.835,10,1100252357,75,0,974,974,82,0,True,767,7488
er,400,827,8,4.0,4.135,11,3642538143,79,0,1002,1002,91,0,True,827,8532
er,400,852,8,4.0,4.26,12,491391746,85,0,1016,1016,97,0,True,852,8854
er,400,805,8,4.0,4.025,13,1851885227,80,0,934,934,95,0,True,805,8038
er,400,770,8,4.0,3.85,14,1034961916,75,0,1028,1028,86,0,True,770,7564
er,400,846,8,4.0,4.23,15,1536311429,94,0,1435,1435,114,0,True,846,8688
er,400,780,8,4.0,3.9,16,2511893202,79,0,700,700,95,0,True,780,7638
er,400,803,8,4.0,4.015,17,1621970295,81,0,1049,1049,92,0,True,803,7922
er,400,845,8,4.0,4.225,18,2719460326,94,0,611,611,112,0,True,845,8686
er,400,796,8,4.0,3.98,19,329445483,87,0,1228,1228,101,0,True,796,7828
er,400,783,8,4.0,3.915,20,2365261855,101,0,631,631,122,0,True,783,7730
er,400,829,8,4.0,4.145,21,3340765216,78,0,1281,1281,93,0,True,829,8538
er,400,853,8,4.0,4.265,22,1182503440,83,0,619,619,102,0,True,853,9016
er,400,857,8,4.0,4.285,23,1966852020,87,0,1036,1036,99,0,True,857,9018
er,400,758,8,4.0,3.79,24,2612140739,87,0,1452,1452,103,0,True,758,7196
er,400,784,8,4.0,3.92,25,3154779857,91,0,1372,1372,110,0,True,784,7798
er,400,822,8,4.0,4.11,26,2404754477,96,0,944,944,107,0,True,822,8420
er,400,757,8,4.0,3.785,27,1844158678,81,0,949,949,93,0,True,757,7140
er,400,813,8,4.0,4.065,28,1931837015,90,0,835,835,109,0,True,813,8106
er,400,765,8,4.0,3.825,29,1941217595,80,0,986,986,93,0,True,765,7328
er,400,752,8,4.0,3.76,30,2616296184,91,0,980,980,109,0,True,752,7086
er,400,777,8,4.0,3.885,31,3543089184,84,0,875,875,103,0,True,777,7588
er,400,772,8,4.0,3.86,32,1052035304,83,0,771,771,97,0,True,772,7374
er,400,830,8,4.0,4.15,33,1968246926,90,0,1000,1000,95,0,True,830,8488
er,400,815,8,4.0,4.075,34,2868576049,89,0,909,909,103,0,True,815,8300
er,400,762,8,4.0,3.81,35,2456197948,75,0,848,848,86,0,True,762,7242
er,400,805,8,4.0,4.025,36,3221735657,89,0,871,871,100,0,True,805,8128
er,400,761,8,4.0,3.805,37,3337785051,92,0,1225,1225,101,0,True,761,7378
er,400,810,8,4.0,4.05,38,2438468681,103,0,854,854,126,0,True,810,8288
er,400,784,8,4.0,3.92,39,141779792,83,0,1478,1478,101,0,True,784,7788
er,800,1541,8,4.0,3.8525,0,107390066,195,0,3451,3451,227,0,True,1541,14920
er,800,1617,8,4.0,4.0425,1,595413003,165,0,2532,2532,198,0,True,1617,16140
er,800,1629,8,4.0,4.0725,2,3955555349,172,0,2064,2064,203,0,True,1629,16488
er,800,1587,8,4.0,3.9675,3,1642307821,177,0,2222,2222,208,0,True,1587,16006
er,800,1548,8,4.0,3.87,4,1430212348,164,0,2223,2223,193,0,True,1548,15094
er,800,1630,8,4.0,4.075,5,504858773,181,0,2527,2527,208,0,True,1630,16646
er,800,1494,8,4.0,3.735,6,3919879087,166,0,2628,2628,203,0,True,1494,14154
er,800,1596,8,4.0,3.99,7,923542290,176,0,2079,2079,212,0,True,1596,15724
er,800,1692,8,4.0,4.23,8,292018093,186,0,1905,1905,219,0,True,1692,17864
er,800,1526,8,4.0,3.815,9,826853981,178,0,2430,2430,209,0,True,1526,14810
er,800,1581,8,4.0,3.9525,10,3677019036,157,0,2049,2049,176,0,True,1581,15592
er,800,1564,8,4.0,3.91,11,2205124497,174,0,2977,2977,205,0,True,1564,15074
er,800,1605,8,4.0,4.0125,12,1597943196,167,0,2742,2742,189,0,True,1605,16070
er,800,1557,8,4.0,3.8925,13,646889873,172,0,1935,1935,202,0,True,1557,15204
er,800,1605,8,4.0,4.0125,14,2786704983,184,0,2101,2101,203,0,True,1605,16102
er,800,1617,8,4.0,4.0425,15,2218345150,166,0,2973,2973,192,0,True,1617,16328
er,800,1567,8,4.0,3.9175,16,4109735001,159,0,2794,2794,183,0,True,1567,15320
er,800,1650,8,4.0,4.125,17,1140237641,172,0,2069,2069,199,0,True,1650,16768
er,800,1612,8,4.0,4.03,18,3022366445,168,0,1513,1513,199,0,True,1612,16406
er,800,1572,8,4.0,3.93,19,2568642619,176,0,2072,2072,201,0,True,1572,15402
er,800,1664,8,4.0,4.16,20,2968613986,183,0,1880,1880,214,0,True,1664,17282
er,800,1612,8,4.0,4.03,21,3532476574,179,0,2283,2283,204,0,True,1612,16304
er,800,1554,8,4.0,3.885,22,969323240,179,0,2302,2302,207,0,True,1554,15028
er,800,1552,8,4.0,3.88,23,3339461607,161,0,2754,2754,193,0,True,1552,15080
er,800,1580,8,4.0,3.95,24,404917890,167,0,3019,3019,196,0,True,1580,15502
er,800,1617,8,4.0,4.0425,25,3157162013,171,0,2613,2613,199,0,True,1617,16350
er,800,1573,8,4.0,3.9325,26,2528608389,171,0,2410,2410,201,0,True,1573,15258
er,800,1564,8,4.0,3.91,27,2577980773,147,0,1755,1755,177,0,True,1564,15550
er,800,1610,8,4.0,4.025,28,3352706929,181,0,2104,2104,221,0,True,1610,16176
er,800,1569,8,4.0,3.9225,29,4130244509,157,0,2135,2135,182,0,True,1569,15452
er,800,1575,8,4.0,3.9375,30,1073164825,171,0,3079,3079,199,0,True,1575,15546
er,800,1582,8,4.0,3.955,31,2570272140,181,0,1671,1671,204,0,True,1582,15708
er,800,1587,8,4.0,3.9675,32,3413946278,171,0,3124,3124,203,0,True,1587,15854
er,800,1573,8,4.0,3.9325,33,2391123594,162,0,2251,2251,184,0,True,1573,15534
er,800,1537,8,4.0,3.8425,34,895725516,173,0,2413,2413,217,0,True,1537,14956
er,800,1578,8,4.0,3.945,35,2237109000,142,0,1711,1711,168,0,True,1578,15640
er,800,1592,8,4.0,3.98,36,3179660022,176,0,2278,2278,206,0,True,1592,15838
er,800,1611,8,4.0,4.0275,37,637493150,180,0,2005,2005,205,0,True,1611,16150
er,800,1561,8,4.0,3.9025,38,3937334327,153,0,1906,1906,176,0,True,1561,15244
er,800,1653,8,4.0,4.1325,39,75633084,170,0,1777,1777,193,0,True,1653,17114
ba,100,196,8,4.0,3.92,0,1843834358,19,0,296,296,21,0,True,196,2604
ba,100,196,8,4.0,3.92,1,2782342769,21,0,260,260,27,0,True,196,3184
ba,100,196,8,4.0,3.92,2,2961805570,19,0,266,266,21,0,True,196,2906
ba,100,196,8,4.0,3.92,3,3329968549,22,0,303,303,23,0,True,196,3100
ba,100,196,8,4.0,3.92,4,2482978182,25,0,336,336,30,0,True,196,2554
ba,100,196,8,4.0,3.92,5,2943497720,19,0,139,139,23,0,True,196,2710
ba,100,196,8,4.0,3.92,6,2591350053,22,0,235,235,28,0,True,196,3028
ba,100,196,8,4.0,3.92,7,3971588183,25,0,243,243,29,0,True,196,3114
ba,100,196,8,4.0,3.92,8,4280081198,27,0,130,130,35,0,True,196,2774
ba,100,196,8,4.0,3.92,9,3965012454,20,0,215,215,22,0,True,196,2992
ba,100,196,8,4.0,3.92,10,1993737464,20,0,150,150,23,0,True,196,2860
ba,100,196,8,4.0,3.92,11,3693306061,25,0,300,300,29,0,True,196,2850
ba,100,196,8,4.0,3.92,12,1937925144,19,0,371,371,21,0,True,196,3164
ba,100,196,8,4.0,3.92,13,4212974861,18,0,201,201,23,0,True,196,2738
ba,100,196,8,4.0,3.92,14,3333404881,26,0,148,148,33,0,True,196,3080
ba,100,196,8,4.0,3.92,15,2117967548,23,0,180,180,25,0,True,196,2838
ba,100,196,8,4.0,3.92,16,3752848311,19,0,115,115,26,0,True,196,2678
ba,100,196,8,4.0,3.92,17,2967247869,15,0,142,142,18,0,True,196,2958
ba,100,196,8,4.0,3.92,18,2132849727,20,0,177,177,24,0,True,196,2848
ba,100,196,8,4.0,3.92,19,1672820762,20,0,187,187,24,0,True,196,2880
ba,100,196,8,4.0,3.92,20,1503787203,18,0,134,134,22,0,True,196,3010
ba,100,196,8,4.0,3.92,21,1571075021,20,0,150,150,26,0,True,196,2494
ba,100,196,8,4.0,3.92,22,1974065920,14,0,119,119,15,0,True,196,2810
ba,100,196,8,4.0,3.92,23,926845267,12,0,107,107,15,0,True,196,3284
ba,100,196,8,4.0,3.92,24,2931893241,23,0,197,197,27,0,True,196,2614
ba,100,196,8,4.0,3.92,25,2391877352,24,0,181,181,29,0,True,196,2886
ba,100,196,8,4.0,3.92,26,294406470,17,0,223,223,21,0,True,196,3034
ba,100,196,8,4.0,3.92,27,1152919719,25,0,191,191,30,0,True,196,3046
ba,100,196,8,4.0,3.92,28,1515615571,18,0,225,225,23,0,True,196,3044
ba,100,196,8,4.0,3.92,29,2301447044,16,0,255,255,18,0,True,196,3236
ba,100,196,8,4.0,3.92,30,1685540097,17,0,260,260,25,0,True,196,2736
ba,100,196,8,4.0,3.92,31,2986874693,19,0,194,194,24,0,True,196,2952
ba,100,196,8,4.0,3.92,32,1169803883,21,0,335,335,23,0,True,196,2806
ba,100,196,8,4.0,3.92,33,2052609605,27,0,429,429,31,0,True,196,2758
ba,100,196,8,4.0,3.92,34,2469849983,20,0,204,204,22,0,True,196,2612
ba,100,196,8,4.0,3.92,35,1916816609,26,0,123,123,34,1,True,196,2920
ba,100,196,8,4.0,3.92,36,375389158,19,0,190,190,21,0,True,196,2540
ba,100,196,8,4.0,3.92,37,1571647754,14,0,212,212,18,0,True,196,3154
ba,100,196,8,4.0,3.92,38,3349452131,16,0,323,323,19,0,True,196,2668
ba,100,196,8,4.0,3.92,39,518196886,24,0,109,109,26,0,True,196,3376
ba,200,396,8,4.0,3.96,0,334980203,44,0,616,616,56,0,True,396,6290
ba,200,396,8,4.0,3.96,1,2361356301,32,0,338,338,47,0,True,396,6416
ba,200,396,8,4.0,3.96,2,109340123,41,0,627,627,58,1,True,396,6750
ba,200,396,8,4.0,3.96,3,4023664958,38,0,522,522,43,0,True,396,6854
ba,200,396,8,4.0,3.96,4,2191373488,37,0,560,560,40,0,True,396,6236
ba,200,396,8,4.0,3.96,5,211418079,44,0,473,473,49,0,True,396,6208
ba,200,396,8,4.0,3.96,6,1884697291,46,0,474,474,57,0,True,396,6808
ba,200,396,8,4.0,3.96,7,2054477014,43,0,632,632,51,0,True,396,6898
ba,200,396,8,4.0,3.96,8,3024593505,43,0,605,605,55,0,True,396,6078
ba,200,396,8,4.0,3.96,9,1354647185,45,0,603,603,53,1,True,396,5954
ba,200,396,8,4.0,3.96,10,796888773,52,0,602,602,57,0,True,396,6390
ba,200,396,8,4.0,3.96,11,1708485807,45,0,631,631,54,0,True,396,6600
ba,200,396,8,4.0,3.96,12,788465913,50,0,982,982,55,0,True,396,6908
ba,200,396,8,4.0,3.96,13,3662650250,42,0,647,647,47,0,True,396,7068
ba,200,396,8,4.0,3.96,14,501565492,41,0,565,565,48,0,True,396,6670
ba,200,396,8,4.0,3.96,15,1660299723,36,0,836,836,56,1,True,396,7574
ba,200,396,8,4.0,3.96,16,1990420279,37,0,668,668,48,1,True,396,6588
ba,200,396,8,4.0,3.96,17,826040233,40,0,453,453,53,0,True,396,6096
ba,200,396,8,4.0,3.96,18,3568468278,47,0,401,401,55,0,True,396,6600
ba,200,396,8,4.0,3.96,19,2755812537,42,0,415,415,50,0,True,396,6184
ba,200,396,8,4.0,3.96,20,2398334730,32,0,811,811,43,0,True,396,6546
ba,200,396,8,4.0,3.96,21,1480367513,38,0,394,394,44,0,True,396,6156
ba,200,396,8,4.0,3.96,22,200328770,42,0,535,535,52,0,True,396,6516
ba,200,396,8,4.0,3.96,23,4289375091,40,0,803,803,43,0,True,396,6352
ba,200,396,8,4.0,3.96,24,4192371598,38,0,1054,1054,45,0,True,396,6206
ba,200,396,8,4.0,3.96,25,3015053435,36,0,670,670,51,0,True,396,5904
ba,200,396,8,4.0,3.96,26,3902976220,41,0,481,481,53,0,True,396,6716
ba,200,396,8,4.0,3.96,27,1977035124,33,0,507,507,44,0,True,396,5948
ba,200,396,8,4.0,3.96,28,1612585639,38,0,637,637,49,0,True,396,5758
ba,200,396,8,4.0,3.96,29,2300858746,47,0,653,653,55,0,True,396,8022
ba,200,396,8,4.0,3.96,30,2959670122,46,0,549,549,52,1,True,396,6274
ba,200,396,8,4.0,3.96,31,3672800331,28,0,591,591,32,0,True,396,6634
ba,200,396,8,4.0,3.96,32,109182343,29,0,1036,1036,35,1,True,396,5730
ba,200,396,8,4.0,3.96,33,3097165218,37,0,463,463,45,0,True,396,7014
ba,200,396,8,4.0,3.96,34,699345594,45,0,785,785,61,0,True,396,6730
ba,200,396,8,4.0,3.96,35,1687124922,33,0,462,462,45,1,True,396,7044
ba,200,396,8,4.0,3.96,36,714025410,40,0,649,649,49,0,True,396,5854
ba,200,396,8,4.0,3.96,37,4045241222,39,0,475,475,52,0,True,396,7046
ba,200,396,8,4.0,3.96,38,2665183080,37,0,408,408,46,0,True,396,7298
ba,200,396,8,4.0,3.96,39,4020739869,47,0,485,485,62,0,True,396,6106
ba,400,796,8,4.0,3.98,0,1898434344,86,0,1581,1581,107,1,True,796,13358
ba,400,796,8,4.0,3.98,1,1909305503,93,0,1291,1291,115,1,True,796,14444
ba,400,796,8,4.0,3.98,2,2292269462,78,0,3078,3078,89,1,True,796,14320
ba,400,796,8,4.0,3.98,3,3262075662,78,0,928,928,89,3,True,796,17438
ba,400,796,8,4.0,3.98,4,3181786666,72,0,1609,1609,89,2,True,796,14974
ba,400,796,8,4.0,3.98,5,70779977,83,0,1630,1630,112,0,True,796,16560
ba,400,796,8,4.0,3.98,6,3874359776,86,0,1248,1248,101,0,True,796,15520
ba,400,796,8,4.0,3.98,7,2724588222,85,0,2064,2064,101,1,True,796,14568
ba,400,796,8,4.0,3.98,8,4119422551,93,0,1195,1195,112,0,True,796,14290
ba,400,796,8,4.0,3.98,9,4034284001,86,0,2335,2335,101,0,True,796,13312
ba,400,796,8,4.0,3.98,10,3420219798,84,0,1172,1172,96,0,True,796,14526
ba,400,796,8,4.0,3.98,11,2900783468,78,0,2179,2179,99,0,True,796,13588
ba,400,796,8,4.0,3.98,12,1975275339,78,0,1295,1295,97,2,True,796,14432
ba,400,796,8,4.0,3.98,13,697110432,85,0,1178,1178,101,1,True,796,15786
ba,400,796,8,4.0,3.98,14,683025335,78,0,1075,1075,91,0,True,796,14568
ba,400,796,8,4.0,3.98,15,1989304670,93,0,1670,1670,107,0,True,796,14810
ba,400,796,8,4.0,3.98,16,3951524324,81,0,1933,1933,99,0,True,796,14502
ba,400,796,8,4.0,3.98,17,2968841241,89,0,1115,1115,103,1,True,796,13956
ba,400,796,8,4.0,3.98,18,133771621,73,0,1084,1084,85,0,True,796,14634
ba,400,796,8,4.0,3.98,19,4229087952,87,0,1865,1865,103,0,True,796,17234
ba,400,796,8,4.0,3.98,20,2879739260,80,0,1765,1765,98,0,True,796,14764
ba,400,796,8,4.0,3.98,21,47170674,81,0,1460,1460,95,0,True,796,14968
ba,400,796,8,4.0,3.98,22,1448160003,76,0,1743,1743,98,0,True,796,14632
ba,400,796,8,4.0,3.98,23,1694311747,79,0,971,971,95,0,True,796,18374
ba,400,796,8,4.0,3.98,24,3364816715,103,0,1539,1539,121,0,True,796,14440
ba,400,796,8,4.0,3.98,25,3881492294,79,0,1183,1183,85,1,True,796,14258
ba,400,796,8,4.0,3.98,26,2333692324,71,0,1744,1744,86,0,True,796,15614
ba,400,796,8,4.0,3.98,27,1216190277,75,0,1818,1818,83,0,True,796,16632
ba,400,796,8,4.0,3.98,28,4139642596,74,0,2305,2305,85,0,True,796,13674
ba,400,796,8,4.0,3.98,29,2945543143,81,0,1879,1879,97,0,True,796,15940
ba,400,796,8,4.0,3.98,30,997589108,79,0,1325,1325,101,0,True,796,17576
ba,400,796,8,4.0,3.98,31,391579263,76,0,1629,1629,90,0,True,796,16236
ba,400,796,8,4.0,3.98,32,1539924192,79,0,1433,1433,102,2,True,796,16896
ba,400,796,8,4.0,3.98,33,1143858421,82,0,1529,1529,102,0,True,796,15252
ba,400,796,8,4.0,3.98,34,2007456341,91,0,1288,1288,107,0,True,796,12852
ba,400,796,8,4.0,3.98,35,3328600107,62,0,1372,1372,77,1,True,796,15266
ba,400,796,8,4.0,3.98,36,969053239,92,0,3023,3023,117,0,True,796,14848
ba,400,796,8,4.0,3.98,37,2512793252,79,0,1526,1526,91,0,True,796,17622
ba,400,796,8,4.0,3.98,38,701839007,70,0,1857,1857,85,0,True,796,14754
ba,400,796,8,4.0,3.98,39,4023959538,92,0,1293,1293,108,0,True,796,12800
ba,800,1596,8,4.0,3.99,0,3959856400,157,0,2384,2384,183,0,True,1596,34518
ba,800,1596,8,4.0,3.99,1,49241639,162,0,3814,3814,196,0,True,1596,38202
ba,800,1596,8,4.0,3.99,2,1958931073,169,0,2861,2861,202,0,True,1596,29260
ba,800,1596,8,4.0,3.99,3,1631334476,162,0,2944,2944,202,2,True,1596,32040
ba,800,1596,8,4.0,3.99,4,890496870,147,0,2376,2376,172,0,True,1596,31440
ba,800,1596,8,4.0,3.99,5,1004624961,166,0,2983,2983,186,2,True,1596,32126
ba,800,1596,8,4.0,3.99,6,1726534925,168,0,3184,3184,208,3,True,1596,33204
ba,800,1596,8,4.0,3.99,7,3110798499,164,0,3641,3641,206,0,True,1596,32820
ba,800,1596,8,4.0,3.99,8,1798681865,159,0,3005,3005,194,2,True,1596,38342
ba,800,1596,8,4.0,3.99,9,4185134255,169,0,2988,2988,199,1,True,1596,30426
ba,800,1596,8,4.0,3.99,10,367388369,170,0,5871,5871,198,0,True,1596,29914
ba,800,1596,8,4.0,3.99,11,3467502141,164,0,2578,2578,193,2,True,1596,36116
ba,800,1596,8,4.0,3.99,12,3644000595,165,0,4821,4821,192,4,True,1596,35850
ba,800,1596,8,4.0,3.99,13,259459594,164,0,4249,4249,198,1,True,1596,35112
ba,800,1596,8,4.0,3.99,14,1781591737,172,0,2504,2504,210,1,True,1596,37032
ba,800,1596,8,4.0,3.99,15,3862069660,164,0,3383,3383,197,2,True,1596,30150
ba,800,1596,8,4.0,3.99,16,1013897093,153,0,3106,3106,192,0,True,1596,34100
ba,800,1596,8,4.0,3.99,17,684427126,165,0,4026,4026,205,1,True,1596,32380
ba,800,1596,8,4.0,3.99,18,1821230707,164,0,4774,4774,196,1,True,1596,36656
ba,800,1596,8,4.0,3.99,19,3444501346,171,0,3115,3115,206,0,True,1596,34502
ba,800,1596,8,4.0,3.99,20,849367521,160,0,2049,2049,191,2,True,1596,38646
ba,800,1596,8,4.0,3.99,21,3576779116,171,0,3945,3945,204,1,True,1596,33088
ba,800,1596,8,4.0,3.99,22,1381659366,176,0,5467,5467,203,1,True,1596,35610
ba,800,1596,8,4.0,3.99,23,1172015378,173,0,2565,2565,208,0,True,1596,32320
ba,800,1596,8,4.0,3.99,24,260070754,158,0,3282,3282,189,2,True,1596,34706
ba,800,1596,8,4.0,3.99,25,372223434,168,0,2711,2711,199,1,True,1596,29866
ba,800,1596,8,4.0,3.99,26,1383261510,184,0,3346,3346,232,2,True,1596,37608
ba,800,1596,8,4.0,3.99,27,1804371002,173,0,3157,3157,202,0,True,1596,32806
ba,800,1596,8,4.0,3.99,28,1307063417,169,0,2823,2823,209,1,True,1596,39626
ba,800,1596,8,4.0,3.99,29,1484971878,149,0,2266,2266,173,0,True,1596,28242
ba,800,1596,8,4.0,3.99,30,1848903240,176,0,3242,3242,212,0,True,1596,31558
ba,800,1596,8,4.0,3.99,31,1321524381,165,0,3561,3561,202,1,True,1596,32784
ba,800,1596,8,4.0,3.99,32,2913086346,162,0,2376,2376,200,2,True,1596,36460
ba,800,1596,8,4.0,3.99,33,3751455780,155,0,2599,2599,190,1,True,1596,32834
ba,800,1596,8,4.0,3.99,34,151164111,158,0,3575,3575,185,2,True,1596,35574
ba,800,1596,8,4.0,3.99,35,1311257621,155,0,5054,5054,208,2,True,1596,34052
ba,800,1596,8,4.0,3.99,36,3236912586,150,0,2790,2790,196,1,True,1596,28928
ba,800,1596,8,4.0,3.99,37,1822240462,161,0,2930,2930,190,3,True,1596,31574
ba,800,1596,8,4.0,3.99,38,1724911435,175,0,4432,4432,208,4,True,1596,34402
ba,800,1596,8,4.0,3.99,39,3243004860,164,0,2273,2273,201,1,True,1596,34508
ws,100,200,8,4.0,4.0,0,4220876374,22,0,180,180,28,0,True,200,1626
ws,100,200,8,4.0,4.0,1,2436931645,17,0,177,177,18,0,True,200,1634
ws,100,200,8,4.0,4.0,2,1258168774,19,0,160,160,20,0,True,200,1650
ws,100,200,8,4.0,4.0,3,1119170368,22,0,298,298,27,0,True,200,1618
ws,100,200,8,4.0,4.0,4,1945120712,30,0,248,248,34,0,True,200,1650
ws,100,200,8,4.0,4.0,5,2324770228,22,0,161,161,25,0,True,200,1648
ws,100,200,8,4.0,4.0,6,1522801750,19,0,229,229,21,0,True,200,1640
ws,100,200,8,4.0,4.0,7,1654017153,23,0,142,142,28,0,True,200,1626
ws,100,200,8,4.0,4.0,8,1323078911,21,0,183,183,21,0,True,200,1634
ws,100,200,8,4.0,4.0,9,3162610493,25,0,163,163,31,0,True,200,1634
ws,100,200,8,4.0,4.0,10,3113470770,22,0,129,129,24,0,True,200,1648
ws,100,200,8,4.0,4.0,11,1582068923,24,0,198,198,26,0,True,200,1630
ws,100,200,8,4.0,4.0,12,2762459740,24,0,202,202,26,0,True,200,1640
ws,100,200,8,4.0,4.0,13,2334185638,22,0,137,137,23,0,True,200,1626
ws,100,200,8,4.0,4.0,14,718187282,21,0,90,90,23,0,True,200,1642
ws,100,200,8,4.0,4.0,15,1310672607,23,0,187,187,27,0,True,200,1640
ws,100,200,8,4.0,4.0,16,4265414122,18,0,154,154,20,0,True,200,1630
ws,100,200,8,4.0,4.0,17,412831869,18,0,167,167,21,0,True,200,1648
ws,100,200,8,4.0,4.0,18,244250959,19,0,111,111,23,0,True,200,1648
ws,100,200,8,4.0,4.0,19,885861451,26,0,218,218,32,0,True,200,1650
ws,100,200,8,4.0,4.0,20,1865582134,22,0,242,242,24,0,True,200,1640
ws,100,200,8,4.0,4.0,21,3650213753,15,0,102,102,15,0,True,200,1634
ws,100,200,8,4.0,4.0,22,2322666358,26,0,148,148,29,0,True,200,1640
ws,100,200,8,4.0,4.0,23,3331831653,20,0,122,122,21,0,True,200,1640
ws,100,200,8,4.0,4.0,24,1836693280,22,0,270,270,24,0,True,200,1630
ws,100,200,8,4.0,4.0,25,379847980,26,0,191,191,31,0,True,200,1626
ws,100,200,8,4.0,4.0,26,3161704330,25,0,194,194,25,0,True,200,1636
ws,100,200,8,4.0,4.0,27,2018659238,20,0,195,195,23,0,True,200,1644
ws,100,200,8,4.0,4.0,28,1952225042,26,0,182,182,31,0,True,200,1624
ws,100,200,8,4.0,4.0,29,441451050,27,0,216,216,28,0,True,200,1640
ws,100,200,8,4.0,4.0,30,3774653973,22,0,181,181,25,0,True,200,1630
ws,100,200,8,4.0,4.0,31,2454614778,26,0,123,123,31,0,True,200,1630
ws,100,200,8,4.0,4.0,32,707545961,18,0,401,401,18,0,True,200,1644
ws,100,200,8,4.0,4.0,33,2966832453,22,0,125,125,25,0,True,200,1632
ws,100,200,8,4.0,4.0,34,1096859606,24,0,174,174,28,0,True,200,1636
ws,100,200,8,4.0,4.0,35,3537877657,21,0,316,316,25,0,True,200,1642
ws,100,200,8,4.0,4.0,36,502331082,25,0,107,107,27,0,True,200,1656
ws,100,200,8,4.0,4.0,37,3354037204,27,0,150,150,30,0,True,200,1648
ws,100,200,8,4.0,4.0,38,4188311322,20,0,106,106,22,0,True,200,1648
ws,100,200,8,4.0,4.0,39,756442913,27,0,159,159,28,0,True,200,1642
ws,200,400,8,4.0,4.0,0,903615269,44,0,541,541,52,0,True,400,3278
ws,200,400,8,4.0,4.0,1,1523196841,33,0,352,352,39,0,True,400,3282
ws,200,400,8,4.0,4.0,2,646435449,46,0,719,719,53,0,True,400,3284
ws,200,400,8,4.0,4.0,3,2558047587,42,0,391,391,50,0,True,400,3278
ws,200,400,8,4.0,4.0,4,537081629,38,0,396,396,45,0,True,400,3268
ws,200,400,8,4.0,4.0,5,4107635130,46,0,569,569,48,0,True,400,3284
ws,200,400,8,4.0,4.0,6,2671599813,47,0,397,397,53,0,True,400,3286
ws,200,400,8,4.0,4.0,7,2954959340,42,0,464,464,50,0,True,400,3274
ws,200,400,8,4.0,4.0,8,1024725341,43,0,451,451,49,0,True,400,3256
ws,200,400,8,4.0,4.0,9,677578789,42,0,365,365,47,0,True,400,3292
ws,200,400,8,4.0,4.0,10,1595576897,49,0,379,379,56,0,True,400,3266
ws,200,400,8,4.0,4.0,11,385195192,28,0,338,338,31,0,True,400,3284
ws,200,400,8,4.0,4.0,12,3989390796,40,0,551,551,41,0,True,400,3260
ws,200,400,8,4.0,4.0,13,1706956446,43,0,424,424,46,0,True,400,3284
ws,200,400,8,4.0,4.0,14,430173793,44,0,523,523,46,0,True,400,3284
ws,200,400,8,4.0,4.0,15,611800429,56,0,558,558,62,0,True,400,3274
ws,200,400,8,4.0,4.0,16,2883807226,45,0,324,324,48,0,True,400,3274
ws,200,400,8,4.0,4.0,17,2683129613,47,0,399,399,51,0,True,400,3260
ws,200,400,8,4.0,4.0,18,1666107717,32,0,310,310,34,0,True,400,3290
ws,200,400,8,4.0,4.0,19,2091072863,40,0,520,520,47,0,True,400,3264
ws,200,400,8,4.0,4.0,20,1126815719,50,0,456,456,53,0,True,400,3266
ws,200,400,8,4.0,4.0,21,3954563619,40,0,259,259,46,0,True,400,3284
ws,200,400,8,4.0,4.0,22,173786458,49,0,629,629,59,0,True,400,3276
ws,200,400,8,4.0,4.0,23,2913821857,41,0,621,621,48,0,True,400,3276
ws,200,400,8,4.0,4.0,24,3526977190,41,0,232,232,45,0,True,400,3276
ws,200,400,8,4.0,4.0,25,4005028729,44,0,359,359,48,0,True,400,3260
ws,200,400,8,4.0,4.0,26,1139511124,48,0,298,298,58,0,True,400,3274
ws,200,400,8,4.0,4.0,27,972257656,44,0,426,426,50,0,True,400,3294
ws,200,400,8,4.0,4.0,28,3359926048,55,0,606,606,61,0,True,400,3276
ws,200,400,8,4.0,4.0,29,4083042087,47,0,506,506,54,0,True,400,3268
ws,200,400,8,4.0,4.0,30,2448510818,45,0,292,292,52,0,True,400,3252
ws,200,400,8,4.0,4.0,31,3260377927,39,0,319,319,43,0,True,400,3278
ws,200,400,8,4.0,4.0,32,4140902446,47,0,323,323,53,0,True,400,3264
ws,200,400,8,4.0,4.0,33,3445667573,42,0,292,292,47,0,True,400,3284
ws,200,400,8,4.0,4.0,34,2866622565,47,0,556,556,52,0,True,400,3256
ws,200,400,8,4.0,4.0,35,45925724,47,0,528,528,55,0,True,400,3286
ws,200,400,8,4.0,4.0,36,2154312408,49,0,384,384,56,0,True,400,3264
ws,200,400,8,4.0,4.0,37,4119547295,52,0,462,462,59,0,True,400,3264
ws,200,400,8,4.0,4.0,38,2327006023,43,0,532,532,48,0,True,400,3266
ws,200,400,8,4.0,4.0,39,3252635762,43,0,521,521,51,0,True,400,3270
ws,400,800,8,4.0,4.0,0,1863831138,84,0,1024,1024,102,0,True,800,6568
ws,400,800,8,4.0,4.0,1,1069077179,95,0,1161,1161,110,0,True,800,6514
ws,400,800,8,4.0,4.0,2,3423754650,90,0,1028,1028,99,0,True,800,6542
ws,400,800,8,4.0,4.0,3,340450033,86,0,902,902,98,0,True,800,6544
ws,400,800,8,4.0,4.0,4,1792763983,99,0,1020,1020,108,0,True,800,6522
ws,400,800,8,4.0,4.0,5,2798496386,79,0,1049,1049,98,0,True,800,6562
ws,400,800,8,4.0,4.0,6,2617285478,74,0,701,701,81,0,True,800,6518
ws,400,800,8,4.0,4.0,7,1377400888,81,0,1119,1119,89,0,True,800,6544
ws,400,800,8,4.0,4.0,8,1795580107,66,0,1479,1479,74,0,True,800,6546
ws,400,800,8,4.0,4.0,9,3663066849,89,0,994,994,106,0,True,800,6558
ws,400,800,8,4.0,4.0,10,3975515790,98,0,880,880,109,0,True,800,6536
ws,400,800,8,4.0,4.0,11,2814588938,98,0,778,778,107,0,True,800,6552
ws,400,800,8,4.0,4.0,12,3397892094,88,0,1337,1337,98,0,True,800,6542
ws,400,800,8,4.0,4.0,13,164089013,78,0,941,941,94,0,True,800,6552
ws,400,800,8,4.0,4.0,14,3821505660,79,0,1198,1198,89,0,True,800,6580
ws,400,800,8,4.0,4.0,15,2311217206,72,0,720,720,84,0,True,800,6538
ws,400,800,8,4.0,4.0,16,3935655432,77,0,1255,1255,85,0,True,800,6558
ws,400,800,8,4.0,4.0,17,3778474244,82,0,882,882,90,0,True,800,6570
ws,400,800,8,4.0,4.0,18,2726443938,90,0,849,849,105,0,True,800,6542
ws,400,800,8,4.0,4.0,19,2237770827,87,0,1351,1351,104,0,True,800,6554
ws,400,800,8,4.0,4.0,20,1446134890,99,0,1050,1050,117,0,True,800,6552
ws,400,800,8,4.0,4.0,21,1886135520,100,0,1056,1056,107,0,True,800,6562
ws,400,800,8,4.0,4.0,22,3545153140,80,0,879,879,94,0,True,800,6550
ws,400,800,8,4.0,4.0,23,3968357078,86,0,845,845,95,0,True,800,6546
ws,400,800,8,4.0,4.0,24,3839078152,100,0,742,742,116,0,True,800,6518
ws,400,800,8,4.0,4.0,25,3896618293,88,0,1083,1083,98,0,True,800,6554
ws,400,800,8,4.0,4.0,26,110419843,85,0,983,983,97,0,True,800,6576
ws,400,800,8,4.0,4.0,27,1179770029,84,0,1143,1143,105,0,True,800,6544
ws,400,800,8,4.0,4.0,28,1972938802,102,0,1300,1300,115,0,True,800,6582
ws,400,800,8,4.0,4.0,29,943908060,91,0,894,894,99,0,True,800,6570
ws,400,800,8,4.0,4.0,30,616953718,70,0,1342,1342,79,0,True,800,6564
ws,400,800,8,4.0,4.0,31,3790672625,96,0,1029,1029,107,0,True,800,6558
ws,400,800,8,4.0,4.0,32,1987141102,83,0,1030,1030,94,0,True,800,6564
ws,400,800,8,4.0,4.0,33,391303458,85,0,900,900,98,0,True,800,6558
ws,400,800,8,4.0,4.0,34,3101035484,89,0,800,800,117,0,True,800,6548
ws,400,800,8,4.0,4.0,35,3825820795,86,0,1540,1540,94,0,True,800,6566
ws,400,800,8,4.0,4.0,36,1953336651,99,0,1123,1123,111,0,True,800,6590
ws,400,800,8,4.0,4.0,37,482884146,77,0,1082,1082,91,0,True,800,6554
ws,400,800,8,4.0,4.0,38,2184537047,84,0,1574,1574,102,0,True,800,6548
ws,400,800,8,4.0,4.0,39,2588570723,93,0,1178,1178,106,0,True,800,6552
ws,800,1600,8,4.0,4.0,0,488215982,162,0,2407,2407,184,0,True,1600,13074
ws,800,1600,8,4.0,4.0,1,1981729087,176,0,2262,2262,209,0,True,1600,13108
ws,800,1600,8,4.0,4.0,2,2543082320,182,0,1924,1924,206,0,True,1600,13100
ws,800,1600,8,4.0,4.0,3,2194903530,174,0,2651,2651,189,0,True,1600,13144
ws,800,1600,8,4.0,4.0,4,1254298215,179,0,2344,2344,203,0,True,1600,13098
ws,800,1600,8,4.0,4.0,5,264260041,181,0,2069,2069,200,0,True,1600,13096
ws,800,1600,8,4.0,4.0,6,98842642,183,0,2046,2046,204,0,True,1600,13104
ws,800,1600,8,4.0,4.0,7,2502511466,174,0,2473,2473,194,0,True,1600,13104
ws,800,1600,8,4.0,4.0,8,4073360453,163,0,1817,1817,188,0,True,1600,13102
ws,800,1600,8,4.0,4.0,9,1770583432,162,0,2389,2389,185,0,True,1600,13094
ws,800,1600,8,4.0,4.0,10,2189861555,173,0,2638,2638,200,0,True,1600,13084
ws,800,1600,8,4.0,4.0,11,2794392317,166,0,2070,2070,184,0,True,1600,13136
ws,800,1600,8,4.0,4.0,12,882805729,187,0,2732,2732,216,0,True,1600,13102
ws,800,1600,8,4.0,4.0,13,3359743764,200,0,1981,1981,222,0,True,1600,13060
ws,800,1600,8,4.0,4.0,14,2810645534,170,0,2368,2368,187,0,True,1600,13104
ws,800,1600,8,4.0,4.0,15,1765864932,187,0,1985,1985,220,0,True,1600,13136
ws,800,1600,8,4.0,4.0,16,1956856600,167,0,1982,1982,184,0,True,1600,13098
ws,800,1600,8,4.0,4.0,17,4033241347,180,0,2472,2472,205,0,True,1600,13144
ws,800,1600,8,4.0,4.0,18,1365539536,167,0,2538,2538,185,0,True,1600,13128
ws,800,1600,8,4.0,4.0,19,1570109007,182,0,2678,2678,214,0,True,1600,13108
ws,800,1600,8,4.0,4.0,20,2764044734,188,0,1831,1831,210,0,True,1600,13142
ws,800,1600,8,4.0,4.0,21,2041202806,162,0,2391,2391,185,0,True,1600,13086
ws,800,1600,8,4.0,4.0,22,447911112,170,0,1793,1793,205,0,True,1600,13086
ws,800,1600,8,4.0,4.0,23,2739104405,194,0,2965,2965,220,0,True,1600,13108
ws,800,1600,8,4.0,4.0,24,3550790449,155,0,2583,2583,178,0,True,1600,13094
ws,800,1600,8,4.0,4.0,25,1900726510,175,0,3438,3438,195,0,True,1600,13092
ws,800,1600,8,4.0,4.0,26,640091922,181,0,1751,1751,208,0,True,1600,13112
ws,800,1600,8,4.0,4.0,27,252246936,191,0,2771,2771,214,0,True,1600,13128
ws,800,1600,8,4.0,4.0,28,3867430853,171,0,1854,1854,191,0,True,1600,13108
ws,800,1600,8,4.0,4.0,29,3198885669,181,0,3001,3001,205,0,True,1600,13124
ws,800,1600,8,4.0,4.0,30,3203392258,156,0,2487,2487,174,0,True,1600,13124
ws,800,1600,8,4.0,4.0,31,697853352,181,0,2387,2387,199,0,True,1600,13078
ws,800,1600,8,4.0,4.0,32,1739883301,180,0,2573,2573,205,0,True,1600,13100
ws,800,1600,8,4.0,4.0,33,2302843010,157,0,2275,2275,180,0,True,1600,13056
ws,800,1600,8,4.0,4.0,34,1129959235,158,0,2099,2099,176,0,True,1600,13116
ws,800,1600,8,4.0,4.0,35,928216497,150,0,2016,2016,167,0,True,1600,13096
ws,800,1600,8,4.0,4.0,36,4061437506,199,0,2191,2191,242,0,True,1600,13106
ws,800,1600,8,4.0,4.0,37,2803901930,198,0,1774,1774,227,0,True,1600,13130
ws,800,1600,8,4.0,4.0,38,981985173,157,0,2279,2279,176,0,True,1600,13152
ws,800,1600,8,4.0,4.0,39,4135936375,166,0,3093,3093,187,0,True,1600,13084
er,100,394,8,8.0,7.88,0,2714829066,38,0,167,167,50,0,True,394,7146
er,100,384,8,8.0,7.68,1,1142691380,35,0,159,159,48,0,True,384,6732
er,100,397,8,8.0,7.94,2,3628557673,34,0,188,188,42,0,True,397,7022
er,100,401,8,8.0,8.02,3,1766242655,37,0,224,224,51,0,True,401,7076
er,100,363,8,8.0,7.26,4,4052747390,32,0,231,231,43,0,True,363,5862
er,100,411,8,8.0,8.22,5,1557940189,38,0,198,198,52,0,True,411,7388
er,100,406,8,8.0,8.12,6,3449009791,36,0,261,261,45,0,True,406,7428
er,100,387,8,8.0,7.74,7,3247681536,31,0,137,137,38,0,True,387,6738
er,100,392,8,8.0,7.84,8,2662386732,42,0,288,288,58,0,True,392,6864
er,100,410,8,8.0,8.2,9,150603037,32,0,159,159,43,0,True,410,7388
er,100,433,8,8.0,8.66,10,713176351,39,0,204,204,54,0,True,433,8324
er,100,382,8,8.0,7.64,11,729964450,32,0,295,295,40,0,True,382,6500
er,100,406,8,8.0,8.12,12,1197566310,37,0,224,224,42,0,True,406,7230
er,100,393,8,8.0,7.86,13,939036597,45,0,255,255,59,0,True,393,7022
er,100,370,8,8.0,7.4,14,2938072678,37,0,174,174,47,0,True,370,6044
er,100,385,8,8.0,7.7,15,610897027,36,0,200,200,49,0,True,385,6622
er,100,401,8,8.0,8.02,16,9813890,36,0,199,199,50,0,True,401,7182
er,100,409,8,8.0,8.18,17,2977632342,38,0,244,244,53,0,True,409,7398
er,100,401,8,8.0,8.02,18,3336385983,33,0,188,188,48,0,True,401,7056
er,100,375,8,8.0,7.5,19,1672853913,35,0,252,252,39,0,True,375,6234
er,100,384,8,8.0,7.68,20,4170579484,37,0,401,401,49,0,True,384,6620
er,100,388,8,8.0,7.76,21,798889624,41,0,164,164,53,0,True,388,6592
er,100,434,8,8.0,8.68,22,1011722961,37,0,346,346,49,0,True,434,8204
er,100,417,8,8.0,8.34,23,1274154282,35,0,366,366,49,0,True,417,7646
er,100,380,8,8.0,7.6,24,2931432204,33,0,227,227,45,0,True,380,6470
er,100,388,8,8.0,7.76,25,430307803,31,0,211,211,40,0,True,388,6726
er,100,416,8,8.0,8.32,26,476308446,33,0,217,217,41,0,True,416,7682
er,100,386,8,8.0,7.72,27,542625973,29,0,185,185,34,0,True,386,6544
er,100,388,8,8.0,7.76,28,2686996377,38,0,204,204,53,0,True,388,6618
er,100,389,8,8.0,7.78,29,1223112563,30,0,208,208,38,0,True,389,6736
er,100,413,8,8.0,8.26,30,690238328,33,0,175,175,44,0,True,413,7628
er,100,383,8,8.0,7.66,31,2045951376,29,0,332,332,38,0,True,383,6716
er,100,385,8,8.0,7.7,32,568661532,38,0,220,220,50,0,True,385,6584
er,100,402,8,8.0,8.04,33,3502864475,31,0,203,203,43,0,True,402,7284
er,100,399,8,8.0,7.98,34,1804222302,33,0,216,216,44,1,True,399,6960
er,100,375,8,8.0,7.5,35,952055307,40,0,190,190,58,0,True,375,6416
er,100,393,8,8.0,7.86,36,2990809416,34,0,210,210,47,1,True,393,6928
er,100,398,8,8.0,7.96,37,1454686800,31,0,183,183,41,0,True,398,7194
er,100,383,8,8.0,7.66,38,2696786841,35,0,136,136,44,0,True,383,6466
er,100,397,8,8.0,7.94,39,1547393499,31,0,244,244,43,0,True,397,7018
er,200,785,8,8.0,7.85,0,4260375794,75,0,551,551,95,0,True,785,13770
er,200,778,8,8.0,7.78,1,4001736625,75,0,729,729,101,0,True,778,13512
er,200,780,8,8.0,7.8,2,3193787122,68,0,542,542,90,0,True,780,13474
er,200,820,8,8.0,8.2,3,1963433746,79,0,521,521,111,0,True,820,14914
er,200,805,8,8.0,8.05,4,174251980,71,0,387,387,94,1,True,805,14314
er,200,813,8,8.0,8.13,5,2602143804,81,0,395,395,115,0,True,813,14820
er,200,813,8,8.0,8.13,6,378573937,71,0,799,799,100,0,True,813,14824
er,200,837,8,8.0,8.37,7,1801997828,74,0,563,563,110,0,True,837,15478
er,200,845,8,8.0,8.45,8,1900575368,89,0,425,425,120,0,True,845,15586
er,200,807,8,8.0,8.07,9,1551069396,71,0,478,478,92,0,True,807,14492
er,200,797,8,8.0,7.97,10,2197061780,72,0,432,432,93,0,True,797,14260
er,200,781,8,8.0,7.81,11,3793492752,62,0,603,603,84,0,True,781,13528
er,200,778,8,8.0,7.78,12,1804925803,72,0,466,466,96,0,True,778,13492
er,200,798,8,8.0,7.98,13,2627583412,79,0,688,688,105,0,True,798,14250
er,200,807,8,8.0,8.07,14,2911747288,78,0,352,352,109,0,True,807,14662
er,200,849,8,8.0,8.49,15,696874019,73,0,333,333,104,0,True,849,16222
er,200,784,8,8.0,7.84,16,385499693,61,0,1060,1060,80,0,True,784,13932
er,200,788,8,8.0,7.88,17,3099859661,69,0,506,506,101,0,True,788,13814
er,200,790,8,8.0,7.9,18,1255720442,80,0,777,777,104,0,True,790,13998
er,200,740,8,8.0,7.4,19,1324787710,65,0,512,512,81,0,True,740,12438
er,200,810,8,8.0,8.1,20,2010750452,78,0,1497,1497,101,0,True,810,14722
er,200,785,8,8.0,7.85,21,1890346213,75,0,558,558,93,0,True,785,13536
er,200,815,8,8.0,8.15,22,1057086457,77,0,329,329,105,0,True,815,14826
er,200,819,8,8.0,8.19,23,2145918005,76,0,625,625,110,0,True,819,14782
er,200,789,8,8.0,7.89,24,700527103,86,0,458,458,115,0,True,789,13702
er,200,800,8,8.0,8.0,25,1865123349,56,0,751,751,76,0,True,800,14284
er,200,763,8,8.0,7.63,26,843833642,73,0,475,475,98,0,True,763,13268
er,200,776,8,8.0,7.76,27,1099927597,77,0,518,518,117,0,True,776,13636
er,200,791,8,8.0,7.91,28,107318576,67,0,878,878,87,0,True,791,13794
er,200,784,8,8.0,7.84,29,1637761518,75,0,358,358,100,0,True,784,13610
er,200,801,8,8.0,8.01,30,3289425192,67,0,411,411,91,0,True,801,14256
er,200,805,8,8.0,8.05,31,2849413236,85,0,946,946,111,0,True,805,14482
er,200,845,8,8.0,8.45,32,3102117418,73,0,632,632,95,0,True,845,15648
er,200,818,8,8.0,8.18,33,260311766,90,0,461,461,128,0,True,818,14836
er,200,814,8,8.0,8.14,34,853349285,69,0,557,557,88,0,True,814,14840
er,200,798,8,8.0,7.98,35,551267570,63,0,514,514,94,0,True,798,14188
er,200,764,8,8.0,7.64,36,3108112379,71,0,791,791,98,0,True,764,13056
er,200,868,8,8.0,8.68,37,303055000,75,0,420,420,111,0,True,868,16644
er,200,786,8,8.0,7.86,38,4060119296,77,0,672,672,108,1,True,786,14154
er,200,757,8,8.0,7.57,39,1936764476,63,0,441,441,87,0,True,757,12740
er,400,1612,8,8.0,8.06,0,2554286076,146,0,1507,1507,197,0,True,1612,29438
er,400,1543,8,8.0,7.715,1,4156450955,149,0,1440,1440,199,0,True,1543,27036
er,400,1548,8,8.0,7.74,2,3775963310,123,0,2459,2459,159,0,True,1548,27156
er,400,1639,8,8.0,8.195,3,939590300,144,0,1213,1213,190,0,True,1639,30196
er,400,1622,8,8.0,8.11,4,1987907579,145,0,1320,1320,203,1,True,1622,29264
er,400,1624,8,8.0,8.12,5,2004397077,164,0,996,996,228,0,True,1624,29336
er,400,1622,8,8.0,8.11,6,4153084267,147,0,1059,1059,203,0,True,1622,29676
er,400,1602,8,8.0,8.01,7,2891025962,141,0,1017,1017,193,0,True,1602,28478
er,400,1557,8,8.0,7.785,8,3532860204,157,0,897,897,201,0,True,1557,26690
er,400,1582,8,8.0,7.91,9,389394851,142,0,1265,1265,196,0,True,1582,28392
er,400,1641,8,8.0,8.205,10,1451477154,149,0,930,930,189,0,True,1641,30250
er,400,1555,8,8.0,7.775,11,503968922,144,0,1057,1057,189,0,True,1555,27384
er,400,1643,8,8.0,8.215,12,2487787231,141,0,1369,1369,190,0,True,1643,30112
er,400,1655,8,8.0,8.275,13,1105316905,170,0,1942,1942,230,0,True,1655,30540
er,400,1635,8,8.0,8.175,14,2713064220,158,0,919,919,230,1,True,1635,29936
er,400,1588,8,8.0,7.94,15,227125890,154,0,1116,1116,206,0,True,1588,28290
er,400,1598,8,8.0,7.99,16,2245368449,147,0,993,993,196,0,True,1598,28554
er,400,1579,8,8.0,7.895,17,3237600865,152,0,1073,1073,196,0,True,1579,28164
er,400,1627,8,8.0,8.135,18,1694674611,160,0,1508,1508,219,0,True,1627,29356
er,400,1534,8,8.0,7.67,19,3366118315,146,0,1288,1288,201,0,True,1534,26524
er,400,1584,8,8.0,7.92,20,809291282,148,0,1259,1259,202,0,True,1584,28266
er,400,1634,8,8.0,8.17,21,3568789193,144,0,1240,1240,206,0,True,1634,29746
er,400,1555,8,8.0,7.775,22,2867325868,152,0,1073,1073,196,0,True,1555,27376
er,400,1637,8,8.0,8.185,23,1780087413,143,0,1912,1912,190,0,True,1637,30210
er,400,1569,8,8.0,7.845,24,2386649056,151,0,1313,1313,187,0,True,1569,27582
er,400,1675,8,8.0,8.375,25,4251964425,154,0,1439,1439,213,0,True,1675,31248
er,400,1587,8,8.0,7.935,26,3248933016,136,0,1227,1227,179,1,True,1587,28472
er,400,1612,8,8.0,8.06,27,1290462655,154,0,1522,1522,201,0,True,1612,29238
er,400,1590,8,8.0,7.95,28,3185943201,141,0,1332,1332,182,0,True,1590,28268
er,400,1640,8,8.0,8.2,29,2207960557,156,0,1458,1458,206,0,True,1640,30258
er,400,1572,8,8.0,7.86,30,3137533547,147,0,1039,1039,200,1,True,1572,27420
er,400,1654,8,8.0,8.27,31,1220983036,152,0,1610,1610,208,0,True,1654,31230
er,400,1574,8,8.0,7.87,32,2880195201,138,0,830,830,195,0,True,1574,27692
er,400,1563,8,8.0,7.815,33,2030458181,156,0,836,836,214,0,True,1563,27178
er,400,1561,8,8.0,7.805,34,2014821687,148,0,1534,1534,204,0,True,1561,27274
er,400,1546,8,8.0,7.73,35,2112908936,146,0,1169,1169,194,0,True,1546,27036
er,400,1606,8,8.0,8.03,36,2523405936,146,0,1003,1003,205,0,True,1606,29198
er,400,1591,8,8.0,7.955,37,2544554435,147,0,1219,1219,197,0,True,1591,28578
er,400,1628,8,8.0,8.14,38,2557551577,151,0,1632,1632,196,0,True,1628,29980
er,400,1562,8,8.0,7.81,39,102296139,132,0,1339,1339,181,0,True,1562,27732
er,800,3173,8,8.0,7.9325,0,4070430463,270,0,2398,2398,363,2,True,3173,57168
er,800,3190,8,8.0,7.975,1,1326874650,283,0,2457,2457,370,0,True,3190,57598
er,800,3222,8,8.0,8.055,2,2263574898,300,0,2856,2856,405,0,True,3222,57776
er,800,3213,8,8.0,8.0325,3,1273050693,295,0,2604,2604,396,0,True,3213,58286
er,800,3272,8,8.0,8.18,4,1921875394,295,0,3465,3465,409,2,True,3272,60218
er,800,3146,8,8.0,7.865,5,298862180,313,0,2613,2613,406,0,True,3146,55014
er,800,3223,8,8.0,8.0575,6,2691836321,297,0,2562,2562,424,1,True,3223,57764
er,800,3151,8,8.0,7.8775,7,2837467960,283,0,3095,3095,385,0,True,3151,56362
er,800,3258,8,8.0,8.145,8,3368948074,280,0,2233,2233,395,1,True,3258,59362
er,800,3178,8,8.0,7.945,9,370650570,294,0,3730,3730,421,1,True,3178,56612
er,800,3212,8,8.0,8.03,10,1067884038,303,0,3717,3717,416,0,True,3212,57548
er,800,3178,8,8.0,7.945,11,2944696228,313,0,2697,2697,424,0,True,3178,57262
er,800,3107,8,8.0,7.7675,12,3306652463,283,0,2540,2540,375,0,True,3107,54778
er,800,3189,8,8.0,7.9725,13,3546258616,291,0,3924,3924,399,0,True,3189,57478
er,800,3326,8,8.0,8.315,14,4071625883,278,0,4069,4069,390,0,True,3326,62536
er,800,3255,8,8.0,8.1375,15,3347829544,297,0,4378,4378,409,0,True,3255,59026
er,800,3096,8,8.0,7.74,16,3635141261,291,0,3014,3014,387,0,True,3096,54212
er,800,3115,8,8.0,7.7875,17,1686818557,291,0,4219,4219,381,0,True,3115,54954
er,800,3257,8,8.0,8.1425,18,4263288446,292,0,2399,2399,393,0,True,3257,59756
er,800,3128,8,8.0,7.82,19,1469018798,313,0,3892,3892,415,2,True,3128,55394
er,800,3110,8,8.0,7.775,20,2342679509,273,0,4240,4240,362,0,True,3110,54588
er,800,3149,8,8.0,7.8725,21,2556566757,308,0,3064,3064,418,1,True,3149,55390
er,800,3270,8,8.0,8.175,22,3550848913,282,0,2435,2435,387,0,True,3270,59876
er,800,3085,8,8.0,7.7125,23,4063619574,294,0,2829,2829,395,0,True,3085,53802
er,800,3225,8,8.0,8.0625,24,1357161706,294,0,2454,2454,387,0,True,3225,58138
er,800,3119,8,8.0,7.7975,25,2413906862,297,0,2405,2405,417,0,True,3119,54732
er,800,3193,8,8.0,7.9825,26,2118621599,290,0,3234,3234,391,0,True,3193,57584
er,800,3172,8,8.0,7.93,27,1907468372,280,0,2993,2993,377,0,True,3172,56082
er,800,3249,8,8.0,8.1225,28,3272578896,314,0,2888,2888,427,0,True,3249,58994
er,800,3313,8,8.0,8.2825,29,1317044604,328,0,2468,2468,448,0,True,3313,61418
er,800,3171,8,8.0,7.9275,30,779233450,288,0,2974,2974,377,0,True,3171,56086
er,800,3221,8,8.0,8.0525,31,746640731,284,0,3054,3054,385,0,True,3221,57828
er,800,3201,8,8.0,8.0025,32,3443915777,298,0,3754,3754,377,0,True,3201,57582
er,800,3186,8,8.0,7.965,33,583542234,303,0,3424,3424,395,0,True,3186,57374
er,800,3186,8,8.0,7.965,34,467230254,287,0,2940,2940,395,0,True,3186,56814
er,800,3102,8,8.0,7.755,35,4120445038,288,0,2946,2946,388,1,True,3102,54222
er,800,3274,8,8.0,8.185,36,476080843,296,0,3165,3165,404,0,True,3274,59636
er,800,3194,8,8.0,7.985,37,2252672788,306,0,3408,3408,418,0,True,3194,57468
er,800,3185,8,8.0,7.9625,38,3510618918,300,0,2492,2492,401,0,True,3185,57358
er,800,3151,8,8.0,7.8775,39,3253300489,268,0,6546,6546,346,0,True,3151,55846
ba,100,384,8,8.0,7.68,0,3209785396,36,0,297,297,49,2,True,384,8906
ba,100,384,8,8.0,7.68,1,841596290,38,0,339,339,50,0,True,384,9056
ba,100,384,8,8.0,7.68,2,2303706655,32,0,202,202,50,0,True,384,8120
ba,100,384,8,8.0,7.68,3,3231179908,34,0,393,393,46,0,True,384,8874
ba,100,384,8,8.0,7.68,4,2764044875,29,0,301,301,41,0,True,384,9328
ba,100,384,8,8.0,7.68,5,2957608470,41,0,312,312,57,0,True,384,9458
ba,100,384,8,8.0,7.68,6,2895943498,38,0,567,567,48,1,True,384,9878
ba,100,384,8,8.0,7.68,7,3130635216,38,0,643,643,63,0,True,384,9320
ba,100,384,8,8.0,7.68,8,683667794,32,0,278,278,46,0,True,384,9238
ba,100,384,8,8.0,7.68,9,2626338766,33,0,419,419,48,0,True,384,8966
ba,100,384,8,8.0,7.68,10,2275677799,40,0,204,204,55,1,True,384,9948
ba,100,384,8,8.0,7.68,11,3826969099,39,0,231,231,47,1,True,384,9780
ba,100,384,8,8.0,7.68,12,984355805,33,0,226,226,46,2,True,384,9116
ba,100,384,8,8.0,7.68,13,4116404113,38,0,408,408,49,0,True,384,9170
ba,100,384,8,8.0,7.68,14,1538988616,40,0,273,273,48,0,True,384,8632
ba,100,384,8,8.0,7.68,15,3143676708,39,0,373,373,45,0,True,384,9380
ba,100,384,8,8.0,7.68,16,1450250716,43,0,238,238,51,0,True,384,9174
ba,100,384,8,8.0,7.68,17,1057245598,29,0,117,117,38,2,True,384,8906
ba,100,384,8,8.0,7.68,18,816194030,42,0,250,250,54,0,True,384,9292
ba,100,384,8,8.0,7.68,19,1926223725,40,0,385,385,48,0,True,384,8588
ba,100,384,8,8.0,7.68,20,411702013,27,0,166,166,43,3,True,384,9154
ba,100,384,8,8.0,7.68,21,930856551,35,0,229,229,53,1,True,384,8986
ba,100,384,8,8.0,7.68,22,4274189648,36,0,289,289,60,2,True,384,10032
ba,100,384,8,8.0,7.68,23,2738230616,35,0,454,454,41,1,True,384,9678
ba,100,384,8,8.0,7.68,24,3633879739,31,0,177,177,39,0,True,384,9120
ba,100,384,8,8.0,7.68,25,2334460625,40,0,202,202,54,1,True,384,8980
ba,100,384,8,8.0,7.68,26,3328693632,44,0,373,373,64,1,True,384,8390
ba,100,384,8,8.0,7.68,27,2600547437,34,0,289,289,46,2,True,384,9294
ba,100,384,8,8.0,7.68,28,772389755,40,0,378,378,49,0,True,384,9516
ba,100,384,8,8.0,7.68,29,488486035,29,0,180,180,44,1,True,384,9000
ba,100,384,8,8.0,7.68,30,4232284856,37,0,679,679,51,0,True,384,8860
ba,100,384,8,8.0,7.68,31,258216604,38,0,476,476,59,1,True,384,10566
ba,100,384,8,8.0,7.68,32,3916800490,28,0,234,234,42,0,True,384,8484
ba,100,384,8,8.0,7.68,33,978993906,32,0,313,313,49,1,True,384,8476
ba,100,384,8,8.0,7.68,34,2612648075,35,0,265,265,47,1,True,384,9140
ba,100,384,8,8.0,7.68,35,1445244222,36,0,254,254,47,2,True,384,8296
ba,100,384,8,8.0,7.68,36,368597470,38,0,672,672,51,1,True,384,9096
ba,100,384,8,8.0,7.68,37,611582774,26,0,251,251,40,1,True,384,9084
ba,100,384,8,8.0,7.68,38,4293935642,32,0,244,244,44,0,True,384,8374
ba,100,384,8,8.0,7.68,39,868675127,35,0,143,143,44,0,True,384,8494
ba,200,784,8,8.0,7.84,0,1201979833,66,0,692,692,88,1,True,784,20264
ba,200,784,8,8.0,7.84,1,1169020834,69,0,745,745,90,1,True,784,20510
ba,200,784,8,8.0,7.84,2,2264560042,77,0,789,789,94,1,True,784,20330
ba,200,784,8,8.0,7.84,3,2562490699,83,0,695,695,103,3,True,784,21396
ba,200,784,8,8.0,7.84,4,1054788466,84,0,504,504,101,1,True,784,21440
ba,200,784,8,8.0,7.84,5,1510574410,85,0,853,853,107,3,True,784,22726
ba,200,784,8,8.0,7.84,6,872783567,59,0,863,863,90,1,True,784,22320
ba,200,784,8,8.0,7.84,7,2504769242,72,0,1115,1115,101,2,True,784,21208
ba,200,784,8,8.0,7.84,8,3923870916,67,0,1212,1212,88,2,True,784,20102
ba,200,784,8,8.0,7.84,9,3000771280,77,0,660,660,102,1,True,784,21172
ba,200,784,8,8.0,7.84,10,2850325051,70,0,610,610,95,3,True,784,21152
ba,200,784,8,8.0,7.84,11,1048934476,62,0,547,547,86,2,True,784,19148
ba,200,784,8,8.0,7.84,12,2239057684,65,0,688,688,86,1,True,784,20218
ba,200,784,8,8.0,7.84,13,190825129,69,0,1413,1413,94,2,True,784,21036
ba,200,784,8,8.0,7.84,14,2458879704,77,0,605,605,104,1,True,784,21884
ba,200,784,8,8.0,7.84,15,2635381272,73,0,564,564,107,3,True,784,22250
ba,200,784,8,8.0,7.84,16,2552492502,76,0,644,644,115,2,True,784,20016
ba,200,784,8,8.0,7.84,17,26034491,81,0,792,792,106,2,True,784,20906
ba,200,784,8,8.0,7.84,18,1294560809,80,0,859,859,106,0,True,784,19592
ba,200,784,8,8.0,7.84,19,2146259747,66,0,1078,1078,97,2,True,784,21622
ba,200,784,8,8.0,7.84,20,805799628,71,0,1501,1501,109,1,True,784,20862
ba,200,784,8,8.0,7.84,21,2256855904,75,0,927,927,94,1,True,784,21810
ba,200,784,8,8.0,7.84,22,1936512210,76,0,1086,1086,90,1,True,784,21536
ba,200,784,8,8.0,7.84,23,3361997950,70,0,527,527,97,1,True,784,19804
ba,200,784,8,8.0,7.84,24,2340593341,77,0,627,627,109,1,True,784,21118
ba,200,784,8,8.0,7.84,25,1602053185,71,0,521,521,88,2,True,784,20080
ba,200,784,8,8.0,7.84,26,3370985838,72,0,1212,1212,88,1,True,784,22856
ba,200,784,8,8.0,7.84,27,224458436,71,0,759,759,104,1,True,784,20304
ba,200,784,8,8.0,7.84,28,4135901722,69,0,635,635,89,1,True,784,21148
ba,200,784,8,8.0,7.84,29,2403440659,73,0,663,663,107,4,True,784,21528
ba,200,784,8,8.0,7.84,30,2310313027,82,0,1145,1145,107,2,True,784,22590
ba,200,784,8,8.0,7.84,31,725176345,72,0,490,490,99,0,True,784,21594
ba,200,784,8,8.0,7.84,32,1711693885,64,0,517,517,88,2,True,784,21140
ba,200,784,8,8.0,7.84,33,232487595,61,0,586,586,86,3,True,784,22020
ba,200,784,8,8.0,7.84,34,3152845306,77,0,707,707,100,1,True,784,22826
ba,200,784,8,8.0,7.84,35,2929951381,70,0,616,616,94,2,True,784,21500
ba,200,784,8,8.0,7.84,36,1249524792,66,0,789,789,88,1,True,784,20888
ba,200,784,8,8.0,7.84,37,2045945044,75,0,622,622,105,0,True,784,20646
ba,200,784,8,8.0,7.84,38,1674233932,64,0,928,928,93,3,True,784,20278
ba,200,784,8,8.0,7.84,39,176023508,68,0,633,633,89,2,True,784,21516
ba,400,1584,8,8.0,7.92,0,2839564016,141,0,1908,1908,191,6,True,1584,46692
ba,400,1584,8,8.0,7.92,1,2875253690,141,0,1249,1249,201,5,True,1584,47196
ba,400,1584,8,8.0,7.92,2,2851897921,135,0,1434,1434,192,4,True,1584,48452
ba,400,1584,8,8.0,7.92,3,337732074,140,0,1288,1288,201,3,True,1584,47210
ba,400,1584,8,8.0,7.92,4,3962750810,139,0,2083,2083,202,5,True,1584,47720
ba,400,1584,8,8.0,7.92,5,177059882,145,0,1820,1820,200,6,True,1584,50974
ba,400,1584,8,8.0,7.92,6,3583901682,135,0,1468,1468,184,3,True,1584,46940
ba,400,1584,8,8.0,7.92,7,1754677692,148,0,2183,2183,199,4,True,1584,53712
ba,400,1584,8,8.0,7.92,8,42989145,142,0,2008,2008,212,7,True,1584,47364
ba,400,1584,8,8.0,7.92,9,3350255561,162,0,2049,2049,223,3,True,1584,44778
ba,400,1584,8,8.0,7.92,10,3052589472,150,0,1713,1713,202,6,True,1584,51534
ba,400,1584,8,8.0,7.92,11,1667422640,146,0,1730,1730,197,5,True,1584,50930
ba,400,1584,8,8.0,7.92,12,933621032,152,0,1904,1904,199,3,True,1584,49330
ba,400,1584,8,8.0,7.92,13,1954259936,148,0,1295,1295,197,5,True,1584,47502
ba,400,1584,8,8.0,7.92,14,1866879341,141,0,1668,1668,188,6,True,1584,50344
ba,400,1584,8,8.0,7.92,15,3031029505,146,0,1411,1411,197,3,True,1584,46030
ba,400,1584,8,8.0,7.92,16,2001185422,154,0,2117,2117,213,5,True,1584,47762
ba,400,1584,8,8.0,7.92,17,2960761890,145,0,1952,1952,180,4,True,1584,48302
ba,400,1584,8,8.0,7.92,18,3650486882,145,0,2564,2564,180,3,True,1584,46494
ba,400,1584,8,8.0,7.92,19,4174737855,139,0,2296,2296,198,1,True,1584,49644
ba,400,1584,8,8.0,7.92,20,146083082,149,0,2477,2477,206,3,True,1584,48866
ba,400,1584,8,8.0,7.92,21,3614633109,153,0,1567,1567,206,3,True,1584,47618
ba,400,1584,8,8.0,7.92,22,555907448,142,0,1736,1736,193,5,True,1584,50578
ba,400,1584,8,8.0,7.92,23,1920186172,141,0,1564,1564,196,8,True,1584,51376
ba,400,1584,8,8.0,7.92,24,860672624,145,0,1652,1652,209,4,True,1584,45688
ba,400,1584,8,8.0,7.92,25,3903338087,148,0,2687,2687,216,2,True,1584,45998
ba,400,1584,8,8.0,7.92,26,2226511378,146,0,1216,1216,188,4,True,1584,50644
ba,400,1584,8,8.0,7.92,27,532105831,143,0,1541,1541,186,4,True,1584,49050
ba,400,1584,8,8.0,7.92,28,1924811625,147,0,1623,1623,173,2,True,1584,51310
ba,400,1584,8,8.0,7.92,29,90719334,140,0,2672,2672,200,4,True,1584,48764
ba,400,1584,8,8.0,7.92,30,2974670423,142,0,2055,2055,212,3,True,1584,50630
ba,400,1584,8,8.0,7.92,31,726650203,146,0,1934,1934,200,6,True,1584,50628
ba,400,1584,8,8.0,7.92,32,2976367273,151,0,1745,1745,200,5,True,1584,49160
ba,400,1584,8,8.0,7.92,33,14783397,141,0,1855,1855,210,2,True,1584,47768
ba,400,1584,8,8.0,7.92,34,1901725728,152,0,2050,2050,212,6,True,1584,50352
ba,400,1584,8,8.0,7.92,35,902942506,152,0,2609,2609,210,2,True,1584,44568
ba,400,1584,8,8.0,7.92,36,3662584769,117,0,1566,1566,161,3,True,1584,46614
ba,400,1584,8,8.0,7.92,37,3224758463,142,0,2289,2289,193,5,True,1584,47568
ba,400,1584,8,8.0,7.92,38,3667341733,153,0,2791,2791,200,7,True,1584,47632
ba,400,1584,8,8.0,7.92,39,4172239421,140,0,1541,1541,195,2,True,1584,46332
ba,800,3184,8,8.0,7.96,0,3555655172,294,0,3696,3696,410,5,True,3184,102052
ba,800,3184,8,8.0,7.96,1,3451413000,283,0,3554,3554,403,8,True,3184,109926
ba,800,3184,8,8.0,7.96,2,2892103839,270,0,5028,5028,384,5,True,3184,111340
ba,800,3184,8,8.0,7.96,3,1322132918,300,0,2816,2816,432,10,True,3184,100326
ba,800,3184,8,8.0,7.96,4,989070331,276,0,3262,3262,382,6,True,3184,102418
ba,800,3184,8,8.0,7.96,5,58311961,312,0,3296,3296,429,8,True,3184,105028
ba,800,3184,8,8.0,7.96,6,1053585815,283,0,5499,5499,377,3,True,3184,100944
ba,800,3184,8,8.0,7.96,7,1327968907,288,0,4317,4317,401,14,True,3184,103890
ba,800,3184,8,8.0,7.96,8,3857545781,305,0,3708,3708,419,13,True,3184,113354
ba,800,3184,8,8.0,7.96,9,2826841303,279,0,2989,2989,401,9,True,3184,112566
ba,800,3184,8,8.0,7.96,10,2317047447,301,0,3199,3199,405,9,True,3184,114302
ba,800,3184,8,8.0,7.96,11,2121005244,301,0,4309,4309,409,5,True,3184,105554
ba,800,3184,8,8.0,7.96,12,4221320728,300,0,4592,4592,429,3,True,3184,108816
ba,800,3184,8,8.0,7.96,13,3786572140,298,0,3900,3900,412,11,True,3184,104096
ba,800,3184,8,8.0,7.96,14,187078366,288,0,3539,3539,416,15,True,3184,108474
ba,800,3184,8,8.0,7.96,15,2261862858,324,0,2580,2580,428,8,True,3184,111260
ba,800,3184,8,8.0,7.96,16,719700371,285,0,4177,4177,391,7,True,3184,113442
ba,800,3184,8,8.0,7.96,17,3586847588,293,0,3124,3124,397,8,True,3184,105580
ba,800,3184,8,8.0,7.96,18,4227467687,289,0,4493,4493,389,6,True,3184,105112
ba,800,3184,8,8.0,7.96,19,2552018145,277,0,3417,3417,407,8,True,3184,108718
ba,800,3184,8,8.0,7.96,20,2167195188,303,0,3315,3315,429,6,True,3184,105244
ba,800,3184,8,8.0,7.96,21,1134199821,289,0,3665,3665,392,8,True,3184,108408
ba,800,3184,8,8.0,7.96,22,1048891451,280,0,3421,3421,376,7,True,3184,100458
ba,800,3184,8,8.0,7.96,23,1589222018,302,0,3926,3926,412,7,True,3184,116520
ba,800,3184,8,8.0,7.96,24,3247435697,288,0,3540,3540,413,8,True,3184,108232
ba,800,3184,8,8.0,7.96,25,4286240885,284,0,3529,3529,387,12,True,3184,106164
ba,800,3184,8,8.0,7.96,26,876173909,298,0,6334,6334,396,3,True,3184,102068
ba,800,3184,8,8.0,7.96,27,936047931,300,0,3901,3901,418,11,True,3184,112614
ba,800,3184,8,8.0,7.96,28,4219934665,298,0,4063,4063,391,7,True,3184,107798
ba,800,3184,8,8.0,7.96,29,1312923346,297,0,3476,3476,400,11,True,3184,103568
ba,800,3184,8,8.0,7.96,30,421357657,295,0,3973,3973,394,8,True,3184,110170
ba,800,3184,8,8.0,7.96,31,947742766,274,0,3659,3659,393,5,True,3184,105680
ba,800,3184,8,8.0,7.96,32,941534454,274,0,4648,4648,379,10,True,3184,114980
ba,800,3184,8,8.0,7.96,33,252934608,282,0,3839,3839,372,7,True,3184,106382
ba,800,3184,8,8.0,7.96,34,3336743461,295,0,4130,4130,401,7,True,3184,103712
ba,800,3184,8,8.0,7.96,35,4267143600,289,0,3839,3839,406,12,True,3184,108038
ba,800,3184,8,8.0,7.96,36,457348465,269,0,5105,5105,388,12,True,3184,108746
ba,800,3184,8,8.0,7.96,37,2097787532,288,0,4049,4049,399,5,True,3184,117740
ba,800,3184,8,8.0,7.96,38,708501567,287,0,6752,6752,383,6,True,3184,97304
ba,800,3184,8,8.0,7.96,39,2670114225,298,0,5065,5065,463,10,True,3184,98972
ws,100,400,8,8.0,8.0,0,122171017,43,0,288,288,62,0,True,400,6454
ws,100,400,8,8.0,8.0,1,4177325635,35,0,181,181,44,0,True,400,6472
ws,100,400,8,8.0,8.0,2,2032925871,39,0,234,234,53,0,True,400,6476
ws,100,400,8,8.0,8.0,3,3683269725,31,0,246,246,38,0,True,400,6480
ws,100,400,8,8.0,8.0,4,1094008573,42,0,315,315,57,0,True,400,6468
ws,100,400,8,8.0,8.0,5,280231928,36,0,168,168,46,0,True,400,6462
ws,100,400,8,8.0,8.0,6,133203986,37,0,258,258,51,0,True,400,6476
ws,100,400,8,8.0,8.0,7,3496221361,35,0,262,262,49,0,True,400,6464
ws,100,400,8,8.0,8.0,8,3571639779,36,0,263,263,47,0,True,400,6480
ws,100,400,8,8.0,8.0,9,679903638,40,0,291,291,57,0,True,400,6450
ws,100,400,8,8.0,8.0,10,3781118872,41,0,181,181,49,0,True,400,6502
ws,100,400,8,8.0,8.0,11,4185517100,40,0,209,209,53,0,True,400,6464
ws,100,400,8,8.0,8.0,12,2359426140,29,0,301,301,40,0,True,400,6464
ws,100,400,8,8.0,8.0,13,2662791224,30,0,170,170,39,0,True,400,6468
ws,100,400,8,8.0,8.0,14,3734626222,41,0,230,230,55,0,True,400,6484
ws,100,400,8,8.0,8.0,15,1828632750,36,0,451,451,44,0,True,400,6504
ws,100,400,8,8.0,8.0,16,2191083200,44,0,248,248,53,0,True,400,6462
ws,100,400,8,8.0,8.0,17,2203200620,36,0,159,159,44,0,True,400,6494
ws,100,400,8,8.0,8.0,18,2313365831,35,0,220,220,45,0,True,400,6468
ws,100,400,8,8.0,8.0,19,4125937498,34,0,268,268,43,0,True,400,6490
ws,100,400,8,8.0,8.0,20,3367659241,35,0,341,341,44,0,True,400,6466
ws,100,400,8,8.0,8.0,21,1465857223,37,0,253,253,52,0,True,400,6456
ws,100,400,8,8.0,8.0,22,1096634235,34,0,244,244,43,0,True,400,6496
ws,100,400,8,8.0,8.0,23,956629415,44,0,140,140,57,0,True,400,6472
ws,100,400,8,8.0,8.0,24,1148462867,44,0,196,196,58,0,True,400,6488
ws,100,400,8,8.0,8.0,25,3148317087,37,0,287,287,48,0,True,400,6482
ws,100,400,8,8.0,8.0,26,290053074,39,0,263,263,52,0,True,400,6460
ws,100,400,8,8.0,8.0,27,3900610230,37,0,160,160,63,0,True,400,6484
ws,100,400,8,8.0,8.0,28,2765875525,39,0,207,207,51,0,True,400,6490
ws,100,400,8,8.0,8.0,29,1234664861,36,0,186,186,47,0,True,400,6504
ws,100,400,8,8.0,8.0,30,3988954925,35,0,262,262,43,0,True,400,6504
ws,100,400,8,8.0,8.0,31,831091149,33,0,201,201,45,0,True,400,6496
ws,100,400,8,8.0,8.0,32,819029490,36,0,235,235,51,0,True,400,6484
ws,100,400,8,8.0,8.0,33,3844617052,38,0,222,222,49,0,True,400,6478
ws,100,400,8,8.0,8.0,34,579297817,34,0,216,216,42,0,True,400,6486
ws,100,400,8,8.0,8.0,35,180168963,40,0,241,241,56,0,True,400,6456
ws,100,400,8,8.0,8.0,36,2257465508,43,0,179,179,57,0,True,400,6466
ws,100,400,8,8.0,8.0,37,1693541759,35,0,198,198,45,0,True,400,6488
ws,100,400,8,8.0,8.0,38,4017103198,42,0,299,299,55,0,True,400,6460
ws,100,400,8,8.0,8.0,39,3850010612,43,0,360,360,51,0,True,400,6480
ws,200,800,8,8.0,8.0,0,4131657796,84,0,752,752,107,0,True,800,12974
ws,200,800,8,8.0,8.0,1,3633621250,90,0,698,698,113,0,True,800,12964
ws,200,800,8,8.0,8.0,2,880422625,86,0,489,489,105,0,True,800,12944
ws,200,800,8,8.0,8.0,3,3351678760,80,0,567,567,99,0,True,800,12944
ws,200,800,8,8.0,8.0,4,1764021133,77,0,479,479,102,0,True,800,12932
ws,200,800,8,8.0,8.0,5,3207924335,71,0,536,536,91,0,True,800,12910
ws,200,800,8,8.0,8.0,6,616392700,76,0,548,548,103,0,True,800,12968
ws,200,800,8,8.0,8.0,7,3317530467,81,0,644,644,103,0,True,800,12960
ws,200,800,8,8.0,8.0,8,4247069575,76,0,699,699,101,0,True,800,12970
ws,200,800,8,8.0,8.0,9,3466563932,77,0,440,440,100,0,True,800,13004
ws,200,800,8,8.0,8.0,10,3932362365,74,0,501,501,103,0,True,800,13022
ws,200,800,8,8.0,8.0,11,2193652613,71,0,537,537,86,0,True,800,12950
ws,200,800,8,8.0,8.0,12,4214551998,73,0,591,591,89,0,True,800,12968
ws,200,800,8,8.0,8.0,13,1923037719,75,0,457,457,91,0,True,800,12942
ws,200,800,8,8.0,8.0,14,1486863153,67,0,627,627,82,0,True,800,12910
ws,200,800,8,8.0,8.0,15,523527589,80,0,572,572,101,0,True,800,12960
ws,200,800,8,8.0,8.0,16,3019130588,66,0,411,411,76,0,True,800,12944
ws,200,800,8,8.0,8.0,17,1443068283,75,0,403,403,97,0,True,800,12978
ws,200,800,8,8.0,8.0,18,423590448,81,0,900,900,117,0,True,800,12966
ws,200,800,8,8.0,8.0,19,435672392,72,0,384,384,101,0,True,800,12930
ws,200,800,8,8.0,8.0,20,1688628212,79,0,760,760,106,0,True,800,12954
ws,200,800,8,8.0,8.0,21,1132253509,75,0,965,965,92,0,True,800,12978
ws,200,800,8,8.0,8.0,22,2914236714,77,0,923,923,100,1,True,800,12964
ws,200,800,8,8.0,8.0,23,2037790859,76,0,423,423,98,0,True,800,12938
ws,200,800,8,8.0,8.0,24,1946538573,90,0,722,722,128,0,True,800,12956
ws,200,800,8,8.0,8.0,25,2783656290,76,0,522,522,93,0,True,800,12968
ws,200,800,8,8.0,8.0,26,321428210,69,0,570,570,86,0,True,800,12970
ws,200,800,8,8.0,8.0,27,1254201550,83,0,627,627,116,0,True,800,12936
ws,200,800,8,8.0,8.0,28,3725230966,77,0,446,446,105,0,True,800,12926
ws,200,800,8,8.0,8.0,29,2597145940,82,0,566,566,112,0,True,800,12944
ws,200,800,8,8.0,8.0,30,2199419038,70,0,531,531,92,0,True,800,12998
ws,200,800,8,8.0,8.0,31,3171790384,73,0,434,434,112,0,True,800,12926
ws,200,800,8,8.0,8.0,32,2724286115,73,0,482,482,104,0,True,800,12960
ws,200,800,8,8.0,8.0,33,3379475811,70,0,422,422,102,0,True,800,12940
ws,200,800,8,8.0,8.0,34,357196403,81,0,510,510,101,0,True,800,12976
ws,200,800,8,8.0,8.0,35,2739802879,75,0,457,457,105,0,True,800,12946
ws,200,800,8,8.0,8.0,36,3075879071,80,0,695,695,94,0,True,800,12926
ws,200,800,8,8.0,8.0,37,2087817990,71,0,514,514,95,0,True,800,12920
ws,200,800,8,8.0,8.0,38,496154949,80,0,581,581,109,0,True,800,12902
ws,200,800,8,8.0,8.0,39,2197343933,73,0,505,505,94,0,True,800,12924
ws,400,1600,8,8.0,8.0,0,925049817,146,0,1263,1263,202,1,True,1600,25872
ws,400,1600,8,8.0,8.0,1,1549356205,143,0,939,939,190,0,True,1600,25922
ws,400,1600,8,8.0,8.0,2,1814767370,143,0,1295,1295,175,0,True,1600,25940
ws,400,1600,8,8.0,8.0,3,1308448977,156,0,1239,1239,223,0,True,1600,25888
ws,400,1600,8,8.0,8.0,4,3957421878,137,0,1137,1137,191,0,True,1600,25956
ws,400,1600,8,8.0,8.0,5,1063392606,155,0,1620,1620,215,0,True,1600,25876
ws,400,1600,8,8.0,8.0,6,4033330396,135,0,2389,2389,162,0,True,1600,25938
ws,400,1600,8,8.0,8.0,7,1825015111,156,0,1384,1384,210,0,True,1600,25898
ws,400,1600,8,8.0,8.0,8,1484446166,140,0,1281,1281,195,0,True,1600,25912
ws,400,1600,8,8.0,8.0,9,789168492,152,0,1475,1475,201,0,True,1600,25986
ws,400,1600,8,8.0,8.0,10,4045914559,150,0,1037,1037,200,0,True,1600,25916
ws,400,1600,8,8.0,8.0,11,1623783119,160,0,801,801,216,0,True,1600,25894
ws,400,1600,8,8.0,8.0,12,2893160274,160,0,1450,1450,206,0,True,1600,25904
ws,400,1600,8,8.0,8.0,13,1240519718,154,0,1465,1465,200,0,True,1600,25896
ws,400,1600,8,8.0,8.0,14,3026041745,156,0,1158,1158,202,0,True,1600,25922
ws,400,1600,8,8.0,8.0,15,738554910,158,0,1077,1077,211,0,True,1600,25866
ws,400,1600,8,8.0,8.0,16,1374727262,166,0,2049,2049,234,1,True,1600,25878
ws,400,1600,8,8.0,8.0,17,1995105212,143,0,1149,1149,193,0,True,1600,25944
ws,400,1600,8,8.0,8.0,18,3396236351,144,0,1260,1260,183,0,True,1600,25900
ws,400,1600,8,8.0,8.0,19,2611424574,122,0,1374,1374,159,1,True,1600,25910
ws,400,1600,8,8.0,8.0,20,4002207640,152,0,1242,1242,197,0,True,1600,25892
ws,400,1600,8,8.0,8.0,21,2450413809,149,0,2336,2336,199,0,True,1600,25990
ws,400,1600,8,8.0,8.0,22,4036371809,159,0,1624,1624,213,0,True,1600,25922
ws,400,1600,8,8.0,8.0,23,971125465,142,0,1226,1226,190,0,True,1600,25950
ws,400,1600,8,8.0,8.0,24,2718068740,147,0,2000,2000,186,0,True,1600,25916
ws,400,1600,8,8.0,8.0,25,722758515,150,0,1071,1071,190,0,True,1600,25904
ws,400,1600,8,8.0,8.0,26,3884935007,152,0,1585,1585,206,0,True,1600,25950
ws,400,1600,8,8.0,8.0,27,2922109558,143,0,902,902,181,0,True,1600,25948
ws,400,1600,8,8.0,8.0,28,3586494331,152,0,1184,1184,200,0,True,1600,25922
ws,400,1600,8,8.0,8.0,29,445370536,154,0,1507,1507,201,0,True,1600,25908
ws,400,1600,8,8.0,8.0,30,1315207556,152,0,1003,1003,202,2,True,1600,25936
ws,400,1600,8,8.0,8.0,31,3161969444,142,0,2341,2341,191,0,True,1600,25884
ws,400,1600,8,8.0,8.0,32,3241309326,139,0,1229,1229,183,0,True,1600,25894
ws,400,1600,8,8.0,8.0,33,1350005972,152,0,1509,1509,201,0,True,1600,25858
ws,400,1600,8,8.0,8.0,34,2350496070,147,0,853,853,200,1,True,1600,25904
ws,400,1600,8,8.0,8.0,35,691086174,151,0,1065,1065,213,0,True,1600,25934
ws,400,1600,8,8.0,8.0,36,3408607720,157,0,1284,1284,203,1,True,1600,25932
ws,400,1600,8,8.0,8.0,37,2077445322,147,0,954,954,187,0,True,1600,25904
ws,400,1600,8,8.0,8.0,38,1924904842,156,0,1734,1734,206,0,True,1600,25904
ws,400,1600,8,8.0,8.0,39,3231355837,156,0,1196,1196,208,0,True,1600,25946
ws,800,3200,8,8.0,8.0,0,3551649088,304,0,3143,3143,403,0,True,3200,51788
ws,800,3200,8,8.0,8.0,1,3262612889,295,0,6500,6500,380,1,True,3200,51854
ws,800,3200,8,8.0,8.0,2,2458117231,304,0,2073,2073,407,1,True,3200,51822
ws,800,3200,8,8.0,8.0,3,3982396897,319,0,2727,2727,404,0,True,3200,51812
ws,800,3200,8,8.0,8.0,4,3208680424,312,0,3157,3157,415,0,True,3200,51792
ws,800,3200,8,8.0,8.0,5,571380901,300,0,3204,3204,393,0,True,3200,51858
ws,800,3200,8,8.0,8.0,6,2386626915,274,0,2740,2740,346,0,True,3200,51868
ws,800,3200,8,8.0,8.0,7,3417964999,312,0,2507,2507,420,0,True,3200,51742
ws,800,3200,8,8.0,8.0,8,3284917169,293,0,2664,2664,371,0,True,3200,51776
ws,800,3200,8,8.0,8.0,9,3065076865,296,0,4673,4673,417,0,True,3200,51782
ws,800,3200,8,8.0,8.0,10,3704137783,293,0,4322,4322,383,0,True,3200,51768
ws,800,3200,8,8.0,8.0,11,2219923191,299,0,5645,5645,408,0,True,3200,51786
ws,800,3200,8,8.0,8.0,12,124284557,308,0,3164,3164,398,0,True,3200,51784
ws,800,3200,8,8.0,8.0,13,282249149,297,0,2117,2117,373,0,True,3200,51794
ws,800,3200,8,8.0,8.0,14,221053138,306,0,2549,2549,391,0,True,3200,51768
ws,800,3200,8,8.0,8.0,15,2172531278,303,0,3627,3627,391,0,True,3200,51884
ws,800,3200,8,8.0,8.0,16,1637624037,302,0,2424,2424,385,1,True,3200,51846
ws,800,3200,8,8.0,8.0,17,783406430,286,0,2560,2560,384,1,True,3200,51806
ws,800,3200,8,8.0,8.0,18,3687600336,309,0,2348,2348,414,0,True,3200,51792
ws,800,3200,8,8.0,8.0,19,3091663017,299,0,2637,2637,379,1,True,3200,51808
ws,800,3200,8,8.0,8.0,20,2455120917,313,0,2878,2878,422,0,True,3200,51702
ws,800,3200,8,8.0,8.0,21,4103749106,299,0,3466,3466,409,0,True,3200,51778
ws,800,3200,8,8.0,8.0,22,4088929766,296,0,2770,2770,388,0,True,3200,51742
ws,800,3200,8,8.0,8.0,23,3254666076,306,0,3059,3059,413,0,True,3200,51826
ws,800,3200,8,8.0,8.0,24,1994459701,295,0,2724,2724,400,0,True,3200,51808
ws,800,3200,8,8.0,8.0,25,20026121,294,0,3110,3110,382,1,True,3200,51770
ws,800,3200,8,8.0,8.0,26,275657205,303,0,3262,3262,404,0,True,3200,51796
ws,800,3200,8,8.0,8.0,27,308545244,297,0,2189,2189,401,0,True,3200,51756
ws,800,3200,8,8.0,8.0,28,1798437070,297,0,2651,2651,388,0,True,3200,51858
ws,800,3200,8,8.0,8.0,29,2692033167,299,0,5323,5323,395,1,True,3200,51848
ws,800,3200,8,8.0,8.0,30,893821816,292,0,2685,2685,397,1,True,3200,51790
ws,800,3200,8,8.0,8.0,31,2296315186,290,0,2369,2369,384,1,True,3200,51780
ws,800,3200,8,8.0,8.0,32,2436719902,307,0,4348,4348,437,0,True,3200,51738
ws,800,3200,8,8.0,8.0,33,2513556717,306,0,3353,3353,401,0,True,3200,51878
ws,800,3200,8,8.0,8.0,34,2828861018,288,0,2473,2473,368,0,True,3200,51822
ws,800,3200,8,8.0,8.0,35,3311638965,277,0,2780,2780,362,1,True,3200,51770
ws,800,3200,8,8.0,8.0,36,3607450415,319,0,2649,2649,435,1,True,3200,51844
ws,800,3200,8,8.0,8.0,37,2640942463,299,0,2602,2602,401,0,True,3200,51822
ws,800,3200,8,8.0,8.0,38,2377621457,309,0,2590,2590,405,0,True,3200,51780
ws,800,3200,8,8.0,8.0,39,1266082992,314,0,2080,2080,412,0,True,3200,51798
er,100,558,8,12.0,11.16,0,562079138,45,0,334,334,67,0,True,558,13386
er,100,621,8,12.0,12.42,1,2303304293,42,0,1163,1163,69,2,True,621,16548
er,100,568,8,12.0,11.36,2,2050794117,44,0,518,518,69,0,True,568,13868
er,100,602,8,12.0,12.04,3,3020012101,50,0,415,415,67,4,True,602,15600
er,100,664,8,12.0,13.28,4,3511214951,50,0,313,313,88,3,True,664,18748
er,100,619,8,12.0,12.38,5,3790099868,53,0,267,267,76,1,True,619,16160
er,100,625,8,12.0,12.5,6,3500194835,48,0,358,358,78,1,True,625,16296
er,100,606,8,12.0,12.12,7,3544679967,45,0,371,371,66,0,True,606,15822
er,100,600,8,12.0,12.0,8,1388409797,56,0,439,439,79,0,True,600,15416
er,100,590,8,12.0,11.8,9,139406642,49,0,483,483,65,1,True,590,14930
er,100,615,8,12.0,12.3,10,1668493875,51,0,167,167,73,2,True,615,16120
er,100,617,8,12.0,12.34,11,4003820938,53,0,344,344,77,0,True,617,16316
er,100,602,8,12.0,12.04,12,2341337909,48,0,263,263,83,0,True,602,15580
er,100,595,8,12.0,11.9,13,901469237,49,0,258,258,78,1,True,595,15146
er,100,619,8,12.0,12.38,14,179641105,59,0,427,427,89,1,True,619,16762
er,100,613,8,12.0,12.26,15,1659428619,42,0,430,430,68,2,True,613,15906
er,100,544,8,12.0,10.88,16,2502001351,42,0,436,436,61,1,True,544,12974
er,100,595,8,12.0,11.9,17,1197270370,50,0,281,281,78,1,True,595,15036
er,100,616,8,12.0,12.32,18,2507179449,49,0,245,245,68,1,True,616,16286
er,100,601,8,12.0,12.02,19,2049910190,50,0,259,259,79,1,True,601,15406
er,100,597,8,12.0,11.94,20,3569845195,49,0,407,407,74,0,True,597,15280
er,100,603,8,12.0,12.06,21,4244018225,47,0,386,386,76,0,True,603,15586
er,100,607,8,12.0,12.14,22,440627708,42,0,304,304,64,2,True,607,15688
er,100,576,8,12.0,11.52,23,478375808,49,0,505,505,67,2,True,576,14404
er,100,623,8,12.0,12.46,24,707295206,54,0,275,275,84,1,True,623,16618
er,100,587,8,12.0,11.74,25,3658964984,42,0,314,314,61,1,True,587,14686
er,100,589,8,12.0,11.78,26,3194049273,50,0,435,435,78,1,True,589,14832
er,100,564,8,12.0,11.28,27,2107874662,53,0,338,338,71,0,True,564,13754
er,100,630,8,12.0,12.6,28,3973322379,46,0,268,268,66,0,True,630,17270
er,100,588,8,12.0,11.76,29,2961355865,45,0,254,254,67,0,True,588,14706
er,100,606,8,12.0,12.12,30,4217747325,50,0,325,325,73,0,True,606,15708
er,100,645,8,12.0,12.9,31,3065083306,48,0,353,353,79,1,True,645,17914
er,100,614,8,12.0,12.28,32,3491829317,46,0,400,400,74,2,True,614,16082
er,100,576,8,12.0,11.52,33,2279901359,50,0,448,448,73,1,True,576,14254
er,100,618,8,12.0,12.36,34,5743360,40,0,273,273,61,2,True,618,16328
er,100,616,8,12.0,12.32,35,266626739,49,0,586,586,62,1,True,616,16272
er,100,613,8,12.0,12.26,36,3055602219,47,0,406,406,72,1,True,613,15936
er,100,576,8,12.0,11.52,37,4239060283,53,0,298,298,84,2,True,576,14266
er,100,588,8,12.0,11.76,38,1024397878,44,0,342,342,61,0,True,588,14636
er,100,608,8,12.0,12.16,39,2321050167,48,0,410,410,77,2,True,608,15792
er,200,1140,8,12.0,11.4,0,454979599,96,0,495,495,153,3,True,1140,28162
er,200,1206,8,12.0,12.06,1,565721399,87,0,722,722,131,1,True,1206,31548
er,200,1238,8,12.0,12.38,2,3537523632,116,0,833,833,166,5,True,1238,32878
er,200,1153,8,12.0,11.53,3,2198898359,103,0,757,757,154,1,True,1153,29020
er,200,1232,8,12.0,12.32,4,49638623,96,0,419,419,152,2,True,1232,32432
er,200,1195,8,12.0,11.95,5,2826075913,89,0,940,940,140,3,True,1195,30872
er,200,1200,8,12.0,12.0,6,1632925908,98,0,769,769,147,2,True,1200,30860
er,200,1270,8,12.0,12.7,7,4142859946,93,0,768,768,144,2,True,1270,35098
er,200,1231,8,12.0,12.31,8,2631313191,101,0,728,728,155,3,True,1231,32872
er,200,1220,8,12.0,12.2,9,2709001194,98,0,580,580,151,4,True,1220,32194
er,200,1157,8,12.0,11.57,10,472946215,90,0,760,760,144,0,True,1157,28776
er,200,1212,8,12.0,12.12,11,1510396259,104,0,746,746,152,1,True,1212,31334
er,200,1247,8,12.0,12.47,12,3671110973,100,0,452,452,170,2,True,1247,32946
er,200,1189,8,12.0,11.89,13,107554969,100,0,566,566,150,0,True,1189,30526
er,200,1141,8,12.0,11.41,14,2139230156,93,0,747,747,141,4,True,1141,28132
er,200,1265,8,12.0,12.65,15,3164144096,105,0,829,829,172,1,True,1265,34456
er,200,1162,8,12.0,11.62,16,180741621,96,0,1028,1028,156,3,True,1162,28890
er,200,1216,8,12.0,12.16,17,3713810700,100,0,602,602,153,0,True,1216,32096
er,200,1186,8,12.0,11.86,18,1609785868,79,0,1013,1013,120,2,True,1186,30240
er,200,1237,8,12.0,12.37,19,2825415031,100,0,523,523,154,3,True,1237,32800
er,200,1180,8,12.0,11.8,20,3460690447,106,0,798,798,163,0,True,1180,30256
er,200,1180,8,12.0,11.8,21,1838842784,89,0,615,615,141,0,True,1180,30070
er,200,1150,8,12.0,11.5,22,2738519371,88,0,508,508,128,1,True,1150,28488
er,200,1203,8,12.0,12.03,23,2386511803,89,0,1793,1793,143,4,True,1203,31026
er,200,1214,8,12.0,12.14,24,1032041192,106,0,811,811,152,1,True,1214,32174
er,200,1240,8,12.0,12.4,25,113007654,99,0,1139,1139,154,2,True,1240,32832
er,200,1222,8,12.0,12.22,26,1718404967,96,0,802,802,142,0,True,1222,32128
er,200,1194,8,12.0,11.94,27,3962072855,102,0,813,813,147,2,True,1194,30496
er,200,1210,8,12.0,12.1,28,2788708580,97,0,720,720,137,1,True,1210,31634
er,200,1240,8,12.0,12.4,29,4228932241,101,0,860,860,158,1,True,1240,33104
er,200,1246,8,12.0,12.46,30,2235820092,103,0,806,806,146,1,True,1246,33240
er,200,1136,8,12.0,11.36,31,2346532155,98,0,774,774,151,2,True,1136,27878
er,200,1218,8,12.0,12.18,32,3576535518,93,0,694,694,149,1,True,1218,31402
er,200,1250,8,12.0,12.5,33,3159891973,103,0,754,754,157,4,True,1250,33262
er,200,1207,8,12.0,12.07,34,3972196186,93,0,544,544,138,3,True,1207,31692
er,200,1164,8,12.0,11.64,35,4158645743,86,0,652,652,137,0,True,1164,29578
er,200,1176,8,12.0,11.76,36,549798125,102,0,533,533,153,2,True,1176,30256
er,200,1227,8,12.0,12.27,37,3765944987,101,0,944,944,152,1,True,1227,32362
er,200,1245,8,12.0,12.45,38,2669121659,99,0,641,641,157,1,True,1245,33164
er,200,1267,8,12.0,12.67,39,1225994806,116,0,1013,1013,176,0,True,1267,34890
er,400,2392,8,12.0,11.96,0,50923368,194,0,3488,3488,279,0,True,2392,61566
er,400,2331,8,12.0,11.655,1,156679969,194,0,1574,1574,306,6,True,2331,59160
er,400,2405,8,12.0,12.025,2,3429831443,195,0,1895,1895,297,5,True,2405,62448
er,400,2439,8,12.0,12.195,3,2884503121,192,0,1813,1813,288,3,True,2439,63976
er,400,2388,8,12.0,11.94,4,3314694730,211,0,1424,1424,316,7,True,2388,61788
er,400,2382,8,12.0,11.91,5,3261114763,192,0,2429,2429,284,5,True,2382,61474
er,400,2407,8,12.0,12.035,6,2201096240,196,0,3401,3401,276,3,True,2407,62622
er,400,2407,8,12.0,12.035,7,2579378883,195,0,1797,1797,295,5,True,2407,62494
er,400,2400,8,12.0,12.0,8,1231561849,185,0,1696,1696,297,3,True,2400,61788
er,400,2441,8,12.0,12.205,9,1104174752,187,0,2391,2391,270,1,True,2441,63912
er,400,2382,8,12.0,11.91,10,2130120744,202,0,2102,2102,315,2,True,2382,61186
er,400,2339,8,12.0,11.695,11,1050705549,190,0,1767,1767,290,2,True,2339,59848
er,400,2386,8,12.0,11.93,12,2811828428,180,0,2103,2103,274,7,True,2386,61562
er,400,2379,8,12.0,11.895,13,3573935315,185,0,1805,1805,289,2,True,2379,61110
er,400,2366,8,12.0,11.83,14,3881011116,193,0,2229,2229,293,2,True,2366,60400
er,400,2458,8,12.0,12.29,15,1323685013,203,0,1686,1686,309,2,True,2458,65002
er,400,2359,8,12.0,11.795,16,4228052027,185,0,1565,1565,291,1,True,2359,60036
er,400,2427,8,12.0,12.135,17,3205818242,201,0,2408,2408,324,4,True,2427,63416
er,400,2466,8,12.0,12.33,18,424375047,198,0,1607,1607,306,3,True,2466,64990
er,400,2355,8,12.0,11.775,19,1459948507,193,0,1268,1268,297,6,True,2355,59930
er,400,2392,8,12.0,11.96,20,2602460013,204,0,1617,1617,307,2,True,2392,61662
er,400,2388,8,12.0,11.94,21,2300220578,187,0,1369,1369,254,5,True,2388,62050
er,400,2487,8,12.0,12.435,22,3395176464,197,0,2126,2126,315,2,True,2487,66852
er,400,2416,8,12.0,12.08,23,1796275666,190,0,2347,2347,296,3,True,2416,62518
er,400,2413,8,12.0,12.065,24,2156527797,186,0,1460,1460,275,2,True,2413,62772
er,400,2339,8,12.0,11.695,25,2738864215,181,0,3192,3192,272,2,True,2339,59118
er,400,2411,8,12.0,12.055,26,1109519194,181,0,1989,1989,287,4,True,2411,62396
er,400,2412,8,12.0,12.06,27,2266277500,189,0,2936,2936,298,4,True,2412,62858
er,400,2457,8,12.0,12.285,28,1768902921,203,0,2267,2267,313,5,True,2457,65586
er,400,2408,8,12.0,12.04,29,2950240627,184,0,1587,1587,289,2,True,2408,62736
er,400,2423,8,12.0,12.115,30,167622746,193,0,2038,2038,286,5,True,2423,63688
er,400,2485,8,12.0,12.425,31,774926060,202,0,2230,2230,323,6,True,2485,66294
er,400,2370,8,12.0,11.85,32,1829300091,191,0,1543,1543,285,1,True,2370,60426
er,400,2484,8,12.0,12.42,33,457365838,200,0,1505,1505,308,2,True,2484,66124
er,400,2421,8,12.0,12.105,34,1019232070,204,0,1678,1678,311,4,True,2421,63364
er,400,2451,8,12.0,12.255,35,1292728795,209,0,1979,1979,318,5,True,2451,64880
er,400,2311,8,12.0,11.555,36,2811273930,183,0,1625,1625,274,2,True,2311,57762
er,400,2363,8,12.0,11.815,37,2967077452,199,0,1932,1932,309,8,True,2363,60204
er,400,2413,8,12.0,12.065,38,3381749719,197,0,2238,2238,308,4,True,2413,63170
er,400,2429,8,12.0,12.145,39,416472671,191,0,1581,1581,294,5,True,2429,64442
er,800,4830,8,12.0,12.075,0,1716356000,387,0,4097,4097,584,7,True,4830,125750
er,800,4724,8,12.0,11.81,1,1259591016,379,0,3299,3299,573,10,True,4724,120892
er,800,4719,8,12.0,11.7975,2,2638811463,402,0,3257,3257,619,5,True,4719,120804
er,800,4801,8,12.0,12.0025,3,808677168,401,0,4955,4955,621,11,True,4801,124062
er,800,4860,8,12.0,12.15,4,1229902976,420,0,4419,4419,649,7,True,4860,128952
er,800,4778,8,12.0,11.945,5,1518091275,396,0,3814,3814,592,9,True,4778,123800
er,800,4770,8,12.0,11.925,6,2616199356,394,0,5194,5194,599,2,True,4770,123118
er,800,4858,8,12.0,12.145,7,1728516606,394,0,4377,4377,569,6,True,4858,128212
er,800,4794,8,12.0,11.985,8,3218335238,395,0,5299,5299,587,6,True,4794,124618
er,800,4727,8,12.0,11.8175,9,327337708,379,0,3337,3337,600,7,True,4727,121240
er,800,4732,8,12.0,11.83,10,4019339329,381,0,2485,2485,563,5,True,4732,120718
er,800,4825,8,12.0,12.0625,11,1739654608,365,0,4383,4383,568,10,True,4825,127346
er,800,4852,8,12.0,12.13,12,3329105335,392,0,4551,4551,628,6,True,4852,126738
er,800,4675,8,12.0,11.6875,13,2221002597,368,0,4269,4269,542,5,True,4675,117494
er,800,4804,8,12.0,12.01,14,772120262,394,0,3896,3896,590,8,True,4804,124912
er,800,4762,8,12.0,11.905,15,2970559117,393,0,8691,8691,586,6,True,4762,121894
er,800,4842,8,12.0,12.105,16,2673728728,397,0,5034,5034,623,5,True,4842,126122
er,800,4892,8,12.0,12.23,17,40466221,375,0,4078,4078,614,3,True,4892,129440
er,800,4766,8,12.0,11.915,18,1868319846,391,0,3720,3720,625,5,True,4766,122728
er,800,4758,8,12.0,11.895,19,2118902379,389,0,3702,3702,590,4,True,4758,121708
er,800,4707,8,12.0,11.7675,20,1267410676,392,0,4352,4352,608,8,True,4707,119568
er,800,4764,8,12.0,11.91,21,3766581223,360,0,3398,3398,551,8,True,4764,122554
er,800,4831,8,12.0,12.0775,22,1536428328,377,0,4495,4495,607,6,True,4831,125884
er,800,4818,8,12.0,12.045,23,1115334410,377,0,6416,6416,574,2,True,4818,124888
er,800,4860,8,12.0,12.15,24,3151422793,409,0,2959,2959,631,7,True,4860,128176
er,800,4802,8,12.0,12.005,25,2872272429,391,0,4785,4785,597,4,True,4802,124242
er,800,4803,8,12.0,12.0075,26,3612378287,398,0,3816,3816,600,6,True,4803,125054
er,800,4906,8,12.0,12.265,27,2987435754,388,0,5591,5591,592,7,True,4906,130318
er,800,4793,8,12.0,11.9825,28,2675450952,373,0,5210,5210,582,5,True,4793,124552
er,800,4816,8,12.0,12.04,29,2672503103,389,0,3299,3299,586,4,True,4816,125312
er,800,4761,8,12.0,11.9025,30,53862846,365,0,3217,3217,562,7,True,4761,123274
er,800,4711,8,12.0,11.7775,31,2448789439,388,0,2973,2973,608,6,True,4711,119984
er,800,4824,8,12.0,12.06,32,2895462498,393,0,3148,3148,602,5,True,4824,125724
er,800,4783,8,12.0,11.9575,33,3087398527,393,0,3598,3598,626,5,True,4783,123836
er,800,4887,8,12.0,12.2175,34,1222688724,387,0,5767,5767,639,8,True,4887,129222
er,800,4870,8,12.0,12.175,35,1471956856,395,0,3567,3567,611,6,True,4870,128302
er,800,4857,8,12.0,12.1425,36,3810675278,394,0,3566,3566,606,10,True,4857,128342
er,800,4760,8,12.0,11.9,37,2683735126,404,0,4298,4298,616,9,True,4760,122352
er,800,4720,8,12.0,11.8,38,1702281502,395,0,6055,6055,598,7,True,4720,121490
er,800,4843,8,12.0,12.1075,39,730800174,395,0,5244,5244,615,5,True,4843,127638
ba,100,564,8,12.0,11.28,0,3023971603,41,0,271,271,62,4,True,564,17764
ba,100,564,8,12.0,11.28,1,282639303,37,0,267,267,56,3,True,564,17706
ba,100,564,8,12.0,11.28,2,3096384765,47,0,247,247,73,4,True,564,17270
ba,100,564,8,12.0,11.28,3,141692092,53,0,524,524,88,0,True,564,17634
ba,100,564,8,12.0,11.28,4,1110572612,40,0,293,293,63,1,True,564,17262
ba,100,564,8,12.0,11.28,5,122820808,46,0,278,278,70,2,True,564,18034
ba,100,564,8,12.0,11.28,6,567923765,42,0,318,318,56,0,True,564,17840
ba,100,564,8,12.0,11.28,7,1131816623,46,0,316,316,67,5,True,564,17886
ba,100,564,8,12.0,11.28,8,2350643214,48,0,256,256,69,2,True,564,17436
ba,100,564,8,12.0,11.28,9,3251437062,44,0,296,296,67,5,True,564,17328
ba,100,564,8,12.0,11.28,10,4179177942,47,0,323,323,71,4,True,564,17060
ba,100,564,8,12.0,11.28,11,3616570385,53,0,278,278,75,3,True,564,17248
ba,100,564,8,12.0,11.28,12,2528623453,44,0,196,196,72,2,True,564,17918
ba,100,564,8,12.0,11.28,13,4137280077,36,0,269,269,63,4,True,564,17224
ba,100,564,8,12.0,11.28,14,611731640,51,0,288,288,78,1,True,564,18254
ba,100,564,8,12.0,11.28,15,2718857179,44,0,404,404,64,3,True,564,17256
ba,100,564,8,12.0,11.28,16,2563372933,39,0,316,316,49,0,True,564,17702
ba,100,564,8,12.0,11.28,17,2035302948,44,0,235,235,68,3,True,564,17576
ba,100,564,8,12.0,11.28,18,445042961,39,0,808,808,67,5,True,564,18156
ba,100,564,8,12.0,11.28,19,3711551758,51,0,455,455,79,4,True,564,18580
ba,100,564,8,12.0,11.28,20,2194697874,50,0,441,441,76,3,True,564,18062
ba,100,564,8,12.0,11.28,21,11931252,52,0,371,371,76,2,True,564,17762
ba,100,564,8,12.0,11.28,22,2052892233,46,0,419,419,72,3,True,564,18508
ba,100,564,8,12.0,11.28,23,3982609049,51,0,388,388,72,2,True,564,17828
ba,100,564,8,12.0,11.28,24,2642021321,45,0,420,420,60,3,True,564,17530
ba,100,564,8,12.0,11.28,25,2681750077,48,0,515,515,75,2,True,564,17276
ba,100,564,8,12.0,11.28,26,477034516,41,0,283,283,66,1,True,564,16922
ba,100,564,8,12.0,11.28,27,2434441061,49,0,451,451,68,1,True,564,16988
ba,100,564,8,12.0,11.28,28,1785437531,46,0,544,544,65,3,True,564,17554
ba,100,564,8,12.0,11.28,29,3497771830,45,0,445,445,68,2,True,564,17190
ba,100,564,8,12.0,11.28,30,1886735730,50,0,267,267,68,3,True,564,18140
ba,100,564,8,12.0,11.28,31,2526279226,48,0,272,272,81,2,True,564,17492
ba,100,564,8,12.0,11.28,32,2352858902,48,0,369,369,79,1,True,564,16664
ba,100,564,8,12.0,11.28,33,3363646340,41,0,472,472,63,5,True,564,17838
ba,100,564,8,12.0,11.28,34,2758989311,53,0,394,394,76,1,True,564,17904
ba,100,564,8,12.0,11.28,35,793943366,54,0,314,314,78,4,True,564,17462
ba,100,564,8,12.0,11.28,36,3365454868,45,0,410,410,82,4,True,564,18228
ba,100,564,8,12.0,11.28,37,2233654157,43,0,480,480,68,1,True,564,17620
ba,100,564,8,12.0,11.28,38,427850543,45,0,279,279,72,3,True,564,17974
ba,100,564,8,12.0,11.28,39,3197463636,48,0,417,417,82,3,True,564,19004
ba,200,1164,8,12.0,11.64,0,3057205803,104,0,1164,1164,161,5,True,1164,43104
ba,200,1164,8,12.0,11.64,1,4025739403,101,0,1023,1023,152,5,True,1164,40836
ba,200,1164,8,12.0,11.64,2,3341575739,91,0,888,888,142,12,True,1164,41380
ba,200,1164,8,12.0,11.64,3,3320247318,97,0,975,975,142,7,True,1164,40644
ba,200,1164,8,12.0,11.64,4,3485665286,91,0,1195,1195,137,2,True,1164,41746
ba,200,1164,8,12.0,11.64,5,1123999942,98,0,897,897,135,9,True,1164,40614
ba,200,1164,8,12.0,11.64,6,3777670591,94,0,479,479,159,7,True,1164,43300
ba,200,1164,8,12.0,11.64,7,2446035955,98,0,1227,1227,153,6,True,1164,41594
ba,200,1164,8,12.0,11.64,8,3420557357,96,0,812,812,166,7,True,1164,41348
ba,200,1164,8,12.0,11.64,9,3364488221,103,0,696,696,159,3,True,1164,40900
ba,200,1164,8,12.0,11.64,10,431627246,100,0,931,931,170,13,True,1164,42288
ba,200,1164,8,12.0,11.64,11,2142707271,84,0,807,807,127,7,True,1164,40944
ba,200,1164,8,12.0,11.64,12,2364749627,103,0,1093,1093,146,3,True,1164,42140
ba,200,1164,8,12.0,11.64,13,861325003,85,0,578,578,141,6,True,1164,41516
ba,200,1164,8,12.0,11.64,14,2280295715,92,0,1176,1176,139,8,True,1164,42090
ba,200,1164,8,12.0,11.64,15,3230826504,91,0,1233,1233,136,8,True,1164,42246
ba,200,1164,8,12.0,11.64,16,3363975397,86,0,787,787,129,8,True,1164,43400
ba,200,1164,8,12.0,11.64,17,148855810,89,0,981,981,148,4,True,1164,45364
ba,200,1164,8,12.0,11.64,18,1563911557,96,0,1041,1041,158,4,True,1164,41406
ba,200,1164,8,12.0,11.64,19,2112700209,80,0,1386,1386,126,7,True,1164,40854
ba,200,1164,8,12.0,11.64,20,3464633115,94,0,766,766,128,5,True,1164,44046
ba,200,1164,8,12.0,11.64,21,1646611288,104,0,752,752,166,6,True,1164,45172
ba,200,1164,8,12.0,11.64,22,1934701341,99,0,835,835,145,5,True,1164,44154
ba,200,1164,8,12.0,11.64,23,1996024633,95,0,2023,2023,140,9,True,1164,43048
ba,200,1164,8,12.0,11.64,24,2835031773,97,0,708,708,156,5,True,1164,43150
ba,200,1164,8,12.0,11.64,25,2987879490,93,0,741,741,149,8,True,1164,41388
ba,200,1164,8,12.0,11.64,26,1090648213,83,0,888,888,130,6,True,1164,42580
ba,200,1164,8,12.0,11.64,27,786582160,104,0,793,793,163,8,True,1164,42910
ba,200,1164,8,12.0,11.64,28,2944025819,99,0,1160,1160,145,6,True,1164,43268
ba,200,1164,8,12.0,11.64,29,3936522854,88,0,937,937,142,6,True,1164,41766
ba,200,1164,8,12.0,11.64,30,2813633304,105,0,1376,1376,151,5,True,1164,44440
ba,200,1164,8,12.0,11.64,31,1125261931,101,0,1232,1232,151,6,True,1164,42392
ba,200,1164,8,12.0,11.64,32,1184987153,99,0,1335,1335,155,6,True,1164,41750
ba,200,1164,8,12.0,11.64,33,1680804685,97,0,880,880,151,7,True,1164,43790
ba,200,1164,8,12.0,11.64,34,1495455583,91,0,980,980,137,2,True,1164,43876
ba,200,1164,8,12.0,11.64,35,1068183286,96,0,902,902,145,5,True,1164,45332
ba,200,1164,8,12.0,11.64,36,94629494,89,0,666,666,149,5,True,1164,44070
ba,200,1164,8,12.0,11.64,37,3551181022,99,0,919,919,142,6,True,1164,42128
ba,200,1164,8,12.0,11.64,38,973228381,94,0,1245,1245,143,8,True,1164,42420
ba,200,1164,8,12.0,11.64,39,4218082170,98,0,618,618,167,6,True,1164,41322
ba,400,2364,8,12.0,11.82,0,3514338312,186,0,1511,1511,295,7,True,2364,98496
ba,400,2364,8,12.0,11.82,1,2148236826,194,0,2047,2047,296,13,True,2364,99246
ba,400,2364,8,12.0,11.82,2,1007926958,187,0,1890,1890,276,15,True,2364,102032
ba,400,2364,8,12.0,11.82,3,3801305761,205,0,1846,1846,303,9,True,2364,93608
ba,400,2364,8,12.0,11.82,4,4225697360,180,0,2294,2294,289,14,True,2364,96952
ba,400,2364,8,12.0,11.82,5,139312499,183,0,3254,3254,283,11,True,2364,97314
ba,400,2364,8,12.0,11.82,6,2563377573,184,0,1581,1581,295,11,True,2364,96916
ba,400,2364,8,12.0,11.82,7,1957747466,183,0,2182,2182,300,14,True,2364,97054
ba,400,2364,8,12.0,11.82,8,86355786,199,0,2313,2313,299,11,True,2364,95868
ba,400,2364,8,12.0,11.82,9,4260722627,194,0,1937,1937,302,10,True,2364,95814
ba,400,2364,8,12.0,11.82,10,4253713839,193,0,1968,1968,285,10,True,2364,95192
ba,400,2364,8,12.0,11.82,11,595894191,197,0,2219,2219,303,10,True,2364,97284
ba,400,2364,8,12.0,11.82,12,19613293,194,0,2383,2383,292,13,True,2364,102702
ba,400,2364,8,12.0,11.82,13,2511786970,199,0,2126,2126,308,9,True,2364,102396
ba,400,2364,8,12.0,11.82,14,991960050,205,0,1752,1752,331,17,True,2364,96706
ba,400,2364,8,12.0,11.82,15,2899886203,169,0,2340,2340,277,15,True,2364,94822
ba,400,2364,8,12.0,11.82,16,3553936804,188,0,2058,2058,287,9,True,2364,101862
ba,400,2364,8,12.0,11.82,17,359773133,173,0,1811,1811,268,11,True,2364,94064
ba,400,2364,8,12.0,11.82,18,212289962,185,0,1673,1673,289,11,True,2364,94320
ba,400,2364,8,12.0,11.82,19,997567432,170,0,2543,2543,260,10,True,2364,94328
ba,400,2364,8,12.0,11.82,20,3262632529,180,0,1914,1914,292,12,True,2364,98546
ba,400,2364,8,12.0,11.82,21,3727127033,181,0,1821,1821,251,11,True,2364,101566
ba,400,2364,8,12.0,11.82,22,898333672,184,0,2000,2000,298,10,True,2364,97044
ba,400,2364,8,12.0,11.82,23,2777339653,189,0,1701,1701,291,9,True,2364,100484
ba,400,2364,8,12.0,11.82,24,1839130043,187,0,2406,2406,282,11,True,2364,98582
ba,400,2364,8,12.0,11.82,25,1939661587,189,0,1531,1531,316,10,True,2364,97492
ba,400,2364,8,12.0,11.82,26,2419377130,192,0,1786,1786,295,11,True,2364,94628
ba,400,2364,8,12.0,11.82,27,2507255832,196,0,2508,2508,309,8,True,2364,95252
ba,400,2364,8,12.0,11.82,28,4061969316,187,0,1919,1919,285,11,True,2364,93386
ba,400,2364,8,12.0,11.82,29,1492811693,200,0,1805,1805,304,15,True,2364,92960
ba,400,2364,8,12.0,11.82,30,2391270490,180,0,2537,2537,288,9,True,2364,94162
ba,400,2364,8,12.0,11.82,31,68683075,182,0,2392,2392,291,12,True,2364,98306
ba,400,2364,8,12.0,11.82,32,1072818831,207,0,1631,1631,315,17,True,2364,100368
ba,400,2364,8,12.0,11.82,33,2867977626,199,0,1894,1894,305,14,True,2364,90472
ba,400,2364,8,12.0,11.82,34,2073647930,204,0,1485,1485,322,14,True,2364,94598
ba,400,2364,8,12.0,11.82,35,1658711398,200,0,2601,2601,299,13,True,2364,97514
ba,400,2364,8,12.0,11.82,36,1372030147,186,0,1432,1432,277,12,True,2364,100804
ba,400,2364,8,12.0,11.82,37,2027655838,196,0,2801,2801,305,13,True,2364,97144
ba,400,2364,8,12.0,11.82,38,1844433578,175,0,1897,1897,303,11,True,2364,96078
ba,400,2364,8,12.0,11.82,39,4145494908,165,0,1683,1683,253,20,True,2364,95982
ba,800,4764,8,12.0,11.91,0,1103531094,387,0,6160,6160,584,29,True,4764,208404
ba,800,4764,8,12.0,11.91,1,58093740,374,0,4936,4936,564,21,True,4764,216350
ba,800,4764,8,12.0,11.91,2,2379187080,371,0,4853,4853,579,18,True,4764,202020
ba,800,4764,8,12.0,11.91,3,2141994065,405,0,3835,3835,593,25,True,4764,218892
ba,800,4764,8,12.0,11.91,4,1757527577,380,0,4931,4931,590,26,True,4764,212342
ba,800,4764,8,12.0,11.91,5,1811106398,412,0,5906,5906,622,22,True,4764,207692
ba,800,4764,8,12.0,11.91,6,2348554589,369,0,4445,4445,574,33,True,4764,216028
ba,800,4764,8,12.0,11.91,7,171993194,382,0,4373,4373,552,21,True,4764,211972
ba,800,4764,8,12.0,11.91,8,3605887803,330,0,3860,3860,516,28,True,4764,209604
ba,800,4764,8,12.0,11.91,9,2196371942,392,0,4825,4825,616,28,True,4764,220790
ba,800,4764,8,12.0,11.91,10,2148129115,364,0,5169,5169,585,26,True,4764,208196
ba,800,4764,8,12.0,11.91,11,2031348417,393,0,4507,4507,591,23,True,4764,218734
ba,800,4764,8,12.0,11.91,12,2904704677,388,0,5169,5169,584,22,True,4764,219102
ba,800,4764,8,12.0,11.91,13,2529561007,389,0,4327,4327,597,29,True,4764,217120
ba,800,4764,8,12.0,11.91,14,1560624472,372,0,3932,3932,578,18,True,4764,208954
ba,800,4764,8,12.0,11.91,15,3175177593,405,0,4177,4177,637,28,True,4764,218192
ba,800,4764,8,12.0,11.91,16,606466014,375,0,4415,4415,571,23,True,4764,205234
ba,800,4764,8,12.0,11.91,17,2067192959,378,0,5109,5109,599,23,True,4764,207528
ba,800,4764,8,12.0,11.91,18,2966744132,398,0,4612,4612,608,27,True,4764,237638
ba,800,4764,8,12.0,11.91,19,160715502,396,0,5726,5726,615,29,True,4764,220702
ba,800,4764,8,12.0,11.91,20,1059017690,368,0,5421,5421,585,34,True,4764,210946
ba,800,4764,8,12.0,11.91,21,3350108927,383,0,3430,3430,601,24,True,4764,223720
ba,800,4764,8,12.0,11.91,22,1091288545,381,0,3605,3605,608,31,True,4764,223300
ba,800,4764,8,12.0,11.91,23,1235428342,370,0,4755,4755,593,34,True,4764,215026
ba,800,4764,8,12.0,11.91,24,2498354249,386,0,3828,3828,601,25,True,4764,207270
ba,800,4764,8,12.0,11.91,25,3494476833,380,0,4901,4901,603,29,True,4764,223570
ba,800,4764,8,12.0,11.91,26,2260869659,372,0,4536,4536,579,30,True,4764,224646
ba,800,4764,8,12.0,11.91,27,562865632,360,0,5342,5342,591,26,True,4764,215090
ba,800,4764,8,12.0,11.91,28,3637996570,394,0,6797,6797,603,24,True,4764,219180
ba,800,4764,8,12.0,11.91,29,2531917543,383,0,5055,5055,596,20,True,4764,203532
ba,800,4764,8,12.0,11.91,30,2308620336,375,0,4027,4027,597,24,True,4764,219568
ba,800,4764,8,12.0,11.91,31,339277284,388,0,4150,4150,575,18,True,4764,213334
ba,800,4764,8,12.0,11.91,32,3371674753,370,0,4996,4996,563,23,True,4764,223402
ba,800,4764,8,12.0,11.91,33,1601783925,366,0,4674,4674,582,26,True,4764,223454
ba,800,4764,8,12.0,11.91,34,1769572099,405,0,5464,5464,619,27,True,4764,220140
ba,800,4764,8,12.0,11.91,35,3775445857,378,0,5034,5034,578,28,True,4764,229658
ba,800,4764,8,12.0,11.91,36,3353980176,392,0,3239,3239,630,30,True,4764,216498
ba,800,4764,8,12.0,11.91,37,2285652406,391,0,6731,6731,594,22,True,4764,208950
ba,800,4764,8,12.0,11.91,38,897592818,410,0,5539,5539,642,24,True,4764,215868
ba,800,4764,8,12.0,11.91,39,595770384,387,0,4231,4231,604,24,True,4764,222524
ws,100,600,8,12.0,12.0,0,3646698161,43,0,309,309,62,4,True,600,14566
ws,100,600,8,12.0,12.0,1,1617508754,41,0,305,305,67,9,True,600,14476
ws,100,600,8,12.0,12.0,2,1647199886,43,0,384,384,67,5,True,600,14524
ws,100,600,8,12.0,12.0,3,4291372746,49,0,359,359,78,3,True,600,14508
ws,100,600,8,12.0,12.0,4,853295168,43,0,532,532,78,6,True,600,14484
ws,100,600,8,12.0,12.0,5,2690044766,49,0,242,242,83,6,True,600,14492
ws,100,600,8,12.0,12.0,6,967027293,42,0,399,399,66,5,True,600,14496
ws,100,600,8,12.0,12.0,7,1834032808,47,0,535,535,80,9,True,600,14478
ws,100,600,8,12.0,12.0,8,2284461631,45,0,391,391,76,4,True,600,14476
ws,100,600,8,12.0,12.0,9,600493110,44,0,384,384,68,4,True,600,14524
ws,100,600,8,12.0,12.0,10,1973634608,36,0,381,381,60,7,True,600,14506
ws,100,600,8,12.0,12.0,11,2352577304,50,0,803,803,77,4,True,600,14546
ws,100,600,8,12.0,12.0,12,1990752761,44,0,218,218,74,7,True,600,14522
ws,100,600,8,12.0,12.0,13,1179123293,40,0,440,440,79,10,True,600,14516
ws,100,600,8,12.0,12.0,14,3628838707,44,0,237,237,65,7,True,600,14536
ws,100,600,8,12.0,12.0,15,1551538223,48,0,467,467,80,9,True,600,14510
ws,100,600,8,12.0,12.0,16,2199514211,52,0,327,327,84,8,True,600,14504
ws,100,600,8,12.0,12.0,17,3546698988,46,0,279,279,75,4,True,600,14496
ws,100,600,8,12.0,12.0,18,2912135780,42,0,358,358,68,7,True,600,14500
ws,100,600,8,12.0,12.0,19,2671012447,50,0,276,276,72,4,True,600,14518
ws,100,600,8,12.0,12.0,20,4105811881,44,0,205,205,69,6,True,600,14502
ws,100,600,8,12.0,12.0,21,3409503180,35,0,575,575,58,9,True,600,14498
ws,100,600,8,12.0,12.0,22,3442206526,49,0,575,575,70,7,True,600,14514
ws,100,600,8,12.0,12.0,23,3722243290,36,0,209,209,63,5,True,600,14552
ws,100,600,8,12.0,12.0,24,2238698876,49,0,312,312,75,5,True,600,14532
ws,100,600,8,12.0,12.0,25,2059296018,46,0,506,506,72,7,True,600,14534
ws,100,600,8,12.0,12.0,26,1449777565,42,0,720,720,68,5,True,600,14542
ws,100,600,8,12.0,12.0,27,2291206894,45,0,279,279,71,9,True,600,14504
ws,100,600,8,12.0,12.0,28,2640757892,51,0,313,313,89,5,True,600,14502
ws,100,600,8,12.0,12.0,29,1964473946,43,0,216,216,80,5,True,600,14518
ws,100,600,8,12.0,12.0,30,3815556519,44,0,522,522,70,7,True,600,14510
ws,100,600,8,12.0,12.0,31,4166576128,43,0,628,628,69,3,True,600,14534
ws,100,600,8,12.0,12.0,32,4166366562,48,0,283,283,68,5,True,600,14496
ws,100,600,8,12.0,12.0,33,618297467,51,0,689,689,88,7,True,600,14504
ws,100,600,8,12.0,12.0,34,943609596,43,0,331,331,67,7,True,600,14524
ws,100,600,8,12.0,12.0,35,2596151252,41,0,472,472,68,7,True,600,14518
ws,100,600,8,12.0,12.0,36,2572729350,47,0,326,326,80,9,True,600,14486
ws,100,600,8,12.0,12.0,37,535067407,49,0,353,353,77,3,True,600,14480
ws,100,600,8,12.0,12.0,38,769371585,46,0,561,561,79,6,True,600,14518
ws,100,600,8,12.0,12.0,39,1384429797,41,0,252,252,61,7,True,600,14522
ws,200,1200,8,12.0,12.0,0,1027155158,92,0,1085,1085,150,14,True,1200,29020
ws,200,1200,8,12.0,12.0,1,1695837445,107,0,1253,1253,149,10,True,1200,29012
ws,200,1200,8,12.0,12.0,2,840324154,92,0,739,739,163,14,True,1200,28978
ws,200,1200,8,12.0,12.0,3,349865619,90,0,847,847,141,17,True,1200,29052
ws,200,1200,8,12.0,12.0,4,201041783,84,0,733,733,138,20,True,1200,29004
ws,200,1200,8,12.0,12.0,5,2790252086,85,0,1273,1273,138,10,True,1200,29066
ws,200,1200,8,12.0,12.0,6,3228064902,87,0,1581,1581,130,10,True,1200,28980
ws,200,1200,8,12.0,12.0,7,3555790386,103,0,968,968,174,9,True,1200,29034
ws,200,1200,8,12.0,12.0,8,870365335,86,0,1977,1977,128,12,True,1200,28988
ws,200,1200,8,12.0,12.0,9,3189256200,92,0,562,562,164,10,True,1200,29018
ws,200,1200,8,12.0,12.0,10,2245580981,95,0,756,756,138,8,True,1200,29026
ws,200,1200,8,12.0,12.0,11,2323451846,90,0,1413,1413,149,18,True,1200,29084
ws,200,1200,8,12.0,12.0,12,770206975,88,0,591,591,170,18,True,1200,29034
ws,200,1200,8,12.0,12.0,13,4207311988,93,0,1211,1211,142,10,True,1200,29000
ws,200,1200,8,12.0,12.0,14,1091983654,90,0,649,649,164,10,True,1200,28994
ws,200,1200,8,12.0,12.0,15,3025293413,87,0,858,858,140,18,True,1200,29030
ws,200,1200,8,12.0,12.0,16,213860653,90,0,1096,1096,151,14,True,1200,29082
ws,200,1200,8,12.0,12.0,17,4294802575,103,0,932,932,172,9,True,1200,29014
ws,200,1200,8,12.0,12.0,18,3738323911,94,0,959,959,153,9,True,1200,29042
ws,200,1200,8,12.0,12.0,19,660428904,80,0,1261,1261,134,17,True,1200,29016
ws,200,1200,8,12.0,12.0,20,422865580,92,0,698,698,150,15,True,1200,28988
ws,200,1200,8,12.0,12.0,21,3703600324,89,0,1154,1154,158,15,True,1200,29072
ws,200,1200,8,12.0,12.0,22,198256450,89,0,963,963,139,14,True,1200,29040
ws,200,1200,8,12.0,12.0,23,1074705296,86,0,524,524,168,13,True,1200,29006
ws,200,1200,8,12.0,12.0,24,2244517893,87,0,896,896,126,11,True,1200,29014
ws,200,1200,8,12.0,12.0,25,2676922994,96,0,1086,1086,155,11,True,1200,28950
ws,200,1200,8,12.0,12.0,26,1354465494,89,0,1255,1255,151,11,True,1200,29032
ws,200,1200,8,12.0,12.0,27,487847402,100,0,612,612,157,8,True,1200,29024
ws,200,1200,8,12.0,12.0,28,2921302469,92,0,1026,1026,144,12,True,1200,29076
ws,200,1200,8,12.0,12.0,29,1542865113,88,0,741,741,152,15,True,1200,29072
ws,200,1200,8,12.0,12.0,30,3321531871,90,0,724,724,144,15,True,1200,29014
ws,200,1200,8,12.0,12.0,31,841187939,94,0,1611,1611,146,9,True,1200,29048
ws,200,1200,8,12.0,12.0,32,4229900302,85,0,518,518,146,13,True,1200,29076
ws,200,1200,8,12.0,12.0,33,2276670100,89,0,992,992,146,13,True,1200,29022
ws,200,1200,8,12.0,12.0,34,3125339394,95,0,1495,1495,153,11,True,1200,29056
ws,200,1200,8,12.0,12.0,35,368659531,80,0,620,620,134,13,True,1200,29022
ws,200,1200,8,12.0,12.0,36,2421791479,102,0,1690,1690,155,9,True,1200,29036
ws,200,1200,8,12.0,12.0,37,2836566744,88,0,1258,1258,144,16,True,1200,29014
ws,200,1200,8,12.0,12.0,38,1111194777,85,0,1436,1436,144,15,True,1200,29022
ws,200,1200,8,12.0,12.0,39,593284935,75,0,1086,1086,142,20,True,1200,29026
ws,400,2400,8,12.0,12.0,0,2877760675,172,0,2244,2244,279,14,True,2400,58084
ws,400,2400,8,12.0,12.0,1,4188169247,184,0,2027,2027,289,19,True,2400,58098
ws,400,2400,8,12.0,12.0,2,1683262461,183,0,1995,1995,283,22,True,2400,58098
ws,400,2400,8,12.0,12.0,3,521500475,182,0,2945,2945,306,27,True,2400,58084
ws,400,2400,8,12.0,12.0,4,1479517620,178,0,2333,2333,296,30,True,2400,58032
ws,400,2400,8,12.0,12.0,5,2907667349,171,0,1979,1979,277,22,True,2400,58040
ws,400,2400,8,12.0,12.0,6,1622097500,181,0,2230,2230,285,18,True,2400,58120
ws,400,2400,8,12.0,12.0,7,4104176318,190,0,2859,2859,300,20,True,2400,58042
ws,400,2400,8,12.0,12.0,8,3149094033,186,0,1670,1670,322,22,True,2400,58042
ws,400,2400,8,12.0,12.0,9,572057197,190,0,2385,2385,314,21,True,2400,58036
ws,400,2400,8,12.0,12.0,10,1878582014,185,0,2777,2777,308,27,True,2400,58010
ws,400,2400,8,12.0,12.0,11,4289674136,190,0,2088,2088,307,24,True,2400,58052
ws,400,2400,8,12.0,12.0,12,1378661990,178,0,1414,1414,294,20,True,2400,58068
ws,400,2400,8,12.0,12.0,13,625236876,184,0,2532,2532,315,25,True,2400,58062
ws,400,2400,8,12.0,12.0,14,1269665603,188,0,1867,1867,307,19,True,2400,58058
ws,400,2400,8,12.0,12.0,15,302857130,177,0,2179,2179,295,25,True,2400,58082
ws,400,2400,8,12.0,12.0,16,660475090,185,0,2361,2361,308,29,True,2400,58046
ws,400,2400,8,12.0,12.0,17,77624920,180,0,2336,2336,285,18,True,2400,58030
ws,400,2400,8,12.0,12.0,18,258044184,180,0,4395,4395,287,29,True,2400,58026
ws,400,2400,8,12.0,12.0,19,2819418085,167,0,2298,2298,287,39,True,2400,58074
ws,400,2400,8,12.0,12.0,20,3854031461,183,0,3166,3166,323,26,True,2400,57996
ws,400,2400,8,12.0,12.0,21,1666886065,185,0,1689,1689,299,19,True,2400,58132
ws,400,2400,8,12.0,12.0,22,3227880770,184,0,2784,2784,304,29,True,2400,58006
ws,400,2400,8,12.0,12.0,23,353999738,180,0,2807,2807,301,29,True,2400,58046
ws,400,2400,8,12.0,12.0,24,2919003997,190,0,1498,1498,311,23,True,2400,58044
ws,400,2400,8,12.0,12.0,25,3700458283,188,0,1732,1732,300,22,True,2400,58062
ws,400,2400,8,12.0,12.0,26,2172776283,184,0,2246,2246,309,21,True,2400,58052
ws,400,2400,8,12.0,12.0,27,4159388342,161,0,1312,1312,272,29,True,2400,57972
ws,400,2400,8,12.0,12.0,28,3761276812,182,0,2203,2203,306,27,True,2400,58054
ws,400,2400,8,12.0,12.0,29,2547605458,167,0,1740,1740,274,36,True,2400,58034
ws,400,2400,8,12.0,12.0,30,1009332640,183,0,1904,1904,292,25,True,2400,57974
ws,400,2400,8,12.0,12.0,31,1014170332,186,0,2530,2530,293,21,True,2400,58104
ws,400,2400,8,12.0,12.0,32,1680383306,177,0,2791,2791,305,20,True,2400,58078
ws,400,2400,8,12.0,12.0,33,2294974133,178,0,2543,2543,306,20,True,2400,58052
ws,400,2400,8,12.0,12.0,34,1262682380,176,0,1403,1403,303,26,True,2400,58048
ws,400,2400,8,12.0,12.0,35,3941182918,176,0,1769,1769,285,31,True,2400,58072
ws,400,2400,8,12.0,12.0,36,1640503731,190,0,1784,1784,303,21,True,2400,58090
ws,400,2400,8,12.0,12.0,37,1294897735,203,0,2341,2341,323,18,True,2400,58094
ws,400,2400,8,12.0,12.0,38,3456503879,181,0,2183,2183,310,29,True,2400,58050
ws,400,2400,8,12.0,12.0,39,94049068,188,0,1731,1731,312,19,True,2400,58114
ws,800,4800,8,12.0,12.0,0,424347908,355,0,6519,6519,550,39,True,4800,116112
ws,800,4800,8,12.0,12.0,1,553346314,371,0,4774,4774,634,42,True,4800,116164
ws,800,4800,8,12.0,12.0,2,3562441996,371,0,4651,4651,594,41,True,4800,116124
ws,800,4800,8,12.0,12.0,3,1140080605,367,0,4971,4971,594,50,True,4800,116168
ws,800,4800,8,12.0,12.0,4,1377523297,375,0,3593,3593,630,48,True,4800,116104
ws,800,4800,8,12.0,12.0,5,4266902625,366,0,6844,6844,587,47,True,4800,116154
ws,800,4800,8,12.0,12.0,6,541854416,362,0,4527,4527,568,42,True,4800,116106
ws,800,4800,8,12.0,12.0,7,1177857019,367,0,5435,5435,625,56,True,4800,116088
ws,800,4800,8,12.0,12.0,8,2937033084,355,0,4546,4546,578,49,True,4800,116126
ws,800,4800,8,12.0,12.0,9,175164498,388,0,4328,4328,677,51,True,4800,115992
ws,800,4800,8,12.0,12.0,10,2258546387,360,0,3724,3724,582,58,True,4800,116108
ws,800,4800,8,12.0,12.0,11,2911208634,352,0,5030,5030,590,59,True,4800,116044
ws,800,4800,8,12.0,12.0,12,4023595544,367,0,5594,5594,579,52,True,4800,116138
ws,800,4800,8,12.0,12.0,13,3749180467,360,0,5159,5159,601,56,True,4800,116128
ws,800,4800,8,12.0,12.0,14,1424130052,343,0,5163,5163,548,50,True,4800,116090
ws,800,4800,8,12.0,12.0,15,592311578,384,0,5070,5070,615,48,True,4800,116044
ws,800,4800,8,12.0,12.0,16,3917806532,356,0,5393,5393,608,56,True,4800,116070
ws,800,4800,8,12.0,12.0,17,333093726,372,0,4890,4890,620,48,True,4800,116112
ws,800,4800,8,12.0,12.0,18,2550879806,367,0,3286,3286,615,56,True,4800,116138
ws,800,4800,8,12.0,12.0,19,2551018968,350,0,3828,3828,583,54,True,4800,116116
ws,800,4800,8,12.0,12.0,20,2364375623,391,0,3974,3974,614,41,True,4800,116096
ws,800,4800,8,12.0,12.0,21,1088580696,355,0,5006,5006,566,56,True,4800,116116
ws,800,4800,8,12.0,12.0,22,73668275,354,0,3927,3927,573,53,True,4800,116168
ws,800,4800,8,12.0,12.0,23,3218504038,366,0,5632,5632,627,54,True,4800,116142
ws,800,4800,8,12.0,12.0,24,69660939,369,0,6904,6904,617,57,True,4800,116010
ws,800,4800,8,12.0,12.0,25,13564900,366,0,4506,4506,582,41,True,4800,116180
ws,800,4800,8,12.0,12.0,26,2993566700,346,0,4202,4202,574,60,True,4800,116020
ws,800,4800,8,12.0,12.0,27,1686745688,362,0,5587,5587,595,46,True,4800,116180
ws,800,4800,8,12.0,12.0,28,2978728451,377,0,6857,6857,634,50,True,4800,116128
ws,800,4800,8,12.0,12.0,29,2312208482,350,0,4457,4457,543,47,True,4800,116192
ws,800,4800,8,12.0,12.0,30,1385163402,358,0,5714,5714,579,51,True,4800,116148
ws,800,4800,8,12.0,12.0,31,1605156306,375,0,3951,3951,626,46,True,4800,116150
ws,800,4800,8,12.0,12.0,32,1809397288,364,0,4026,4026,623,53,True,4800,116184
ws,800,4800,8,12.0,12.0,33,608739407,373,0,4489,4489,584,40,True,4800,116148
ws,800,4800,8,12.0,12.0,34,3051074383,378,0,5391,5391,598,49,True,4800,116230
ws,800,4800,8,12.0,12.0,35,3046924184,368,0,4499,4499,618,53,True,4800,116104
ws,800,4800,8,12.0,12.0,36,1865684392,346,0,4735,4735,566,54,True,4800,116044
ws,800,4800,8,12.0,12.0,37,2527263231,351,0,6639,6639,588,47,True,4800,116114
ws,800,4800,8,12.0,12.0,38,2947089693,358,0,5216,5216,586,49,True,4800,116164
ws,800,4800,8,12.0,12.0,39,758906532,327,0,4145,4145,545,56,True,4800,116224
er,100,825,8,16.0,16.5,0,1041401264,51,0,449,449,95,4,True,825,28280
er,100,770,8,16.0,15.4,1,287687860,58,0,571,571,96,2,True,770,25184
er,100,763,8,16.0,15.26,2,2522054815,65,0,315,315,113,5,True,763,24618
er,100,800,8,16.0,16.0,3,1284617969,60,0,616,616,90,1,True,800,27062
er,100,832,8,16.0,16.64,4,1534663950,58,0,571,571,104,8,True,832,29252
er,100,812,8,16.0,16.24,5,1891115968,65,0,451,451,126,5,True,812,27456
er,100,800,8,16.0,16.0,6,3416578503,58,0,396,396,100,4,True,800,26864
er,100,784,8,16.0,15.68,7,2004651320,64,0,358,358,101,4,True,784,25796
er,100,783,8,16.0,15.66,8,2914963797,59,0,876,876,104,4,True,783,25842
er,100,821,8,16.0,16.42,9,1878357629,62,0,578,578,106,6,True,821,28096
er,100,790,8,16.0,15.8,10,4198481346,59,0,346,346,108,3,True,790,26286
er,100,803,8,16.0,16.06,11,549962408,56,0,269,269,88,4,True,803,26980
er,100,768,8,16.0,15.36,12,3743413171,66,0,531,531,121,5,True,768,25296
er,100,815,8,16.0,16.3,13,3379394315,61,0,596,596,113,6,True,815,27822
er,100,830,8,16.0,16.6,14,3639541422,51,0,557,557,101,10,True,830,28806
er,100,755,8,16.0,15.1,15,3657794454,55,0,441,441,91,4,True,755,24024
er,100,765,8,16.0,15.3,16,2213541985,53,0,381,381,91,2,True,765,24744
er,100,806,8,16.0,16.12,17,1362556432,55,0,297,297,99,6,True,806,27230
er,100,839,8,16.0,16.78,18,4016047925,56,0,301,301,113,8,True,839,28994
er,100,780,8,16.0,15.6,19,3873523732,47,0,256,256,94,5,True,780,25648
er,100,756,8,16.0,15.12,20,1281251406,55,0,429,429,99,3,True,756,24158
er,100,842,8,16.0,16.84,21,2564539535,62,0,340,340,108,4,True,842,29942
er,100,795,8,16.0,15.9,22,2521870695,62,0,565,565,120,4,True,795,26652
er,100,757,8,16.0,15.14,23,3365088000,63,0,599,599,98,3,True,757,24174
er,100,800,8,16.0,16.0,24,2684473724,62,0,627,627,95,3,True,800,26722
er,100,774,8,16.0,15.48,25,1716219980,59,0,266,266,104,3,True,774,25000
er,100,806,8,16.0,16.12,26,1149569793,58,0,331,331,100,5,True,806,27870
er,100,844,8,16.0,16.88,27,2678950852,58,0,278,278,98,8,True,844,29776
er,100,786,8,16.0,15.72,28,1049030848,61,0,380,380,106,4,True,786,26034
er,100,802,8,16.0,16.04,29,257629920,55,0,382,382,96,5,True,802,26970
er,100,790,8,16.0,15.8,30,2056065608,55,0,480,480,107,4,True,790,26512
er,100,846,8,16.0,16.92,31,3207210257,62,0,419,419,120,5,True,846,29894
er,100,762,8,16.0,15.24,32,3580138916,42,0,334,334,68,3,True,762,24888
er,100,781,8,16.0,15.62,33,1741191427,56,0,319,319,90,6,True,781,25842
er,100,792,8,16.0,15.84,34,3199702792,48,0,352,352,91,9,True,792,26476
er,100,808,8,16.0,16.16,35,2726284025,58,0,271,271,102,5,True,808,27566
er,100,792,8,16.0,15.84,36,3722526163,53,0,472,472,96,5,True,792,26072
er,100,807,8,16.0,16.14,37,2526455435,58,0,377,377,106,4,True,807,27476
er,100,798,8,16.0,15.96,38,3266097073,55,0,372,372,98,6,True,798,26952
er,100,792,8,16.0,15.84,39,1098041949,61,0,579,579,108,5,True,792,26422
er,200,1602,8,16.0,16.02,0,1696515503,120,0,1496,1496,210,8,True,1602,53804
er,200,1628,8,16.0,16.28,1,2780794532,113,0,842,842,200,13,True,1628,55594
er,200,1578,8,16.0,15.78,2,4050002264,113,0,817,817,209,10,True,1578,53096
er,200,1663,8,16.0,16.63,3,2067202820,111,0,767,767,210,9,True,1663,58730
er,200,1622,8,16.0,16.22,4,3833334754,119,0,1203,1203,203,5,True,1622,55962
er,200,1638,8,16.0,16.38,5,1648422934,123,0,1285,1285,212,6,True,1638,56758
er,200,1571,8,16.0,15.71,6,2394017857,126,0,895,895,191,9,True,1571,51974
er,200,1646,8,16.0,16.46,7,439786027,102,0,1022,1022,186,9,True,1646,57854
er,200,1532,8,16.0,15.32,8,3482328913,113,0,1112,1112,165,1,True,1532,49610
er,200,1610,8,16.0,16.1,9,662772359,111,0,614,614,206,11,True,1610,54860
er,200,1555,8,16.0,15.55,10,2868521193,115,0,976,976,203,12,True,1555,50656
er,200,1576,8,16.0,15.76,11,2320872088,102,0,836,836,184,7,True,1576,52476
er,200,1606,8,16.0,16.06,12,2173784596,108,0,931,931,198,7,True,1606,54380
er,200,1613,8,16.0,16.13,13,1184005562,113,0,1166,1166,194,6,True,1613,55130
er,200,1580,8,16.0,15.8,14,1189286169,119,0,734,734,218,7,True,1580,53164
er,200,1632,8,16.0,16.32,15,3748617190,105,0,1275,1275,200,8,True,1632,56066
er,200,1607,8,16.0,16.07,16,2534379863,125,0,854,854,213,11,True,1607,54462
er,200,1583,8,16.0,15.83,17,176936819,124,0,1013,1013,211,4,True,1583,52914
er,200,1554,8,16.0,15.54,18,4115865168,113,0,1122,1122,193,8,True,1554,51326
er,200,1549,8,16.0,15.49,19,261086244,105,0,888,888,187,8,True,1549,50332
er,200,1643,8,16.0,16.43,20,4236973317,123,0,900,900,213,8,True,1643,56596
er,200,1633,8,16.0,16.33,21,2630757096,120,0,911,911,220,12,True,1633,56510
er,200,1544,8,16.0,15.44,22,2847558963,117,0,1570,1570,192,3,True,1544,49798
er,200,1645,8,16.0,16.45,23,1697133380,112,0,1100,1100,207,9,True,1645,56984
er,200,1590,8,16.0,15.9,24,597399364,115,0,735,735,211,8,True,1590,54114
er,200,1684,8,16.0,16.84,25,4265092918,130,0,1081,1081,223,9,True,1684,59708
er,200,1558,8,16.0,15.58,26,847600419,117,0,1463,1463,199,4,True,1558,51100
er,200,1614,8,16.0,16.14,27,1597994172,115,0,2163,2163,194,3,True,1614,55404
er,200,1613,8,16.0,16.13,28,1952023597,110,0,960,960,201,10,True,1613,55338
er,200,1515,8,16.0,15.15,29,3741949448,109,0,1019,1019,191,7,True,1515,48174
er,200,1589,8,16.0,15.89,30,653332410,120,0,1129,1129,207,8,True,1589,53152
er,200,1577,8,16.0,15.77,31,3504793212,114,0,1356,1356,210,5,True,1577,52402
er,200,1610,8,16.0,16.1,32,3651474762,123,0,1067,1067,223,9,True,1610,55266
er,200,1670,8,16.0,16.7,33,1963234833,114,0,1424,1424,189,10,True,1670,58966
er,200,1657,8,16.0,16.57,34,2020654272,115,0,818,818,213,15,True,1657,58530
er,200,1647,8,16.0,16.47,35,492962618,124,0,1519,1519,223,12,True,1647,57384
er,200,1620,8,16.0,16.2,36,2845384097,112,0,921,921,221,6,True,1620,55582
er,200,1614,8,16.0,16.14,37,410774352,110,0,1066,1066,206,10,True,1614,55468
er,200,1580,8,16.0,15.8,38,644751898,100,0,1001,1001,171,11,True,1580,53050
er,200,1539,8,16.0,15.39,39,4134422531,119,0,1216,1216,201,7,True,1539,50578
er,400,3158,8,16.0,15.79,0,2088625906,236,0,2839,2839,412,14,True,3158,106142
er,400,3217,8,16.0,16.085,1,944464838,209,0,1960,1960,358,17,True,3217,109250
er,400,3123,8,16.0,15.615,2,141237617,228,0,3400,3400,388,7,True,3123,103428
er,400,3202,8,16.0,16.01,3,4255312284,213,0,1491,1491,393,20,True,3202,108590
er,400,3275,8,16.0,16.375,4,2082833334,257,0,2814,2814,451,18,True,3275,113588
er,400,3257,8,16.0,16.285,5,1535256624,238,0,2070,2070,415,16,True,3257,112128
er,400,3155,8,16.0,15.775,6,1311106197,239,0,3038,3038,406,12,True,3155,105952
er,400,3171,8,16.0,15.855,7,3547589748,237,0,2147,2147,369,16,True,3171,106360
er,400,3232,8,16.0,16.16,8,1151243181,232,0,2638,2638,411,21,True,3232,109830
er,400,3115,8,16.0,15.575,9,21947916,239,0,2387,2387,401,17,True,3115,103330
er,400,3201,8,16.0,16.005,10,3276128556,222,0,2149,2149,379,13,True,3201,108930
er,400,3179,8,16.0,15.895,11,3817236737,222,0,1893,1893,394,14,True,3179,107876
er,400,3107,8,16.0,15.535,12,2030158899,226,0,1742,1742,415,13,True,3107,103098
er,400,3127,8,16.0,15.635,13,4277505365,225,0,2472,2472,394,13,True,3127,103852
er,400,3238,8,16.0,16.19,14,1098370025,249,0,1781,1781,435,17,True,3238,110994
er,400,3205,8,16.0,16.025,15,3352011868,237,0,1794,1794,415,14,True,3205,108826
er,400,3210,8,16.0,16.05,16,2200926803,230,0,2226,2226,401,16,True,3210,109072
er,400,3150,8,16.0,15.75,17,987404602,221,0,1835,1835,409,14,True,3150,105872
er,400,3296,8,16.0,16.48,18,3584387124,235,0,2040,2040,408,18,True,3296,114632
er,400,3218,8,16.0,16.09,19,2759303302,248,0,2212,2212,425,14,True,3218,109462
er,400,3235,8,16.0,16.175,20,272238416,251,0,2874,2874,434,10,True,3235,110618
er,400,3209,8,16.0,16.045,21,1790939765,239,0,2923,2923,411,12,True,3209,109550
er,400,3182,8,16.0,15.91,22,2077552835,236,0,2094,2094,403,9,True,3182,108012
er,400,3206,8,16.0,16.03,23,2793236550,235,0,3019,3019,387,11,True,3206,108768
er,400,3178,8,16.0,15.89,24,1465576787,228,0,2379,2379,378,12,True,3178,106952
er,400,3274,8,16.0,16.37,25,750234036,221,0,2196,2196,376,14,True,3274,113596
er,400,3286,8,16.0,16.43,26,1778461187,232,0,2458,2458,408,20,True,3286,115388
er,400,3247,8,16.0,16.235,27,3658282225,240,0,1760,1760,421,16,True,3247,111414
er,400,3196,8,16.0,15.98,28,1422906531,234,0,2087,2087,430,16,True,3196,107908
er,400,3211,8,16.0,16.055,29,3541482165,232,0,2352,2352,406,21,True,3211,109802
er,400,3122,8,16.0,15.61,30,2705399904,230,0,2130,2130,402,12,True,3122,103646
er,400,3223,8,16.0,16.115,31,1251590550,237,0,3833,3833,421,15,True,3223,109458
er,400,3189,8,16.0,15.945,32,484140686,227,0,2169,2169,380,17,True,3189,107338
er,400,3142,8,16.0,15.71,33,2216913692,219,0,3351,3351,368,18,True,3142,104442
er,400,3146,8,16.0,15.73,34,1146623815,243,0,1509,1509,405,12,True,3146,105204
er,400,3249,8,16.0,16.245,35,1691372464,238,0,2327,2327,419,15,True,3249,111424
er,400,3201,8,16.0,16.005,36,3687736374,202,0,1352,1352,385,14,True,3201,107794
er,400,3209,8,16.0,16.045,37,2949891650,229,0,2251,2251,408,13,True,3209,109328
er,400,3203,8,16.0,16.015,38,1998021502,244,0,2550,2550,415,13,True,3203,108460
er,400,3178,8,16.0,15.89,39,2588330593,224,0,2201,2201,400,14,True,3178,107174
er,800,6464,8,16.0,16.16,0,2438119862,471,0,4476,4476,834,30,True,6464,220608
er,800,6264,8,16.0,15.66,1,2964127874,439,0,5618,5618,760,24,True,6264,209492
er,800,6407,8,16.0,16.0175,2,2908685380,478,0,5744,5744,815,30,True,6407,217288
er,800,6537,8,16.0,16.3425,3,1821875193,471,0,5689,5689,829,31,True,6537,225582
er,800,6496,8,16.0,16.24,4,406251875,471,0,4588,4588,804,27,True,6496,222724
er,800,6370,8,16.0,15.925,5,2426272263,458,0,5897,5897,781,22,True,6370,214756
er,800,6392,8,16.0,15.98,6,2513490485,468,0,5120,5120,831,23,True,6392,216082
er,800,6384,8,16.0,15.96,7,3656008172,481,0,4635,4635,838,27,True,6384,215722
er,800,6409,8,16.0,16.0225,8,1785352863,457,0,6578,6578,774,24,True,6409,217598
er,800,6439,8,16.0,16.0975,9,2935841943,483,0,4193,4193,827,30,True,6439,220432
er,800,6373,8,16.0,15.9325,10,1970205608,478,0,4304,4304,812,27,True,6373,215428
er,800,6369,8,16.0,15.9225,11,3177955594,473,0,5580,5580,798,26,True,6369,214772
er,800,6349,8,16.0,15.8725,12,446030367,461,0,4372,4372,785,28,True,6349,213684
er,800,6401,8,16.0,16.0025,13,3790570315,463,0,5195,5195,805,24,True,6401,218298
er,800,6434,8,16.0,16.085,14,3513423940,431,0,5085,5085,767,33,True,6434,219124
er,800,6323,8,16.0,15.8075,15,1704981162,462,0,5238,5238,802,37,True,6323,213048
er,800,6381,8,16.0,15.9525,16,566930054,437,0,5121,5121,777,34,True,6381,216366
er,800,6311,8,16.0,15.7775,17,3062300514,468,0,4882,4882,799,25,True,6311,210696
er,800,6245,8,16.0,15.6125,18,1346456790,447,0,3835,3835,786,30,True,6245,207724
er,800,6476,8,16.0,16.19,19,261294692,471,0,4720,4720,816,29,True,6476,222194
er,800,6337,8,16.0,15.8425,20,794652495,457,0,5896,5896,793,32,True,6337,215114
er,800,6610,8,16.0,16.525,21,2015742647,479,0,4667,4667,859,41,True,6610,230352
er,800,6447,8,16.0,16.1175,22,1370827520,449,0,5902,5902,757,28,True,6447,219452
er,800,6301,8,16.0,15.7525,23,1750880045,459,0,6056,6056,798,25,True,6301,211754
er,800,6443,8,16.0,16.1075,24,3101242186,436,0,5009,5009,791,30,True,6443,219374
er,800,6417,8,16.0,16.0425,25,945074097,453,0,6722,6722,786,25,True,6417,219110
er,800,6345,8,16.0,15.8625,26,2386544805,477,0,4555,4555,809,23,True,6345,214254
er,800,6371,8,16.0,15.9275,27,468787646,502,0,6347,6347,841,21,True,6371,214266
er,800,6268,8,16.0,15.67,28,3715001806,457,0,5372,5372,780,21,True,6268,208356
er,800,6339,8,16.0,15.8475,29,1480438592,469,0,6601,6601,754,29,True,6339,213912
er,800,6593,8,16.0,16.4825,30,3145344861,462,0,4736,4736,835,33,True,6593,230928
er,800,6462,8,16.0,16.155,31,1119323118,481,0,6890,6890,832,30,True,6462,221176
er,800,6287,8,16.0,15.7175,32,1480445343,465,0,4280,4280,788,24,True,6287,208830
er,800,6415,8,16.0,16.0375,33,2079903569,445,0,5144,5144,798,27,True,6415,217428
er,800,6400,8,16.0,16.0,34,3250960536,507,0,6173,6173,894,23,True,6400,218382
er,800,6363,8,16.0,15.9075,35,3854138244,457,0,6368,6368,806,29,True,6363,215578
er,800,6304,8,16.0,15.76,36,3827558543,454,0,4737,4737,805,24,True,6304,210676
er,800,6224,8,16.0,15.56,37,1722911374,460,0,4321,4321,809,30,True,6224,206746
er,800,6469,8,16.0,16.1725,38,4159194551,473,0,5920,5920,833,37,True,6469,221978
er,800,6362,8,16.0,15.905,39,1549105844,471,0,4655,4655,798,28,True,6362,215054
ba,100,736,8,16.0,14.72,0,2590701125,48,0,559,559,78,6,True,736,29462
ba,100,736,8,16.0,14.72,1,2794280468,55,0,390,390,88,10,True,736,28468
ba,100,736,8,16.0,14.72,2,818467284,52,0,474,474,90,12,True,736,28398
ba,100,736,8,16.0,14.72,3,4137782704,62,0,414,414,91,6,True,736,29042
ba,100,736,8,16.0,14.72,4,3997245021,47,0,432,432,87,9,True,736,28124
ba,100,736,8,16.0,14.72,5,3849426480,49,0,447,447,77,5,True,736,28346
ba,100,736,8,16.0,14.72,6,2393762451,54,0,357,357,100,9,True,736,27956
ba,100,736,8,16.0,14.72,7,2450606538,46,0,417,417,84,5,True,736,28240
ba,100,736,8,16.0,14.72,8,2595832254,58,0,362,362,91,10,True,736,28064
ba,100,736,8,16.0,14.72,9,871668524,52,0,317,317,88,7,True,736,29062
ba,100,736,8,16.0,14.72,10,628642613,51,0,214,214,84,8,True,736,28314
ba,100,736,8,16.0,14.72,11,2469790501,54,0,352,352,97,9,True,736,28098
ba,100,736,8,16.0,14.72,12,3178024907,52,0,402,402,104,13,True,736,27746
ba,100,736,8,16.0,14.72,13,367214473,46,0,304,304,72,6,True,736,28136
ba,100,736,8,16.0,14.72,14,1409596309,56,0,664,664,93,3,True,736,28538
ba,100,736,8,16.0,14.72,15,2929990488,47,0,434,434,74,6,True,736,28184
ba,100,736,8,16.0,14.72,16,14082085,56,0,817,817,92,4,True,736,28880
ba,100,736,8,16.0,14.72,17,2092639873,57,0,382,382,101,7,True,736,27518
ba,100,736,8,16.0,14.72,18,3966220994,55,0,550,550,85,7,True,736,29224
ba,100,736,8,16.0,14.72,19,2321608386,59,0,294,294,103,11,True,736,27824
ba,100,736,8,16.0,14.72,20,2596975850,47,0,244,244,86,10,True,736,27832
ba,100,736,8,16.0,14.72,21,4000058472,57,0,484,484,96,6,True,736,28194
ba,100,736,8,16.0,14.72,22,4162823636,46,0,429,429,87,4,True,736,29058
ba,100,736,8,16.0,14.72,23,759341324,60,0,394,394,99,6,True,736,29208
ba,100,736,8,16.0,14.72,24,389916416,50,0,295,295,92,6,True,736,27712
ba,100,736,8,16.0,14.72,25,3830678591,65,0,585,585,94,3,True,736,28944
ba,100,736,8,16.0,14.72,26,85841344,52,0,615,615,97,7,True,736,28690
ba,100,736,8,16.0,14.72,27,1765292432,51,0,488,488,86,10,True,736,29362
ba,100,736,8,16.0,14.72,28,460040825,54,0,307,307,102,10,True,736,29822
ba,100,736,8,16.0,14.72,29,2033647008,56,0,245,245,78,5,True,736,27834
ba,100,736,8,16.0,14.72,30,1187382355,55,0,283,283,103,10,True,736,28974
ba,100,736,8,16.0,14.72,31,272964829,45,0,264,264,89,9,True,736,28786
ba,100,736,8,16.0,14.72,32,671993380,53,0,227,227,95,9,True,736,28562
ba,100,736,8,16.0,14.72,33,2964394745,54,0,360,360,102,5,True,736,29104
ba,100,736,8,16.0,14.72,34,1290403131,63,0,322,322,94,4,True,736,28444
ba,100,736,8,16.0,14.72,35,3012011325,61,0,519,519,93,5,True,736,27976
ba,100,736,8,16.0,14.72,36,96904920,55,0,408,408,113,9,True,736,29136
ba,100,736,8,16.0,14.72,37,2307681710,50,0,505,505,87,4,True,736,28076
ba,100,736,8,16.0,14.72,38,2238094012,57,0,279,279,92,7,True,736,28658
ba,100,736,8,16.0,14.72,39,3216865006,50,0,342,342,89,9,True,736,29134
ba,200,1536,8,16.0,15.36,0,3655008380,115,0,1347,1347,184,14,True,1536,70734
ba,200,1536,8,16.0,15.36,1,896399860,114,0,1341,1341,191,13,True,1536,72890
ba,200,1536,8,16.0,15.36,2,3546120319,111,0,908,908,178,15,True,1536,68220
ba,200,1536,8,16.0,15.36,3,3670035921,111,0,1005,1005,192,16,True,1536,70350
ba,200,1536,8,16.0,15.36,4,3732896861,113,0,787,787,192,11,True,1536,69432
ba,200,1536,8,16.0,15.36,5,916648419,106,0,1472,1472,177,15,True,1536,71424
ba,200,1536,8,16.0,15.36,6,2174099410,114,0,1480,1480,208,16,True,1536,71904
ba,200,1536,8,16.0,15.36,7,1168986330,121,0,1142,1142,189,9,True,1536,70618
ba,200,1536,8,16.0,15.36,8,470066143,108,0,860,860,185,12,True,1536,69746
ba,200,1536,8,16.0,15.36,9,2578205606,126,0,1083,1083,208,12,True,1536,69462
ba,200,1536,8,16.0,15.36,10,2713190461,104,0,1346,1346,176,16,True,1536,69048
ba,200,1536,8,16.0,15.36,11,2882876834,112,0,1131,1131,184,13,True,1536,71056
ba,200,1536,8,16.0,15.36,12,2658168003,121,0,1217,1217,220,10,True,1536,70338
ba,200,1536,8,16.0,15.36,13,3821272943,114,0,878,878,178,15,True,1536,68266
ba,200,1536,8,16.0,15.36,14,2867093877,111,0,728,728,185,18,True,1536,69188
ba,200,1536,8,16.0,15.36,15,2190385752,109,0,1432,1432,195,14,True,1536,68948
ba,200,1536,8,16.0,15.36,16,716303938,117,0,929,929,196,15,True,1536,68188
ba,200,1536,8,16.0,15.36,17,4283548589,106,0,766,766,196,17,True,1536,67166
ba,200,1536,8,16.0,15.36,18,2403362614,104,0,1349,1349,182,19,True,1536,68608
ba,200,1536,8,16.0,15.36,19,3172836,101,0,790,790,185,12,True,1536,70502
ba,200,1536,8,16.0,15.36,20,558306814,115,0,622,622,195,15,True,1536,68542
ba,200,1536,8,16.0,15.36,21,1585402541,110,0,643,643,185,11,True,1536,68924
ba,200,1536,8,16.0,15.36,22,3124117074,113,0,930,930,202,18,True,1536,71134
ba,200,1536,8,16.0,15.36,23,1096997226,111,0,699,699,172,14,True,1536,69890
ba,200,1536,8,16.0,15.36,24,2743101061,103,0,844,844,167,16,True,1536,70874
ba,200,1536,8,16.0,15.36,25,3246802308,116,0,910,910,188,12,True,1536,70536
ba,200,1536,8,16.0,15.36,26,2135697129,123,0,1800,1800,174,11,True,1536,74348
ba,200,1536,8,16.0,15.36,27,43015934,119,0,861,861,197,14,True,1536,68148
ba,200,1536,8,16.0,15.36,28,3487774723,108,0,788,788,197,17,True,1536,69620
ba,200,1536,8,16.0,15.36,29,541138029,105,0,947,947,186,13,True,1536,68374
ba,200,1536,8,16.0,15.36,30,3592027092,115,0,1208,1208,201,18,True,1536,67770
ba,200,1536,8,16.0,15.36,31,4133239690,118,0,820,820,203,12,True,1536,67544
ba,200,1536,8,16.0,15.36,32,2689664280,112,0,798,798,193,10,True,1536,68752
ba,200,1536,8,16.0,15.36,33,2415420990,114,0,1376,1376,183,13,True,1536,71574
ba,200,1536,8,16.0,15.36,34,3365867747,105,0,690,690,182,15,True,1536,65938
ba,200,1536,8,16.0,15.36,35,2174971903,122,0,900,900,190,16,True,1536,68654
ba,200,1536,8,16.0,15.36,36,1859019898,120,0,1340,1340,208,13,True,1536,70570
ba,200,1536,8,16.0,15.36,37,124771843,125,0,791,791,208,14,True,1536,68282
ba,200,1536,8,16.0,15.36,38,3913702474,109,0,773,773,182,17,True,1536,69296
ba,200,1536,8,16.0,15.36,39,274515947,110,0,1132,1132,171,16,True,1536,67888
ba,400,3136,8,16.0,15.68,0,1806706086,215,0,2588,2588,351,24,True,3136,163932
ba,400,3136,8,16.0,15.68,1,1332249936,239,0,1885,1885,428,29,True,3136,157284
ba,400,3136,8,16.0,15.68,2,1961500857,242,0,3083,3083,389,31,True,3136,166574
ba,400,3136,8,16.0,15.68,3,3990644012,200,0,2543,2543,355,35,True,3136,156490
ba,400,3136,8,16.0,15.68,4,270688711,224,0,2724,2724,404,34,True,3136,157578
ba,400,3136,8,16.0,15.68,5,3577236888,214,0,1521,1521,395,32,True,3136,159528
ba,400,3136,8,16.0,15.68,6,1757506388,225,0,3446,3446,383,23,True,3136,165688
ba,400,3136,8,16.0,15.68,7,502425802,230,0,2063,2063,362,25,True,3136,166182
ba,400,3136,8,16.0,15.68,8,1970273795,216,0,3704,3704,386,36,True,3136,156548
ba,400,3136,8,16.0,15.68,9,724504116,227,0,3954,3954,419,35,True,3136,162194
ba,400,3136,8,16.0,15.68,10,1834751688,227,0,1799,1799,412,27,True,3136,162194
ba,400,3136,8,16.0,15.68,11,1772026670,226,0,1387,1387,414,28,True,3136,159778
ba,400,3136,8,16.0,15.68,12,815890753,234,0,2184,2184,412,35,True,3136,158532
ba,400,3136,8,16.0,15.68,13,342043230,226,0,2322,2322,400,25,True,3136,160552
ba,400,3136,8,16.0,15.68,14,2274163068,209,0,2600,2600,382,34,True,3136,155852
ba,400,3136,8,16.0,15.68,15,1092155229,249,0,1818,1818,425,27,True,3136,153774
ba,400,3136,8,16.0,15.68,16,1171072927,235,0,1711,1711,405,29,True,3136,166502
ba,400,3136,8,16.0,15.68,17,2960313359,217,0,2427,2427,387,34,True,3136,157432
ba,400,3136,8,16.0,15.68,18,3745996073,237,0,2073,2073,389,26,True,3136,159556
ba,400,3136,8,16.0,15.68,19,1926251411,225,0,2746,2746,376,28,True,3136,161966
ba,400,3136,8,16.0,15.68,20,497092560,212,0,2586,2586,347,26,True,3136,159206
ba,400,3136,8,16.0,15.68,21,3895436146,218,0,2376,2376,364,29,True,3136,162058
ba,400,3136,8,16.0,15.68,22,2576418301,244,0,1894,1894,423,29,True,3136,165732
ba,400,3136,8,16.0,15.68,23,665837318,231,0,3771,3771,417,39,True,3136,160378
ba,400,3136,8,16.0,15.68,24,2483514053,219,0,1931,1931,419,30,True,3136,159314
ba,400,3136,8,16.0,15.68,25,3072383605,221,0,2836,2836,391,37,True,3136,164162
ba,400,3136,8,16.0,15.68,26,3864082117,223,0,3628,3628,382,30,True,3136,160424
ba,400,3136,8,16.0,15.68,27,2573412908,224,0,2199,2199,358,22,True,3136,157726
ba,400,3136,8,16.0,15.68,28,3517704618,224,0,2876,2876,388,22,True,3136,159600
ba,400,3136,8,16.0,15.68,29,4064430463,227,0,2286,2286,387,31,True,3136,166810
ba,400,3136,8,16.0,15.68,30,3953994593,228,0,1868,1868,420,35,True,3136,163370
ba,400,3136,8,16.0,15.68,31,1186659747,237,0,2147,2147,399,24,True,3136,159958
ba,400,3136,8,16.0,15.68,32,2713115790,237,0,1788,1788,410,28,True,3136,153372
ba,400,3136,8,16.0,15.68,33,3957202903,243,0,1967,1967,393,24,True,3136,153056
ba,400,3136,8,16.0,15.68,34,889228685,237,0,3676,3676,414,31,True,3136,155584
ba,400,3136,8,16.0,15.68,35,1254684661,240,0,2295,2295,413,27,True,3136,159118
ba,400,3136,8,16.0,15.68,36,2446936332,210,0,3380,3380,368,35,True,3136,160662
ba,400,3136,8,16.0,15.68,37,575411439,230,0,1776,1776,377,25,True,3136,156328
ba,400,3136,8,16.0,15.68,38,2391599479,223,0,1728,1728,377,25,True,3136,160850
ba,400,3136,8,16.0,15.68,39,477803882,215,0,1899,1899,393,35,True,3136,160398
ba,800,6336,8,16.0,15.84,0,509500175,452,0,4458,4458,763,57,True,6336,378626
ba,800,6336,8,16.0,15.84,1,3566540653,434,0,5652,5652,775,73,True,6336,356040
ba,800,6336,8,16.0,15.84,2,3159403210,465,0,4548,4548,817,56,True,6336,351472
ba,800,6336,8,16.0,15.84,3,2301161399,448,0,4519,4519,778,57,True,6336,356440
ba,800,6336,8,16.0,15.84,4,4028668570,452,0,5683,5683,802,68,True,6336,360860
ba,800,6336,8,16.0,15.84,5,4098278541,461,0,6147,6147,811,55,True,6336,371122
ba,800,6336,8,16.0,15.84,6,2745046414,465,0,7118,7118,842,52,True,6336,374758
ba,800,6336,8,16.0,15.84,7,2234135159,466,0,4033,4033,786,59,True,6336,367012
ba,800,6336,8,16.0,15.84,8,2104053121,468,0,4939,4939,803,61,True,6336,390192
ba,800,6336,8,16.0,15.84,9,2142178694,460,0,6501,6501,819,67,True,6336,356992
ba,800,6336,8,16.0,15.84,10,2378897108,437,0,4246,4246,754,54,True,6336,353248
ba,800,6336,8,16.0,15.84,11,294192989,453,0,6062,6062,811,52,True,6336,360636
ba,800,6336,8,16.0,15.84,12,2349224451,436,0,6328,6328,809,61,True,6336,362276
ba,800,6336,8,16.0,15.84,13,4030371025,454,0,5460,5460,799,66,True,6336,366104
ba,800,6336,8,16.0,15.84,14,764966471,467,0,4734,4734,807,68,True,6336,362318
ba,800,6336,8,16.0,15.84,15,2081687914,466,0,7140,7140,822,61,True,6336,363422
ba,800,6336,8,16.0,15.84,16,3641200465,464,0,5617,5617,802,56,True,6336,359906
ba,800,6336,8,16.0,15.84,17,2622330086,463,0,8005,8005,815,44,True,6336,348124
ba,800,6336,8,16.0,15.84,18,1704785842,426,0,5841,5841,771,53,True,6336,370702
ba,800,6336,8,16.0,15.84,19,1742477440,445,0,4609,4609,786,64,True,6336,365222
ba,800,6336,8,16.0,15.84,20,514227013,441,0,4582,4582,780,53,True,6336,370486
ba,800,6336,8,16.0,15.84,21,2925984348,449,0,4628,4628,755,55,True,6336,362030
ba,800,6336,8,16.0,15.84,22,1130860815,479,0,6213,6213,863,57,True,6336,361822
ba,800,6336,8,16.0,15.84,23,3445865071,467,0,4514,4514,801,65,True,6336,364256
ba,800,6336,8,16.0,15.84,24,1395239851,442,0,5500,5500,769,58,True,6336,357354
ba,800,6336,8,16.0,15.84,25,2256510005,447,0,7134,7134,779,66,True,6336,359366
ba,800,6336,8,16.0,15.84,26,3489330817,476,0,6425,6425,798,64,True,6336,365168
ba,800,6336,8,16.0,15.84,27,2566387353,472,0,5372,5372,795,56,True,6336,347594
ba,800,6336,8,16.0,15.84,28,2291940623,477,0,4538,4538,840,61,True,6336,354118
ba,800,6336,8,16.0,15.84,29,1841092884,457,0,4594,4594,805,75,True,6336,369762
ba,800,6336,8,16.0,15.84,30,611565983,463,0,5052,5052,825,48,True,6336,358952
ba,800,6336,8,16.0,15.84,31,1612668449,446,0,5425,5425,761,54,True,6336,369452
ba,800,6336,8,16.0,15.84,32,2733268009,461,0,4972,4972,777,62,True,6336,350364
ba,800,6336,8,16.0,15.84,33,3496039791,483,0,8176,8176,815,56,True,6336,350784
ba,800,6336,8,16.0,15.84,34,3444556503,449,0,4393,4393,811,65,True,6336,366932
ba,800,6336,8,16.0,15.84,35,1516123710,481,0,5354,5354,866,60,True,6336,368060
ba,800,6336,8,16.0,15.84,36,57992627,451,0,4320,4320,789,51,True,6336,358884
ba,800,6336,8,16.0,15.84,37,3239483794,441,0,6636,6636,718,59,True,6336,358200
ba,800,6336,8,16.0,15.84,38,3458617650,475,0,5816,5816,820,67,True,6336,358618
ba,800,6336,8,16.0,15.84,39,2207588257,431,0,5571,5571,775,59,True,6336,364078
ws,100,800,8,16.0,16.0,0,3970342804,55,0,391,391,87,13,True,800,25768
ws,100,800,8,16.0,16.0,1,1255087351,53,0,616,616,109,16,True,800,25772
ws,100,800,8,16.0,16.0,2,3802348796,43,0,339,339,88,21,True,800,25722
ws,100,800,8,16.0,16.0,3,3506904311,57,0,691,691,100,18,True,800,25742
ws,100,800,8,16.0,16.0,4,1797065264,55,0,559,559,113,20,True,800,25698
ws,100,800,8,16.0,16.0,5,635814244,52,0,528,528,99,16,True,800,25726
ws,100,800,8,16.0,16.0,6,785814235,50,0,244,244,110,20,True,800,25768
ws,100,800,8,16.0,16.0,7,272471157,47,0,434,434,88,20,True,800,25756
ws,100,800,8,16.0,16.0,8,3382891606,57,0,607,607,125,19,True,800,25776
ws,100,800,8,16.0,16.0,9,2440585159,57,0,269,269,104,20,True,800,25728
ws,100,800,8,16.0,16.0,10,280120670,40,0,524,524,78,20,True,800,25730
ws,100,800,8,16.0,16.0,11,1787759039,41,0,443,443,99,22,True,800,25742
ws,100,800,8,16.0,16.0,12,1194115460,50,0,365,365,97,23,True,800,25714
ws,100,800,8,16.0,16.0,13,3830898323,57,0,443,443,105,20,True,800,25756
ws,100,800,8,16.0,16.0,14,1966023462,48,0,368,368,90,19,True,800,25776
ws,100,800,8,16.0,16.0,15,3817238860,42,0,293,293,99,27,True,800,25764
ws,100,800,8,16.0,16.0,16,1196705691,54,0,564,564,131,21,True,800,25796
ws,100,800,8,16.0,16.0,17,994270422,55,0,457,457,97,17,True,800,25720
ws,100,800,8,16.0,16.0,18,4192338096,44,0,554,554,93,24,True,800,25740
ws,100,800,8,16.0,16.0,19,2122519063,51,0,527,527,93,15,True,800,25718
ws,100,800,8,16.0,16.0,20,2540793224,55,0,1050,1050,99,21,True,800,25746
ws,100,800,8,16.0,16.0,21,112306196,48,0,433,433,99,20,True,800,25744
ws,100,800,8,16.0,16.0,22,1335252082,51,0,285,285,100,24,True,800,25746
ws,100,800,8,16.0,16.0,23,1891636321,60,0,1018,1018,117,19,True,800,25736
ws,100,800,8,16.0,16.0,24,3290878648,50,0,506,506,120,31,True,800,25728
ws,100,800,8,16.0,16.0,25,4105506424,44,0,397,397,86,18,True,800,25746
ws,100,800,8,16.0,16.0,26,3606614045,61,0,377,377,105,19,True,800,25798
ws,100,800,8,16.0,16.0,27,2640777909,51,0,593,593,100,22,True,800,25762
ws,100,800,8,16.0,16.0,28,1174992921,46,0,255,255,95,27,True,800,25754
ws,100,800,8,16.0,16.0,29,2624848472,46,0,233,233,88,19,True,800,25790
ws,100,800,8,16.0,16.0,30,510072659,48,0,390,390,111,21,True,800,25738
ws,100,800,8,16.0,16.0,31,4061499751,61,0,362,362,113,17,True,800,25732
ws,100,800,8,16.0,16.0,32,4187332581,58,0,468,468,120,23,True,800,25718
ws,100,800,8,16.0,16.0,33,1647333010,56,0,917,917,98,18,True,800,25720
ws,100,800,8,16.0,16.0,34,3717930215,52,0,439,439,99,16,True,800,25742
ws,100,800,8,16.0,16.0,35,322413826,54,0,448,448,113,16,True,800,25738
ws,100,800,8,16.0,16.0,36,3018645409,53,0,821,821,99,17,True,800,25740
ws,100,800,8,16.0,16.0,37,3180246242,56,0,592,592,112,19,True,800,25726
ws,100,800,8,16.0,16.0,38,4177760788,50,0,602,602,106,20,True,800,25748
ws,100,800,8,16.0,16.0,39,601406088,64,0,396,396,119,15,True,800,25748
ws,200,1600,8,16.0,16.0,0,1830088212,92,0,860,860,201,47,True,1600,51526
ws,200,1600,8,16.0,16.0,1,2770297996,113,0,1025,1025,222,31,True,1600,51492
ws,200,1600,8,16.0,16.0,2,3437379581,102,0,1504,1504,185,35,True,1600,51496
ws,200,1600,8,16.0,16.0,3,2029433108,109,0,1788,1788,204,36,True,1600,51582
ws,200,1600,8,16.0,16.0,4,1094160118,100,0,2025,2025,205,36,True,1600,51480
ws,200,1600,8,16.0,16.0,5,889276399,97,0,777,777,189,44,True,1600,51484
ws,200,1600,8,16.0,16.0,6,3233331817,105,0,1147,1147,207,39,True,1600,51482
ws,200,1600,8,16.0,16.0,7,368042469,106,0,777,777,196,36,True,1600,51482
ws,200,1600,8,16.0,16.0,8,2052091641,80,0,919,919,178,49,True,1600,51518
ws,200,1600,8,16.0,16.0,9,3491466949,103,0,2288,2288,209,42,True,1600,51508
ws,200,1600,8,16.0,16.0,10,2758057190,104,0,1129,1129,198,32,True,1600,51508
ws,200,1600,8,16.0,16.0,11,3775576543,108,0,1371,1371,202,41,True,1600,51518
ws,200,1600,8,16.0,16.0,12,2179236178,101,0,666,666,207,33,True,1600,51440
ws,200,1600,8,16.0,16.0,13,13778194,96,0,1883,1883,188,39,True,1600,51524
ws,200,1600,8,16.0,16.0,14,801679530,98,0,1072,1072,190,43,True,1600,51432
ws,200,1600,8,16.0,16.0,15,1493699241,101,0,960,960,202,39,True,1600,51516
ws,200,1600,8,16.0,16.0,16,962219066,101,0,945,945,190,37,True,1600,51506
ws,200,1600,8,16.0,16.0,17,1933881860,97,0,754,754,205,43,True,1600,51522
ws,200,1600,8,16.0,16.0,18,4124032868,103,0,952,952,193,42,True,1600,51528
ws,200,1600,8,16.0,16.0,19,1550164038,112,0,1009,1009,208,34,True,1600,51486
ws,200,1600,8,16.0,16.0,20,1238197115,108,0,826,826,207,41,True,1600,51498
ws,200,1600,8,16.0,16.0,21,930098369,96,0,1696,1696,194,42,True,1600,51486
ws,200,1600,8,16.0,16.0,22,2511601106,104,0,553,553,188,31,True,1600,51480
ws,200,1600,8,16.0,16.0,23,2216826319,94,0,912,912,190,40,True,1600,51486
ws,200,1600,8,16.0,16.0,24,346471233,87,0,1042,1042,184,41,True,1600,51492
ws,200,1600,8,16.0,16.0,25,4200185864,97,0,860,860,192,42,True,1600,51446
ws,200,1600,8,16.0,16.0,26,828121586,97,0,855,855,193,40,True,1600,51508
ws,200,1600,8,16.0,16.0,27,2585970569,99,0,846,846,207,46,True,1600,51464
ws,200,1600,8,16.0,16.0,28,3231648147,97,0,966,966,201,42,True,1600,51548
ws,200,1600,8,16.0,16.0,29,1399705588,115,0,2027,2027,209,35,True,1600,51442
ws,200,1600,8,16.0,16.0,30,2377484358,107,0,1312,1312,203,37,True,1600,51502
ws,200,1600,8,16.0,16.0,31,1693516492,103,0,924,924,180,34,True,1600,51466
ws,200,1600,8,16.0,16.0,32,2146000135,98,0,948,948,214,39,True,1600,51488
ws,200,1600,8,16.0,16.0,33,169615377,98,0,918,918,195,42,True,1600,51534
ws,200,1600,8,16.0,16.0,34,3592639522,106,0,935,935,225,39,True,1600,51492
ws,200,1600,8,16.0,16.0,35,115190660,100,0,1069,1069,204,40,True,1600,51460
ws,200,1600,8,16.0,16.0,36,3694246145,91,0,1448,1448,175,35,True,1600,51536
ws,200,1600,8,16.0,16.0,37,2974087623,100,0,1020,1020,195,40,True,1600,51468
ws,200,1600,8,16.0,16.0,38,1001827245,99,0,837,837,196,36,True,1600,51534
ws,200,1600,8,16.0,16.0,39,3139258344,103,0,779,779,201,37,True,1600,51492
ws,400,3200,8,16.0,16.0,0,3517666966,191,0,2459,2459,379,85,True,3200,102910
ws,400,3200,8,16.0,16.0,1,2182835064,213,0,3478,3478,430,73,True,3200,103000
ws,400,3200,8,16.0,16.0,2,2541296689,194,0,2746,2746,386,83,True,3200,103004
ws,400,3200,8,16.0,16.0,3,1190666979,195,0,1914,1914,399,84,True,3200,102972
ws,400,3200,8,16.0,16.0,4,781012609,207,0,2416,2416,421,81,True,3200,103042
ws,400,3200,8,16.0,16.0,5,1656885154,205,0,1715,1715,406,81,True,3200,103052
ws,400,3200,8,16.0,16.0,6,2275376977,212,0,1787,1787,421,86,True,3200,103012
ws,400,3200,8,16.0,16.0,7,2842427997,210,0,2271,2271,402,69,True,3200,103072
ws,400,3200,8,16.0,16.0,8,822800015,193,0,2584,2584,389,80,True,3200,103104
ws,400,3200,8,16.0,16.0,9,1799174993,205,0,1826,1826,403,76,True,3200,103014
ws,400,3200,8,16.0,16.0,10,1784751546,194,0,2902,2902,387,82,True,3200,103000
ws,400,3200,8,16.0,16.0,11,3906195002,212,0,4449,4449,412,72,True,3200,103014
ws,400,3200,8,16.0,16.0,12,2657778259,200,0,2294,2294,392,78,True,3200,103042
ws,400,3200,8,16.0,16.0,13,233408987,202,0,2848,2848,397,78,True,3200,103010
ws,400,3200,8,16.0,16.0,14,1681424296,204,0,2746,2746,412,80,True,3200,102984
ws,400,3200,8,16.0,16.0,15,4090373387,213,0,2696,2696,432,79,True,3200,103096
ws,400,3200,8,16.0,16.0,16,4238867381,208,0,2466,2466,416,81,True,3200,103010
ws,400,3200,8,16.0,16.0,17,3673774923,212,0,3222,3222,413,74,True,3200,103042
ws,400,3200,8,16.0,16.0,18,3016879414,200,0,1790,1790,407,81,True,3200,102988
ws,400,3200,8,16.0,16.0,19,1114139659,212,0,1544,1544,409,80,True,3200,103000
ws,400,3200,8,16.0,16.0,20,3905293630,194,0,1564,1564,398,90,True,3200,103006
ws,400,3200,8,16.0,16.0,21,3689952116,199,0,2113,2113,403,79,True,3200,102962
ws,400,3200,8,16.0,16.0,22,2092595519,212,0,2953,2953,414,66,True,3200,102992
ws,400,3200,8,16.0,16.0,23,3645736779,199,0,1878,1878,392,79,True,3200,103098
ws,400,3200,8,16.0,16.0,24,1059737105,203,0,2987,2987,375,76,True,3200,103034
ws,400,3200,8,16.0,16.0,25,3862940067,212,0,2512,2512,425,88,True,3200,103012
ws,400,3200,8,16.0,16.0,26,499527218,203,0,2755,2755,427,80,True,3200,102996
ws,400,3200,8,16.0,16.0,27,233736929,205,0,2304,2304,381,80,True,3200,103096
ws,400,3200,8,16.0,16.0,28,2981833569,198,0,2808,2808,383,69,True,3200,102908
ws,400,3200,8,16.0,16.0,29,1539468671,193,0,2983,2983,395,85,True,3200,102910
ws,400,3200,8,16.0,16.0,30,2438446116,216,0,2417,2417,403,69,True,3200,103150
ws,400,3200,8,16.0,16.0,31,3913820872,201,0,1894,1894,393,83,True,3200,102996
ws,400,3200,8,16.0,16.0,32,803387941,189,0,2640,2640,375,79,True,3200,103016
ws,400,3200,8,16.0,16.0,33,921961373,223,0,4461,4461,424,71,True,3200,102958
ws,400,3200,8,16.0,16.0,34,2170152003,207,0,2372,2372,423,80,True,3200,103058
ws,400,3200,8,16.0,16.0,35,240798568,201,0,2219,2219,397,82,True,3200,102914
ws,400,3200,8,16.0,16.0,36,3193585236,198,0,2814,2814,404,73,True,3200,103100
ws,400,3200,8,16.0,16.0,37,2798863312,205,0,3256,3256,396,83,True,3200,103014
ws,400,3200,8,16.0,16.0,38,2184929785,205,0,2495,2495,393,77,True,3200,103010
ws,400,3200,8,16.0,16.0,39,37481074,213,0,2219,2219,404,77,True,3200,103044
ws,800,6400,8,16.0,16.0,0,1536201364,398,0,4048,4048,835,169,True,6400,205974
ws,800,6400,8,16.0,16.0,1,2237160789,405,0,5327,5327,791,163,True,6400,206032
ws,800,6400,8,16.0,16.0,2,1157795784,395,0,5935,5935,802,163,True,6400,206170
ws,800,6400,8,16.0,16.0,3,3173340747,412,0,8055,8055,807,160,True,6400,206054
ws,800,6400,8,16.0,16.0,4,3823973326,393,0,4799,4799,791,165,True,6400,206038
ws,800,6400,8,16.0,16.0,5,1991525638,391,0,5331,5331,768,164,True,6400,205882
ws,800,6400,8,16.0,16.0,6,3959404687,388,0,4609,4609,762,164,True,6400,205914
ws,800,6400,8,16.0,16.0,7,559535399,388,0,7049,7049,810,157,True,6400,205984
ws,800,6400,8,16.0,16.0,8,779075692,410,0,5998,5998,821,173,True,6400,205962
ws,800,6400,8,16.0,16.0,9,3905458922,382,0,6124,6124,774,174,True,6400,205990
ws,800,6400,8,16.0,16.0,10,2052758675,403,0,7719,7719,798,161,True,6400,206136
ws,800,6400,8,16.0,16.0,11,3296965492,419,0,4968,4968,831,160,True,6400,206020
ws,800,6400,8,16.0,16.0,12,393237954,414,0,5738,5738,776,144,True,6400,205988
ws,800,6400,8,16.0,16.0,13,2135634859,407,0,6281,6281,822,156,True,6400,206104
ws,800,6400,8,16.0,16.0,14,642981885,406,0,4213,4213,785,159,True,6400,205998
ws,800,6400,8,16.0,16.0,15,2422688640,398,0,5291,5291,788,159,True,6400,205996
ws,800,6400,8,16.0,16.0,16,4113045316,403,0,8883,8883,812,163,True,6400,206048
ws,800,6400,8,16.0,16.0,17,3799375061,398,0,4896,4896,811,179,True,6400,205944
ws,800,6400,8,16.0,16.0,18,3332038267,390,0,3861,3861,823,169,True,6400,206042
ws,800,6400,8,16.0,16.0,19,3988911616,420,0,4406,4406,867,166,True,6400,205898
ws,800,6400,8,16.0,16.0,20,3349516511,410,0,5344,5344,812,155,True,6400,206036
ws,800,6400,8,16.0,16.0,21,3221421240,405,0,4340,4340,780,151,True,6400,206074
ws,800,6400,8,16.0,16.0,22,1081262101,416,0,4346,4346,835,167,True,6400,205966
ws,800,6400,8,16.0,16.0,23,1250011482,396,0,3596,3596,837,167,True,6400,205972
ws,800,6400,8,16.0,16.0,24,1648532843,399,0,5672,5672,784,149,True,6400,205986
ws,800,6400,8,16.0,16.0,25,3168790860,421,0,4580,4580,803,145,True,6400,206070
ws,800,6400,8,16.0,16.0,26,1238507376,394,0,5016,5016,800,169,True,6400,206044
ws,800,6400,8,16.0,16.0,27,2958925792,374,0,6614,6614,803,173,True,6400,206098
ws,800,6400,8,16.0,16.0,28,595529219,382,0,5109,5109,778,169,True,6400,205908
ws,800,6400,8,16.0,16.0,29,3369233121,393,0,7322,7322,759,169,True,6400,205962
ws,800,6400,8,16.0,16.0,30,1509321063,386,0,5137,5137,774,165,True,6400,206086
ws,800,6400,8,16.0,16.0,31,2293014883,381,0,4198,4198,776,150,True,6400,206084
ws,800,6400,8,16.0,16.0,32,3344558883,420,0,4531,4531,828,156,True,6400,206024
ws,800,6400,8,16.0,16.0,33,2809980099,414,0,6838,6838,802,147,True,6400,206064
ws,800,6400,8,16.0,16.0,34,3985682511,388,0,5949,5949,805,164,True,6400,206008
ws,800,6400,8,16.0,16.0,35,808749588,393,0,3969,3969,809,178,True,6400,205990
ws,800,6400,8,16.0,16.0,36,3862161147,406,0,5830,5830,830,163,True,6400,205982
ws,800,6400,8,16.0,16.0,37,3534277481,405,0,6386,6386,831,160,True,6400,206028
ws,800,6400,8,16.0,16.0,38,4149844304,427,0,5470,5470,836,158,True,6400,205962
ws,800,6400,8,16.0,16.0,39,2033198535,386,0,5696,5696,783,161,True,6400,205950
