family,n,m,k_colors,average_degree,trial,seed,recolor_steps,sweeps,node_evaluations,initial_potential,final_potential,converged,edge_bound,n_log_n
er,100,393,3,8.0,0,750584222,51,4,400,132,43,True,393,460.51701859880916
er,100,399,3,8.0,1,1907183462,51,3,300,140,51,True,399,460.51701859880916
er,100,401,3,8.0,2,2764273134,53,3,300,158,44,True,401,460.51701859880916
er,100,394,3,8.0,3,864094965,57,4,400,139,33,True,394,460.51701859880916
er,100,413,3,8.0,4,4102640951,42,3,300,133,56,True,413,460.51701859880916
er,100,406,3,8.0,5,935026558,35,3,300,123,53,True,406,460.51701859880916
er,100,389,3,8.0,6,1645630125,47,4,400,124,46,True,389,460.51701859880916
er,100,403,3,8.0,7,4154199639,53,5,500,137,45,True,403,460.51701859880916
er,100,418,3,8.0,8,3698705289,42,4,400,131,49,True,418,460.51701859880916
er,100,392,3,8.0,9,1699346619,43,5,500,122,52,True,392,460.51701859880916
er,100,407,3,8.0,10,4057255169,60,5,500,149,40,True,407,460.51701859880916
er,100,404,3,8.0,11,2512658097,54,5,500,145,47,True,404,460.51701859880916
er,100,383,3,8.0,12,1950266792,42,3,300,130,42,True,383,460.51701859880916
er,100,382,3,8.0,13,2658869656,53,4,400,125,35,True,382,460.51701859880916
er,100,389,3,8.0,14,2371711316,56,4,400,131,41,True,389,460.51701859880916
er,100,382,3,8.0,15,1784576617,46,5,500,131,41,True,382,460.51701859880916
er,100,393,3,8.0,16,2967236181,55,5,500,144,43,True,393,460.51701859880916
er,100,399,3,8.0,17,1406110626,52,6,600,132,37,True,399,460.51701859880916
er,100,416,3,8.0,18,3581317351,45,5,500,134,47,True,416,460.51701859880916
er,100,382,3,8.0,19,2397255022,39,5,500,124,44,True,382,460.51701859880916
er,100,396,3,8.0,20,2589997498,41,3,300,122,50,True,396,460.51701859880916
er,100,373,3,8.0,21,3355354407,35,3,300,113,41,True,373,460.51701859880916
er,100,368,3,8.0,22,651937322,49,3,300,143,44,True,368,460.51701859880916
er,100,419,3,8.0,23,3681137035,45,4,400,133,53,True,419,460.51701859880916
er,100,387,3,8.0,24,3160172360,47,4,400,130,48,True,387,460.51701859880916
er,100,343,3,8.0,25,3676718848,49,4,400,129,36,True,343,460.51701859880916
er,100,422,3,8.0,26,2567071115,55,4,400,158,47,True,422,460.51701859880916
er,100,422,3,8.0,27,597467103,49,5,500,138,51,True,422,460.51701859880916
er,100,430,3,8.0,28,3623868202,53,4,400,158,57,True,430,460.51701859880916
er,100,401,3,8.0,29,4264334813,57,4,400,142,43,True,401,460.51701859880916
er,100,410,3,8.0,30,2856860584,42,4,400,127,47,True,410,460.51701859880916
er,100,395,3,8.0,31,1156284737,59,6,600,145,35,True,395,460.51701859880916
er,100,374,3,8.0,32,4199234773,50,4,400,134,37,True,374,460.51701859880916
er,100,428,3,8.0,33,4278409214,44,3,300,132,51,True,428,460.51701859880916
er,100,381,3,8.0,34,3386615044,52,4,400,143,44,True,381,460.51701859880916
er,100,393,3,8.0,35,3119047110,50,5,500,137,43,True,393,460.51701859880916
er,100,407,3,8.0,36,2163034505,55,4,400,146,50,True,407,460.51701859880916
er,100,400,3,8.0,37,660257168,47,4,400,138,41,True,400,460.51701859880916
er,100,423,3,8.0,38,2162007260,40,2,200,134,53,True,423,460.51701859880916
er,100,398,3,8.0,39,1605633292,52,5,500,142,45,True,398,460.51701859880916
er,100,398,3,8.0,40,303286668,48,3,300,139,45,True,398,460.51701859880916
er,100,411,3,8.0,41,4246355715,53,4,400,140,45,True,411,460.51701859880916
er,100,423,3,8.0,42,2665281886,46,3,300,150,50,True,423,460.51701859880916
er,100,401,3,8.0,43,2609876666,46,4,400,149,43,True,401,460.51701859880916
er,100,395,3,8.0,44,3182389893,44,4,400,133,49,True,395,460.51701859880916
er,100,411,3,8.0,45,957120862,42,3,300,130,47,True,411,460.51701859880916
er,100,413,3,8.0,46,3221960312,48,3,300,137,46,True,413,460.51701859880916
er,100,402,3,8.0,47,674724884,51,5,500,152,50,True,402,460.51701859880916
er,100,406,3,8.0,48,4257311707,40,4,400,129,46,True,406,460.51701859880916
er,100,403,3,8.0,49,2808821168,56,4,400,137,36,True,403,460.51701859880916
er,100,403,3,8.0,50,2989713593,45,3,300,132,48,True,403,460.51701859880916
er,100,405,3,8.0,51,1857746813,49,4,400,132,47,True,405,460.51701859880916
er,100,424,3,8.0,52,4138621640,50,5,500,134,47,True,424,460.51701859880916
er,100,407,3,8.0,53,1399062691,47,4,400,141,46,True,407,460.51701859880916
er,100,396,3,8.0,54,2748688328,54,3,300,149,45,True,396,460.51701859880916
er,100,420,3,8.0,55,3366497944,49,4,400,133,45,True,420,460.51701859880916
er,100,346,3,8.0,56,3533883360,43,3,300,112,40,True,346,460.51701859880916
er,100,405,3,8.0,57,3071072529,44,3,300,143,54,True,405,460.51701859880916
er,100,442,3,8.0,58,3439818126,52,5,500,141,57,True,442,460.51701859880916
er,100,410,3,8.0,59,2275767489,50,4,400,136,46,True,410,460.51701859880916
er,100,393,3,8.0,60,2175348415,50,5,500,129,46,True,393,460.51701859880916
er,100,416,3,8.0,61,2797696885,54,5,500,143,50,True,416,460.51701859880916
er,100,388,3,8.0,62,3130614851,44,4,400,117,43,True,388,460.51701859880916
er,100,402,3,8.0,63,1914387626,43,6,600,131,47,True,402,460.51701859880916
er,100,453,3,8.0,64,4196323525,55,4,400,159,49,True,453,460.51701859880916
er,100,404,3,8.0,65,832660109,48,4,400,139,44,True,404,460.51701859880916
er,100,393,3,8.0,66,25621600,53,4,400,134,41,True,393,460.51701859880916
er,100,374,3,8.0,67,1282566125,53,5,500,120,36,True,374,460.51701859880916
er,100,384,3,8.0,68,1082724949,60,4,400,145,41,True,384,460.51701859880916
er,100,387,3,8.0,69,1543697614,54,4,400,130,38,True,387,460.51701859880916
er,100,367,3,8.0,70,2341708169,44,4,400,112,40,True,367,460.51701859880916
er,100,425,3,8.0,71,1544781354,51,4,400,127,44,True,425,460.51701859880916
er,100,423,3,8.0,72,1990589157,34,3,300,133,53,True,423,460.51701859880916
er,100,415,3,8.0,73,634820616,54,5,500,159,53,True,415,460.51701859880916
er,100,410,3,8.0,74,4270743924,50,4,400,134,46,True,410,460.51701859880916
er,100,407,3,8.0,75,3602276108,41,4,400,132,48,True,407,460.51701859880916
er,100,403,3,8.0,76,1267007162,42,3,300,132,55,True,403,460.51701859880916
er,100,403,3,8.0,77,4038046141,47,4,400,139,46,True,403,460.51701859880916
er,100,376,3,8.0,78,141739987,58,4,400,125,32,True,376,460.51701859880916
er,100,387,3,8.0,79,2921516111,50,4,400,118,41,True,387,460.51701859880916
er,100,405,3,8.0,80,1412478352,55,5,500,148,48,True,405,460.51701859880916
er,100,396,3,8.0,81,3175947875,44,6,600,135,40,True,396,460.51701859880916
er,100,406,3,8.0,82,2627927263,53,6,600,124,45,True,406,460.51701859880916
er,100,384,3,8.0,83,1577208087,59,5,500,133,34,True,384,460.51701859880916
er,100,397,3,8.0,84,1755222331,43,4,400,127,50,True,397,460.51701859880916
er,100,383,3,8.0,85,3967448050,49,5,500,120,41,True,383,460.51701859880916
er,100,415,3,8.0,86,1230351000,50,3,300,140,53,True,415,460.51701859880916
er,100,409,3,8.0,87,234585265,39,3,300,134,45,True,409,460.51701859880916
er,100,413,3,8.0,88,1928430771,56,4,400,147,53,True,413,460.51701859880916
er,100,428,3,8.0,89,1074707276,57,3,300,144,50,True,428,460.51701859880916
er,100,446,3,8.0,90,58513404,54,3,300,160,56,True,446,460.51701859880916
er,100,412,3,8.0,91,3768889601,47,3,300,137,44,True,412,460.51701859880916
er,100,402,3,8.0,92,2237577940,50,4,400,136,47,True,402,460.51701859880916
er,100,385,3,8.0,93,3595347574,46,5,500,117,43,True,385,460.51701859880916
er,100,406,3,8.0,94,1527409911,46,5,500,127,45,True,406,460.51701859880916
er,100,366,3,8.0,95,3306524313,52,5,500,118,35,True,366,460.51701859880916
er,100,369,3,8.0,96,3857943693,50,4,400,127,40,True,369,460.51701859880916
er,100,379,3,8.0,97,846953634,53,5,500,120,34,True,379,460.51701859880916
er,100,387,3,8.0,98,1868032414,56,4,400,136,40,True,387,460.51701859880916
er,100,398,3,8.0,99,811935503,47,6,600,137,49,True,398,460.51701859880916
er,100,430,3,8.0,100,2325533902,58,4,400,157,47,True,430,460.51701859880916
er,100,416,3,8.0,101,1969729228,45,3,300,132,46,True,416,460.51701859880916
er,100,410,3,8.0,102,1765941598,40,4,400,125,50,True,410,460.51701859880916
er,100,382,3,8.0,103,1507970921,42,3,300,112,42,True,382,460.51701859880916
er,100,402,3,8.0,104,3952704640,44,5,500,133,53,True,402,460.51701859880916
er,100,393,3,8.0,105,655798050,55,7,700,139,39,True,393,460.51701859880916
er,100,397,3,8.0,106,3471837322,51,4,400,130,41,True,397,460.51701859880916
er,100,397,3,8.0,107,4265726084,53,4,400,143,47,True,397,460.51701859880916
er,100,381,3,8.0,108,2349691288,53,3,300,132,38,True,381,460.51701859880916
er,100,392,3,8.0,109,1998513235,53,3,300,143,47,True,392,460.51701859880916
er,100,377,3,8.0,110,3489230190,52,4,400,141,41,True,377,460.51701859880916
er,100,380,3,8.0,111,3573012211,47,3,300,127,43,True,380,460.51701859880916
er,100,376,3,8.0,112,4117551636,41,4,400,115,47,True,376,460.51701859880916
er,100,393,3,8.0,113,172197864,58,5,500,131,43,True,393,460.51701859880916
er,100,425,3,8.0,114,185221819,52,4,400,148,49,True,425,460.51701859880916
er,100,387,3,8.0,115,697471445,47,4,400,139,40,True,387,460.51701859880916
er,100,399,3,8.0,116,2623316805,42,3,300,130,45,True,399,460.51701859880916
er,100,404,3,8.0,117,375064772,49,4,400,142,55,True,404,460.51701859880916
er,100,404,3,8.0,118,772784716,48,6,600,131,44,True,404,460.51701859880916
er,100,428,3,8.0,119,1945661561,56,4,400,152,46,True,428,460.51701859880916
er,100,373,3,8.0,120,3643808903,50,4,400,134,38,True,373,460.51701859880916
er,100,409,3,8.0,121,1589699064,42,3,300,134,46,True,409,460.51701859880916
er,100,416,3,8.0,122,3335944202,45,3,300,143,56,True,416,460.51701859880916
er,100,381,3,8.0,123,1393299732,40,4,400,114,38,True,381,460.51701859880916
er,100,388,3,8.0,124,1771299803,44,4,400,128,49,True,388,460.51701859880916
er,100,397,3,8.0,125,1209513128,50,3,300,130,45,True,397,460.51701859880916
er,100,419,3,8.0,126,1977432945,64,4,400,150,48,True,419,460.51701859880916
er,100,388,3,8.0,127,3196580947,44,5,500,114,39,True,388,460.51701859880916
er,100,413,3,8.0,128,1289269346,54,9,900,146,45,True,413,460.51701859880916
er,100,398,3,8.0,129,919405806,46,3,300,123,45,True,398,460.51701859880916
er,100,398,3,8.0,130,3066651635,54,6,600,133,37,True,398,460.51701859880916
er,100,432,3,8.0,131,3212505367,59,5,500,141,54,True,432,460.51701859880916
er,100,408,3,8.0,132,4246441021,49,4,400,158,47,True,408,460.51701859880916
er,100,394,3,8.0,133,1330595375,44,3,300,130,48,True,394,460.51701859880916
er,100,392,3,8.0,134,3550148070,42,5,500,109,43,True,392,460.51701859880916
er,100,390,3,8.0,135,3851675721,44,4,400,129,48,True,390,460.51701859880916
er,100,402,3,8.0,136,83558215,55,6,600,138,38,True,402,460.51701859880916
er,100,372,3,8.0,137,2224763023,56,4,400,130,40,True,372,460.51701859880916
er,100,394,3,8.0,138,278512373,54,5,500,139,39,True,394,460.51701859880916
er,100,381,3,8.0,139,2290600103,60,6,600,133,35,True,381,460.51701859880916
er,100,389,3,8.0,140,4081605258,44,4,400,119,46,True,389,460.51701859880916
er,100,416,3,8.0,141,4254630589,48,4,400,151,47,True,416,460.51701859880916
er,100,418,3,8.0,142,187851826,43,4,400,129,49,True,418,460.51701859880916
er,100,418,3,8.0,143,1413294159,51,4,400,134,41,True,418,460.51701859880916
er,100,356,3,8.0,144,350691902,54,5,500,114,28,True,356,460.51701859880916
er,100,363,3,8.0,145,1288289538,46,4,400,127,40,True,363,460.51701859880916
er,100,401,3,8.0,146,1167976675,52,3,300,150,46,True,401,460.51701859880916
er,100,410,3,8.0,147,1248633730,51,5,500,127,46,True,410,460.51701859880916
er,100,397,3,8.0,148,566116580,48,4,400,130,42,True,397,460.51701859880916
er,100,403,3,8.0,149,3789968679,50,3,300,140,49,True,403,460.51701859880916
er,100,416,3,8.0,150,2655616369,54,5,500,126,42,True,416,460.51701859880916
er,100,380,3,8.0,151,3254870090,58,6,600,140,36,True,380,460.51701859880916
er,100,417,3,8.0,152,839316664,47,4,400,144,45,True,417,460.51701859880916
er,100,392,3,8.0,153,884702691,44,4,400,135,44,True,392,460.51701859880916
er,100,408,3,8.0,154,759899735,54,4,400,141,42,True,408,460.51701859880916
er,100,396,3,8.0,155,193925152,49,4,400,133,49,True,396,460.51701859880916
er,100,352,3,8.0,156,340826649,45,4,400,120,42,True,352,460.51701859880916
er,100,391,3,8.0,157,423772002,44,4,400,129,48,True,391,460.51701859880916
er,100,375,3,8.0,158,1587297125,50,5,500,130,44,True,375,460.51701859880916
er,100,388,3,8.0,159,4099594059,46,4,400,117,48,True,388,460.51701859880916
er,100,399,3,8.0,160,288090569,57,4,400,144,38,True,399,460.51701859880916
er,100,393,3,8.0,161,2141115382,54,6,600,144,43,True,393,460.51701859880916
er,100,414,3,8.0,162,3554479391,43,3,300,140,54,True,414,460.51701859880916
er,100,407,3,8.0,163,816370415,50,5,500,143,48,True,407,460.51701859880916
er,100,384,3,8.0,164,509469953,41,3,300,131,46,True,384,460.51701859880916
er,100,443,3,8.0,165,2176542004,51,4,400,129,53,True,443,460.51701859880916
er,100,410,3,8.0,166,2063924159,43,3,300,128,54,True,410,460.51701859880916
er,100,392,3,8.0,167,1935711177,51,5,500,123,38,True,392,460.51701859880916
er,100,409,3,8.0,168,185175893,53,4,400,143,50,True,409,460.51701859880916
er,100,393,3,8.0,169,1026524134,53,6,600,126,44,True,393,460.51701859880916
er,100,432,3,8.0,170,234783671,54,4,400,142,46,True,432,460.51701859880916
er,100,420,3,8.0,171,3294718251,44,4,400,132,53,True,420,460.51701859880916
er,100,372,3,8.0,172,1185806181,50,4,400,142,44,True,372,460.51701859880916
er,100,417,3,8.0,173,1484822738,58,4,400,148,51,True,417,460.51701859880916
er,100,427,3,8.0,174,1831676186,49,4,400,133,57,True,427,460.51701859880916
er,100,365,3,8.0,175,3003335784,50,3,300,117,37,True,365,460.51701859880916
er,100,389,3,8.0,176,3655131447,47,4,400,134,43,True,389,460.51701859880916
er,100,387,3,8.0,177,2918539582,48,4,400,144,41,True,387,460.51701859880916
er,100,401,3,8.0,178,226069633,59,7,700,144,42,True,401,460.51701859880916
er,100,400,3,8.0,179,3464400622,51,5,500,135,42,True,400,460.51701859880916
er,100,393,3,8.0,180,2698514642,48,4,400,137,41,True,393,460.51701859880916
er,100,419,3,8.0,181,287856040,54,4,400,141,46,True,419,460.51701859880916
er,100,405,3,8.0,182,3696989422,57,4,400,135,42,True,405,460.51701859880916
er,100,364,3,8.0,183,466248355,48,4,400,125,40,True,364,460.51701859880916
er,100,393,3,8.0,184,314096574,49,5,500,135,45,True,393,460.51701859880916
er,100,333,3,8.0,185,2146520129,50,4,400,122,32,True,333,460.51701859880916
er,100,392,3,8.0,186,2888999413,48,5,500,128,47,True,392,460.51701859880916
er,100,408,3,8.0,187,3830515932,51,6,600,135,40,True,408,460.51701859880916
er,100,397,3,8.0,188,2967669227,48,4,400,134,48,True,397,460.51701859880916
er,100,382,3,8.0,189,3995312455,47,4,400,134,45,True,382,460.51701859880916
er,100,394,3,8.0,190,655694359,52,7,700,129,41,True,394,460.51701859880916
er,100,393,3,8.0,191,3799234054,59,4,400,138,41,True,393,460.51701859880916
er,100,358,3,8.0,192,306202967,45,3,300,128,35,True,358,460.51701859880916
er,100,423,3,8.0,193,1360852100,64,6,600,147,42,True,423,460.51701859880916
er,100,395,3,8.0,194,1159475697,47,5,500,125,41,True,395,460.51701859880916
er,100,385,3,8.0,195,447631845,42,3,300,124,46,True,385,460.51701859880916
er,100,416,3,8.0,196,2184923065,44,3,300,136,56,True,416,460.51701859880916
er,100,394,3,8.0,197,1381901843,50,4,400,131,43,True,394,460.51701859880916
er,100,433,3,8.0,198,1994134346,56,4,400,157,52,True,433,460.51701859880916
er,100,435,3,8.0,199,2951358042,48,4,400,154,50,True,435,460.51701859880916
er,100,411,3,8.0,200,275316123,43,4,400,137,59,True,411,460.51701859880916
er,100,422,3,8.0,201,4234730116,44,4,400,131,53,True,422,460.51701859880916
er,100,399,3,8.0,202,2995733962,47,3,300,126,40,True,399,460.51701859880916
er,100,389,3,8.0,203,465218190,39,4,400,118,44,True,389,460.51701859880916
er,100,394,3,8.0,204,3375839924,43,3,300,136,51,True,394,460.51701859880916
er,100,406,3,8.0,205,288178924,41,4,400,123,50,True,406,460.51701859880916
er,100,420,3,8.0,206,2205883108,49,3,300,136,51,True,420,460.51701859880916
er,100,424,3,8.0,207,631243358,44,3,300,156,57,True,424,460.51701859880916
er,100,346,3,8.0,208,2858824593,42,4,400,106,35,True,346,460.51701859880916
er,100,384,3,8.0,209,711628891,53,4,400,132,37,True,384,460.51701859880916
er,100,405,3,8.0,210,1108241187,47,5,500,131,50,True,405,460.51701859880916
er,100,390,3,8.0,211,1073964725,45,4,400,112,45,True,390,460.51701859880916
er,100,417,3,8.0,212,815527471,52,6,600,144,51,True,417,460.51701859880916
er,100,372,3,8.0,213,1451610920,37,4,400,107,41,True,372,460.51701859880916
er,100,403,3,8.0,214,4157886898,42,3,300,137,45,True,403,460.51701859880916
er,100,385,3,8.0,215,83777363,44,3,300,135,45,True,385,460.51701859880916
er,100,429,3,8.0,216,1878579219,48,5,500,138,54,True,429,460.51701859880916
er,100,415,3,8.0,217,3790796302,47,7,700,137,47,True,415,460.51701859880916
er,100,380,3,8.0,218,3734071786,38,4,400,121,52,True,380,460.51701859880916
er,100,397,3,8.0,219,409670710,51,3,300,143,43,True,397,460.51701859880916
er,100,375,3,8.0,220,119672885,46,3,300,133,41,True,375,460.51701859880916
er,100,422,3,8.0,221,1633297240,57,4,400,143,48,True,422,460.51701859880916
er,100,385,3,8.0,222,2299983812,37,4,400,122,46,True,385,460.51701859880916
er,100,415,3,8.0,223,2593294493,48,5,500,137,46,True,415,460.51701859880916
er,100,387,3,8.0,224,1458273024,41,4,400,120,51,True,387,460.51701859880916
er,100,383,3,8.0,225,3442222814,46,4,400,117,38,True,383,460.51701859880916
er,100,393,3,8.0,226,447273098,53,5,500,139,37,True,393,460.51701859880916
er,100,421,3,8.0,227,2565688634,45,4,400,141,53,True,421,460.51701859880916
er,100,375,3,8.0,228,1516644496,40,3,300,113,48,True,375,460.51701859880916
er,100,431,3,8.0,229,474922180,56,4,400,157,51,True,431,460.51701859880916
er,100,375,3,8.0,230,1696232249,43,3,300,115,38,True,375,460.51701859880916
er,100,393,3,8.0,231,2555019394,47,3,300,131,50,True,393,460.51701859880916
er,100,410,3,8.0,232,1936747634,50,3,300,147,43,True,410,460.51701859880916
er,100,429,3,8.0,233,1972983908,51,4,400,145,50,True,429,460.51701859880916
er,100,388,3,8.0,234,2998733783,48,4,400,124,41,True,388,460.51701859880916
er,100,390,3,8.0,235,3366742451,48,5,500,129,47,True,390,460.51701859880916
er,100,422,3,8.0,236,3226233802,44,4,400,147,59,True,422,460.51701859880916
er,100,388,3,8.0,237,3916233027,56,4,400,142,39,True,388,460.51701859880916
er,100,369,3,8.0,238,2733298901,52,3,300,120,40,True,369,460.51701859880916
er,100,412,3,8.0,239,889371168,46,4,400,125,47,True,412,460.51701859880916
er,100,425,3,8.0,240,2377898452,39,4,400,130,56,True,425,460.51701859880916
er,100,397,3,8.0,241,3709570706,50,4,400,131,45,True,397,460.51701859880916
er,100,405,3,8.0,242,1194440905,53,4,400,145,44,True,405,460.51701859880916
er,100,405,3,8.0,243,3727674626,39,4,400,133,58,True,405,460.51701859880916
er,100,392,3,8.0,244,561145467,45,4,400,132,48,True,392,460.51701859880916
er,100,466,3,8.0,245,333026627,45,3,300,165,70,True,466,460.51701859880916
er,100,411,3,8.0,246,523434950,44,3,300,136,47,True,411,460.51701859880916
er,100,404,3,8.0,247,2540522998,48,4,400,146,53,True,404,460.51701859880916
er,100,400,3,8.0,248,1705045335,54,4,400,133,41,True,400,460.51701859880916
er,100,424,3,8.0,249,1924393788,46,6,600,136,51,True,424,460.51701859880916
er,100,421,3,8.0,250,1303696763,49,3,300,127,51,True,421,460.51701859880916
er,100,360,3,8.0,251,1049135888,54,4,400,118,31,True,360,460.51701859880916
er,100,412,3,8.0,252,991560038,48,5,500,139,45,True,412,460.51701859880916
er,100,404,3,8.0,253,908805243,45,3,300,148,48,True,404,460.51701859880916
er,100,415,3,8.0,254,2658466697,45,4,400,147,53,True,415,460.51701859880916
er,100,447,3,8.0,255,2757647320,33,3,300,129,56,True,447,460.51701859880916
er,100,411,3,8.0,256,3763334118,46,3,300,142,54,True,411,460.51701859880916
er,100,331,3,8.0,257,1991484532,46,3,300,112,31,True,331,460.51701859880916
er,100,411,3,8.0,258,3847556154,66,6,600,152,41,True,411,460.51701859880916
er,100,392,3,8.0,259,175898399,35,5,500,104,42,True,392,460.51701859880916
er,100,354,3,8.0,260,3600122773,47,4,400,114,32,True,354,460.51701859880916
er,100,403,3,8.0,261,731157109,45,3,300,123,45,True,403,460.51701859880916
er,100,415,3,8.0,262,4023563595,55,5,500,154,51,True,415,460.51701859880916
er,100,392,3,8.0,263,956456287,42,4,400,111,42,True,392,460.51701859880916
er,100,403,3,8.0,264,1628046621,44,4,400,129,47,True,403,460.51701859880916
er,100,367,3,8.0,265,3546450407,34,3,300,113,45,True,367,460.51701859880916
er,100,400,3,8.0,266,2491621073,48,4,400,140,49,True,400,460.51701859880916
er,100,411,3,8.0,267,1859408238,50,4,400,136,47,True,411,460.51701859880916
er,100,398,3,8.0,268,3959056187,49,4,400,131,41,True,398,460.51701859880916
er,100,403,3,8.0,269,2860488596,50,5,500,130,36,True,403,460.51701859880916
er,100,377,3,8.0,270,435360858,38,4,400,108,42,True,377,460.51701859880916
er,100,417,3,8.0,271,2910221053,32,3,300,117,56,True,417,460.51701859880916
er,100,395,3,8.0,272,1334744802,57,4,400,136,44,True,395,460.51701859880916
er,100,400,3,8.0,273,2786918848,34,3,300,123,55,True,400,460.51701859880916
er,100,393,3,8.0,274,3837508362,44,3,300,137,56,True,393,460.51701859880916
er,100,416,3,8.0,275,327688061,44,4,400,124,48,True,416,460.51701859880916
er,100,421,3,8.0,276,753690165,50,4,400,138,43,True,421,460.51701859880916
er,100,392,3,8.0,277,2229973056,51,4,400,147,48,True,392,460.51701859880916
er,100,387,3,8.0,278,2117028460,40,4,400,114,45,True,387,460.51701859880916
er,100,378,3,8.0,279,307196939,45,3,300,135,43,True,378,460.51701859880916
er,100,381,3,8.0,280,3522454226,44,4,400,127,46,True,381,460.51701859880916
er,100,427,3,8.0,281,119772510,45,5,500,130,45,True,427,460.51701859880916
er,100,418,3,8.0,282,3860656064,43,3,300,132,55,True,418,460.51701859880916
er,100,385,3,8.0,283,3040120023,44,4,400,129,51,True,385,460.51701859880916
er,100,400,3,8.0,284,3379044540,50,4,400,146,49,True,400,460.51701859880916
er,100,410,3,8.0,285,2590724634,43,5,500,135,49,True,410,460.51701859880916
er,100,374,3,8.0,286,1046909595,55,3,300,134,39,True,374,460.51701859880916
er,100,410,3,8.0,287,647818679,37,3,300,119,52,True,410,460.51701859880916
er,100,386,3,8.0,288,445007357,56,4,400,143,37,True,386,460.51701859880916
er,100,412,3,8.0,289,975499641,52,3,300,141,44,True,412,460.51701859880916
er,100,391,3,8.0,290,3378882264,52,8,800,129,32,True,391,460.51701859880916
er,100,401,3,8.0,291,2238325439,51,4,400,142,53,True,401,460.51701859880916
er,100,407,3,8.0,292,2389878502,48,4,400,138,48,True,407,460.51701859880916
er,100,406,3,8.0,293,3874080350,46,5,500,146,58,True,406,460.51701859880916
er,100,409,3,8.0,294,4045720864,47,3,300,147,49,True,409,460.51701859880916
er,100,388,3,8.0,295,2960578678,52,3,300,139,40,True,388,460.51701859880916
er,100,390,3,8.0,296,3025852353,43,4,400,126,41,True,390,460.51701859880916
er,100,370,3,8.0,297,1493119873,54,5,500,135,43,True,370,460.51701859880916
er,100,442,3,8.0,298,3511926611,43,6,600,145,53,True,442,460.51701859880916
er,100,426,3,8.0,299,1357252465,49,4,400,150,50,True,426,460.51701859880916
er,100,429,3,8.0,300,2237103218,68,5,500,171,55,True,429,460.51701859880916
er,100,417,3,8.0,301,782322553,46,4,400,130,48,True,417,460.51701859880916
er,100,399,3,8.0,302,3417143317,51,3,300,139,46,True,399,460.51701859880916
er,100,410,3,8.0,303,4109182478,60,4,400,137,45,True,410,460.51701859880916
er,100,381,3,8.0,304,1327850007,58,6,600,140,41,True,381,460.51701859880916
er,100,360,3,8.0,305,2544965678,41,3,300,120,43,True,360,460.51701859880916
er,100,413,3,8.0,306,123769598,49,5,500,125,38,True,413,460.51701859880916
er,100,395,3,8.0,307,2234005266,45,4,400,121,50,True,395,460.51701859880916
er,100,407,3,8.0,308,3247266500,46,6,600,117,43,True,407,460.51701859880916
er,100,435,3,8.0,309,147156334,49,5,500,152,52,True,435,460.51701859880916
er,100,375,3,8.0,310,1152875214,54,3,300,142,41,True,375,460.51701859880916
er,100,416,3,8.0,311,828866830,39,4,400,117,47,True,416,460.51701859880916
er,100,375,3,8.0,312,3877935769,51,4,400,123,38,True,375,460.51701859880916
er,100,393,3,8.0,313,684350765,58,6,600,139,41,True,393,460.51701859880916
er,100,394,3,8.0,314,747472057,57,4,400,130,37,True,394,460.51701859880916
er,100,381,3,8.0,315,824096798,48,4,400,129,42,True,381,460.51701859880916
er,100,415,3,8.0,316,1595560592,47,4,400,150,53,True,415,460.51701859880916
er,100,401,3,8.0,317,1135852718,54,5,500,134,46,True,401,460.51701859880916
er,100,426,3,8.0,318,3397039256,39,4,400,133,50,True,426,460.51701859880916
er,100,424,3,8.0,319,3571418025,43,3,300,138,49,True,424,460.51701859880916
er,100,405,3,8.0,320,2273842235,46,4,400,133,51,True,405,460.51701859880916
er,100,438,3,8.0,321,2658130145,54,5,500,138,45,True,438,460.51701859880916
er,100,413,3,8.0,322,3012542065,54,4,400,139,42,True,413,460.51701859880916
er,100,404,3,8.0,323,3749669538,47,6,600,129,44,True,404,460.51701859880916
er,100,381,3,8.0,324,3130915162,48,4,400,134,43,True,381,460.51701859880916
er,100,377,3,8.0,325,3390539723,47,3,300,126,41,True,377,460.51701859880916
er,100,420,3,8.0,326,3502986102,55,4,400,143,47,True,420,460.51701859880916
er,100,381,3,8.0,327,1973537166,52,4,400,121,41,True,381,460.51701859880916
er,100,391,3,8.0,328,3032060784,40,4,400,124,48,True,391,460.51701859880916
er,100,396,3,8.0,329,3657127038,39,3,300,130,45,True,396,460.51701859880916
er,100,427,3,8.0,330,2502205194,48,4,400,138,52,True,427,460.51701859880916
er,100,407,3,8.0,331,2941393520,44,4,400,129,52,True,407,460.51701859880916
er,100,429,3,8.0,332,2833626715,45,4,400,135,56,True,429,460.51701859880916
er,100,417,3,8.0,333,95861463,53,4,400,149,51,True,417,460.51701859880916
er,100,386,3,8.0,334,3295413982,48,6,600,136,39,True,386,460.51701859880916
er,100,411,3,8.0,335,3585597448,45,4,400,125,49,True,411,460.51701859880916
er,100,408,3,8.0,336,1161550562,45,5,500,121,47,True,408,460.51701859880916
er,100,390,3,8.0,337,3575168868,50,4,400,137,40,True,390,460.51701859880916
er,100,410,3,8.0,338,1276502926,45,4,400,127,51,True,410,460.51701859880916
er,100,422,3,8.0,339,286541496,45,3,300,138,58,True,422,460.51701859880916
er,100,421,3,8.0,340,1471806001,41,3,300,127,55,True,421,460.51701859880916
er,100,410,3,8.0,341,1543774896,48,4,400,126,44,True,410,460.51701859880916
er,100,420,3,8.0,342,3290458217,44,6,600,122,50,True,420,460.51701859880916
er,100,447,3,8.0,343,998272853,50,4,400,151,49,True,447,460.51701859880916
er,100,385,3,8.0,344,1039795075,45,4,400,136,42,True,385,460.51701859880916
er,100,422,3,8.0,345,1092457397,50,3,300,156,55,True,422,460.51701859880916
er,100,409,3,8.0,346,3995521451,53,6,600,139,41,True,409,460.51701859880916
er,100,405,3,8.0,347,3621678046,50,4,400,144,49,True,405,460.51701859880916
er,100,402,3,8.0,348,2385900680,51,4,400,129,43,True,402,460.51701859880916
er,100,377,3,8.0,349,4073100999,39,3,300,116,43,True,377,460.51701859880916
er,100,434,3,8.0,350,3862933990,53,5,500,145,39,True,434,460.51701859880916
er,100,414,3,8.0,351,1197516517,40,4,400,138,49,True,414,460.51701859880916
er,100,432,3,8.0,352,3549675541,51,4,400,138,51,True,432,460.51701859880916
er,100,418,3,8.0,353,3545404640,48,5,500,150,52,True,418,460.51701859880916
er,100,423,3,8.0,354,2150059731,49,4,400,140,48,True,423,460.51701859880916
er,100,408,3,8.0,355,331331802,56,4,400,146,48,True,408,460.51701859880916
er,100,405,3,8.0,356,1891673140,49,6,600,123,43,True,405,460.51701859880916
er,100,396,3,8.0,357,2306939688,53,4,400,134,40,True,396,460.51701859880916
er,100,398,3,8.0,358,2341992131,37,4,400,119,44,True,398,460.51701859880916
er,100,438,3,8.0,359,1919189269,45,3,300,142,54,True,438,460.51701859880916
er,100,375,3,8.0,360,546396646,52,5,500,122,36,True,375,460.51701859880916
er,100,401,3,8.0,361,3408597608,40,3,300,128,46,True,401,460.51701859880916
er,100,395,3,8.0,362,275601867,46,3,300,128,46,True,395,460.51701859880916
er,100,408,3,8.0,363,2332690290,48,4,400,119,45,True,408,460.51701859880916
er,100,407,3,8.0,364,2868926049,52,5,500,140,49,True,407,460.51701859880916
er,100,417,3,8.0,365,1280295544,47,3,300,139,52,True,417,460.51701859880916
er,100,405,3,8.0,366,365231224,46,4,400,136,47,True,405,460.51701859880916
er,100,372,3,8.0,367,66081902,42,4,400,126,46,True,372,460.51701859880916
er,100,374,3,8.0,368,1906808365,57,5,500,139,35,True,374,460.51701859880916
er,100,404,3,8.0,369,1724384360,48,3,300,142,47,True,404,460.51701859880916
er,100,408,3,8.0,370,4227296839,46,4,400,144,51,True,408,460.51701859880916
er,100,404,3,8.0,371,2400547958,59,5,500,143,36,True,404,460.51701859880916
er,100,411,3,8.0,372,2322738003,52,6,600,139,49,True,411,460.51701859880916
er,100,425,3,8.0,373,3940458893,49,3,300,147,59,True,425,460.51701859880916
er,100,386,3,8.0,374,1658717343,42,3,300,116,47,True,386,460.51701859880916
er,100,385,3,8.0,375,3534070640,56,6,600,137,41,True,385,460.51701859880916
er,100,421,3,8.0,376,805898648,52,4,400,144,50,True,421,460.51701859880916
er,100,383,3,8.0,377,1821104056,39,3,300,106,38,True,383,460.51701859880916
er,100,432,3,8.0,378,87245483,55,6,600,137,50,True,432,460.51701859880916
er,100,402,3,8.0,379,3643021129,47,4,400,135,38,True,402,460.51701859880916
er,100,371,3,8.0,380,4149057935,38,5,500,119,44,True,371,460.51701859880916
er,100,397,3,8.0,381,3827327128,51,4,400,138,46,True,397,460.51701859880916
er,100,393,3,8.0,382,3920806324,54,7,700,123,41,True,393,460.51701859880916
er,100,405,3,8.0,383,855280876,42,4,400,123,49,True,405,460.51701859880916
er,100,401,3,8.0,384,1247411857,49,6,600,127,41,True,401,460.51701859880916
er,100,403,3,8.0,385,4270106613,52,5,500,142,41,True,403,460.51701859880916
er,100,419,3,8.0,386,3158013978,60,6,600,153,48,True,419,460.51701859880916
er,100,394,3,8.0,387,3310331821,41,4,400,117,37,True,394,460.51701859880916
er,100,386,3,8.0,388,991903257,44,5,500,125,43,True,386,460.51701859880916
er,100,409,3,8.0,389,2814643327,54,3,300,150,45,True,409,460.51701859880916
er,100,393,3,8.0,390,522778753,45,4,400,123,48,True,393,460.51701859880916
er,100,410,3,8.0,391,1666833831,42,4,400,134,48,True,410,460.51701859880916
er,100,403,3,8.0,392,3538036050,55,4,400,147,44,True,403,460.51701859880916
er,100,406,3,8.0,393,2886800171,59,4,400,149,45,True,406,460.51701859880916
er,100,380,3,8.0,394,3350037708,44,4,400,132,44,True,380,460.51701859880916
er,100,416,3,8.0,395,4187280514,64,6,600,170,45,True,416,460.51701859880916
er,100,421,3,8.0,396,2689721516,45,3,300,146,55,True,421,460.51701859880916
er,100,439,3,8.0,397,3917001840,49,3,300,144,53,True,439,460.51701859880916
er,100,406,3,8.0,398,3609774571,42,4,400,121,49,True,406,460.51701859880916
er,100,382,3,8.0,399,89153878,37,3,300,124,51,True,382,460.51701859880916
er,100,371,3,8.0,400,2175438748,49,6,600,116,41,True,371,460.51701859880916
er,100,385,3,8.0,401,3082065649,43,3,300,125,42,True,385,460.51701859880916
er,100,395,3,8.0,402,2165083793,50,3,300,135,45,True,395,460.51701859880916
er,100,405,3,8.0,403,828621731,50,4,400,138,50,True,405,460.51701859880916
er,100,363,3,8.0,404,2907182798,52,4,400,130,39,True,363,460.51701859880916
er,100,388,3,8.0,405,16482904,46,4,400,135,42,True,388,460.51701859880916
er,100,396,3,8.0,406,3781076821,40,3,300,128,49,True,396,460.51701859880916
er,100,420,3,8.0,407,566333348,46,5,500,128,50,True,420,460.51701859880916
er,100,407,3,8.0,408,2286314866,53,4,400,139,50,True,407,460.51701859880916
er,100,407,3,8.0,409,2014060364,50,4,400,143,44,True,407,460.51701859880916
er,100,399,3,8.0,410,3922040792,56,6,600,131,44,True,399,460.51701859880916
er,100,374,3,8.0,411,2131691237,48,5,500,123,40,True,374,460.51701859880916
er,100,388,3,8.0,412,1810091694,47,4,400,122,42,True,388,460.51701859880916
er,100,356,3,8.0,413,2972587627,56,4,400,133,32,True,356,460.51701859880916
er,100,398,3,8.0,414,3616755477,51,4,400,127,53,True,398,460.51701859880916
er,100,389,3,8.0,415,134793956,49,4,400,141,44,True,389,460.51701859880916
er,100,389,3,8.0,416,1820830931,62,5,500,139,30,True,389,460.51701859880916
er,100,423,3,8.0,417,665756321,42,3,300,140,57,True,423,460.51701859880916
er,100,419,3,8.0,418,3629643151,60,5,500,147,43,True,419,460.51701859880916
er,100,401,3,8.0,419,3415792429,48,4,400,134,48,True,401,460.51701859880916
er,100,419,3,8.0,420,2301401646,54,4,400,146,45,True,419,460.51701859880916
er,100,358,3,8.0,421,2144623627,54,4,400,140,44,True,358,460.51701859880916
er,100,407,3,8.0,422,3893315593,47,4,400,142,51,True,407,460.51701859880916
er,100,408,3,8.0,423,2797233179,43,3,300,138,53,True,408,460.51701859880916
er,100,377,3,8.0,424,4159321780,46,4,400,117,34,True,377,460.51701859880916
er,100,369,3,8.0,425,691049078,50,4,400,135,42,True,369,460.51701859880916
er,100,384,3,8.0,426,2234221873,49,4,400,140,39,True,384,460.51701859880916
er,100,395,3,8.0,427,3620134762,46,4,400,132,41,True,395,460.51701859880916
er,100,411,3,8.0,428,4119743995,47,4,400,142,47,True,411,460.51701859880916
er,100,424,3,8.0,429,3028147271,47,3,300,140,58,True,424,460.51701859880916
er,100,423,3,8.0,430,1048218145,49,4,400,135,50,True,423,460.51701859880916
er,100,372,3,8.0,431,933714163,44,4,400,118,45,True,372,460.51701859880916
er,100,398,3,8.0,432,3967457296,55,4,400,136,42,True,398,460.51701859880916
er,100,427,3,8.0,433,1030198143,39,4,400,125,57,True,427,460.51701859880916
er,100,396,3,8.0,434,996786723,56,6,600,136,42,True,396,460.51701859880916
er,100,370,3,8.0,435,2962300946,49,5,500,126,36,True,370,460.51701859880916
er,100,386,3,8.0,436,272035500,41,5,500,124,48,True,386,460.51701859880916
er,100,417,3,8.0,437,2289267705,46,4,400,129,49,True,417,460.51701859880916
er,100,413,3,8.0,438,400153015,37,4,400,124,46,True,413,460.51701859880916
er,100,402,3,8.0,439,1895149466,49,4,400,132,50,True,402,460.51701859880916
er,100,428,3,8.0,440,161857546,62,7,700,150,40,True,428,460.51701859880916
er,100,404,3,8.0,441,1896680524,48,4,400,135,52,True,404,460.51701859880916
er,100,350,3,8.0,442,292041110,43,5,500,123,38,True,350,460.51701859880916
er,100,380,3,8.0,443,3053827442,49,4,400,143,43,True,380,460.51701859880916
er,100,381,3,8.0,444,1087652164,42,3,300,116,49,True,381,460.51701859880916
er,100,402,3,8.0,445,2391718691,48,5,500,135,45,True,402,460.51701859880916
er,100,399,3,8.0,446,3714387761,59,4,400,138,39,True,399,460.51701859880916
er,100,404,3,8.0,447,3861513756,44,5,500,135,48,True,404,460.51701859880916
er,100,411,3,8.0,448,1988054342,55,3,300,142,44,True,411,460.51701859880916
er,100,380,3,8.0,449,4167968527,55,4,400,139,47,True,380,460.51701859880916
er,100,410,3,8.0,450,1246762621,47,3,300,143,48,True,410,460.51701859880916
er,100,418,3,8.0,451,3257426880,56,5,500,145,41,True,418,460.51701859880916
er,100,377,3,8.0,452,1035048597,44,3,300,117,42,True,377,460.51701859880916
er,100,411,3,8.0,453,3422157311,54,4,400,151,48,True,411,460.51701859880916
er,100,381,3,8.0,454,3930647595,54,5,500,129,44,True,381,460.51701859880916
er,100,433,3,8.0,455,4248252827,51,6,600,137,44,True,433,460.51701859880916
er,100,425,3,8.0,456,315797026,57,5,500,147,52,True,425,460.51701859880916
er,100,386,3,8.0,457,470332227,48,4,400,121,40,True,386,460.51701859880916
er,100,402,3,8.0,458,3478947167,47,4,400,132,49,True,402,460.51701859880916
er,100,391,3,8.0,459,2504643082,50,4,400,144,49,True,391,460.51701859880916
er,100,395,3,8.0,460,4244072716,51,5,500,150,46,True,395,460.51701859880916
er,100,377,3,8.0,461,3896359822,41,2,200,127,39,True,377,460.51701859880916
er,100,396,3,8.0,462,2050517655,48,4,400,135,43,True,396,460.51701859880916
er,100,406,3,8.0,463,1345543240,50,6,600,135,42,True,406,460.51701859880916
er,100,438,3,8.0,464,2823378036,53,4,400,151,58,True,438,460.51701859880916
er,100,410,3,8.0,465,675681931,49,4,400,134,44,True,410,460.51701859880916
er,100,411,3,8.0,466,1536277967,59,5,500,141,38,True,411,460.51701859880916
er,100,411,3,8.0,467,737728917,49,5,500,150,55,True,411,460.51701859880916
er,100,417,3,8.0,468,1453221606,54,3,300,150,54,True,417,460.51701859880916
er,100,399,3,8.0,469,2657998736,48,4,400,131,45,True,399,460.51701859880916
er,100,379,3,8.0,470,117469127,45,4,400,120,40,True,379,460.51701859880916
er,100,411,3,8.0,471,489304319,50,5,500,134,49,True,411,460.51701859880916
er,100,373,3,8.0,472,2030962271,44,5,500,114,42,True,373,460.51701859880916
er,100,402,3,8.0,473,723564826,44,4,400,124,48,True,402,460.51701859880916
er,100,363,3,8.0,474,618840027,46,3,300,126,33,True,363,460.51701859880916
er,100,385,3,8.0,475,3836892210,48,5,500,121,41,True,385,460.51701859880916
er,100,385,3,8.0,476,2720375434,51,5,500,121,36,True,385,460.51701859880916
er,100,370,3,8.0,477,4193980688,51,4,400,129,38,True,370,460.51701859880916
er,100,386,3,8.0,478,647696003,56,6,600,128,44,True,386,460.51701859880916
er,100,399,3,8.0,479,994123627,43,4,400,133,45,True,399,460.51701859880916
er,100,385,3,8.0,480,1224591190,53,6,600,133,45,True,385,460.51701859880916
er,100,422,3,8.0,481,3606028233,45,3,300,163,58,True,422,460.51701859880916
er,100,378,3,8.0,482,2797775902,43,4,400,117,40,True,378,460.51701859880916
er,100,382,3,8.0,483,2222810817,53,5,500,141,41,True,382,460.51701859880916
er,100,366,3,8.0,484,333792476,42,4,400,107,39,True,366,460.51701859880916
er,100,371,3,8.0,485,2997223160,48,6,600,131,45,True,371,460.51701859880916
er,100,418,3,8.0,486,2681300215,54,4,400,148,50,True,418,460.51701859880916
er,100,419,3,8.0,487,933923428,54,5,500,140,39,True,419,460.51701859880916
er,100,403,3,8.0,488,1530786479,44,3,300,125,51,True,403,460.51701859880916
er,100,380,3,8.0,489,2612962572,58,6,600,144,36,True,380,460.51701859880916
er,100,428,3,8.0,490,2213991261,43,3,300,134,54,True,428,460.51701859880916
er,100,400,3,8.0,491,1829456800,38,4,400,134,56,True,400,460.51701859880916
er,100,391,3,8.0,492,383013069,52,4,400,131,35,True,391,460.51701859880916
er,100,378,3,8.0,493,1202277705,46,4,400,122,41,True,378,460.51701859880916
er,100,397,3,8.0,494,1700052394,47,4,400,132,42,True,397,460.51701859880916
er,100,409,3,8.0,495,2591519023,49,4,400,133,44,True,409,460.51701859880916
er,100,414,3,8.0,496,2578117443,50,3,300,151,53,True,414,460.51701859880916
er,100,396,3,8.0,497,3328815565,53,3,300,135,36,True,396,460.51701859880916
er,100,436,3,8.0,498,351969053,67,5,500,164,47,True,436,460.51701859880916
er,100,395,3,8.0,499,3402890366,47,4,400,134,38,True,395,460.51701859880916
er,100,370,3,8.0,500,846601539,46,4,400,122,36,True,370,460.51701859880916
er,100,427,3,8.0,501,2779459330,48,5,500,143,52,True,427,460.51701859880916
er,100,401,3,8.0,502,3329525234,47,4,400,153,52,True,401,460.51701859880916
er,100,398,3,8.0,503,2881934422,42,5,500,122,45,True,398,460.51701859880916
er,100,431,3,8.0,504,4293240925,53,4,400,158,50,True,431,460.51701859880916
er,100,388,3,8.0,505,2433298698,69,4,400,144,39,True,388,460.51701859880916
er,100,399,3,8.0,506,607593434,40,4,400,122,48,True,399,460.51701859880916
er,100,391,3,8.0,507,2603980205,41,4,400,125,49,True,391,460.51701859880916
er,100,413,3,8.0,508,3794047041,57,4,400,158,51,True,413,460.51701859880916
er,100,405,3,8.0,509,4149821103,50,5,500,143,53,True,405,460.51701859880916
er,100,414,3,8.0,510,4201957706,48,4,400,140,48,True,414,460.51701859880916
er,100,368,3,8.0,511,3583045262,50,4,400,129,45,True,368,460.51701859880916
er,100,414,3,8.0,512,810975228,55,9,900,141,46,True,414,460.51701859880916
er,100,383,3,8.0,513,740245665,41,3,300,112,40,True,383,460.51701859880916
er,100,379,3,8.0,514,2049686879,48,4,400,121,41,True,379,460.51701859880916
er,100,411,3,8.0,515,1946518465,64,6,600,142,39,True,411,460.51701859880916
er,100,386,3,8.0,516,3051359292,48,4,400,141,45,True,386,460.51701859880916
er,100,420,3,8.0,517,959798307,44,4,400,132,49,True,420,460.51701859880916
er,100,409,3,8.0,518,1388702876,51,4,400,135,42,True,409,460.51701859880916
er,100,438,3,8.0,519,293719923,51,4,400,145,51,True,438,460.51701859880916
er,100,405,3,8.0,520,400208954,47,5,500,122,46,True,405,460.51701859880916
er,100,431,3,8.0,521,3283126922,52,5,500,146,46,True,431,460.51701859880916
er,100,428,3,8.0,522,1310384758,49,4,400,161,50,True,428,460.51701859880916
er,100,385,3,8.0,523,2878261935,43,3,300,124,44,True,385,460.51701859880916
er,100,394,3,8.0,524,3433288232,48,3,300,134,48,True,394,460.51701859880916
er,100,366,3,8.0,525,275616269,43,4,400,129,41,True,366,460.51701859880916
er,100,384,3,8.0,526,3960619413,51,5,500,137,42,True,384,460.51701859880916
er,100,379,3,8.0,527,3478399288,55,4,400,144,40,True,379,460.51701859880916
er,100,403,3,8.0,528,1196169286,41,4,400,129,48,True,403,460.51701859880916
er,100,386,3,8.0,529,1797480673,47,4,400,122,40,True,386,460.51701859880916
er,100,386,3,8.0,530,2911878789,59,5,500,123,35,True,386,460.51701859880916
er,100,437,3,8.0,531,3003709979,38,3,300,139,62,True,437,460.51701859880916
er,100,402,3,8.0,532,811943024,51,5,500,151,50,True,402,460.51701859880916
er,100,383,3,8.0,533,649624678,41,3,300,125,42,True,383,460.51701859880916
er,100,383,3,8.0,534,1277266459,59,3,300,151,40,True,383,460.51701859880916
er,100,377,3,8.0,535,3410000231,48,7,700,116,42,True,377,460.51701859880916
er,100,413,3,8.0,536,853210926,38,3,300,122,49,True,413,460.51701859880916
er,100,409,3,8.0,537,1400315673,54,8,800,132,44,True,409,460.51701859880916
er,100,358,3,8.0,538,3318564570,37,3,300,117,37,True,358,460.51701859880916
er,100,389,3,8.0,539,4240298106,47,4,400,123,45,True,389,460.51701859880916
er,100,377,3,8.0,540,2483975915,44,5,500,125,41,True,377,460.51701859880916
er,100,401,3,8.0,541,1776011306,49,4,400,129,47,True,401,460.51701859880916
er,100,420,3,8.0,542,419067082,44,3,300,129,50,True,420,460.51701859880916
er,100,394,3,8.0,543,2335338175,36,3,300,116,46,True,394,460.51701859880916
er,100,369,3,8.0,544,1564441391,57,3,300,138,31,True,369,460.51701859880916
er,100,448,3,8.0,545,44884233,53,4,400,152,59,True,448,460.51701859880916
er,100,409,3,8.0,546,3238556255,46,4,400,137,49,True,409,460.51701859880916
er,100,418,3,8.0,547,2573219647,43,3,300,141,55,True,418,460.51701859880916
er,100,353,3,8.0,548,2140179588,49,4,400,107,37,True,353,460.51701859880916
er,100,404,3,8.0,549,1388381567,41,3,300,128,48,True,404,460.51701859880916
er,100,394,3,8.0,550,999397238,51,7,700,127,34,True,394,460.51701859880916
er,100,419,3,8.0,551,3857139992,40,4,400,131,50,True,419,460.51701859880916
er,100,423,3,8.0,552,383951481,48,6,600,144,50,True,423,460.51701859880916
er,100,381,3,8.0,553,1720028903,50,4,400,148,47,True,381,460.51701859880916
er,100,410,3,8.0,554,2430052989,49,4,400,144,53,True,410,460.51701859880916
er,100,417,3,8.0,555,1270228615,39,4,400,136,57,True,417,460.51701859880916
er,100,405,3,8.0,556,1252245660,44,4,400,138,52,True,405,460.51701859880916
er,100,400,3,8.0,557,240130703,39,4,400,131,48,True,400,460.51701859880916
er,100,351,3,8.0,558,1019279220,42,3,300,109,36,True,351,460.51701859880916
er,100,409,3,8.0,559,2285752354,57,6,600,137,40,True,409,460.51701859880916
er,100,420,3,8.0,560,367903451,41,4,400,141,53,True,420,460.51701859880916
er,100,398,3,8.0,561,3847539061,49,5,500,137,36,True,398,460.51701859880916
er,100,409,3,8.0,562,2758483658,56,7,700,140,46,True,409,460.51701859880916
er,100,447,3,8.0,563,3328147423,62,5,500,157,44,True,447,460.51701859880916
er,100,395,3,8.0,564,638250609,52,3,300,130,50,True,395,460.51701859880916
er,100,389,3,8.0,565,2269220633,44,4,400,132,43,True,389,460.51701859880916
er,100,371,3,8.0,566,2548877194,49,4,400,120,37,True,371,460.51701859880916
er,100,408,3,8.0,567,4265849857,51,4,400,153,44,True,408,460.51701859880916
er,100,376,3,8.0,568,3590081706,45,4,400,114,42,True,376,460.51701859880916
er,100,398,3,8.0,569,666210084,53,3,300,138,46,True,398,460.51701859880916
er,100,387,3,8.0,570,2807327783,50,4,400,144,47,True,387,460.51701859880916
er,100,401,3,8.0,571,2375056934,44,6,600,122,36,True,401,460.51701859880916
er,100,389,3,8.0,572,3845292098,46,5,500,124,44,True,389,460.51701859880916
er,100,408,3,8.0,573,2611887655,41,3,300,127,49,True,408,460.51701859880916
er,100,391,3,8.0,574,2298767790,39,3,300,128,51,True,391,460.51701859880916
er,100,408,3,8.0,575,738655911,35,4,400,130,49,True,408,460.51701859880916
er,100,390,3,8.0,576,858243361,47,4,400,134,44,True,390,460.51701859880916
er,100,454,3,8.0,577,2596797123,61,7,700,158,51,True,454,460.51701859880916
er,100,401,3,8.0,578,692730719,52,4,400,139,45,True,401,460.51701859880916
er,100,389,3,8.0,579,4175995289,44,4,400,124,42,True,389,460.51701859880916
er,100,383,3,8.0,580,513571293,39,4,400,112,43,True,383,460.51701859880916
er,100,392,3,8.0,581,2827403139,47,5,500,142,46,True,392,460.51701859880916
er,100,391,3,8.0,582,567176059,53,4,400,135,38,True,391,460.51701859880916
er,100,409,3,8.0,583,3770202713,52,6,600,134,48,True,409,460.51701859880916
er,100,405,3,8.0,584,513555667,50,3,300,127,44,True,405,460.51701859880916
er,100,416,3,8.0,585,1020464243,39,5,500,120,53,True,416,460.51701859880916
er,100,429,3,8.0,586,1292205189,49,4,400,149,59,True,429,460.51701859880916
er,100,381,3,8.0,587,3917140615,55,3,300,144,46,True,381,460.51701859880916
er,100,426,3,8.0,588,678662343,57,6,600,143,46,True,426,460.51701859880916
er,100,435,3,8.0,589,1548254999,54,4,400,151,52,True,435,460.51701859880916
er,100,424,3,8.0,590,1599083785,40,3,300,137,53,True,424,460.51701859880916
er,100,394,3,8.0,591,292142565,45,3,300,138,48,True,394,460.51701859880916
er,100,391,3,8.0,592,1760044202,39,3,300,111,43,True,391,460.51701859880916
er,100,413,3,8.0,593,116229189,45,5,500,140,42,True,413,460.51701859880916
er,100,426,3,8.0,594,1641491008,44,4,400,129,50,True,426,460.51701859880916
er,100,402,3,8.0,595,683608171,47,3,300,128,42,True,402,460.51701859880916
er,100,392,3,8.0,596,2637193029,43,4,400,116,41,True,392,460.51701859880916
er,100,399,3,8.0,597,2109975104,55,4,400,140,42,True,399,460.51701859880916
er,100,418,3,8.0,598,1150049989,41,4,400,153,58,True,418,460.51701859880916
er,100,415,3,8.0,599,1614270996,53,7,700,147,47,True,415,460.51701859880916
er,100,353,3,8.0,600,2502222496,53,5,500,128,26,True,353,460.51701859880916
er,100,406,3,8.0,601,2836781559,47,6,600,139,51,True,406,460.51701859880916
er,100,367,3,8.0,602,1361146107,39,4,400,125,41,True,367,460.51701859880916
er,100,424,3,8.0,603,4100334845,60,5,500,155,47,True,424,460.51701859880916
er,100,413,3,8.0,604,3213576492,46,3,300,131,56,True,413,460.51701859880916
er,100,428,3,8.0,605,4139943004,48,3,300,147,47,True,428,460.51701859880916
er,100,413,3,8.0,606,2228977456,41,3,300,141,52,True,413,460.51701859880916
er,100,418,3,8.0,607,2770225586,52,4,400,153,48,True,418,460.51701859880916
er,100,397,3,8.0,608,2929210015,54,4,400,148,42,True,397,460.51701859880916
er,100,427,3,8.0,609,84490391,41,4,400,123,52,True,427,460.51701859880916
er,100,396,3,8.0,610,1158267924,49,4,400,129,46,True,396,460.51701859880916
er,100,412,3,8.0,611,2814325468,50,3,300,145,50,True,412,460.51701859880916
er,100,407,3,8.0,612,1917720493,47,3,300,138,49,True,407,460.51701859880916
er,100,391,3,8.0,613,2833332984,44,3,300,129,49,True,391,460.51701859880916
er,100,386,3,8.0,614,2305346479,51,6,600,132,41,True,386,460.51701859880916
er,100,421,3,8.0,615,798135139,52,4,400,144,49,True,421,460.51701859880916
er,100,401,3,8.0,616,3493538637,49,4,400,123,43,True,401,460.51701859880916
er,100,375,3,8.0,617,867951719,51,5,500,114,38,True,375,460.51701859880916
er,100,399,3,8.0,618,220282166,44,3,300,130,41,True,399,460.51701859880916
er,100,396,3,8.0,619,2076712350,48,4,400,133,46,True,396,460.51701859880916
er,100,379,3,8.0,620,1002805983,42,4,400,123,46,True,379,460.51701859880916
er,100,412,3,8.0,621,1538500369,54,4,400,138,46,True,412,460.51701859880916
er,100,413,3,8.0,622,35636022,44,4,400,124,50,True,413,460.51701859880916
er,100,410,3,8.0,623,4104415897,40,3,300,132,47,True,410,460.51701859880916
er,100,425,3,8.0,624,1313533780,56,5,500,152,46,True,425,460.51701859880916
er,100,438,3,8.0,625,1353487391,43,4,400,134,49,True,438,460.51701859880916
er,100,399,3,8.0,626,2085079905,41,4,400,123,47,True,399,460.51701859880916
er,100,420,3,8.0,627,367435916,50,3,300,141,49,True,420,460.51701859880916
er,100,424,3,8.0,628,3217852924,48,5,500,134,54,True,424,460.51701859880916
er,100,414,3,8.0,629,2185887550,47,4,400,154,51,True,414,460.51701859880916
er,100,376,3,8.0,630,936751140,42,3,300,124,42,True,376,460.51701859880916
er,100,376,3,8.0,631,1331740684,49,5,500,119,41,True,376,460.51701859880916
er,100,421,3,8.0,632,3273284444,41,3,300,131,54,True,421,460.51701859880916
er,100,435,3,8.0,633,2071712615,48,4,400,147,47,True,435,460.51701859880916
er,100,406,3,8.0,634,2989751210,51,5,500,145,43,True,406,460.51701859880916
er,100,370,3,8.0,635,2251695097,41,4,400,124,48,True,370,460.51701859880916
er,100,390,3,8.0,636,182645832,51,4,400,132,52,True,390,460.51701859880916
er,100,427,3,8.0,637,1894995972,46,4,400,137,56,True,427,460.51701859880916
er,100,411,3,8.0,638,3005340905,42,3,300,123,49,True,411,460.51701859880916
er,100,397,3,8.0,639,3314373496,39,3,300,117,44,True,397,460.51701859880916
er,100,391,3,8.0,640,32480214,45,4,400,137,38,True,391,460.51701859880916
er,100,379,3,8.0,641,3050698057,47,3,300,127,47,True,379,460.51701859880916
er,100,403,3,8.0,642,409863584,44,4,400,130,48,True,403,460.51701859880916
er,100,440,3,8.0,643,505334544,50,6,600,147,49,True,440,460.51701859880916
er,100,405,3,8.0,644,2896840618,49,3,300,138,40,True,405,460.51701859880916
er,100,440,3,8.0,645,1886621622,54,4,400,160,52,True,440,460.51701859880916
er,100,396,3,8.0,646,711440586,48,5,500,133,42,True,396,460.51701859880916
er,100,412,3,8.0,647,3759820471,48,5,500,142,46,True,412,460.51701859880916
er,100,392,3,8.0,648,844209098,59,7,700,130,39,True,392,460.51701859880916
er,100,404,3,8.0,649,1296832900,48,4,400,128,47,True,404,460.51701859880916
er,100,421,3,8.0,650,1759720644,49,5,500,139,46,True,421,460.51701859880916
er,100,400,3,8.0,651,2713059472,42,4,400,141,55,True,400,460.51701859880916
er,100,373,3,8.0,652,2556571296,45,5,500,144,42,True,373,460.51701859880916
er,100,391,3,8.0,653,419117974,40,6,600,124,44,True,391,460.51701859880916
er,100,416,3,8.0,654,2140109395,47,5,500,138,52,True,416,460.51701859880916
er,100,398,3,8.0,655,840078924,52,4,400,139,41,True,398,460.51701859880916
er,100,400,3,8.0,656,2052037978,52,4,400,145,49,True,400,460.51701859880916
er,100,431,3,8.0,657,947566717,49,3,300,135,57,True,431,460.51701859880916
er,100,434,3,8.0,658,4054914130,38,4,400,138,52,True,434,460.51701859880916
er,100,402,3,8.0,659,2883966347,56,4,400,135,43,True,402,460.51701859880916
er,100,396,3,8.0,660,105201008,45,4,400,132,44,True,396,460.51701859880916
er,100,403,3,8.0,661,2602060352,60,5,500,142,51,True,403,460.51701859880916
er,100,434,3,8.0,662,2517442657,59,7,700,144,48,True,434,460.51701859880916
er,100,403,3,8.0,663,1332665391,41,4,400,130,49,True,403,460.51701859880916
er,100,396,3,8.0,664,2761164867,49,4,400,137,47,True,396,460.51701859880916
er,100,374,3,8.0,665,2884213275,49,4,400,124,34,True,374,460.51701859880916
er,100,392,3,8.0,666,3032442260,54,4,400,136,40,True,392,460.51701859880916
er,100,368,3,8.0,667,3922334014,41,4,400,113,47,True,368,460.51701859880916
er,100,388,3,8.0,668,287172746,47,4,400,127,46,True,388,460.51701859880916
er,100,384,3,8.0,669,2169059677,44,4,400,114,43,True,384,460.51701859880916
er,100,380,3,8.0,670,2313825671,45,4,400,122,46,True,380,460.51701859880916
er,100,403,3,8.0,671,2632434864,53,4,400,139,44,True,403,460.51701859880916
er,100,368,3,8.0,672,2683391959,52,4,400,126,32,True,368,460.51701859880916
er,100,362,3,8.0,673,115247786,44,3,300,116,39,True,362,460.51701859880916
er,100,408,3,8.0,674,379697080,45,3,300,128,46,True,408,460.51701859880916
er,100,361,3,8.0,675,1493224080,44,4,400,113,39,True,361,460.51701859880916
er,100,409,3,8.0,676,3295900124,43,4,400,139,51,True,409,460.51701859880916
er,100,370,3,8.0,677,136049982,44,4,400,124,46,True,370,460.51701859880916
er,100,373,3,8.0,678,3279861625,50,4,400,125,37,True,373,460.51701859880916
er,100,376,3,8.0,679,2226442057,49,4,400,114,37,True,376,460.51701859880916
er,100,421,3,8.0,680,3287019931,48,4,400,141,50,True,421,460.51701859880916
er,100,387,3,8.0,681,2093468948,47,5,500,126,41,True,387,460.51701859880916
er,100,396,3,8.0,682,486842203,57,4,400,150,43,True,396,460.51701859880916
er,100,389,3,8.0,683,1466709522,52,4,400,136,46,True,389,460.51701859880916
er,100,417,3,8.0,684,2269414039,52,5,500,134,41,True,417,460.51701859880916
er,100,382,3,8.0,685,3346137723,40,3,300,112,48,True,382,460.51701859880916
er,100,367,3,8.0,686,1464345405,52,3,300,123,40,True,367,460.51701859880916
er,100,361,3,8.0,687,3529353480,46,3,300,121,41,True,361,460.51701859880916
er,100,415,3,8.0,688,4168505992,58,5,500,154,44,True,415,460.51701859880916
er,100,396,3,8.0,689,1941720178,46,4,400,126,38,True,396,460.51701859880916
er,100,394,3,8.0,690,3858362687,44,3,300,129,47,True,394,460.51701859880916
er,100,426,3,8.0,691,2810217303,47,4,400,140,52,True,426,460.51701859880916
er,100,442,3,8.0,692,3090165395,59,4,400,154,52,True,442,460.51701859880916
er,100,409,3,8.0,693,447764551,54,4,400,137,47,True,409,460.51701859880916
er,100,394,3,8.0,694,496541118,44,4,400,128,44,True,394,460.51701859880916
er,100,402,3,8.0,695,811937720,49,4,400,131,46,True,402,460.51701859880916
er,100,395,3,8.0,696,3469659032,53,4,400,125,40,True,395,460.51701859880916
er,100,409,3,8.0,697,3387514745,36,4,400,116,49,True,409,460.51701859880916
er,100,401,3,8.0,698,2129872965,44,4,400,143,50,True,401,460.51701859880916
er,100,413,3,8.0,699,1920452710,67,3,300,169,37,True,413,460.51701859880916
er,100,355,3,8.0,700,5525703,53,5,500,125,40,True,355,460.51701859880916
er,100,395,3,8.0,701,3913331180,53,5,500,128,50,True,395,460.51701859880916
er,100,404,3,8.0,702,303908945,39,4,400,117,46,True,404,460.51701859880916
er,100,437,3,8.0,703,2659681027,56,4,400,152,51,True,437,460.51701859880916
er,100,404,3,8.0,704,3070484090,43,3,300,126,45,True,404,460.51701859880916
er,100,422,3,8.0,705,571789708,47,4,400,144,60,True,422,460.51701859880916
er,100,416,3,8.0,706,3897405793,48,3,300,138,51,True,416,460.51701859880916
er,100,400,3,8.0,707,3671927751,49,4,400,132,45,True,400,460.51701859880916
er,100,398,3,8.0,708,3685837160,39,3,300,128,53,True,398,460.51701859880916
er,100,425,3,8.0,709,4253105757,47,3,300,156,54,True,425,460.51701859880916
er,100,411,3,8.0,710,771693157,38,3,300,133,60,True,411,460.51701859880916
er,100,421,3,8.0,711,233360948,49,3,300,145,49,True,421,460.51701859880916
er,100,403,3,8.0,712,1896885879,40,4,400,123,46,True,403,460.51701859880916
er,100,398,3,8.0,713,1990466822,55,4,400,134,41,True,398,460.51701859880916
er,100,412,3,8.0,714,1440886262,47,4,400,134,54,True,412,460.51701859880916
er,100,405,3,8.0,715,1524811704,39,3,300,131,52,True,405,460.51701859880916
er,100,402,3,8.0,716,895446433,50,3,300,153,45,True,402,460.51701859880916
er,100,431,3,8.0,717,3403840465,47,5,500,141,51,True,431,460.51701859880916
er,100,397,3,8.0,718,2984592261,56,5,500,136,45,True,397,460.51701859880916
er,100,388,3,8.0,719,3898273789,38,3,300,131,53,True,388,460.51701859880916
er,100,428,3,8.0,720,3378915704,55,4,400,139,46,True,428,460.51701859880916
er,100,389,3,8.0,721,343381085,37,3,300,104,45,True,389,460.51701859880916
er,100,427,3,8.0,722,3359393680,42,5,500,131,53,True,427,460.51701859880916
er,100,379,3,8.0,723,2040650230,38,4,400,125,44,True,379,460.51701859880916
er,100,383,3,8.0,724,759156151,53,6,600,129,35,True,383,460.51701859880916
er,100,431,3,8.0,725,2779018003,41,4,400,142,55,True,431,460.51701859880916
er,100,419,3,8.0,726,4239170670,48,6,600,133,52,True,419,460.51701859880916
er,100,400,3,8.0,727,246221861,50,5,500,128,33,True,400,460.51701859880916
er,100,394,3,8.0,728,1842787204,48,3,300,141,47,True,394,460.51701859880916
er,100,388,3,8.0,729,2055835390,47,4,400,126,37,True,388,460.51701859880916
er,100,394,3,8.0,730,2655831328,48,3,300,130,48,True,394,460.51701859880916
er,100,385,3,8.0,731,684686364,37,5,500,106,41,True,385,460.51701859880916
er,100,391,3,8.0,732,110795118,58,4,400,143,35,True,391,460.51701859880916
er,100,402,3,8.0,733,3465916624,39,3,300,129,50,True,402,460.51701859880916
er,100,406,3,8.0,734,2836436888,61,5,500,152,47,True,406,460.51701859880916
er,100,383,3,8.0,735,3991881541,53,4,400,133,41,True,383,460.51701859880916
er,100,387,3,8.0,736,574385702,55,5,500,134,44,True,387,460.51701859880916
er,100,369,3,8.0,737,4157203982,47,3,300,128,33,True,369,460.51701859880916
er,100,415,3,8.0,738,832568191,49,4,400,139,47,True,415,460.51701859880916
er,100,419,3,8.0,739,1532968239,42,4,400,122,45,True,419,460.51701859880916
er,100,412,3,8.0,740,3684438135,52,5,500,152,49,True,412,460.51701859880916
er,100,398,3,8.0,741,4140255542,45,4,400,125,42,True,398,460.51701859880916
er,100,399,3,8.0,742,155132564,48,5,500,125,45,True,399,460.51701859880916
er,100,379,3,8.0,743,3581,47,5,500,124,41,True,379,460.51701859880916
er,100,413,3,8.0,744,4126692446,58,5,500,158,41,True,413,460.51701859880916
er,100,397,3,8.0,745,599893636,51,5,500,138,45,True,397,460.51701859880916
er,100,409,3,8.0,746,3988951052,48,3,300,145,55,True,409,460.51701859880916
er,100,390,3,8.0,747,1989767117,55,5,500,134,45,True,390,460.51701859880916
er,100,442,3,8.0,748,2849070716,48,4,400,147,48,True,442,460.51701859880916
er,100,409,3,8.0,749,1929258131,40,4,400,122,52,True,409,460.51701859880916
er,100,389,3,8.0,750,3353643820,44,6,600,118,43,True,389,460.51701859880916
er,100,411,3,8.0,751,16726912,41,4,400,129,48,True,411,460.51701859880916
er,100,385,3,8.0,752,3421698637,54,4,400,121,40,True,385,460.51701859880916
er,100,403,3,8.0,753,1266645708,59,5,500,134,37,True,403,460.51701859880916
er,100,400,3,8.0,754,561671489,36,3,300,129,43,True,400,460.51701859880916
er,100,407,3,8.0,755,3686346093,49,6,600,147,50,True,407,460.51701859880916
er,100,413,3,8.0,756,1836398947,39,3,300,129,55,True,413,460.51701859880916
er,100,438,3,8.0,757,2717960248,45,4,400,147,53,True,438,460.51701859880916
er,100,409,3,8.0,758,3831052047,43,3,300,137,51,True,409,460.51701859880916
er,100,392,3,8.0,759,2996831416,40,4,400,116,45,True,392,460.51701859880916
er,100,404,3,8.0,760,2327106786,59,5,500,143,45,True,404,460.51701859880916
er,100,392,3,8.0,761,794979681,47,4,400,131,43,True,392,460.51701859880916
er,100,397,3,8.0,762,2802269474,44,3,300,115,38,True,397,460.51701859880916
er,100,399,3,8.0,763,2279915495,59,4,400,137,45,True,399,460.51701859880916
er,100,383,3,8.0,764,645585982,50,6,600,123,34,True,383,460.51701859880916
er,100,399,3,8.0,765,2763204237,57,4,400,145,45,True,399,460.51701859880916
er,100,422,3,8.0,766,204614547,55,4,400,143,41,True,422,460.51701859880916
er,100,418,3,8.0,767,4166927271,36,3,300,120,44,True,418,460.51701859880916
er,100,406,3,8.0,768,449254409,46,4,400,142,50,True,406,460.51701859880916
er,100,398,3,8.0,769,2539400718,49,4,400,122,49,True,398,460.51701859880916
er,100,434,3,8.0,770,2736587603,54,4,400,137,45,True,434,460.51701859880916
er,100,434,3,8.0,771,3397826233,61,4,400,162,50,True,434,460.51701859880916
er,100,380,3,8.0,772,3385421189,48,3,300,128,37,True,380,460.51701859880916
er,100,397,3,8.0,773,2852450937,55,4,400,141,43,True,397,460.51701859880916
er,100,418,3,8.0,774,878402724,47,3,300,136,43,True,418,460.51701859880916
er,100,410,3,8.0,775,2383022206,50,4,400,135,42,True,410,460.51701859880916
er,100,396,3,8.0,776,583967238,56,3,300,142,42,True,396,460.51701859880916
er,100,385,3,8.0,777,1814855590,38,3,300,134,51,True,385,460.51701859880916
er,100,416,3,8.0,778,2202129957,47,3,300,142,51,True,416,460.51701859880916
er,100,432,3,8.0,779,1857875932,39,5,500,124,49,True,432,460.51701859880916
er,100,398,3,8.0,780,3549656709,58,4,400,150,51,True,398,460.51701859880916
er,100,378,3,8.0,781,2926146576,47,4,400,128,44,True,378,460.51701859880916
er,100,407,3,8.0,782,2473880765,39,4,400,135,53,True,407,460.51701859880916
er,100,400,3,8.0,783,753160604,47,3,300,139,42,True,400,460.51701859880916
er,100,396,3,8.0,784,1980512224,44,3,300,131,46,True,396,460.51701859880916
er,100,415,3,8.0,785,1951144353,52,5,500,153,48,True,415,460.51701859880916
er,100,414,3,8.0,786,2673199458,45,3,300,133,43,True,414,460.51701859880916
er,100,383,3,8.0,787,2869136793,53,4,400,129,33,True,383,460.51701859880916
er,100,384,3,8.0,788,1001479555,48,5,500,126,37,True,384,460.51701859880916
er,100,395,3,8.0,789,2874524308,51,4,400,136,48,True,395,460.51701859880916
er,100,423,3,8.0,790,1832938555,47,4,400,144,55,True,423,460.51701859880916
er,100,413,3,8.0,791,2470579681,50,4,400,143,53,True,413,460.51701859880916
er,100,417,3,8.0,792,3996778373,44,3,300,140,62,True,417,460.51701859880916
er,100,404,3,8.0,793,583667480,47,4,400,135,45,True,404,460.51701859880916
er,100,408,3,8.0,794,2522435176,54,5,500,146,44,True,408,460.51701859880916
er,100,395,3,8.0,795,438083391,48,3,300,135,42,True,395,460.51701859880916
er,100,436,3,8.0,796,2468792210,47,4,400,142,51,True,436,460.51701859880916
er,100,396,3,8.0,797,2957019204,43,3,300,119,44,True,396,460.51701859880916
er,100,414,3,8.0,798,4196703818,53,4,400,147,41,True,414,460.51701859880916
er,100,382,3,8.0,799,3224013894,45,4,400,105,32,True,382,460.51701859880916
er,100,397,3,8.0,800,2940939463,50,5,500,134,45,True,397,460.51701859880916
er,100,408,3,8.0,801,4220146508,53,4,400,135,44,True,408,460.51701859880916
er,100,420,3,8.0,802,573459478,49,4,400,128,48,True,420,460.51701859880916
er,100,382,3,8.0,803,2398326551,42,3,300,127,49,True,382,460.51701859880916
er,100,392,3,8.0,804,2652044586,50,4,400,138,47,True,392,460.51701859880916
er,100,395,3,8.0,805,778628646,46,4,400,126,49,True,395,460.51701859880916
er,100,425,3,8.0,806,4193276534,49,4,400,146,49,True,425,460.51701859880916
er,100,388,3,8.0,807,1300840918,32,3,300,105,50,True,388,460.51701859880916
er,100,384,3,8.0,808,2478174965,43,4,400,117,42,True,384,460.51701859880916
er,100,393,3,8.0,809,3695460445,44,4,400,134,43,True,393,460.51701859880916
er,100,402,3,8.0,810,1410770563,50,3,300,124,46,True,402,460.51701859880916
er,100,355,3,8.0,811,3371116401,50,4,400,119,36,True,355,460.51701859880916
er,100,394,3,8.0,812,97444180,42,3,300,128,44,True,394,460.51701859880916
er,100,366,3,8.0,813,923853458,43,4,400,115,47,True,366,460.51701859880916
er,100,360,3,8.0,814,238637980,43,3,300,131,46,True,360,460.51701859880916
er,100,384,3,8.0,815,2415999601,53,4,400,136,44,True,384,460.51701859880916
er,100,403,3,8.0,816,306812213,48,4,400,151,48,True,403,460.51701859880916
er,100,440,3,8.0,817,591928069,57,4,400,164,54,True,440,460.51701859880916
er,100,417,3,8.0,818,2434158379,48,4,400,141,48,True,417,460.51701859880916
er,100,410,3,8.0,819,2468855383,54,5,500,124,44,True,410,460.51701859880916
er,100,405,3,8.0,820,1765326216,43,4,400,113,51,True,405,460.51701859880916
er,100,406,3,8.0,821,3836215215,48,4,400,137,45,True,406,460.51701859880916
er,100,382,3,8.0,822,2267197128,52,4,400,130,40,True,382,460.51701859880916
er,100,422,3,8.0,823,1376356442,45,3,300,154,60,True,422,460.51701859880916
er,100,433,3,8.0,824,2405182930,41,4,400,131,58,True,433,460.51701859880916
er,100,412,3,8.0,825,2507451555,51,4,400,155,54,True,412,460.51701859880916
er,100,424,3,8.0,826,322706375,54,5,500,151,47,True,424,460.51701859880916
er,100,432,3,8.0,827,3917959264,53,4,400,145,47,True,432,460.51701859880916
er,100,400,3,8.0,828,2571409342,47,3,300,149,48,True,400,460.51701859880916
er,100,368,3,8.0,829,495125367,48,4,400,125,43,True,368,460.51701859880916
er,100,408,3,8.0,830,3430301569,50,4,400,138,52,True,408,460.51701859880916
er,100,373,3,8.0,831,2510683543,54,6,600,119,34,True,373,460.51701859880916
er,100,397,3,8.0,832,1142369250,51,4,400,136,44,True,397,460.51701859880916
er,100,385,3,8.0,833,1628220040,49,4,400,129,36,True,385,460.51701859880916
er,100,433,3,8.0,834,30592201,56,4,400,154,48,True,433,460.51701859880916
er,100,420,3,8.0,835,2191018682,48,4,400,145,49,True,420,460.51701859880916
er,100,419,3,8.0,836,2949940682,49,4,400,148,53,True,419,460.51701859880916
er,100,423,3,8.0,837,3665382015,47,4,400,134,52,True,423,460.51701859880916
er,100,399,3,8.0,838,3286834925,38,3,300,120,46,True,399,460.51701859880916
er,100,399,3,8.0,839,2441228278,54,5,500,145,44,True,399,460.51701859880916
er,100,408,3,8.0,840,1551327010,47,5,500,124,48,True,408,460.51701859880916
er,100,389,3,8.0,841,490730283,49,4,400,149,48,True,389,460.51701859880916
er,100,405,3,8.0,842,2858335649,34,3,300,120,48,True,405,460.51701859880916
er,100,384,3,8.0,843,4227902417,47,3,300,130,51,True,384,460.51701859880916
er,100,427,3,8.0,844,1177857391,48,4,400,133,54,True,427,460.51701859880916
er,100,411,3,8.0,845,3510460903,52,4,400,143,43,True,411,460.51701859880916
er,100,436,3,8.0,846,3204819700,39,3,300,133,58,True,436,460.51701859880916
er,100,411,3,8.0,847,3301350186,43,4,400,121,49,True,411,460.51701859880916
er,100,379,3,8.0,848,4138148854,50,5,500,117,32,True,379,460.51701859880916
er,100,396,3,8.0,849,3332575694,44,3,300,130,53,True,396,460.51701859880916
er,100,401,3,8.0,850,1748632378,47,4,400,131,40,True,401,460.51701859880916
er,100,385,3,8.0,851,1525856460,48,4,400,133,45,True,385,460.51701859880916
er,100,401,3,8.0,852,835309775,50,4,400,127,38,True,401,460.51701859880916
er,100,408,3,8.0,853,1035684496,43,4,400,126,50,True,408,460.51701859880916
er,100,427,3,8.0,854,4239843150,50,4,400,143,55,True,427,460.51701859880916
er,100,385,3,8.0,855,3934927489,38,3,300,132,38,True,385,460.51701859880916
er,100,419,3,8.0,856,2728206079,54,5,500,143,41,True,419,460.51701859880916
er,100,414,3,8.0,857,3175418505,55,4,400,151,40,True,414,460.51701859880916
er,100,417,3,8.0,858,3952971613,47,4,400,120,41,True,417,460.51701859880916
er,100,385,3,8.0,859,1079664686,49,3,300,138,42,True,385,460.51701859880916
er,100,415,3,8.0,860,3572755529,52,4,400,147,59,True,415,460.51701859880916
er,100,395,3,8.0,861,3754844061,48,3,300,128,49,True,395,460.51701859880916
er,100,401,3,8.0,862,292409793,49,5,500,142,43,True,401,460.51701859880916
er,100,419,3,8.0,863,965323561,49,4,400,134,54,True,419,460.51701859880916
er,100,432,3,8.0,864,2248996355,50,4,400,155,51,True,432,460.51701859880916
er,100,400,3,8.0,865,452681967,46,4,400,117,45,True,400,460.51701859880916
er,100,400,3,8.0,866,2763391623,46,4,400,134,50,True,400,460.51701859880916
er,100,391,3,8.0,867,3817319030,59,6,600,140,37,True,391,460.51701859880916
er,100,417,3,8.0,868,1647003129,49,4,400,132,50,True,417,460.51701859880916
er,100,401,3,8.0,869,526670956,53,5,500,146,51,True,401,460.51701859880916
er,100,423,3,8.0,870,4249964939,52,4,400,143,53,True,423,460.51701859880916
er,100,411,3,8.0,871,3357136464,51,5,500,127,53,True,411,460.51701859880916
er,100,414,3,8.0,872,176327616,56,5,500,145,46,True,414,460.51701859880916
er,100,392,3,8.0,873,200006393,49,4,400,126,42,True,392,460.51701859880916
er,100,393,3,8.0,874,4283702634,33,3,300,120,48,True,393,460.51701859880916
er,100,428,3,8.0,875,75304684,56,4,400,155,46,True,428,460.51701859880916
er,100,395,3,8.0,876,2778804016,43,3,300,115,43,True,395,460.51701859880916
er,100,410,3,8.0,877,1749148329,53,3,300,147,50,True,410,460.51701859880916
er,100,416,3,8.0,878,822582857,46,3,300,139,45,True,416,460.51701859880916
er,100,404,3,8.0,879,2597269906,60,4,400,146,49,True,404,460.51701859880916
er,100,431,3,8.0,880,3772026081,52,4,400,149,46,True,431,460.51701859880916
er,100,387,3,8.0,881,1277222487,41,4,400,124,47,True,387,460.51701859880916
er,100,409,3,8.0,882,3113764151,55,5,500,153,41,True,409,460.51701859880916
er,100,404,3,8.0,883,488784520,44,4,400,128,40,True,404,460.51701859880916
er,100,402,3,8.0,884,2752684448,52,4,400,122,33,True,402,460.51701859880916
er,100,404,3,8.0,885,1870952988,44,4,400,137,47,True,404,460.51701859880916
er,100,423,3,8.0,886,4111511100,43,3,300,133,57,True,423,460.51701859880916
er,100,411,3,8.0,887,3754788618,47,4,400,125,45,True,411,460.51701859880916
er,100,420,3,8.0,888,462172822,48,4,400,147,49,True,420,460.51701859880916
er,100,403,3,8.0,889,336118273,48,3,300,137,43,True,403,460.51701859880916
er,100,391,3,8.0,890,74002522,48,3,300,129,47,True,391,460.51701859880916
er,100,405,3,8.0,891,1914657585,45,3,300,134,45,True,405,460.51701859880916
er,100,395,3,8.0,892,3121586421,53,7,700,124,39,True,395,460.51701859880916
er,100,415,3,8.0,893,65579047,48,4,400,135,44,True,415,460.51701859880916
er,100,404,3,8.0,894,3070526351,52,4,400,138,42,True,404,460.51701859880916
er,100,379,3,8.0,895,1882266269,33,3,300,104,43,True,379,460.51701859880916
er,100,399,3,8.0,896,4163683382,52,6,600,129,42,True,399,460.51701859880916
er,100,392,3,8.0,897,914384395,44,4,400,122,49,True,392,460.51701859880916
er,100,398,3,8.0,898,2990084503,44,5,500,116,44,True,398,460.51701859880916
er,100,406,3,8.0,899,1690701754,50,3,300,139,56,True,406,460.51701859880916
er,100,377,3,8.0,900,480980343,43,3,300,132,50,True,377,460.51701859880916
er,100,400,3,8.0,901,2492736788,50,4,400,139,39,True,400,460.51701859880916
er,100,398,3,8.0,902,3034000607,49,5,500,136,48,True,398,460.51701859880916
er,100,404,3,8.0,903,2152195227,48,5,500,140,52,True,404,460.51701859880916
er,100,374,3,8.0,904,407741956,43,3,300,120,46,True,374,460.51701859880916
er,100,419,3,8.0,905,2031461662,43,4,400,137,44,True,419,460.51701859880916
er,100,426,3,8.0,906,4037355294,47,5,500,145,52,True,426,460.51701859880916
er,100,389,3,8.0,907,4111605308,44,4,400,118,45,True,389,460.51701859880916
er,100,380,3,8.0,908,3837363645,48,3,300,121,38,True,380,460.51701859880916
er,100,415,3,8.0,909,501193353,46,6,600,143,49,True,415,460.51701859880916
er,100,416,3,8.0,910,675037769,46,3,300,136,43,True,416,460.51701859880916
er,100,413,3,8.0,911,3697552503,50,4,400,135,49,True,413,460.51701859880916
er,100,402,3,8.0,912,1080992746,58,4,400,142,42,True,402,460.51701859880916
er,100,378,3,8.0,913,3928899424,46,3,300,131,45,True,378,460.51701859880916
er,100,382,3,8.0,914,251998239,47,4,400,125,45,True,382,460.51701859880916
er,100,424,3,8.0,915,2189255215,39,3,300,125,50,True,424,460.51701859880916
er,100,422,3,8.0,916,3489243641,56,4,400,141,50,True,422,460.51701859880916
er,100,433,3,8.0,917,1870982196,55,6,600,150,47,True,433,460.51701859880916
er,100,416,3,8.0,918,935190156,40,3,300,143,56,True,416,460.51701859880916
er,100,413,3,8.0,919,3453065671,46,4,400,129,52,True,413,460.51701859880916
er,100,389,3,8.0,920,262639754,48,3,300,131,47,True,389,460.51701859880916
er,100,405,3,8.0,921,2624883715,39,3,300,122,44,True,405,460.51701859880916
er,100,393,3,8.0,922,1576640408,52,3,300,138,42,True,393,460.51701859880916
er,100,397,3,8.0,923,3903232200,40,4,400,122,47,True,397,460.51701859880916
er,100,385,3,8.0,924,512290761,59,4,400,137,33,True,385,460.51701859880916
er,100,404,3,8.0,925,4171532748,57,8,800,131,45,True,404,460.51701859880916
er,100,379,3,8.0,926,1092902819,52,5,500,128,40,True,379,460.51701859880916
er,100,439,3,8.0,927,3721556765,41,3,300,138,62,True,439,460.51701859880916
er,100,405,3,8.0,928,258056350,57,6,600,138,47,True,405,460.51701859880916
er,100,408,3,8.0,929,2447261213,45,5,500,122,43,True,408,460.51701859880916
er,100,369,3,8.0,930,4272395616,43,4,400,123,42,True,369,460.51701859880916
er,100,380,3,8.0,931,4159427918,53,3,300,141,34,True,380,460.51701859880916
er,100,414,3,8.0,932,438722505,46,3,300,151,52,True,414,460.51701859880916
er,100,376,3,8.0,933,1871388692,44,3,300,109,47,True,376,460.51701859880916
er,100,401,3,8.0,934,1392440798,48,3,300,132,45,True,401,460.51701859880916
er,100,380,3,8.0,935,2852353364,45,3,300,134,47,True,380,460.51701859880916
er,100,384,3,8.0,936,3707597648,46,5,500,119,45,True,384,460.51701859880916
er,100,367,3,8.0,937,636569579,46,5,500,110,38,True,367,460.51701859880916
er,100,412,3,8.0,938,4147240737,44,4,400,129,46,True,412,460.51701859880916
er,100,393,3,8.0,939,4041825801,46,3,300,123,40,True,393,460.51701859880916
er,100,420,3,8.0,940,190487550,45,4,400,130,46,True,420,460.51701859880916
er,100,379,3,8.0,941,155245795,39,3,300,108,45,True,379,460.51701859880916
er,100,374,3,8.0,942,4258882351,52,4,400,134,46,True,374,460.51701859880916
er,100,413,3,8.0,943,2450034985,44,5,500,139,50,True,413,460.51701859880916
er,100,380,3,8.0,944,981302622,53,5,500,136,35,True,380,460.51701859880916
er,100,429,3,8.0,945,2379290572,56,5,500,149,47,True,429,460.51701859880916
er,100,398,3,8.0,946,271422426,39,3,300,121,42,True,398,460.51701859880916
er,100,379,3,8.0,947,4240088117,53,3,300,137,41,True,379,460.51701859880916
er,100,370,3,8.0,948,4280533213,49,3,300,138,43,True,370,460.51701859880916
er,100,412,3,8.0,949,2940786892,47,4,400,137,53,True,412,460.51701859880916
er,100,388,3,8.0,950,1535831692,54,5,500,137,42,True,388,460.51701859880916
er,100,382,3,8.0,951,2068650076,46,3,300,134,44,True,382,460.51701859880916
er,100,382,3,8.0,952,14529924,54,5,500,137,43,True,382,460.51701859880916
er,100,436,3,8.0,953,111253365,54,5,500,142,48,True,436,460.51701859880916
er,100,389,3,8.0,954,2873529295,49,4,400,129,38,True,389,460.51701859880916
er,100,365,3,8.0,955,3526424564,43,4,400,112,35,True,365,460.51701859880916
er,100,419,3,8.0,956,2981918864,40,4,400,137,53,True,419,460.51701859880916
er,100,399,3,8.0,957,3217327385,49,4,400,148,45,True,399,460.51701859880916
er,100,367,3,8.0,958,2683595215,55,6,600,133,34,True,367,460.51701859880916
er,100,381,3,8.0,959,3934342143,42,3,300,124,46,True,381,460.51701859880916
er,100,435,3,8.0,960,3838143808,52,5,500,143,50,True,435,460.51701859880916
er,100,382,3,8.0,961,4102559565,54,5,500,126,36,True,382,460.51701859880916
er,100,437,3,8.0,962,2923941465,47,3,300,155,58,True,437,460.51701859880916
er,100,394,3,8.0,963,2643506760,50,4,400,127,42,True,394,460.51701859880916
er,100,367,3,8.0,964,3117777321,43,3,300,113,37,True,367,460.51701859880916
er,100,401,3,8.0,965,2172289500,42,3,300,138,54,True,401,460.51701859880916
er,100,425,3,8.0,966,1891352786,52,6,600,137,51,True,425,460.51701859880916
er,100,397,3,8.0,967,2199000059,45,5,500,128,50,True,397,460.51701859880916
er,100,397,3,8.0,968,1420170229,42,3,300,134,48,True,397,460.51701859880916
er,100,387,3,8.0,969,2398947265,40,4,400,110,39,True,387,460.51701859880916
er,100,425,3,8.0,970,3905263057,42,5,500,142,55,True,425,460.51701859880916
er,100,367,3,8.0,971,2311793207,47,3,300,128,49,True,367,460.51701859880916
er,100,404,3,8.0,972,1610381907,49,3,300,134,48,True,404,460.51701859880916
er,100,403,3,8.0,973,4108368676,51,3,300,144,53,True,403,460.51701859880916
er,100,415,3,8.0,974,1637835038,53,4,400,140,51,True,415,460.51701859880916
er,100,444,3,8.0,975,1862253356,41,3,300,140,58,True,444,460.51701859880916
er,100,410,3,8.0,976,3214979734,49,4,400,141,44,True,410,460.51701859880916
er,100,396,3,8.0,977,2780576156,45,3,300,122,38,True,396,460.51701859880916
er,100,431,3,8.0,978,2127790842,54,5,500,148,56,True,431,460.51701859880916
er,100,407,3,8.0,979,3261299159,42,4,400,146,50,True,407,460.51701859880916
er,100,387,3,8.0,980,1093186893,47,4,400,126,48,True,387,460.51701859880916
er,100,404,3,8.0,981,446512962,44,3,300,135,42,True,404,460.51701859880916
er,100,403,3,8.0,982,842400456,44,4,400,144,47,True,403,460.51701859880916
er,100,417,3,8.0,983,2921360408,37,3,300,126,52,True,417,460.51701859880916
er,100,395,3,8.0,984,2561340176,51,4,400,141,39,True,395,460.51701859880916
er,100,434,3,8.0,985,3240397936,48,3,300,148,58,True,434,460.51701859880916
er,100,403,3,8.0,986,5541493,55,6,600,140,40,True,403,460.51701859880916
er,100,380,3,8.0,987,424442303,48,6,600,116,39,True,380,460.51701859880916
er,100,407,3,8.0,988,336657506,51,4,400,133,46,True,407,460.51701859880916
er,100,369,3,8.0,989,3820938221,47,4,400,135,38,True,369,460.51701859880916
er,100,388,3,8.0,990,1337571879,46,4,400,138,44,True,388,460.51701859880916
er,100,389,3,8.0,991,3946441763,48,5,500,130,43,True,389,460.51701859880916
er,100,412,3,8.0,992,1336787181,55,3,300,148,45,True,412,460.51701859880916
er,100,403,3,8.0,993,11439799,48,4,400,131,45,True,403,460.51701859880916
er,100,392,3,8.0,994,2354040676,43,4,400,122,44,True,392,460.51701859880916
er,100,406,3,8.0,995,131772344,52,5,500,136,45,True,406,460.51701859880916
er,100,403,3,8.0,996,431247628,44,3,300,135,48,True,403,460.51701859880916
er,100,408,3,8.0,997,2097600404,50,5,500,139,44,True,408,460.51701859880916
er,100,393,3,8.0,998,2100882994,54,5,500,131,36,True,393,460.51701859880916
er,100,390,3,8.0,999,3864914019,46,4,400,123,43,True,390,460.51701859880916
er,200,799,3,8.0,0,4028953778,82,4,800,253,92,True,799,1059.6634733096073
er,200,786,3,8.0,1,1568717931,89,4,800,272,89,True,786,1059.6634733096073
er,200,891,3,8.0,2,2452074475,107,6,1200,301,100,True,891,1059.6634733096073
er,200,805,3,8.0,3,3955997393,90,4,800,271,104,True,805,1059.6634733096073
er,200,792,3,8.0,4,2881034049,98,5,1000,257,92,True,792,1059.6634733096073
er,200,763,3,8.0,5,1844778137,103,4,800,263,75,True,763,1059.6634733096073
er,200,733,3,8.0,6,2184917242,93,5,1000,256,75,True,733,1059.6634733096073
er,200,820,3,8.0,7,968720941,73,4,800,264,104,True,820,1059.6634733096073
er,200,817,3,8.0,8,590605482,84,4,800,265,103,True,817,1059.6634733096073
er,200,728,3,8.0,9,744541240,105,5,1000,246,74,True,728,1059.6634733096073
er,200,826,3,8.0,10,126548168,98,4,800,271,96,True,826,1059.6634733096073
er,200,818,3,8.0,11,2566533847,91,4,800,267,101,True,818,1059.6634733096073
er,200,823,3,8.0,12,3740242220,93,4,800,271,103,True,823,1059.6634733096073
er,200,818,3,8.0,13,3261302748,106,5,1000,281,77,True,818,1059.6634733096073
er,200,793,3,8.0,14,4114790432,105,6,1200,254,84,True,793,1059.6634733096073
er,200,825,3,8.0,15,3967292197,114,5,1000,296,81,True,825,1059.6634733096073
er,200,860,3,8.0,16,4073913819,98,5,1000,278,105,True,860,1059.6634733096073
er,200,839,3,8.0,17,566988648,107,4,800,296,95,True,839,1059.6634733096073
er,200,765,3,8.0,18,1083057635,97,4,800,248,82,True,765,1059.6634733096073
er,200,849,3,8.0,19,3644163671,95,4,800,288,101,True,849,1059.6634733096073
er,200,777,3,8.0,20,1631795027,86,4,800,253,89,True,777,1059.6634733096073
er,200,766,3,8.0,21,3691351307,89,6,1200,235,85,True,766,1059.6634733096073
er,200,792,3,8.0,22,736405844,94,4,800,285,90,True,792,1059.6634733096073
er,200,759,3,8.0,23,2127085491,80,4,800,237,91,True,759,1059.6634733096073
er,200,766,3,8.0,24,4042410923,98,5,1000,248,78,True,766,1059.6634733096073
er,200,815,3,8.0,25,3733283740,104,4,800,276,94,True,815,1059.6634733096073
er,200,824,3,8.0,26,763516441,106,4,800,273,84,True,824,1059.6634733096073
er,200,793,3,8.0,27,1492391873,91,4,800,264,95,True,793,1059.6634733096073
er,200,764,3,8.0,28,1590412318,101,4,800,244,70,True,764,1059.6634733096073
er,200,774,3,8.0,29,4196247626,105,5,1000,269,87,True,774,1059.6634733096073
er,200,754,3,8.0,30,3623342179,99,4,800,253,81,True,754,1059.6634733096073
er,200,799,3,8.0,31,1286589272,110,5,1000,286,86,True,799,1059.6634733096073
er,200,817,3,8.0,32,2682223821,97,6,1200,266,78,True,817,1059.6634733096073
er,200,810,3,8.0,33,761061275,100,4,800,270,86,True,810,1059.6634733096073
er,200,844,3,8.0,34,1074985461,82,5,1000,243,93,True,844,1059.6634733096073
er,200,765,3,8.0,35,3219040925,97,6,1200,261,89,True,765,1059.6634733096073
er,200,826,3,8.0,36,424602811,83,4,800,249,106,True,826,1059.6634733096073
er,200,833,3,8.0,37,3903834829,102,7,1400,286,95,True,833,1059.6634733096073
er,200,771,3,8.0,38,3262672042,92,5,1000,250,90,True,771,1059.6634733096073
er,200,845,3,8.0,39,1849781499,83,4,800,278,100,True,845,1059.6634733096073
er,200,835,3,8.0,40,1302528720,105,5,1000,279,97,True,835,1059.6634733096073
er,200,767,3,8.0,41,206448785,101,5,1000,252,82,True,767,1059.6634733096073
er,200,817,3,8.0,42,4132869963,98,6,1200,268,89,True,817,1059.6634733096073
er,200,772,3,8.0,43,453219857,100,4,800,266,88,True,772,1059.6634733096073
er,200,807,3,8.0,44,190341571,104,4,800,270,98,True,807,1059.6634733096073
er,200,823,3,8.0,45,2402758465,93,5,1000,269,90,True,823,1059.6634733096073
er,200,733,3,8.0,46,3958526377,101,5,1000,257,68,True,733,1059.6634733096073
er,200,799,3,8.0,47,1753867256,91,4,800,248,93,True,799,1059.6634733096073
er,200,784,3,8.0,48,3962754147,96,4,800,267,80,True,784,1059.6634733096073
er,200,797,3,8.0,49,316810185,106,6,1200,282,87,True,797,1059.6634733096073
er,200,789,3,8.0,50,3781394436,97,4,800,264,80,True,789,1059.6634733096073
er,200,794,3,8.0,51,3405511695,93,3,600,267,86,True,794,1059.6634733096073
er,200,799,3,8.0,52,1076076877,101,4,800,294,86,True,799,1059.6634733096073
er,200,840,3,8.0,53,1566425063,86,3,600,282,96,True,840,1059.6634733096073
er,200,774,3,8.0,54,38187621,112,4,800,257,70,True,774,1059.6634733096073
er,200,789,3,8.0,55,3832068158,88,5,1000,252,89,True,789,1059.6634733096073
er,200,786,3,8.0,56,3197265730,105,5,1000,274,79,True,786,1059.6634733096073
er,200,820,3,8.0,57,3593908626,100,4,800,275,93,True,820,1059.6634733096073
er,200,829,3,8.0,58,2800019351,106,6,1200,281,82,True,829,1059.6634733096073
er,200,849,3,8.0,59,3592350507,102,4,800,293,87,True,849,1059.6634733096073
er,200,810,3,8.0,60,1748485907,93,3,600,260,91,True,810,1059.6634733096073
er,200,816,3,8.0,61,1629957595,96,4,800,269,85,True,816,1059.6634733096073
er,200,837,3,8.0,62,1279246507,107,6,1200,267,96,True,837,1059.6634733096073
er,200,817,3,8.0,63,4084287611,110,6,1200,268,74,True,817,1059.6634733096073
er,200,790,3,8.0,64,2203795502,93,4,800,262,94,True,790,1059.6634733096073
er,200,812,3,8.0,65,1180353734,84,4,800,250,84,True,812,1059.6634733096073
er,200,839,3,8.0,66,1470580712,96,5,1000,267,97,True,839,1059.6634733096073
er,200,785,3,8.0,67,4020834388,103,5,1000,267,86,True,785,1059.6634733096073
er,200,812,3,8.0,68,485523363,106,4,800,275,88,True,812,1059.6634733096073
er,200,781,3,8.0,69,3909516357,111,4,800,267,83,True,781,1059.6634733096073
er,200,758,3,8.0,70,4087387027,93,4,800,243,72,True,758,1059.6634733096073
er,200,783,3,8.0,71,1547289874,86,4,800,261,93,True,783,1059.6634733096073
er,200,790,3,8.0,72,2166125913,89,4,800,252,81,True,790,1059.6634733096073
er,200,817,3,8.0,73,29573960,87,6,1200,254,100,True,817,1059.6634733096073
er,200,738,3,8.0,74,2591432708,93,4,800,236,71,True,738,1059.6634733096073
er,200,773,3,8.0,75,920433035,87,4,800,257,86,True,773,1059.6634733096073
er,200,782,3,8.0,76,2304229056,105,4,800,278,97,True,782,1059.6634733096073
er,200,833,3,8.0,77,4099946733,97,4,800,300,99,True,833,1059.6634733096073
er,200,804,3,8.0,78,1929540348,101,4,800,259,85,True,804,1059.6634733096073
er,200,756,3,8.0,79,4161851031,93,4,800,247,97,True,756,1059.6634733096073
er,200,809,3,8.0,80,3171559529,99,6,1200,268,90,True,809,1059.6634733096073
er,200,758,3,8.0,81,783689232,96,4,800,266,92,True,758,1059.6634733096073
er,200,795,3,8.0,82,3137639645,98,8,1600,255,80,True,795,1059.6634733096073
er,200,803,3,8.0,83,285636714,112,6,1200,265,84,True,803,1059.6634733096073
er,200,799,3,8.0,84,2789225386,81,5,1000,245,97,True,799,1059.6634733096073
er,200,848,3,8.0,85,3851109536,90,5,1000,287,97,True,848,1059.6634733096073
er,200,790,3,8.0,86,549884696,102,5,1000,254,87,True,790,1059.6634733096073
er,200,800,3,8.0,87,667541693,101,5,1000,259,84,True,800,1059.6634733096073
er,200,769,3,8.0,88,430360955,92,5,1000,251,81,True,769,1059.6634733096073
er,200,758,3,8.0,89,2832224903,87,4,800,259,84,True,758,1059.6634733096073
er,200,787,3,8.0,90,1686344473,86,3,600,261,83,True,787,1059.6634733096073
er,200,792,3,8.0,91,602646330,97,4,800,249,83,True,792,1059.6634733096073
er,200,792,3,8.0,92,3381077050,94,4,800,263,89,True,792,1059.6634733096073
er,200,819,3,8.0,93,636845980,102,4,800,281,93,True,819,1059.6634733096073
er,200,822,3,8.0,94,239803823,103,4,800,276,88,True,822,1059.6634733096073
er,200,776,3,8.0,95,2161840940,95,4,800,251,93,True,776,1059.6634733096073
er,200,760,3,8.0,96,3374914429,90,4,800,259,85,True,760,1059.6634733096073
er,200,866,3,8.0,97,476912724,93,7,1400,284,113,True,866,1059.6634733096073
er,200,760,3,8.0,98,1358022933,89,5,1000,245,73,True,760,1059.6634733096073
er,200,811,3,8.0,99,1688691844,101,5,1000,270,93,True,811,1059.6634733096073
er,200,777,3,8.0,100,793466442,103,4,800,246,85,True,777,1059.6634733096073
er,200,804,3,8.0,101,3451015486,102,6,1200,258,85,True,804,1059.6634733096073
er,200,833,3,8.0,102,3110221293,98,5,1000,269,101,True,833,1059.6634733096073
er,200,798,3,8.0,103,968613331,113,8,1600,257,83,True,798,1059.6634733096073
er,200,833,3,8.0,104,4013053557,94,3,600,286,103,True,833,1059.6634733096073
er,200,814,3,8.0,105,4066902052,94,4,800,271,93,True,814,1059.6634733096073
er,200,832,3,8.0,106,3813360033,87,6,1200,249,95,True,832,1059.6634733096073
er,200,814,3,8.0,107,3899449778,111,6,1200,268,84,True,814,1059.6634733096073
er,200,809,3,8.0,108,2012976488,93,4,800,264,93,True,809,1059.6634733096073
er,200,782,3,8.0,109,2149339618,107,4,800,283,85,True,782,1059.6634733096073
er,200,817,3,8.0,110,1619089135,102,6,1200,270,89,True,817,1059.6634733096073
er,200,792,3,8.0,111,1094896201,99,4,800,252,91,True,792,1059.6634733096073
er,200,735,3,8.0,112,519785543,106,5,1000,249,75,True,735,1059.6634733096073
er,200,764,3,8.0,113,3938721994,100,4,800,257,81,True,764,1059.6634733096073
er,200,789,3,8.0,114,621220245,90,5,1000,282,91,True,789,1059.6634733096073
er,200,821,3,8.0,115,1679092054,87,5,1000,267,87,True,821,1059.6634733096073
er,200,821,3,8.0,116,2646236816,90,6,1200,262,98,True,821,1059.6634733096073
er,200,804,3,8.0,117,3850448584,99,4,800,272,100,True,804,1059.6634733096073
er,200,799,3,8.0,118,136951863,107,5,1000,264,84,True,799,1059.6634733096073
er,200,788,3,8.0,119,2983735964,94,4,800,246,86,True,788,1059.6634733096073
er,200,775,3,8.0,120,1001463179,89,4,800,225,84,True,775,1059.6634733096073
er,200,782,3,8.0,121,3076837489,89,5,1000,252,89,True,782,1059.6634733096073
er,200,854,3,8.0,122,2395674158,100,4,800,275,103,True,854,1059.6634733096073
er,200,791,3,8.0,123,2531874058,87,4,800,267,99,True,791,1059.6634733096073
er,200,805,3,8.0,124,2469596208,97,5,1000,268,97,True,805,1059.6634733096073
er,200,801,3,8.0,125,4172209421,89,4,800,255,90,True,801,1059.6634733096073
er,200,779,3,8.0,126,4127727833,88,5,1000,232,93,True,779,1059.6634733096073
er,200,784,3,8.0,127,4028169723,94,5,1000,259,82,True,784,1059.6634733096073
er,200,769,3,8.0,128,3988572762,100,4,800,247,78,True,769,1059.6634733096073
er,200,810,3,8.0,129,1044681164,85,4,800,244,96,True,810,1059.6634733096073
er,200,819,3,8.0,130,2501315739,96,4,800,252,85,True,819,1059.6634733096073
er,200,794,3,8.0,131,1235117174,95,4,800,279,85,True,794,1059.6634733096073
er,200,801,3,8.0,132,3484184924,98,6,1200,273,95,True,801,1059.6634733096073
er,200,788,3,8.0,133,1060224854,106,4,800,285,79,True,788,1059.6634733096073
er,200,788,3,8.0,134,3544306869,111,6,1200,274,86,True,788,1059.6634733096073
er,200,781,3,8.0,135,3957820639,113,5,1000,251,76,True,781,1059.6634733096073
er,200,797,3,8.0,136,243716140,95,6,1200,269,86,True,797,1059.6634733096073
er,200,820,3,8.0,137,1304135780,91,5,1000,252,101,True,820,1059.6634733096073
er,200,804,3,8.0,138,2481426489,98,4,800,280,82,True,804,1059.6634733096073
er,200,795,3,8.0,139,411854423,90,4,800,257,84,True,795,1059.6634733096073
er,200,842,3,8.0,140,2793283156,103,4,800,297,107,True,842,1059.6634733096073
er,200,792,3,8.0,141,1160265526,102,6,1200,265,95,True,792,1059.6634733096073
er,200,794,3,8.0,142,2123301963,92,4,800,255,92,True,794,1059.6634733096073
er,200,859,3,8.0,143,4130846590,92,4,800,267,100,True,859,1059.6634733096073
er,200,848,3,8.0,144,2855058584,89,4,800,271,95,True,848,1059.6634733096073
er,200,803,3,8.0,145,3961763021,86,4,800,268,88,True,803,1059.6634733096073
er,200,785,3,8.0,146,2564496631,100,4,800,270,83,True,785,1059.6634733096073
er,200,801,3,8.0,147,349094708,96,5,1000,267,81,True,801,1059.6634733096073
er,200,807,3,8.0,148,1359157869,87,5,1000,258,89,True,807,1059.6634733096073
er,200,856,3,8.0,149,3317698380,102,4,800,277,107,True,856,1059.6634733096073
er,200,820,3,8.0,150,1024316060,77,4,800,248,104,True,820,1059.6634733096073
er,200,771,3,8.0,151,3960643793,88,3,600,258,89,True,771,1059.6634733096073
er,200,791,3,8.0,152,953649232,76,3,600,226,88,True,791,1059.6634733096073
er,200,784,3,8.0,153,2771036779,106,6,1200,265,89,True,784,1059.6634733096073
er,200,777,3,8.0,154,1215496856,98,5,1000,258,90,True,777,1059.6634733096073
er,200,809,3,8.0,155,179791703,92,5,1000,261,93,True,809,1059.6634733096073
er,200,766,3,8.0,156,1570943602,108,5,1000,267,87,True,766,1059.6634733096073
er,200,798,3,8.0,157,611324181,103,4,800,281,81,True,798,1059.6634733096073
er,200,849,3,8.0,158,3645440859,105,5,1000,290,84,True,849,1059.6634733096073
er,200,755,3,8.0,159,3920709204,94,4,800,259,80,True,755,1059.6634733096073
er,200,794,3,8.0,160,2441795366,92,4,800,240,90,True,794,1059.6634733096073
er,200,763,3,8.0,161,2892512092,97,4,800,248,73,True,763,1059.6634733096073
er,200,830,3,8.0,162,2002402394,92,5,1000,278,103,True,830,1059.6634733096073
er,200,791,3,8.0,163,1958125905,97,5,1000,267,77,True,791,1059.6634733096073
er,200,741,3,8.0,164,4005515700,95,5,1000,247,82,True,741,1059.6634733096073
er,200,808,3,8.0,165,3077753021,93,4,800,278,96,True,808,1059.6634733096073
er,200,794,3,8.0,166,1514115002,103,4,800,278,80,True,794,1059.6634733096073
er,200,770,3,8.0,167,1738112948,90,4,800,245,89,True,770,1059.6634733096073
er,200,810,3,8.0,168,1333627266,86,3,600,252,80,True,810,1059.6634733096073
er,200,767,3,8.0,169,1568631504,95,5,1000,251,80,True,767,1059.6634733096073
er,200,821,3,8.0,170,3397156427,93,4,800,266,87,True,821,1059.6634733096073
er,200,788,3,8.0,171,3933288285,96,4,800,257,98,True,788,1059.6634733096073
er,200,765,3,8.0,172,1072988871,97,4,800,256,80,True,765,1059.6634733096073
er,200,766,3,8.0,173,1265746852,103,4,800,282,92,True,766,1059.6634733096073
er,200,823,3,8.0,174,80423241,112,5,1000,293,94,True,823,1059.6634733096073
er,200,802,3,8.0,175,2281323274,108,5,1000,287,83,True,802,1059.6634733096073
er,200,769,3,8.0,176,1486518077,102,4,800,275,92,True,769,1059.6634733096073
er,200,815,3,8.0,177,3790424608,94,4,800,269,92,True,815,1059.6634733096073
er,200,811,3,8.0,178,35074232,90,5,1000,273,99,True,811,1059.6634733096073
er,200,795,3,8.0,179,1441188753,108,4,800,275,86,True,795,1059.6634733096073
er,200,798,3,8.0,180,3753502974,79,4,800,248,95,True,798,1059.6634733096073
er,200,764,3,8.0,181,722429228,82,3,600,238,84,True,764,1059.6634733096073
er,200,840,3,8.0,182,1455406807,97,5,1000,291,99,True,840,1059.6634733096073
er,200,780,3,8.0,183,101233952,104,4,800,267,78,True,780,1059.6634733096073
er,200,795,3,8.0,184,1603439691,97,4,800,257,88,True,795,1059.6634733096073
er,200,836,3,8.0,185,31922878,107,4,800,279,91,True,836,1059.6634733096073
er,200,790,3,8.0,186,120052363,101,5,1000,273,79,True,790,1059.6634733096073
er,200,821,3,8.0,187,2244832921,103,5,1000,278,80,True,821,1059.6634733096073
er,200,816,3,8.0,188,1132387557,86,4,800,267,105,True,816,1059.6634733096073
er,200,814,3,8.0,189,1793290743,96,5,1000,262,99,True,814,1059.6634733096073
er,200,788,3,8.0,190,1118235965,105,6,1200,287,95,True,788,1059.6634733096073
er,200,785,3,8.0,191,1997210216,88,5,1000,255,82,True,785,1059.6634733096073
er,200,800,3,8.0,192,3272964802,98,6,1200,252,81,True,800,1059.6634733096073
er,200,816,3,8.0,193,2205368334,100,4,800,265,97,True,816,1059.6634733096073
er,200,814,3,8.0,194,2363228044,94,6,1200,266,87,True,814,1059.6634733096073
er,200,778,3,8.0,195,1848426001,82,5,1000,242,96,True,778,1059.6634733096073
er,200,771,3,8.0,196,222525884,84,3,600,248,83,True,771,1059.6634733096073
er,200,806,3,8.0,197,1027683048,99,5,1000,262,88,True,806,1059.6634733096073
er,200,825,3,8.0,198,3709079749,86,8,1600,270,90,True,825,1059.6634733096073
er,200,826,3,8.0,199,2114974536,112,4,800,281,88,True,826,1059.6634733096073
er,200,741,3,8.0,200,1779871491,95,4,800,254,92,True,741,1059.6634733096073
er,200,834,3,8.0,201,3566801478,97,6,1200,273,96,True,834,1059.6634733096073
er,200,771,3,8.0,202,917729305,82,4,800,237,86,True,771,1059.6634733096073
er,200,779,3,8.0,203,1306513456,102,5,1000,265,79,True,779,1059.6634733096073
er,200,813,3,8.0,204,102610659,92,5,1000,251,89,True,813,1059.6634733096073
er,200,831,3,8.0,205,3191261601,98,5,1000,269,98,True,831,1059.6634733096073
er,200,800,3,8.0,206,3450186745,95,4,800,270,83,True,800,1059.6634733096073
er,200,819,3,8.0,207,2085759521,97,4,800,253,93,True,819,1059.6634733096073
er,200,767,3,8.0,208,367117023,98,5,1000,253,79,True,767,1059.6634733096073
er,200,812,3,8.0,209,3217713595,103,7,1400,268,76,True,812,1059.6634733096073
er,200,808,3,8.0,210,2778050395,98,5,1000,278,95,True,808,1059.6634733096073
er,200,802,3,8.0,211,410925515,101,5,1000,268,83,True,802,1059.6634733096073
er,200,789,3,8.0,212,3944664037,109,5,1000,276,80,True,789,1059.6634733096073
er,200,825,3,8.0,213,3025432118,94,4,800,281,94,True,825,1059.6634733096073
er,200,838,3,8.0,214,3353846302,105,4,800,274,84,True,838,1059.6634733096073
er,200,776,3,8.0,215,1201119440,103,3,600,264,79,True,776,1059.6634733096073
er,200,787,3,8.0,216,3963758612,90,4,800,257,90,True,787,1059.6634733096073
er,200,876,3,8.0,217,667495194,93,5,1000,300,107,True,876,1059.6634733096073
er,200,805,3,8.0,218,1832946396,110,4,800,284,90,True,805,1059.6634733096073
er,200,816,3,8.0,219,2737143079,84,4,800,251,96,True,816,1059.6634733096073
er,200,781,3,8.0,220,3140867883,89,4,800,262,88,True,781,1059.6634733096073
er,200,767,3,8.0,221,813640569,94,5,1000,259,83,True,767,1059.6634733096073
er,200,800,3,8.0,222,596094330,103,6,1200,261,87,True,800,1059.6634733096073
er,200,858,3,8.0,223,390702876,92,4,800,293,106,True,858,1059.6634733096073
er,200,791,3,8.0,224,2527039583,85,6,1200,263,84,True,791,1059.6634733096073
er,200,798,3,8.0,225,44318864,100,4,800,259,94,True,798,1059.6634733096073
er,200,791,3,8.0,226,4288065117,101,4,800,271,82,True,791,1059.6634733096073
er,200,802,3,8.0,227,756255597,82,3,600,254,93,True,802,1059.6634733096073
er,200,771,3,8.0,228,857657024,79,5,1000,234,92,True,771,1059.6634733096073
er,200,786,3,8.0,229,1089064302,89,4,800,246,95,True,786,1059.6634733096073
er,200,785,3,8.0,230,722854326,95,3,600,270,79,True,785,1059.6634733096073
er,200,828,3,8.0,231,3268451615,88,4,800,240,88,True,828,1059.6634733096073
er,200,760,3,8.0,232,3061970252,100,5,1000,261,71,True,760,1059.6634733096073
er,200,851,3,8.0,233,790698995,92,4,800,269,96,True,851,1059.6634733096073
er,200,817,3,8.0,234,2227270130,98,4,800,289,102,True,817,1059.6634733096073
er,200,808,3,8.0,235,2686145875,97,4,800,271,93,True,808,1059.6634733096073
er,200,719,3,8.0,236,2667673058,96,5,1000,230,67,True,719,1059.6634733096073
er,200,834,3,8.0,237,2812477726,94,5,1000,264,86,True,834,1059.6634733096073
er,200,847,3,8.0,238,1567401893,97,4,800,286,99,True,847,1059.6634733096073
er,200,795,3,8.0,239,2086613444,109,5,1000,273,75,True,795,1059.6634733096073
er,200,823,3,8.0,240,3412546594,78,3,600,251,103,True,823,1059.6634733096073
er,200,803,3,8.0,241,2978986860,98,4,800,260,90,True,803,1059.6634733096073
er,200,775,3,8.0,242,1942800367,78,4,800,239,82,True,775,1059.6634733096073
er,200,772,3,8.0,243,4010656867,97,4,800,270,83,True,772,1059.6634733096073
er,200,841,3,8.0,244,1462555968,102,4,800,296,103,True,841,1059.6634733096073
er,200,794,3,8.0,245,3255081252,99,6,1200,252,78,True,794,1059.6634733096073
er,200,756,3,8.0,246,2527996407,94,5,1000,258,88,True,756,1059.6634733096073
er,200,800,3,8.0,247,2560013186,90,4,800,266,92,True,800,1059.6634733096073
er,200,767,3,8.0,248,3585726451,89,4,800,256,86,True,767,1059.6634733096073
er,200,820,3,8.0,249,738235254,84,4,800,254,105,True,820,1059.6634733096073
er,200,812,3,8.0,250,3976770883,100,4,800,269,84,True,812,1059.6634733096073
er,200,784,3,8.0,251,3908788796,97,6,1200,253,92,True,784,1059.6634733096073
er,200,837,3,8.0,252,215802446,89,5,1000,256,108,True,837,1059.6634733096073
er,200,776,3,8.0,253,2403360313,92,5,1000,275,92,True,776,1059.6634733096073
er,200,825,3,8.0,254,2156453591,95,4,800,275,85,True,825,1059.6634733096073
er,200,814,3,8.0,255,2394112399,97,4,800,286,96,True,814,1059.6634733096073
er,200,792,3,8.0,256,2837596391,109,6,1200,275,85,True,792,1059.6634733096073
er,200,760,3,8.0,257,1286911479,94,4,800,257,86,True,760,1059.6634733096073
er,200,766,3,8.0,258,1649855733,92,5,1000,257,95,True,766,1059.6634733096073
er,200,820,3,8.0,259,285204877,106,5,1000,302,82,True,820,1059.6634733096073
er,200,790,3,8.0,260,3338543094,88,3,600,255,95,True,790,1059.6634733096073
er,200,815,3,8.0,261,1407191215,101,6,1200,276,81,True,815,1059.6634733096073
er,200,769,3,8.0,262,2056826302,97,5,1000,267,86,True,769,1059.6634733096073
er,200,818,3,8.0,263,565848159,92,5,1000,286,94,True,818,1059.6634733096073
er,200,768,3,8.0,264,1539499954,92,4,800,268,88,True,768,1059.6634733096073
er,200,804,3,8.0,265,2595148919,103,4,800,270,99,True,804,1059.6634733096073
er,200,770,3,8.0,266,2976634776,104,4,800,254,86,True,770,1059.6634733096073
er,200,811,3,8.0,267,2025832444,93,3,600,284,93,True,811,1059.6634733096073
er,200,792,3,8.0,268,2608441496,97,5,1000,256,73,True,792,1059.6634733096073
er,200,780,3,8.0,269,965864235,105,4,800,268,81,True,780,1059.6634733096073
er,200,809,3,8.0,270,735447954,105,5,1000,269,79,True,809,1059.6634733096073
er,200,825,3,8.0,271,1873502746,105,7,1400,276,87,True,825,1059.6634733096073
er,200,778,3,8.0,272,1405701862,88,4,800,247,89,True,778,1059.6634733096073
er,200,787,3,8.0,273,523047993,108,5,1000,274,88,True,787,1059.6634733096073
er,200,773,3,8.0,274,1450594392,105,4,800,269,81,True,773,1059.6634733096073
er,200,823,3,8.0,275,2817550128,88,5,1000,266,92,True,823,1059.6634733096073
er,200,781,3,8.0,276,2869356420,97,4,800,268,89,True,781,1059.6634733096073
er,200,797,3,8.0,277,4153170276,106,5,1000,273,83,True,797,1059.6634733096073
er,200,723,3,8.0,278,3057804553,96,5,1000,238,74,True,723,1059.6634733096073
er,200,777,3,8.0,279,2852034232,107,5,1000,274,81,True,777,1059.6634733096073
er,200,831,3,8.0,280,178020590,90,7,1400,261,100,True,831,1059.6634733096073
er,200,856,3,8.0,281,2089731512,78,3,600,268,117,True,856,1059.6634733096073
er,200,822,3,8.0,282,3871346807,98,5,1000,257,94,True,822,1059.6634733096073
er,200,832,3,8.0,283,2777466443,104,5,1000,271,91,True,832,1059.6634733096073
er,200,797,3,8.0,284,1740937068,110,5,1000,282,89,True,797,1059.6634733096073
er,200,772,3,8.0,285,3730336558,99,4,800,262,90,True,772,1059.6634733096073
er,200,831,3,8.0,286,4094233258,88,5,1000,267,92,True,831,1059.6634733096073
er,200,753,3,8.0,287,600606467,80,4,800,217,81,True,753,1059.6634733096073
er,200,839,3,8.0,288,3361783647,87,4,800,272,114,True,839,1059.6634733096073
er,200,835,3,8.0,289,4286162834,108,5,1000,290,86,True,835,1059.6634733096073
er,200,807,3,8.0,290,1402890453,91,5,1000,265,98,True,807,1059.6634733096073
er,200,774,3,8.0,291,1019758385,103,5,1000,268,82,True,774,1059.6634733096073
er,200,796,3,8.0,292,3833234448,84,4,800,245,92,True,796,1059.6634733096073
er,200,744,3,8.0,293,26626036,81,4,800,214,79,True,744,1059.6634733096073
er,200,751,3,8.0,294,2357250999,83,4,800,235,79,True,751,1059.6634733096073
er,200,795,3,8.0,295,1963282811,95,3,600,286,87,True,795,1059.6634733096073
er,200,791,3,8.0,296,2052817736,87,6,1200,255,91,True,791,1059.6634733096073
er,200,802,3,8.0,297,3572654196,87,4,800,261,96,True,802,1059.6634733096073
er,200,757,3,8.0,298,2169754453,80,4,800,252,83,True,757,1059.6634733096073
er,200,805,3,8.0,299,3205218960,98,5,1000,254,86,True,805,1059.6634733096073
er,200,785,3,8.0,300,784203718,95,4,800,261,94,True,785,1059.6634733096073
er,200,810,3,8.0,301,3140447155,89,4,800,264,101,True,810,1059.6634733096073
er,200,781,3,8.0,302,2569188861,84,5,1000,238,88,True,781,1059.6634733096073
er,200,834,3,8.0,303,809934866,94,5,1000,268,101,True,834,1059.6634733096073
er,200,803,3,8.0,304,1066688506,124,4,800,298,81,True,803,1059.6634733096073
er,200,776,3,8.0,305,379272876,106,5,1000,275,87,True,776,1059.6634733096073
er,200,799,3,8.0,306,1377635500,89,3,600,257,94,True,799,1059.6634733096073
er,200,799,3,8.0,307,4043193472,88,4,800,273,94,True,799,1059.6634733096073
er,200,834,3,8.0,308,632855840,118,7,1400,299,88,True,834,1059.6634733096073
er,200,843,3,8.0,309,1052978069,98,4,800,285,100,True,843,1059.6634733096073
er,200,809,3,8.0,310,1303857163,92,4,800,259,93,True,809,1059.6634733096073
er,200,827,3,8.0,311,643191969,96,4,800,287,105,True,827,1059.6634733096073
er,200,813,3,8.0,312,4100654713,86,4,800,260,99,True,813,1059.6634733096073
er,200,773,3,8.0,313,4111160912,107,4,800,261,83,True,773,1059.6634733096073
er,200,819,3,8.0,314,1708791785,102,5,1000,281,92,True,819,1059.6634733096073
er,200,839,3,8.0,315,2195653893,97,6,1200,287,100,True,839,1059.6634733096073
er,200,795,3,8.0,316,144504072,90,5,1000,245,81,True,795,1059.6634733096073
er,200,814,3,8.0,317,1076044350,97,4,800,279,88,True,814,1059.6634733096073
er,200,797,3,8.0,318,2899614923,88,4,800,243,86,True,797,1059.6634733096073
er,200,800,3,8.0,319,2275862499,101,4,800,287,111,True,800,1059.6634733096073
er,200,779,3,8.0,320,3384019617,96,5,1000,253,76,True,779,1059.6634733096073
er,200,834,3,8.0,321,3831147097,102,6,1200,284,96,True,834,1059.6634733096073
er,200,744,3,8.0,322,703008129,101,4,800,257,71,True,744,1059.6634733096073
er,200,796,3,8.0,323,559453775,95,4,800,255,80,True,796,1059.6634733096073
er,200,795,3,8.0,324,2411063140,98,5,1000,262,77,True,795,1059.6634733096073
er,200,840,3,8.0,325,540314602,90,4,800,264,106,True,840,1059.6634733096073
er,200,761,3,8.0,326,1183034426,94,4,800,260,95,True,761,1059.6634733096073
er,200,795,3,8.0,327,3788688562,85,5,1000,230,88,True,795,1059.6634733096073
er,200,869,3,8.0,328,1998758872,89,4,800,275,102,True,869,1059.6634733096073
er,200,771,3,8.0,329,3666621213,86,5,1000,245,78,True,771,1059.6634733096073
er,200,803,3,8.0,330,760481489,101,4,800,281,92,True,803,1059.6634733096073
er,200,814,3,8.0,331,918820015,87,4,800,258,94,True,814,1059.6634733096073
er,200,818,3,8.0,332,2377396931,93,5,1000,264,93,True,818,1059.6634733096073
er,200,810,3,8.0,333,1814164582,93,4,800,279,98,True,810,1059.6634733096073
er,200,776,3,8.0,334,1743645456,94,5,1000,242,82,True,776,1059.6634733096073
er,200,799,3,8.0,335,1323255282,100,4,800,271,89,True,799,1059.6634733096073
er,200,787,3,8.0,336,4216595966,101,4,800,262,85,True,787,1059.6634733096073
er,200,816,3,8.0,337,3205779767,106,5,1000,286,93,True,816,1059.6634733096073
er,200,851,3,8.0,338,599905599,89,4,800,273,97,True,851,1059.6634733096073
er,200,769,3,8.0,339,3567716473,86,5,1000,246,90,True,769,1059.6634733096073
er,200,805,3,8.0,340,1136228572,102,5,1000,271,86,True,805,1059.6634733096073
er,200,800,3,8.0,341,3204967427,92,5,1000,262,95,True,800,1059.6634733096073
er,200,776,3,8.0,342,3547635367,88,5,1000,245,80,True,776,1059.6634733096073
er,200,786,3,8.0,343,3684041803,96,6,1200,247,87,True,786,1059.6634733096073
er,200,841,3,8.0,344,3697127969,102,4,800,291,91,True,841,1059.6634733096073
er,200,795,3,8.0,345,257939019,90,4,800,261,94,True,795,1059.6634733096073
er,200,851,3,8.0,346,1914382013,103,5,1000,273,103,True,851,1059.6634733096073
er,200,832,3,8.0,347,763040633,94,6,1200,274,100,True,832,1059.6634733096073
er,200,839,3,8.0,348,3552668688,93,6,1200,258,90,True,839,1059.6634733096073
er,200,851,3,8.0,349,4254061270,100,5,1000,290,93,True,851,1059.6634733096073
er,200,838,3,8.0,350,1081678102,102,5,1000,278,89,True,838,1059.6634733096073
er,200,803,3,8.0,351,567439247,108,6,1200,282,88,True,803,1059.6634733096073
er,200,806,3,8.0,352,131167791,79,4,800,243,89,True,806,1059.6634733096073
er,200,801,3,8.0,353,563004933,98,5,1000,261,82,True,801,1059.6634733096073
er,200,788,3,8.0,354,3792662720,95,3,600,257,87,True,788,1059.6634733096073
er,200,775,3,8.0,355,39423030,95,4,800,242,83,True,775,1059.6634733096073
er,200,838,3,8.0,356,3884411939,111,5,1000,284,96,True,838,1059.6634733096073
er,200,820,3,8.0,357,552892030,103,4,800,277,94,True,820,1059.6634733096073
er,200,777,3,8.0,358,1939226043,96,4,800,259,85,True,777,1059.6634733096073
er,200,760,3,8.0,359,3326577244,85,4,800,242,94,True,760,1059.6634733096073
er,200,791,3,8.0,360,4223825514,94,4,800,270,87,True,791,1059.6634733096073
er,200,752,3,8.0,361,1122256064,86,4,800,240,81,True,752,1059.6634733096073
er,200,741,3,8.0,362,2523622814,97,4,800,245,71,True,741,1059.6634733096073
er,200,825,3,8.0,363,3967904745,110,6,1200,292,86,True,825,1059.6634733096073
er,200,844,3,8.0,364,3525012619,99,5,1000,287,89,True,844,1059.6634733096073
er,200,761,3,8.0,365,618334711,94,4,800,253,76,True,761,1059.6634733096073
er,200,798,3,8.0,366,797727979,92,3,600,263,83,True,798,1059.6634733096073
er,200,795,3,8.0,367,914810486,104,5,1000,272,84,True,795,1059.6634733096073
er,200,820,3,8.0,368,3408088825,88,4,800,263,94,True,820,1059.6634733096073
er,200,849,3,8.0,369,3767603656,99,4,800,284,103,True,849,1059.6634733096073
er,200,821,3,8.0,370,1693326225,98,5,1000,258,88,True,821,1059.6634733096073
er,200,788,3,8.0,371,730993696,100,6,1200,257,77,True,788,1059.6634733096073
er,200,766,3,8.0,372,466647428,84,5,1000,245,95,True,766,1059.6634733096073
er,200,830,3,8.0,373,1194007749,94,5,1000,282,97,True,830,1059.6634733096073
er,200,814,3,8.0,374,3354616001,95,5,1000,264,91,True,814,1059.6634733096073
er,200,783,3,8.0,375,3775450290,95,5,1000,262,87,True,783,1059.6634733096073
er,200,776,3,8.0,376,294102252,97,4,800,265,91,True,776,1059.6634733096073
er,200,770,3,8.0,377,2122138528,105,5,1000,253,91,True,770,1059.6634733096073
er,200,765,3,8.0,378,3008126820,103,6,1200,254,79,True,765,1059.6634733096073
er,200,853,3,8.0,379,1301344833,101,4,800,273,97,True,853,1059.6634733096073
er,200,825,3,8.0,380,2568656482,81,5,1000,251,99,True,825,1059.6634733096073
er,200,805,3,8.0,381,581739862,105,7,1400,276,90,True,805,1059.6634733096073
er,200,778,3,8.0,382,1491028633,105,6,1200,273,82,True,778,1059.6634733096073
er,200,790,3,8.0,383,3163917408,99,6,1200,279,88,True,790,1059.6634733096073
er,200,760,3,8.0,384,2638812928,100,5,1000,265,73,True,760,1059.6634733096073
er,200,794,3,8.0,385,331104219,102,5,1000,261,82,True,794,1059.6634733096073
er,200,764,3,8.0,386,495141102,80,4,800,246,91,True,764,1059.6634733096073
er,200,792,3,8.0,387,1343626378,93,5,1000,244,85,True,792,1059.6634733096073
er,200,796,3,8.0,388,381648917,89,4,800,255,100,True,796,1059.6634733096073
er,200,826,3,8.0,389,2693906002,88,4,800,254,103,True,826,1059.6634733096073
er,200,790,3,8.0,390,3283827288,89,4,800,253,92,True,790,1059.6634733096073
er,200,806,3,8.0,391,762992754,101,4,800,279,86,True,806,1059.6634733096073
er,200,750,3,8.0,392,629078147,96,4,800,257,78,True,750,1059.6634733096073
er,200,831,3,8.0,393,1362759128,95,5,1000,277,102,True,831,1059.6634733096073
er,200,780,3,8.0,394,3419652043,108,4,800,286,73,True,780,1059.6634733096073
er,200,815,3,8.0,395,811687963,103,5,1000,268,90,True,815,1059.6634733096073
er,200,762,3,8.0,396,4057931466,111,4,800,255,80,True,762,1059.6634733096073
er,200,787,3,8.0,397,1160305554,97,4,800,262,89,True,787,1059.6634733096073
er,200,778,3,8.0,398,2099525493,105,5,1000,269,79,True,778,1059.6634733096073
er,200,766,3,8.0,399,1681481606,82,3,600,254,92,True,766,1059.6634733096073
er,200,821,3,8.0,400,3956256133,97,4,800,284,95,True,821,1059.6634733096073
er,200,750,3,8.0,401,1035540758,86,3,600,244,77,True,750,1059.6634733096073
er,200,798,3,8.0,402,1738339460,91,5,1000,265,94,True,798,1059.6634733096073
er,200,800,3,8.0,403,3330352842,95,4,800,268,94,True,800,1059.6634733096073
er,200,851,3,8.0,404,2678733204,106,8,1600,284,92,True,851,1059.6634733096073
er,200,779,3,8.0,405,1509851605,94,4,800,280,81,True,779,1059.6634733096073
er,200,774,3,8.0,406,2689135589,87,6,1200,240,90,True,774,1059.6634733096073
er,200,815,3,8.0,407,2739926459,106,7,1400,260,74,True,815,1059.6634733096073
er,200,802,3,8.0,408,3619688139,87,6,1200,256,87,True,802,1059.6634733096073
er,200,797,3,8.0,409,2255545814,90,4,800,269,90,True,797,1059.6634733096073
er,200,801,3,8.0,410,1068891700,96,8,1600,277,92,True,801,1059.6634733096073
er,200,805,3,8.0,411,3746359556,89,4,800,250,101,True,805,1059.6634733096073
er,200,802,3,8.0,412,4279717634,94,4,800,265,96,True,802,1059.6634733096073
er,200,802,3,8.0,413,3231538075,98,5,1000,262,77,True,802,1059.6634733096073
er,200,839,3,8.0,414,3553526672,96,4,800,280,90,True,839,1059.6634733096073
er,200,767,3,8.0,415,1645241690,86,5,1000,249,83,True,767,1059.6634733096073
er,200,789,3,8.0,416,1378496510,99,6,1200,258,73,True,789,1059.6634733096073
er,200,829,3,8.0,417,2826471845,93,3,600,283,85,True,829,1059.6634733096073
er,200,794,3,8.0,418,102614618,96,5,1000,260,83,True,794,1059.6634733096073
er,200,819,3,8.0,419,107612639,107,4,800,279,88,True,819,1059.6634733096073
er,200,761,3,8.0,420,3595221275,107,5,1000,284,83,True,761,1059.6634733096073
er,200,795,3,8.0,421,406367621,99,6,1200,255,83,True,795,1059.6634733096073
er,200,755,3,8.0,422,4032527978,96,5,1000,247,74,True,755,1059.6634733096073
er,200,812,3,8.0,423,2654429045,91,4,800,263,84,True,812,1059.6634733096073
er,200,796,3,8.0,424,1726517833,106,5,1000,271,88,True,796,1059.6634733096073
er,200,763,3,8.0,425,2482597203,96,6,1200,264,82,True,763,1059.6634733096073
er,200,785,3,8.0,426,1971911327,104,4,800,273,85,True,785,1059.6634733096073
er,200,788,3,8.0,427,3046155525,100,7,1400,271,85,True,788,1059.6634733096073
er,200,788,3,8.0,428,1090949214,105,6,1200,260,74,True,788,1059.6634733096073
er,200,801,3,8.0,429,2978247796,101,5,1000,278,85,True,801,1059.6634733096073
er,200,840,3,8.0,430,1730110085,98,4,800,291,96,True,840,1059.6634733096073
er,200,833,3,8.0,431,2374725881,78,4,800,267,105,True,833,1059.6634733096073
er,200,765,3,8.0,432,1082032603,99,4,800,263,94,True,765,1059.6634733096073
er,200,862,3,8.0,433,1182411853,99,5,1000,297,102,True,862,1059.6634733096073
er,200,805,3,8.0,434,1597437003,94,4,800,282,94,True,805,1059.6634733096073
er,200,788,3,8.0,435,270538106,99,4,800,276,90,True,788,1059.6634733096073
er,200,861,3,8.0,436,3782551084,97,4,800,271,87,True,861,1059.6634733096073
er,200,884,3,8.0,437,2869997255,93,4,800,309,118,True,884,1059.6634733096073
er,200,819,3,8.0,438,777449899,93,4,800,269,96,True,819,1059.6634733096073
er,200,814,3,8.0,439,3671288,113,5,1000,285,90,True,814,1059.6634733096073
er,200,807,3,8.0,440,2650158539,99,7,1400,280,88,True,807,1059.6634733096073
er,200,825,3,8.0,441,1321109812,101,5,1000,276,91,True,825,1059.6634733096073
er,200,815,3,8.0,442,3919315537,121,8,1600,287,86,True,815,1059.6634733096073
er,200,766,3,8.0,443,4248016351,102,4,800,251,84,True,766,1059.6634733096073
er,200,844,3,8.0,444,1942344766,100,5,1000,269,93,True,844,1059.6634733096073
er,200,799,3,8.0,445,400653633,96,6,1200,259,76,True,799,1059.6634733096073
er,200,784,3,8.0,446,3076588445,90,4,800,274,86,True,784,1059.6634733096073
er,200,837,3,8.0,447,3778546973,118,10,2000,302,91,True,837,1059.6634733096073
er,200,815,3,8.0,448,3397434487,103,5,1000,270,89,True,815,1059.6634733096073
er,200,759,3,8.0,449,1110263554,90,6,1200,253,83,True,759,1059.6634733096073
er,200,734,3,8.0,450,548431612,104,4,800,249,73,True,734,1059.6634733096073
er,200,836,3,8.0,451,4250912783,88,4,800,284,105,True,836,1059.6634733096073
er,200,802,3,8.0,452,723504487,85,4,800,263,100,True,802,1059.6634733096073
er,200,788,3,8.0,453,2326130325,95,5,1000,261,90,True,788,1059.6634733096073
er,200,829,3,8.0,454,542465505,105,5,1000,286,90,True,829,1059.6634733096073
er,200,791,3,8.0,455,483788984,117,7,1400,296,84,True,791,1059.6634733096073
er,200,754,3,8.0,456,104211381,85,4,800,246,74,True,754,1059.6634733096073
er,200,808,3,8.0,457,1004024833,81,3,600,251,91,True,808,1059.6634733096073
er,200,834,3,8.0,458,3125640128,98,5,1000,294,88,True,834,1059.6634733096073
er,200,800,3,8.0,459,1780479055,101,4,800,253,89,True,800,1059.6634733096073
er,200,839,3,8.0,460,2239952096,90,3,600,270,104,True,839,1059.6634733096073
er,200,780,3,8.0,461,4066245708,84,4,800,258,85,True,780,1059.6634733096073
er,200,829,3,8.0,462,4006153764,102,5,1000,266,91,True,829,1059.6634733096073
er,200,855,3,8.0,463,2897614564,89,4,800,284,96,True,855,1059.6634733096073
er,200,775,3,8.0,464,2500995509,89,4,800,265,82,True,775,1059.6634733096073
er,200,795,3,8.0,465,2477442641,79,4,800,250,95,True,795,1059.6634733096073
er,200,790,3,8.0,466,4264526110,90,5,1000,241,83,True,790,1059.6634733096073
er,200,768,3,8.0,467,3185821,88,4,800,245,82,True,768,1059.6634733096073
er,200,816,3,8.0,468,831033003,101,4,800,301,92,True,816,1059.6634733096073
er,200,791,3,8.0,469,2475468860,97,6,1200,262,87,True,791,1059.6634733096073
er,200,810,3,8.0,470,324354681,97,4,800,274,91,True,810,1059.6634733096073
er,200,815,3,8.0,471,2586083850,114,6,1200,283,86,True,815,1059.6634733096073
er,200,793,3,8.0,472,4110441586,109,7,1400,284,90,True,793,1059.6634733096073
er,200,833,3,8.0,473,2523908596,100,6,1200,262,89,True,833,1059.6634733096073
er,200,776,3,8.0,474,2375010392,87,4,800,271,88,True,776,1059.6634733096073
er,200,807,3,8.0,475,2665317688,116,7,1400,279,82,True,807,1059.6634733096073
er,200,754,3,8.0,476,2262539213,91,4,800,251,82,True,754,1059.6634733096073
er,200,801,3,8.0,477,3922251269,96,4,800,269,97,True,801,1059.6634733096073
er,200,797,3,8.0,478,3368766912,93,5,1000,260,96,True,797,1059.6634733096073
er,200,760,3,8.0,479,2144188647,93,4,800,256,90,True,760,1059.6634733096073
er,200,830,3,8.0,480,1316672113,101,6,1200,279,95,True,830,1059.6634733096073
er,200,813,3,8.0,481,3293428421,85,5,1000,274,100,True,813,1059.6634733096073
er,200,806,3,8.0,482,2470014901,105,6,1200,273,91,True,806,1059.6634733096073
er,200,808,3,8.0,483,394715779,96,7,1400,256,82,True,808,1059.6634733096073
er,200,791,3,8.0,484,3105581791,103,5,1000,272,83,True,791,1059.6634733096073
er,200,796,3,8.0,485,2917375487,91,4,800,258,98,True,796,1059.6634733096073
er,200,798,3,8.0,486,2872544899,102,4,800,270,80,True,798,1059.6634733096073
er,200,757,3,8.0,487,2674082335,95,5,1000,268,87,True,757,1059.6634733096073
er,200,795,3,8.0,488,4143271739,105,5,1000,259,77,True,795,1059.6634733096073
er,200,784,3,8.0,489,217877554,99,5,1000,245,81,True,784,1059.6634733096073
er,200,845,3,8.0,490,1031024483,98,5,1000,281,91,True,845,1059.6634733096073
er,200,781,3,8.0,491,3340774415,96,5,1000,254,95,True,781,1059.6634733096073
er,200,794,3,8.0,492,1932344647,92,4,800,253,87,True,794,1059.6634733096073
er,200,807,3,8.0,493,1044645823,91,6,1200,276,95,True,807,1059.6634733096073
er,200,824,3,8.0,494,1737643505,103,5,1000,296,98,True,824,1059.6634733096073
er,200,835,3,8.0,495,1192402975,97,4,800,270,106,True,835,1059.6634733096073
er,200,835,3,8.0,496,1020094245,99,5,1000,270,93,True,835,1059.6634733096073
er,200,807,3,8.0,497,4078908368,100,8,1600,263,80,True,807,1059.6634733096073
er,200,737,3,8.0,498,2471066501,96,4,800,244,70,True,737,1059.6634733096073
er,200,815,3,8.0,499,4016632784,100,4,800,282,93,True,815,1059.6634733096073
er,200,772,3,8.0,500,3280779203,93,4,800,257,74,True,772,1059.6634733096073
er,200,795,3,8.0,501,1214374652,88,4,800,255,102,True,795,1059.6634733096073
er,200,747,3,8.0,502,2124998840,104,5,1000,272,85,True,747,1059.6634733096073
er,200,745,3,8.0,503,1478187424,107,4,800,259,79,True,745,1059.6634733096073
er,200,797,3,8.0,504,282526016,97,5,1000,249,87,True,797,1059.6634733096073
er,200,746,3,8.0,505,2535824526,91,6,1200,251,84,True,746,1059.6634733096073
er,200,830,3,8.0,506,1238318290,104,5,1000,280,94,True,830,1059.6634733096073
er,200,797,3,8.0,507,610113849,103,4,800,268,83,True,797,1059.6634733096073
er,200,777,3,8.0,508,3916032575,90,4,800,256,100,True,777,1059.6634733096073
er,200,825,3,8.0,509,3325453808,106,6,1200,266,87,True,825,1059.6634733096073
er,200,800,3,8.0,510,3619822956,102,4,800,290,95,True,800,1059.6634733096073
er,200,779,3,8.0,511,4035323089,102,5,1000,282,86,True,779,1059.6634733096073
er,200,815,3,8.0,512,3265524193,89,5,1000,269,89,True,815,1059.6634733096073
er,200,810,3,8.0,513,3942675057,99,3,600,290,91,True,810,1059.6634733096073
er,200,796,3,8.0,514,11318561,84,5,1000,240,95,True,796,1059.6634733096073
er,200,760,3,8.0,515,2999126158,86,5,1000,245,87,True,760,1059.6634733096073
er,200,774,3,8.0,516,176150518,90,3,600,245,93,True,774,1059.6634733096073
er,200,842,3,8.0,517,2270609119,100,4,800,299,99,True,842,1059.6634733096073
er,200,857,3,8.0,518,3131895972,105,4,800,282,98,True,857,1059.6634733096073
er,200,812,3,8.0,519,1865151609,97,4,800,267,79,True,812,1059.6634733096073
er,200,779,3,8.0,520,4149609393,86,5,1000,244,81,True,779,1059.6634733096073
er,200,785,3,8.0,521,2218438228,110,5,1000,295,83,True,785,1059.6634733096073
er,200,819,3,8.0,522,2036533859,95,5,1000,259,90,True,819,1059.6634733096073
er,200,815,3,8.0,523,3811910441,95,6,1200,263,87,True,815,1059.6634733096073
er,200,786,3,8.0,524,4239435146,99,5,1000,274,84,True,786,1059.6634733096073
er,200,744,3,8.0,525,865136666,81,5,1000,229,78,True,744,1059.6634733096073
er,200,780,3,8.0,526,1713575913,98,4,800,279,99,True,780,1059.6634733096073
er,200,805,3,8.0,527,2884363376,102,4,800,258,88,True,805,1059.6634733096073
er,200,784,3,8.0,528,2510729481,117,5,1000,278,75,True,784,1059.6634733096073
er,200,796,3,8.0,529,1784834426,92,6,1200,252,90,True,796,1059.6634733096073
er,200,801,3,8.0,530,2623480330,101,4,800,268,90,True,801,1059.6634733096073
er,200,833,3,8.0,531,1682499813,102,4,800,283,96,True,833,1059.6634733096073
er,200,759,3,8.0,532,3443603179,81,4,800,247,86,True,759,1059.6634733096073
er,200,765,3,8.0,533,3135990455,95,5,1000,245,73,True,765,1059.6634733096073
er,200,742,3,8.0,534,4145710373,80,5,1000,227,87,True,742,1059.6634733096073
er,200,774,3,8.0,535,2595115915,99,4,800,285,89,True,774,1059.6634733096073
er,200,839,3,8.0,536,3374440066,81,5,1000,260,107,True,839,1059.6634733096073
er,200,781,3,8.0,537,2645364838,91,4,800,254,92,True,781,1059.6634733096073
er,200,785,3,8.0,538,2712555149,91,5,1000,263,91,True,785,1059.6634733096073
er,200,824,3,8.0,539,2053008472,93,7,1400,259,81,True,824,1059.6634733096073
er,200,821,3,8.0,540,3393045723,105,5,1000,272,88,True,821,1059.6634733096073
er,200,836,3,8.0,541,739320102,93,5,1000,288,107,True,836,1059.6634733096073
er,200,799,3,8.0,542,643642695,98,6,1200,272,82,True,799,1059.6634733096073
er,200,778,3,8.0,543,1251329069,67,3,600,245,88,True,778,1059.6634733096073
er,200,802,3,8.0,544,3056922259,95,4,800,272,90,True,802,1059.6634733096073
er,200,834,3,8.0,545,480038223,86,3,600,291,114,True,834,1059.6634733096073
er,200,798,3,8.0,546,2798495974,100,4,800,266,80,True,798,1059.6634733096073
er,200,827,3,8.0,547,620928785,91,4,800,265,105,True,827,1059.6634733096073
er,200,786,3,8.0,548,3902165963,93,6,1200,249,82,True,786,1059.6634733096073
er,200,784,3,8.0,549,3214927162,97,5,1000,278,76,True,784,1059.6634733096073
er,200,775,3,8.0,550,288760420,96,4,800,275,93,True,775,1059.6634733096073
er,200,823,3,8.0,551,1920326220,91,5,1000,278,106,True,823,1059.6634733096073
er,200,809,3,8.0,552,827303203,98,5,1000,274,88,True,809,1059.6634733096073
er,200,773,3,8.0,553,3849415625,94,5,1000,266,92,True,773,1059.6634733096073
er,200,832,3,8.0,554,2186768917,103,5,1000,288,92,True,832,1059.6634733096073
er,200,753,3,8.0,555,619575829,101,5,1000,261,85,True,753,1059.6634733096073
er,200,758,3,8.0,556,3423866654,88,4,800,240,79,True,758,1059.6634733096073
er,200,781,3,8.0,557,2295323124,81,3,600,225,88,True,781,1059.6634733096073
er,200,799,3,8.0,558,4017645603,101,6,1200,271,89,True,799,1059.6634733096073
er,200,821,3,8.0,559,4085625339,116,5,1000,290,95,True,821,1059.6634733096073
er,200,782,3,8.0,560,4182481211,89,4,800,264,88,True,782,1059.6634733096073
er,200,853,3,8.0,561,3370626384,97,4,800,268,98,True,853,1059.6634733096073
er,200,831,3,8.0,562,2337376258,97,3,600,279,92,True,831,1059.6634733096073
er,200,840,3,8.0,563,1397858210,97,6,1200,278,90,True,840,1059.6634733096073
er,200,785,3,8.0,564,1860075441,107,6,1200,267,82,True,785,1059.6634733096073
er,200,803,3,8.0,565,1100109090,94,4,800,276,93,True,803,1059.6634733096073
er,200,828,3,8.0,566,2588133798,101,5,1000,299,99,True,828,1059.6634733096073
er,200,812,3,8.0,567,592163480,88,4,800,250,88,True,812,1059.6634733096073
er,200,833,3,8.0,568,1573296599,97,4,800,283,97,True,833,1059.6634733096073
er,200,806,3,8.0,569,409378257,83,6,1200,266,93,True,806,1059.6634733096073
er,200,828,3,8.0,570,76767181,89,5,1000,272,103,True,828,1059.6634733096073
er,200,759,3,8.0,571,40585696,95,4,800,239,73,True,759,1059.6634733096073
er,200,804,3,8.0,572,3043126802,95,4,800,275,99,True,804,1059.6634733096073
er,200,816,3,8.0,573,2964381704,102,6,1200,269,96,True,816,1059.6634733096073
er,200,758,3,8.0,574,2907852559,91,4,800,256,76,True,758,1059.6634733096073
er,200,814,3,8.0,575,333082584,100,5,1000,257,91,True,814,1059.6634733096073
er,200,801,3,8.0,576,2156482707,91,5,1000,260,80,True,801,1059.6634733096073
er,200,792,3,8.0,577,3830099994,80,3,600,245,86,True,792,1059.6634733096073
er,200,797,3,8.0,578,2400268281,99,5,1000,274,78,True,797,1059.6634733096073
er,200,775,3,8.0,579,846426343,97,5,1000,262,74,True,775,1059.6634733096073
er,200,803,3,8.0,580,2838895952,96,5,1000,263,87,True,803,1059.6634733096073
er,200,812,3,8.0,581,3396135927,112,4,800,289,80,True,812,1059.6634733096073
er,200,796,3,8.0,582,1725714212,102,6,1200,268,94,True,796,1059.6634733096073
er,200,820,3,8.0,583,3616024775,98,4,800,264,84,True,820,1059.6634733096073
er,200,782,3,8.0,584,2862447155,94,4,800,247,82,True,782,1059.6634733096073
er,200,805,3,8.0,585,4155086839,104,5,1000,272,90,True,805,1059.6634733096073
er,200,877,3,8.0,586,3608735859,96,5,1000,300,108,True,877,1059.6634733096073
er,200,820,3,8.0,587,3075795910,113,4,800,294,96,True,820,1059.6634733096073
er,200,764,3,8.0,588,1922184632,94,4,800,289,75,True,764,1059.6634733096073
er,200,824,3,8.0,589,4208272407,91,4,800,268,93,True,824,1059.6634733096073
er,200,800,3,8.0,590,3849965554,103,4,800,263,93,True,800,1059.6634733096073
er,200,832,3,8.0,591,2796605400,87,6,1200,255,91,True,832,1059.6634733096073
er,200,795,3,8.0,592,4244964672,85,5,1000,256,90,True,795,1059.6634733096073
er,200,764,3,8.0,593,1891510923,99,5,1000,249,83,True,764,1059.6634733096073
er,200,782,3,8.0,594,2784664685,97,4,800,254,91,True,782,1059.6634733096073
er,200,790,3,8.0,595,2738194970,98,4,800,279,94,True,790,1059.6634733096073
er,200,795,3,8.0,596,3802648038,88,4,800,245,84,True,795,1059.6634733096073
er,200,785,3,8.0,597,831852064,95,4,800,264,86,True,785,1059.6634733096073
er,200,817,3,8.0,598,2618896563,101,5,1000,263,84,True,817,1059.6634733096073
er,200,817,3,8.0,599,2294230808,103,5,1000,275,89,True,817,1059.6634733096073
er,200,824,3,8.0,600,4214207217,99,6,1200,281,85,True,824,1059.6634733096073
er,200,749,3,8.0,601,1942493791,96,5,1000,254,88,True,749,1059.6634733096073
er,200,804,3,8.0,602,2825032249,91,4,800,263,98,True,804,1059.6634733096073
er,200,768,3,8.0,603,4079838400,91,4,800,274,92,True,768,1059.6634733096073
er,200,812,3,8.0,604,1610362671,107,6,1200,274,83,True,812,1059.6634733096073
er,200,820,3,8.0,605,333982320,101,6,1200,295,79,True,820,1059.6634733096073
er,200,802,3,8.0,606,3518200318,79,3,600,268,96,True,802,1059.6634733096073
er,200,846,3,8.0,607,595368266,93,4,800,284,94,True,846,1059.6634733096073
er,200,790,3,8.0,608,1189092830,95,5,1000,256,78,True,790,1059.6634733096073
er,200,817,3,8.0,609,1271498907,91,4,800,276,92,True,817,1059.6634733096073
er,200,751,3,8.0,610,4178352235,95,5,1000,243,81,True,751,1059.6634733096073
er,200,795,3,8.0,611,4170074726,102,5,1000,274,90,True,795,1059.6634733096073
er,200,822,3,8.0,612,3404212711,93,4,800,272,87,True,822,1059.6634733096073
er,200,806,3,8.0,613,2483520781,99,4,800,277,95,True,806,1059.6634733096073
er,200,805,3,8.0,614,759485862,89,4,800,273,96,True,805,1059.6634733096073
er,200,801,3,8.0,615,1326106170,101,4,800,268,80,True,801,1059.6634733096073
er,200,795,3,8.0,616,3258581439,88,5,1000,262,92,True,795,1059.6634733096073
er,200,787,3,8.0,617,2826646191,94,5,1000,247,72,True,787,1059.6634733096073
er,200,790,3,8.0,618,3345700054,103,4,800,278,80,True,790,1059.6634733096073
er,200,774,3,8.0,619,77148878,101,6,1200,266,86,True,774,1059.6634733096073
er,200,764,3,8.0,620,3578522151,116,8,1600,259,76,True,764,1059.6634733096073
er,200,765,3,8.0,621,3769326546,101,5,1000,247,75,True,765,1059.6634733096073
er,200,779,3,8.0,622,2987519035,108,5,1000,258,86,True,779,1059.6634733096073
er,200,807,3,8.0,623,996651213,83,5,1000,237,87,True,807,1059.6634733096073
er,200,795,3,8.0,624,729950108,103,6,1200,254,78,True,795,1059.6634733096073
er,200,805,3,8.0,625,678302340,86,4,800,261,95,True,805,1059.6634733096073
er,200,814,3,8.0,626,1798606655,106,7,1400,269,74,True,814,1059.6634733096073
er,200,776,3,8.0,627,3419684448,101,5,1000,263,80,True,776,1059.6634733096073
er,200,827,3,8.0,628,3338843920,111,6,1200,288,91,True,827,1059.6634733096073
er,200,819,3,8.0,629,4081044249,94,5,1000,276,100,True,819,1059.6634733096073
er,200,774,3,8.0,630,3742167371,98,4,800,258,81,True,774,1059.6634733096073
er,200,801,3,8.0,631,1801547037,92,4,800,264,92,True,801,1059.6634733096073
er,200,807,3,8.0,632,3618177230,94,5,1000,267,92,True,807,1059.6634733096073
er,200,771,3,8.0,633,2924815695,99,4,800,254,85,True,771,1059.6634733096073
er,200,779,3,8.0,634,1299651255,101,4,800,288,82,True,779,1059.6634733096073
er,200,804,3,8.0,635,4117952310,107,4,800,285,88,True,804,1059.6634733096073
er,200,847,3,8.0,636,1080800206,84,4,800,266,100,True,847,1059.6634733096073
er,200,817,3,8.0,637,3629359797,102,4,800,278,94,True,817,1059.6634733096073
er,200,810,3,8.0,638,369355870,85,4,800,263,106,True,810,1059.6634733096073
er,200,790,3,8.0,639,3149390636,84,4,800,249,95,True,790,1059.6634733096073
er,200,761,3,8.0,640,85416183,112,6,1200,275,77,True,761,1059.6634733096073
er,200,833,3,8.0,641,1519131865,99,5,1000,272,92,True,833,1059.6634733096073
er,200,743,3,8.0,642,1245885291,90,5,1000,252,85,True,743,1059.6634733096073
er,200,822,3,8.0,643,2279272743,88,5,1000,289,108,True,822,1059.6634733096073
er,200,807,3,8.0,644,2307028369,91,6,1200,262,89,True,807,1059.6634733096073
er,200,811,3,8.0,645,2687238295,97,5,1000,260,89,True,811,1059.6634733096073
er,200,827,3,8.0,646,188971083,101,4,800,260,94,True,827,1059.6634733096073
er,200,813,3,8.0,647,2381058630,80,7,1400,237,96,True,813,1059.6634733096073
er,200,774,3,8.0,648,1287689060,83,6,1200,239,90,True,774,1059.6634733096073
er,200,770,3,8.0,649,163003517,82,3,600,228,90,True,770,1059.6634733096073
er,200,823,3,8.0,650,4135775537,107,4,800,293,89,True,823,1059.6634733096073
er,200,772,3,8.0,651,2667090074,98,6,1200,263,80,True,772,1059.6634733096073
er,200,807,3,8.0,652,3005752344,82,5,1000,256,101,True,807,1059.6634733096073
er,200,811,3,8.0,653,2349128808,94,5,1000,287,93,True,811,1059.6634733096073
er,200,772,3,8.0,654,677108786,95,4,800,244,85,True,772,1059.6634733096073
er,200,815,3,8.0,655,1557160244,102,5,1000,280,101,True,815,1059.6634733096073
er,200,821,3,8.0,656,167448222,102,5,1000,275,91,True,821,1059.6634733096073
er,200,782,3,8.0,657,1863625376,94,5,1000,251,88,True,782,1059.6634733096073
er,200,824,3,8.0,658,264677593,92,4,800,282,96,True,824,1059.6634733096073
er,200,819,3,8.0,659,3068917000,98,3,600,271,82,True,819,1059.6634733096073
er,200,812,3,8.0,660,669936587,91,3,600,265,99,True,812,1059.6634733096073
er,200,825,3,8.0,661,4164913493,108,4,800,298,85,True,825,1059.6634733096073
er,200,809,3,8.0,662,2541814068,104,4,800,267,91,True,809,1059.6634733096073
er,200,824,3,8.0,663,80009903,91,3,600,276,106,True,824,1059.6634733096073
er,200,826,3,8.0,664,2898736935,97,7,1400,263,83,True,826,1059.6634733096073
er,200,768,3,8.0,665,3465719564,103,5,1000,262,79,True,768,1059.6634733096073
er,200,773,3,8.0,666,1008508267,81,4,800,252,92,True,773,1059.6634733096073
er,200,763,3,8.0,667,588800151,94,5,1000,256,85,True,763,1059.6634733096073
er,200,810,3,8.0,668,2981899333,99,4,800,268,87,True,810,1059.6634733096073
er,200,809,3,8.0,669,1223593745,93,6,1200,249,94,True,809,1059.6634733096073
er,200,800,3,8.0,670,1025735006,101,5,1000,267,87,True,800,1059.6634733096073
er,200,792,3,8.0,671,1439991972,111,4,800,267,71,True,792,1059.6634733096073
er,200,792,3,8.0,672,2458870120,100,4,800,279,91,True,792,1059.6634733096073
er,200,786,3,8.0,673,1386620520,92,5,1000,266,87,True,786,1059.6634733096073
er,200,823,3,8.0,674,2420974951,80,4,800,255,102,True,823,1059.6634733096073
er,200,743,3,8.0,675,908684660,96,5,1000,245,91,True,743,1059.6634733096073
er,200,846,3,8.0,676,1751018137,88,5,1000,265,99,True,846,1059.6634733096073
er,200,830,3,8.0,677,3405065696,76,5,1000,246,107,True,830,1059.6634733096073
er,200,730,3,8.0,678,3383333039,82,4,800,231,84,True,730,1059.6634733096073
er,200,781,3,8.0,679,3310105531,97,4,800,255,86,True,781,1059.6634733096073
er,200,775,3,8.0,680,3888989069,103,4,800,270,74,True,775,1059.6634733096073
er,200,752,3,8.0,681,2872560619,88,4,800,250,85,True,752,1059.6634733096073
er,200,828,3,8.0,682,1857483519,96,5,1000,281,102,True,828,1059.6634733096073
er,200,869,3,8.0,683,1707581541,96,5,1000,282,107,True,869,1059.6634733096073
er,200,802,3,8.0,684,2119829608,100,4,800,269,97,True,802,1059.6634733096073
er,200,783,3,8.0,685,1745672260,96,5,1000,257,95,True,783,1059.6634733096073
er,200,806,3,8.0,686,793296201,95,4,800,271,91,True,806,1059.6634733096073
er,200,728,3,8.0,687,2176596547,100,4,800,263,69,True,728,1059.6634733096073
er,200,770,3,8.0,688,263138579,97,5,1000,260,88,True,770,1059.6634733096073
er,200,847,3,8.0,689,730164483,100,3,600,273,98,True,847,1059.6634733096073
er,200,792,3,8.0,690,3856609219,87,3,600,245,92,True,792,1059.6634733096073
er,200,774,3,8.0,691,1427165707,102,4,800,274,88,True,774,1059.6634733096073
er,200,792,3,8.0,692,584077992,81,3,600,251,90,True,792,1059.6634733096073
er,200,785,3,8.0,693,2116502385,100,4,800,264,89,True,785,1059.6634733096073
er,200,776,3,8.0,694,2764720872,86,4,800,233,87,True,776,1059.6634733096073
er,200,770,3,8.0,695,2281321525,96,4,800,278,86,True,770,1059.6634733096073
er,200,829,3,8.0,696,532269754,100,5,1000,284,91,True,829,1059.6634733096073
er,200,786,3,8.0,697,2221228378,72,4,800,239,94,True,786,1059.6634733096073
er,200,795,3,8.0,698,664204316,83,4,800,255,100,True,795,1059.6634733096073
er,200,808,3,8.0,699,2693519679,93,5,1000,270,92,True,808,1059.6634733096073
er,200,788,3,8.0,700,845019301,103,7,1400,268,82,True,788,1059.6634733096073
er,200,783,3,8.0,701,4247412114,106,5,1000,280,86,True,783,1059.6634733096073
er,200,826,3,8.0,702,3322585782,103,5,1000,290,98,True,826,1059.6634733096073
er,200,765,3,8.0,703,3449787681,89,4,800,247,85,True,765,1059.6634733096073
er,200,739,3,8.0,704,1730557965,92,4,800,233,77,True,739,1059.6634733096073
er,200,814,3,8.0,705,631297543,104,4,800,292,102,True,814,1059.6634733096073
er,200,811,3,8.0,706,3963846129,92,4,800,279,91,True,811,1059.6634733096073
er,200,801,3,8.0,707,2927707183,91,4,800,243,84,True,801,1059.6634733096073
er,200,785,3,8.0,708,2890894454,88,4,800,252,85,True,785,1059.6634733096073
er,200,780,3,8.0,709,185320926,87,4,800,256,86,True,780,1059.6634733096073
er,200,825,3,8.0,710,3121831803,94,5,1000,264,95,True,825,1059.6634733096073
er,200,792,3,8.0,711,818893264,106,5,1000,295,90,True,792,1059.6634733096073
er,200,779,3,8.0,712,94844502,90,3,600,264,99,True,779,1059.6634733096073
er,200,811,3,8.0,713,531712098,90,5,1000,246,88,True,811,1059.6634733096073
er,200,779,3,8.0,714,3642796995,94,4,800,257,88,True,779,1059.6634733096073
er,200,790,3,8.0,715,2944311657,85,6,1200,250,95,True,790,1059.6634733096073
er,200,787,3,8.0,716,1172475130,91,4,800,255,90,True,787,1059.6634733096073
er,200,786,3,8.0,717,2131994532,102,4,800,254,85,True,786,1059.6634733096073
er,200,787,3,8.0,718,521114718,85,5,1000,235,80,True,787,1059.6634733096073
er,200,822,3,8.0,719,3314375646,99,5,1000,274,94,True,822,1059.6634733096073
er,200,758,3,8.0,720,2493298041,96,6,1200,256,83,True,758,1059.6634733096073
er,200,785,3,8.0,721,529933978,99,5,1000,264,89,True,785,1059.6634733096073
er,200,781,3,8.0,722,2724484614,95,4,800,273,90,True,781,1059.6634733096073
er,200,757,3,8.0,723,1020430800,89,5,1000,253,86,True,757,1059.6634733096073
er,200,751,3,8.0,724,289617657,86,3,600,224,82,True,751,1059.6634733096073
er,200,807,3,8.0,725,626099185,102,5,1000,262,96,True,807,1059.6634733096073
er,200,801,3,8.0,726,1772345518,108,5,1000,287,92,True,801,1059.6634733096073
er,200,835,3,8.0,727,4288324807,95,5,1000,253,93,True,835,1059.6634733096073
er,200,781,3,8.0,728,2366891970,89,6,1200,236,89,True,781,1059.6634733096073
er,200,820,3,8.0,729,1790947275,88,4,800,262,103,True,820,1059.6634733096073
er,200,780,3,8.0,730,179360601,99,4,800,272,90,True,780,1059.6634733096073
er,200,780,3,8.0,731,3040263916,98,6,1200,261,84,True,780,1059.6634733096073
er,200,789,3,8.0,732,2878331584,88,4,800,224,85,True,789,1059.6634733096073
er,200,834,3,8.0,733,425386003,95,6,1200,282,88,True,834,1059.6634733096073
er,200,768,3,8.0,734,3383781085,103,5,1000,264,76,True,768,1059.6634733096073
er,200,764,3,8.0,735,2075770515,108,6,1200,261,77,True,764,1059.6634733096073
er,200,799,3,8.0,736,2404180608,91,3,600,248,89,True,799,1059.6634733096073
er,200,801,3,8.0,737,2407982181,108,5,1000,288,88,True,801,1059.6634733096073
er,200,832,3,8.0,738,3403135663,102,5,1000,287,92,True,832,1059.6634733096073
er,200,830,3,8.0,739,3972500668,98,4,800,287,96,True,830,1059.6634733096073
er,200,783,3,8.0,740,3289414033,100,5,1000,269,97,True,783,1059.6634733096073
er,200,754,3,8.0,741,1055752024,99,4,800,246,77,True,754,1059.6634733096073
er,200,821,3,8.0,742,3661698007,98,6,1200,255,91,True,821,1059.6634733096073
er,200,768,3,8.0,743,2990894909,90,4,800,244,85,True,768,1059.6634733096073
er,200,793,3,8.0,744,3555989462,93,5,1000,260,84,True,793,1059.6634733096073
er,200,788,3,8.0,745,337969575,99,5,1000,254,77,True,788,1059.6634733096073
er,200,805,3,8.0,746,2919113469,101,5,1000,267,94,True,805,1059.6634733096073
er,200,778,3,8.0,747,3601415099,93,4,800,269,91,True,778,1059.6634733096073
er,200,781,3,8.0,748,3541897151,109,5,1000,270,84,True,781,1059.6634733096073
er,200,806,3,8.0,749,2590626329,102,5,1000,272,89,True,806,1059.6634733096073
er,200,749,3,8.0,750,1594826787,99,5,1000,256,80,True,749,1059.6634733096073
er,200,821,3,8.0,751,237600988,91,4,800,267,97,True,821,1059.6634733096073
er,200,809,3,8.0,752,4113963950,111,5,1000,287,90,True,809,1059.6634733096073
er,200,804,3,8.0,753,2861623117,93,4,800,262,83,True,804,1059.6634733096073
er,200,810,3,8.0,754,3922519907,103,5,1000,283,95,True,810,1059.6634733096073
er,200,838,3,8.0,755,3686612581,91,4,800,266,112,True,838,1059.6634733096073
er,200,752,3,8.0,756,2722084023,96,5,1000,243,80,True,752,1059.6634733096073
er,200,735,3,8.0,757,215552913,83,4,800,235,81,True,735,1059.6634733096073
er,200,814,3,8.0,758,977634971,80,4,800,266,106,True,814,1059.6634733096073
er,200,762,3,8.0,759,830427644,99,5,1000,258,82,True,762,1059.6634733096073
er,200,843,3,8.0,760,180917449,95,5,1000,277,108,True,843,1059.6634733096073
er,200,835,3,8.0,761,365754998,95,5,1000,269,98,True,835,1059.6634733096073
er,200,761,3,8.0,762,3130559940,102,5,1000,258,77,True,761,1059.6634733096073
er,200,786,3,8.0,763,3747685578,95,4,800,267,91,True,786,1059.6634733096073
er,200,769,3,8.0,764,3344016897,101,6,1200,244,76,True,769,1059.6634733096073
er,200,818,3,8.0,765,3481801298,99,6,1200,255,94,True,818,1059.6634733096073
er,200,791,3,8.0,766,383740979,94,4,800,274,94,True,791,1059.6634733096073
er,200,793,3,8.0,767,3341696619,93,4,800,259,84,True,793,1059.6634733096073
er,200,867,3,8.0,768,363825725,85,4,800,292,106,True,867,1059.6634733096073
er,200,753,3,8.0,769,2993019963,97,5,1000,250,85,True,753,1059.6634733096073
er,200,819,3,8.0,770,3715937983,80,4,800,265,100,True,819,1059.6634733096073
er,200,787,3,8.0,771,3717534008,88,3,600,269,102,True,787,1059.6634733096073
er,200,754,3,8.0,772,3874093034,90,4,800,237,80,True,754,1059.6634733096073
er,200,809,3,8.0,773,378096418,86,6,1200,249,85,True,809,1059.6634733096073
er,200,825,3,8.0,774,408405470,97,4,800,279,93,True,825,1059.6634733096073
er,200,793,3,8.0,775,1397125460,83,6,1200,247,81,True,793,1059.6634733096073
er,200,792,3,8.0,776,3637767341,98,6,1200,259,79,True,792,1059.6634733096073
er,200,841,3,8.0,777,1007243152,100,4,800,275,90,True,841,1059.6634733096073
er,200,758,3,8.0,778,2773290061,92,5,1000,245,91,True,758,1059.6634733096073
er,200,803,3,8.0,779,3183573115,93,4,800,264,95,True,803,1059.6634733096073
er,200,841,3,8.0,780,3304591899,90,4,800,251,99,True,841,1059.6634733096073
er,200,791,3,8.0,781,1796605666,96,4,800,264,93,True,791,1059.6634733096073
er,200,812,3,8.0,782,1608174448,96,3,600,269,93,True,812,1059.6634733096073
er,200,807,3,8.0,783,453783358,97,5,1000,276,88,True,807,1059.6634733096073
er,200,820,3,8.0,784,74441015,88,5,1000,246,95,True,820,1059.6634733096073
er,200,770,3,8.0,785,2555289287,101,4,800,268,86,True,770,1059.6634733096073
er,200,839,3,8.0,786,837184988,111,6,1200,311,91,True,839,1059.6634733096073
er,200,790,3,8.0,787,4268560402,135,6,1200,297,74,True,790,1059.6634733096073
er,200,806,3,8.0,788,810879581,94,4,800,291,89,True,806,1059.6634733096073
er,200,795,3,8.0,789,2085891711,99,5,1000,252,91,True,795,1059.6634733096073
er,200,843,3,8.0,790,317662108,110,5,1000,296,93,True,843,1059.6634733096073
er,200,782,3,8.0,791,2597797694,95,5,1000,255,79,True,782,1059.6634733096073
er,200,805,3,8.0,792,174599025,76,4,800,249,95,True,805,1059.6634733096073
er,200,819,3,8.0,793,543731635,98,5,1000,267,87,True,819,1059.6634733096073
er,200,828,3,8.0,794,78067419,105,4,800,277,82,True,828,1059.6634733096073
er,200,819,3,8.0,795,3020711722,94,5,1000,274,91,True,819,1059.6634733096073
er,200,849,3,8.0,796,1732227631,104,4,800,294,97,True,849,1059.6634733096073
er,200,794,3,8.0,797,1998276309,94,6,1200,253,92,True,794,1059.6634733096073
er,200,835,3,8.0,798,3370510279,101,4,800,281,95,True,835,1059.6634733096073
er,200,786,3,8.0,799,2827008133,89,4,800,251,94,True,786,1059.6634733096073
er,200,792,3,8.0,800,3819369840,95,4,800,279,79,True,792,1059.6634733096073
er,200,773,3,8.0,801,3569465986,100,6,1200,259,84,True,773,1059.6634733096073
er,200,868,3,8.0,802,2358237244,99,5,1000,290,110,True,868,1059.6634733096073
er,200,825,3,8.0,803,4148345490,93,4,800,281,99,True,825,1059.6634733096073
er,200,783,3,8.0,804,1166011794,100,4,800,269,91,True,783,1059.6634733096073
er,200,783,3,8.0,805,2554122880,103,5,1000,261,82,True,783,1059.6634733096073
er,200,794,3,8.0,806,3301115464,98,4,800,275,98,True,794,1059.6634733096073
er,200,796,3,8.0,807,3278996687,85,4,800,248,99,True,796,1059.6634733096073
er,200,790,3,8.0,808,436367935,110,4,800,297,84,True,790,1059.6634733096073
er,200,839,3,8.0,809,1763858850,105,7,1400,283,90,True,839,1059.6634733096073
er,200,796,3,8.0,810,3462844763,86,4,800,261,108,True,796,1059.6634733096073
er,200,874,3,8.0,811,3317289716,111,4,800,325,106,True,874,1059.6634733096073
er,200,826,3,8.0,812,2860003338,93,6,1200,244,84,True,826,1059.6634733096073
er,200,799,3,8.0,813,697013733,96,5,1000,268,101,True,799,1059.6634733096073
er,200,793,3,8.0,814,2949405916,89,4,800,255,93,True,793,1059.6634733096073
er,200,800,3,8.0,815,938975019,95,4,800,265,96,True,800,1059.6634733096073
er,200,809,3,8.0,816,65460288,99,5,1000,280,84,True,809,1059.6634733096073
er,200,809,3,8.0,817,2267124664,102,5,1000,288,91,True,809,1059.6634733096073
er,200,817,3,8.0,818,2782543241,94,5,1000,264,101,True,817,1059.6634733096073
er,200,794,3,8.0,819,1817403703,92,5,1000,249,87,True,794,1059.6634733096073
er,200,812,3,8.0,820,2703460384,103,6,1200,257,82,True,812,1059.6634733096073
er,200,818,3,8.0,821,2683333603,104,4,800,284,91,True,818,1059.6634733096073
er,200,812,3,8.0,822,3621914724,104,4,800,262,84,True,812,1059.6634733096073
er,200,868,3,8.0,823,1268712140,103,5,1000,280,97,True,868,1059.6634733096073
er,200,761,3,8.0,824,3815392428,98,4,800,261,88,True,761,1059.6634733096073
er,200,777,3,8.0,825,4050716206,104,6,1200,271,89,True,777,1059.6634733096073
er,200,798,3,8.0,826,2965923142,121,5,1000,290,75,True,798,1059.6634733096073
er,200,775,3,8.0,827,2595581537,102,4,800,270,88,True,775,1059.6634733096073
er,200,791,3,8.0,828,1928142861,102,4,800,264,77,True,791,1059.6634733096073
er,200,797,3,8.0,829,2764328498,89,4,800,254,89,True,797,1059.6634733096073
er,200,777,3,8.0,830,1709281726,80,3,600,242,88,True,777,1059.6634733096073
er,200,812,3,8.0,831,87733398,102,4,800,266,91,True,812,1059.6634733096073
er,200,847,3,8.0,832,617289940,95,4,800,275,103,True,847,1059.6634733096073
er,200,770,3,8.0,833,2592778956,96,4,800,261,76,True,770,1059.6634733096073
er,200,816,3,8.0,834,3790638262,92,5,1000,267,97,True,816,1059.6634733096073
er,200,815,3,8.0,835,2569121201,107,4,800,295,95,True,815,1059.6634733096073
er,200,747,3,8.0,836,1746096998,85,4,800,246,92,True,747,1059.6634733096073
er,200,856,3,8.0,837,2159723379,96,4,800,297,94,True,856,1059.6634733096073
er,200,786,3,8.0,838,3709118177,103,5,1000,276,85,True,786,1059.6634733096073
er,200,855,3,8.0,839,1138606967,96,6,1200,273,104,True,855,1059.6634733096073
er,200,766,3,8.0,840,2745374010,97,4,800,267,77,True,766,1059.6634733096073
er,200,787,3,8.0,841,2366726119,77,4,800,242,90,True,787,1059.6634733096073
er,200,754,3,8.0,842,3262338339,99,8,1600,245,74,True,754,1059.6634733096073
er,200,806,3,8.0,843,1863256090,91,5,1000,272,98,True,806,1059.6634733096073
er,200,793,3,8.0,844,2953560984,107,4,800,290,91,True,793,1059.6634733096073
er,200,770,3,8.0,845,4219967269,104,5,1000,254,86,True,770,1059.6634733096073
er,200,774,3,8.0,846,352726207,107,5,1000,255,82,True,774,1059.6634733096073
er,200,808,3,8.0,847,1522121316,88,5,1000,250,95,True,808,1059.6634733096073
er,200,795,3,8.0,848,607032945,97,4,800,259,90,True,795,1059.6634733096073
er,200,794,3,8.0,849,4200762984,101,4,800,281,87,True,794,1059.6634733096073
er,200,835,3,8.0,850,1611419094,92,4,800,274,101,True,835,1059.6634733096073
er,200,746,3,8.0,851,2529842462,105,4,800,255,77,True,746,1059.6634733096073
er,200,823,3,8.0,852,3558638390,112,5,1000,275,88,True,823,1059.6634733096073
er,200,805,3,8.0,853,486938815,96,5,1000,280,97,True,805,1059.6634733096073
er,200,767,3,8.0,854,2124061263,98,4,800,252,86,True,767,1059.6634733096073
er,200,774,3,8.0,855,3651868784,112,7,1400,278,78,True,774,1059.6634733096073
er,200,803,3,8.0,856,1133352361,98,5,1000,265,84,True,803,1059.6634733096073
er,200,792,3,8.0,857,461676477,103,5,1000,251,76,True,792,1059.6634733096073
er,200,802,3,8.0,858,573627707,91,4,800,267,95,True,802,1059.6634733096073
er,200,826,3,8.0,859,2414967936,94,4,800,258,101,True,826,1059.6634733096073
er,200,817,3,8.0,860,3871314906,112,5,1000,289,87,True,817,1059.6634733096073
er,200,808,3,8.0,861,1239706019,87,4,800,252,105,True,808,1059.6634733096073
er,200,861,3,8.0,862,2666904861,92,3,600,300,110,True,861,1059.6634733096073
er,200,804,3,8.0,863,165821296,103,6,1200,267,76,True,804,1059.6634733096073
er,200,809,3,8.0,864,279049049,94,5,1000,267,84,True,809,1059.6634733096073
er,200,782,3,8.0,865,1613185691,80,5,1000,241,92,True,782,1059.6634733096073
er,200,768,3,8.0,866,742510059,99,4,800,234,78,True,768,1059.6634733096073
er,200,811,3,8.0,867,618651427,103,4,800,274,89,True,811,1059.6634733096073
er,200,804,3,8.0,868,735950009,98,5,1000,264,96,True,804,1059.6634733096073
er,200,811,3,8.0,869,2359870837,102,5,1000,282,89,True,811,1059.6634733096073
er,200,765,3,8.0,870,265018955,99,5,1000,264,87,True,765,1059.6634733096073
er,200,782,3,8.0,871,3239629954,91,3,600,263,83,True,782,1059.6634733096073
er,200,811,3,8.0,872,2676202140,124,5,1000,305,80,True,811,1059.6634733096073
er,200,840,3,8.0,873,2121657727,97,4,800,292,102,True,840,1059.6634733096073
er,200,760,3,8.0,874,2308054595,89,4,800,278,91,True,760,1059.6634733096073
er,200,819,3,8.0,875,3028056287,112,5,1000,283,86,True,819,1059.6634733096073
er,200,795,3,8.0,876,1165726325,86,4,800,245,92,True,795,1059.6634733096073
er,200,762,3,8.0,877,3872268249,96,5,1000,253,72,True,762,1059.6634733096073
er,200,838,3,8.0,878,2375470093,96,4,800,265,109,True,838,1059.6634733096073
er,200,787,3,8.0,879,1748910981,108,4,800,278,84,True,787,1059.6634733096073
er,200,795,3,8.0,880,1120778606,91,5,1000,264,94,True,795,1059.6634733096073
er,200,838,3,8.0,881,2980013566,109,6,1200,279,91,True,838,1059.6634733096073
er,200,810,3,8.0,882,3222246275,102,4,800,269,91,True,810,1059.6634733096073
er,200,756,3,8.0,883,962365659,114,6,1200,260,62,True,756,1059.6634733096073
er,200,821,3,8.0,884,2563609587,105,6,1200,288,91,True,821,1059.6634733096073
er,200,775,3,8.0,885,1849255478,87,3,600,249,85,True,775,1059.6634733096073
er,200,822,3,8.0,886,3155955660,95,5,1000,266,90,True,822,1059.6634733096073
er,200,818,3,8.0,887,727605193,89,5,1000,272,96,True,818,1059.6634733096073
er,200,821,3,8.0,888,2179577271,105,5,1000,280,84,True,821,1059.6634733096073
er,200,792,3,8.0,889,2189985982,92,4,800,277,90,True,792,1059.6634733096073
er,200,835,3,8.0,890,527620732,88,4,800,266,102,True,835,1059.6634733096073
er,200,779,3,8.0,891,3421857414,100,5,1000,255,73,True,779,1059.6634733096073
er,200,822,3,8.0,892,568288173,95,6,1200,271,86,True,822,1059.6634733096073
er,200,738,3,8.0,893,42720303,96,6,1200,237,72,True,738,1059.6634733096073
er,200,771,3,8.0,894,2164706858,98,4,800,250,77,True,771,1059.6634733096073
er,200,786,3,8.0,895,2060509506,80,5,1000,252,94,True,786,1059.6634733096073
er,200,808,3,8.0,896,3914161877,95,3,600,266,88,True,808,1059.6634733096073
er,200,833,3,8.0,897,826455138,102,5,1000,277,96,True,833,1059.6634733096073
er,200,764,3,8.0,898,816114208,99,4,800,268,83,True,764,1059.6634733096073
er,200,796,3,8.0,899,2694949208,101,4,800,283,82,True,796,1059.6634733096073
er,200,820,3,8.0,900,3706248076,84,4,800,270,90,True,820,1059.6634733096073
er,200,825,3,8.0,901,2792867606,98,4,800,280,97,True,825,1059.6634733096073
er,200,784,3,8.0,902,3586714728,99,4,800,273,85,True,784,1059.6634733096073
er,200,781,3,8.0,903,807554840,97,5,1000,255,90,True,781,1059.6634733096073
er,200,818,3,8.0,904,1171988281,102,5,1000,249,91,True,818,1059.6634733096073
er,200,822,3,8.0,905,591487120,101,6,1200,258,93,True,822,1059.6634733096073
er,200,844,3,8.0,906,1952026575,99,6,1200,292,100,True,844,1059.6634733096073
er,200,794,3,8.0,907,1468754966,94,5,1000,249,77,True,794,1059.6634733096073
er,200,829,3,8.0,908,1252626145,98,5,1000,274,97,True,829,1059.6634733096073
er,200,828,3,8.0,909,2614086196,89,4,800,279,98,True,828,1059.6634733096073
er,200,843,3,8.0,910,1176150098,95,4,800,295,105,True,843,1059.6634733096073
er,200,812,3,8.0,911,502699564,107,4,800,278,92,True,812,1059.6634733096073
er,200,845,3,8.0,912,1585739857,94,5,1000,290,107,True,845,1059.6634733096073
er,200,839,3,8.0,913,2840116220,106,6,1200,291,104,True,839,1059.6634733096073
er,200,770,3,8.0,914,438876485,86,4,800,244,88,True,770,1059.6634733096073
er,200,802,3,8.0,915,2158682110,107,5,1000,274,91,True,802,1059.6634733096073
er,200,788,3,8.0,916,4009524416,96,4,800,253,79,True,788,1059.6634733096073
er,200,786,3,8.0,917,88363791,108,6,1200,272,81,True,786,1059.6634733096073
er,200,848,3,8.0,918,3347350233,88,5,1000,280,100,True,848,1059.6634733096073
er,200,803,3,8.0,919,3469158053,110,6,1200,286,88,True,803,1059.6634733096073
er,200,782,3,8.0,920,1564526788,95,4,800,266,88,True,782,1059.6634733096073
er,200,850,3,8.0,921,2929469340,111,5,1000,311,83,True,850,1059.6634733096073
er,200,766,3,8.0,922,999652569,89,4,800,266,82,True,766,1059.6634733096073
er,200,816,3,8.0,923,117995188,103,6,1200,277,89,True,816,1059.6634733096073
er,200,814,3,8.0,924,3227732995,91,4,800,269,96,True,814,1059.6634733096073
er,200,813,3,8.0,925,1694276627,115,5,1000,291,90,True,813,1059.6634733096073
er,200,802,3,8.0,926,441716932,102,6,1200,270,83,True,802,1059.6634733096073
er,200,803,3,8.0,927,2693138430,92,3,600,278,103,True,803,1059.6634733096073
er,200,805,3,8.0,928,3062526450,102,6,1200,283,90,True,805,1059.6634733096073
er,200,854,3,8.0,929,3286574561,105,5,1000,296,103,True,854,1059.6634733096073
er,200,830,3,8.0,930,400985637,108,8,1600,274,87,True,830,1059.6634733096073
er,200,774,3,8.0,931,3646572502,110,7,1400,281,74,True,774,1059.6634733096073
er,200,805,3,8.0,932,3065103647,100,4,800,272,88,True,805,1059.6634733096073
er,200,815,3,8.0,933,3101820630,101,5,1000,267,85,True,815,1059.6634733096073
er,200,778,3,8.0,934,1044288352,91,4,800,249,76,True,778,1059.6634733096073
er,200,713,3,8.0,935,3574500089,90,5,1000,245,77,True,713,1059.6634733096073
er,200,843,3,8.0,936,295748690,96,5,1000,279,105,True,843,1059.6634733096073
er,200,835,3,8.0,937,1371823409,96,5,1000,278,98,True,835,1059.6634733096073
er,200,817,3,8.0,938,3763845113,101,3,600,291,93,True,817,1059.6634733096073
er,200,789,3,8.0,939,1124338146,119,5,1000,287,83,True,789,1059.6634733096073
er,200,774,3,8.0,940,2819958464,91,4,800,251,78,True,774,1059.6634733096073
er,200,830,3,8.0,941,976149597,98,5,1000,296,90,True,830,1059.6634733096073
er,200,815,3,8.0,942,1492685105,98,3,600,283,95,True,815,1059.6634733096073
er,200,802,3,8.0,943,1046161077,97,4,800,263,85,True,802,1059.6634733096073
er,200,825,3,8.0,944,2520070804,90,5,1000,257,92,True,825,1059.6634733096073
er,200,794,3,8.0,945,1008087952,117,5,1000,295,76,True,794,1059.6634733096073
er,200,780,3,8.0,946,1939000956,103,5,1000,259,85,True,780,1059.6634733096073
er,200,801,3,8.0,947,3701120334,101,5,1000,276,92,True,801,1059.6634733096073
er,200,805,3,8.0,948,2433207969,100,4,800,265,83,True,805,1059.6634733096073
er,200,802,3,8.0,949,2718678756,105,3,600,271,84,True,802,1059.6634733096073
er,200,846,3,8.0,950,261770404,109,5,1000,309,93,True,846,1059.6634733096073
er,200,778,3,8.0,951,1908347068,102,5,1000,258,74,True,778,1059.6634733096073
er,200,869,3,8.0,952,990820771,84,4,800,272,113,True,869,1059.6634733096073
er,200,789,3,8.0,953,1360674941,98,4,800,257,82,True,789,1059.6634733096073
er,200,852,3,8.0,954,3564848289,91,4,800,286,111,True,852,1059.6634733096073
er,200,774,3,8.0,955,1331145142,110,4,800,292,81,True,774,1059.6634733096073
er,200,795,3,8.0,956,3794665140,98,5,1000,266,79,True,795,1059.6634733096073
er,200,839,3,8.0,957,3056927059,106,6,1200,285,88,True,839,1059.6634733096073
er,200,795,3,8.0,958,2955367958,90,5,1000,248,82,True,795,1059.6634733096073
er,200,783,3,8.0,959,4018789128,103,8,1600,250,84,True,783,1059.6634733096073
er,200,824,3,8.0,960,316732333,86,4,800,262,94,True,824,1059.6634733096073
er,200,807,3,8.0,961,3086632666,95,5,1000,260,96,True,807,1059.6634733096073
er,200,781,3,8.0,962,1202565803,88,4,800,256,89,True,781,1059.6634733096073
er,200,832,3,8.0,963,2088648381,93,4,800,281,108,True,832,1059.6634733096073
er,200,817,3,8.0,964,3728345176,105,5,1000,285,86,True,817,1059.6634733096073
er,200,837,3,8.0,965,3103302150,95,5,1000,290,99,True,837,1059.6634733096073
er,200,811,3,8.0,966,2342889659,114,7,1400,291,90,True,811,1059.6634733096073
er,200,789,3,8.0,967,360788122,98,4,800,263,85,True,789,1059.6634733096073
er,200,820,3,8.0,968,3218243464,93,5,1000,254,92,True,820,1059.6634733096073
er,200,836,3,8.0,969,4037188530,102,5,1000,283,92,True,836,1059.6634733096073
er,200,795,3,8.0,970,2649048717,93,4,800,248,84,True,795,1059.6634733096073
er,200,780,3,8.0,971,1220572324,102,6,1200,258,84,True,780,1059.6634733096073
er,200,769,3,8.0,972,1855406921,94,4,800,240,80,True,769,1059.6634733096073
er,200,783,3,8.0,973,678582024,83,5,1000,252,98,True,783,1059.6634733096073
er,200,807,3,8.0,974,2604843453,105,5,1000,299,87,True,807,1059.6634733096073
er,200,761,3,8.0,975,2068988010,99,4,800,262,86,True,761,1059.6634733096073
er,200,803,3,8.0,976,1184703544,88,5,1000,246,95,True,803,1059.6634733096073
er,200,848,3,8.0,977,372548922,94,4,800,279,98,True,848,1059.6634733096073
er,200,802,3,8.0,978,3055065019,103,6,1200,264,86,True,802,1059.6634733096073
er,200,811,3,8.0,979,2902618992,85,4,800,260,91,True,811,1059.6634733096073
er,200,762,3,8.0,980,714201323,91,5,1000,244,82,True,762,1059.6634733096073
er,200,809,3,8.0,981,1505334912,107,6,1200,295,84,True,809,1059.6634733096073
er,200,817,3,8.0,982,3305721259,105,5,1000,273,85,True,817,1059.6634733096073
er,200,819,3,8.0,983,437037933,103,5,1000,281,94,True,819,1059.6634733096073
er,200,767,3,8.0,984,3258158290,100,6,1200,252,78,True,767,1059.6634733096073
er,200,811,3,8.0,985,3782479203,101,4,800,268,86,True,811,1059.6634733096073
er,200,773,3,8.0,986,3823799301,94,4,800,256,82,True,773,1059.6634733096073
er,200,813,3,8.0,987,1844553307,91,5,1000,268,87,True,813,1059.6634733096073
er,200,845,3,8.0,988,2003931469,101,4,800,279,98,True,845,1059.6634733096073
er,200,780,3,8.0,989,976669115,79,5,1000,258,91,True,780,1059.6634733096073
er,200,790,3,8.0,990,2994905421,95,5,1000,265,87,True,790,1059.6634733096073
er,200,795,3,8.0,991,4243364569,93,5,1000,261,102,True,795,1059.6634733096073
er,200,769,3,8.0,992,739206634,98,5,1000,256,88,True,769,1059.6634733096073
er,200,800,3,8.0,993,3019421207,91,5,1000,259,93,True,800,1059.6634733096073
er,200,811,3,8.0,994,4065626969,102,5,1000,277,91,True,811,1059.6634733096073
er,200,799,3,8.0,995,1964177943,88,4,800,248,96,True,799,1059.6634733096073
er,200,770,3,8.0,996,160482909,96,4,800,258,95,True,770,1059.6634733096073
er,200,790,3,8.0,997,814264573,94,5,1000,272,89,True,790,1059.6634733096073
er,200,770,3,8.0,998,330562888,89,5,1000,230,80,True,770,1059.6634733096073
er,200,807,3,8.0,999,3989131618,95,5,1000,244,94,True,807,1059.6634733096073
er,400,1562,3,8.0,0,308513922,192,6,2400,555,179,True,1562,2396.5858188431926
er,400,1574,3,8.0,1,2475011842,190,6,2400,535,191,True,1574,2396.5858188431926
er,400,1661,3,8.0,2,2995616150,211,6,2400,558,182,True,1661,2396.5858188431926
er,400,1501,3,8.0,3,3176011494,184,5,2000,505,162,True,1501,2396.5858188431926
er,400,1583,3,8.0,4,3540947508,198,4,1600,519,167,True,1583,2396.5858188431926
er,400,1581,3,8.0,5,965846581,172,5,2000,516,173,True,1581,2396.5858188431926
er,400,1578,3,8.0,6,403012007,200,4,1600,533,177,True,1578,2396.5858188431926
er,400,1659,3,8.0,7,2975757873,190,4,1600,526,182,True,1659,2396.5858188431926
er,400,1584,3,8.0,8,3284903578,199,5,2000,536,167,True,1584,2396.5858188431926
er,400,1571,3,8.0,9,1592690072,202,4,1600,533,172,True,1571,2396.5858188431926
er,400,1566,3,8.0,10,3094687348,195,6,2400,522,170,True,1566,2396.5858188431926
er,400,1607,3,8.0,11,980139048,198,5,2000,521,170,True,1607,2396.5858188431926
er,400,1644,3,8.0,12,2524271487,217,7,2800,585,185,True,1644,2396.5858188431926
er,400,1576,3,8.0,13,258941909,186,6,2400,524,177,True,1576,2396.5858188431926
er,400,1622,3,8.0,14,3282036079,182,4,1600,547,172,True,1622,2396.5858188431926
er,400,1607,3,8.0,15,3568308330,173,5,2000,497,187,True,1607,2396.5858188431926
er,400,1588,3,8.0,16,1547309964,208,7,2800,542,172,True,1588,2396.5858188431926
er,400,1625,3,8.0,17,3447175596,196,4,1600,535,179,True,1625,2396.5858188431926
er,400,1601,3,8.0,18,3401450075,198,5,2000,573,179,True,1601,2396.5858188431926
er,400,1663,3,8.0,19,1848361126,189,4,1600,552,173,True,1663,2396.5858188431926
er,400,1599,3,8.0,20,2461825660,200,4,1600,555,180,True,1599,2396.5858188431926
er,400,1586,3,8.0,21,2782539298,187,5,2000,519,168,True,1586,2396.5858188431926
er,400,1679,3,8.0,22,2248960665,215,6,2400,590,199,True,1679,2396.5858188431926
er,400,1598,3,8.0,23,4047939877,196,6,2400,528,172,True,1598,2396.5858188431926
er,400,1640,3,8.0,24,2761270898,206,6,2400,578,182,True,1640,2396.5858188431926
er,400,1565,3,8.0,25,1882505842,180,5,2000,492,163,True,1565,2396.5858188431926
er,400,1550,3,8.0,26,4068561261,191,6,2400,529,175,True,1550,2396.5858188431926
er,400,1599,3,8.0,27,1215378405,222,6,2400,568,170,True,1599,2396.5858188431926
er,400,1587,3,8.0,28,3037842002,195,4,1600,504,172,True,1587,2396.5858188431926
er,400,1544,3,8.0,29,1510892215,191,4,1600,493,156,True,1544,2396.5858188431926
er,400,1675,3,8.0,30,882979409,195,5,2000,569,190,True,1675,2396.5858188431926
er,400,1572,3,8.0,31,453492250,198,6,2400,531,166,True,1572,2396.5858188431926
er,400,1627,3,8.0,32,1702228007,201,6,2400,573,189,True,1627,2396.5858188431926
er,400,1577,3,8.0,33,726745955,191,5,2000,494,162,True,1577,2396.5858188431926
er,400,1613,3,8.0,34,2462210607,208,4,1600,545,166,True,1613,2396.5858188431926
er,400,1625,3,8.0,35,1333768288,171,4,1600,511,189,True,1625,2396.5858188431926
er,400,1535,3,8.0,36,1156828814,211,5,2000,545,163,True,1535,2396.5858188431926
er,400,1629,3,8.0,37,3773677201,209,5,2000,536,170,True,1629,2396.5858188431926
er,400,1593,3,8.0,38,3395837281,192,5,2000,557,184,True,1593,2396.5858188431926
er,400,1587,3,8.0,39,2488057120,176,5,2000,493,177,True,1587,2396.5858188431926
er,400,1614,3,8.0,40,447850079,201,5,2000,548,177,True,1614,2396.5858188431926
er,400,1572,3,8.0,41,4250634649,180,6,2400,516,197,True,1572,2396.5858188431926
er,400,1624,3,8.0,42,1881777665,186,5,2000,530,178,True,1624,2396.5858188431926
er,400,1598,3,8.0,43,2025097074,203,5,2000,557,171,True,1598,2396.5858188431926
er,400,1649,3,8.0,44,1511948208,198,5,2000,563,186,True,1649,2396.5858188431926
er,400,1630,3,8.0,45,3855339585,199,6,2400,538,181,True,1630,2396.5858188431926
er,400,1590,3,8.0,46,3584481235,184,4,1600,527,164,True,1590,2396.5858188431926
er,400,1594,3,8.0,47,1540412760,184,4,1600,528,177,True,1594,2396.5858188431926
er,400,1555,3,8.0,48,3793772842,187,4,1600,496,169,True,1555,2396.5858188431926
er,400,1608,3,8.0,49,2249812359,204,5,2000,553,169,True,1608,2396.5858188431926
er,400,1561,3,8.0,50,463956250,196,6,2400,537,171,True,1561,2396.5858188431926
er,400,1637,3,8.0,51,2893275318,182,3,1200,531,182,True,1637,2396.5858188431926
er,400,1554,3,8.0,52,310943155,185,5,2000,513,177,True,1554,2396.5858188431926
er,400,1619,3,8.0,53,2190567778,188,6,2400,540,197,True,1619,2396.5858188431926
er,400,1555,3,8.0,54,85672738,196,6,2400,506,163,True,1555,2396.5858188431926
er,400,1574,3,8.0,55,3791810617,202,6,2400,523,160,True,1574,2396.5858188431926
er,400,1605,3,8.0,56,113085999,179,3,1200,537,183,True,1605,2396.5858188431926
er,400,1568,3,8.0,57,556591623,200,4,1600,529,175,True,1568,2396.5858188431926
er,400,1590,3,8.0,58,3554164926,204,4,1600,545,172,True,1590,2396.5858188431926
er,400,1567,3,8.0,59,3210748794,187,6,2400,495,194,True,1567,2396.5858188431926
er,400,1536,3,8.0,60,2747284041,201,5,2000,509,159,True,1536,2396.5858188431926
er,400,1572,3,8.0,61,1099551301,204,5,2000,526,162,True,1572,2396.5858188431926
er,400,1528,3,8.0,62,4147756987,200,4,1600,531,158,True,1528,2396.5858188431926
er,400,1587,3,8.0,63,1683926882,175,8,3200,509,174,True,1587,2396.5858188431926
er,400,1559,3,8.0,64,1779099273,186,8,3200,483,147,True,1559,2396.5858188431926
er,400,1574,3,8.0,65,1120331669,201,6,2400,531,180,True,1574,2396.5858188431926
er,400,1643,3,8.0,66,2685995889,209,5,2000,565,173,True,1643,2396.5858188431926
er,400,1664,3,8.0,67,3955211343,199,5,2000,569,200,True,1664,2396.5858188431926
er,400,1548,3,8.0,68,403642550,199,6,2400,518,155,True,1548,2396.5858188431926
er,400,1561,3,8.0,69,3841395542,186,5,2000,548,175,True,1561,2396.5858188431926
er,400,1561,3,8.0,70,1767990081,186,5,2000,485,159,True,1561,2396.5858188431926
er,400,1628,3,8.0,71,48270898,213,5,2000,569,178,True,1628,2396.5858188431926
er,400,1577,3,8.0,72,275683496,197,6,2400,542,175,True,1577,2396.5858188431926
er,400,1614,3,8.0,73,2493550599,189,5,2000,535,183,True,1614,2396.5858188431926
er,400,1602,3,8.0,74,67672309,199,5,2000,547,183,True,1602,2396.5858188431926
er,400,1572,3,8.0,75,3287500357,192,4,1600,526,184,True,1572,2396.5858188431926
er,400,1586,3,8.0,76,805932930,186,4,1600,538,169,True,1586,2396.5858188431926
er,400,1659,3,8.0,77,2648632963,225,6,2400,589,180,True,1659,2396.5858188431926
er,400,1613,3,8.0,78,2127901888,198,5,2000,554,176,True,1613,2396.5858188431926
er,400,1550,3,8.0,79,402097013,176,6,2400,479,169,True,1550,2396.5858188431926
er,400,1605,3,8.0,80,4118093144,207,5,2000,535,164,True,1605,2396.5858188431926
er,400,1638,3,8.0,81,3100247863,181,3,1200,546,196,True,1638,2396.5858188431926
er,400,1654,3,8.0,82,2209760769,211,5,2000,572,181,True,1654,2396.5858188431926
er,400,1643,3,8.0,83,2904985127,189,5,2000,531,173,True,1643,2396.5858188431926
er,400,1559,3,8.0,84,3726026767,203,6,2400,552,155,True,1559,2396.5858188431926
er,400,1662,3,8.0,85,1071926253,193,4,1600,563,192,True,1662,2396.5858188431926
er,400,1641,3,8.0,86,1234629464,199,6,2400,566,174,True,1641,2396.5858188431926
er,400,1548,3,8.0,87,1285534933,187,4,1600,502,151,True,1548,2396.5858188431926
er,400,1594,3,8.0,88,1402288257,206,5,2000,563,171,True,1594,2396.5858188431926
er,400,1569,3,8.0,89,2703807884,207,7,2800,547,169,True,1569,2396.5858188431926
er,400,1557,3,8.0,90,1904397215,183,4,1600,494,170,True,1557,2396.5858188431926
er,400,1591,3,8.0,91,1488521049,188,5,2000,515,182,True,1591,2396.5858188431926
er,400,1590,3,8.0,92,145564977,191,6,2400,525,181,True,1590,2396.5858188431926
er,400,1634,3,8.0,93,821935783,196,6,2400,551,183,True,1634,2396.5858188431926
er,400,1695,3,8.0,94,4216983469,190,7,2800,567,191,True,1695,2396.5858188431926
er,400,1595,3,8.0,95,548024383,192,6,2400,530,174,True,1595,2396.5858188431926
er,400,1550,3,8.0,96,3123641792,174,4,1600,497,168,True,1550,2396.5858188431926
er,400,1601,3,8.0,97,409595730,181,4,1600,528,173,True,1601,2396.5858188431926
er,400,1513,3,8.0,98,2681048680,191,5,2000,502,158,True,1513,2396.5858188431926
er,400,1634,3,8.0,99,2205771810,200,5,2000,573,180,True,1634,2396.5858188431926
er,400,1627,3,8.0,100,3051092693,189,4,1600,558,181,True,1627,2396.5858188431926
er,400,1594,3,8.0,101,896920734,192,4,1600,523,182,True,1594,2396.5858188431926
er,400,1672,3,8.0,102,3056702899,209,6,2400,539,184,True,1672,2396.5858188431926
er,400,1573,3,8.0,103,4026366659,192,6,2400,527,179,True,1573,2396.5858188431926
er,400,1647,3,8.0,104,1519864552,202,4,1600,553,196,True,1647,2396.5858188431926
er,400,1588,3,8.0,105,1429305425,179,5,2000,528,196,True,1588,2396.5858188431926
er,400,1597,3,8.0,106,598209074,204,7,2800,531,166,True,1597,2396.5858188431926
er,400,1565,3,8.0,107,1670713508,183,5,2000,505,178,True,1565,2396.5858188431926
er,400,1571,3,8.0,108,3365339347,192,4,1600,528,166,True,1571,2396.5858188431926
er,400,1577,3,8.0,109,1743669293,196,5,2000,537,175,True,1577,2396.5858188431926
er,400,1596,3,8.0,110,1525841881,176,6,2400,533,174,True,1596,2396.5858188431926
er,400,1644,3,8.0,111,4293224172,205,4,1600,554,182,True,1644,2396.5858188431926
er,400,1657,3,8.0,112,3867164791,179,4,1600,532,193,True,1657,2396.5858188431926
er,400,1583,3,8.0,113,887926114,191,5,2000,518,183,True,1583,2396.5858188431926
er,400,1622,3,8.0,114,502121220,207,7,2800,543,173,True,1622,2396.5858188431926
er,400,1593,3,8.0,115,641901553,177,4,1600,545,182,True,1593,2396.5858188431926
er,400,1660,3,8.0,116,801985783,226,6,2400,591,181,True,1660,2396.5858188431926
er,400,1655,3,8.0,117,846029642,170,5,2000,549,209,True,1655,2396.5858188431926
er,400,1559,3,8.0,118,3683841145,208,5,2000,532,158,True,1559,2396.5858188431926
er,400,1619,3,8.0,119,555478928,202,4,1600,552,188,True,1619,2396.5858188431926
er,400,1551,3,8.0,120,570010647,204,6,2400,512,174,True,1551,2396.5858188431926
er,400,1594,3,8.0,121,4283854627,200,6,2400,535,173,True,1594,2396.5858188431926
er,400,1571,3,8.0,122,4158510455,198,6,2400,539,170,True,1571,2396.5858188431926
er,400,1545,3,8.0,123,3030505201,195,5,2000,529,185,True,1545,2396.5858188431926
er,400,1539,3,8.0,124,4004108174,201,6,2400,537,161,True,1539,2396.5858188431926
er,400,1586,3,8.0,125,1962807147,183,5,2000,544,184,True,1586,2396.5858188431926
er,400,1491,3,8.0,126,808632642,176,4,1600,490,164,True,1491,2396.5858188431926
er,400,1586,3,8.0,127,176451177,185,6,2400,514,179,True,1586,2396.5858188431926
er,400,1536,3,8.0,128,1957262288,211,6,2400,555,161,True,1536,2396.5858188431926
er,400,1548,3,8.0,129,1134161899,186,4,1600,544,185,True,1548,2396.5858188431926
er,400,1659,3,8.0,130,3150582623,190,4,1600,538,189,True,1659,2396.5858188431926
er,400,1615,3,8.0,131,2931784823,207,6,2400,544,172,True,1615,2396.5858188431926
er,400,1607,3,8.0,132,3166349367,168,5,2000,497,188,True,1607,2396.5858188431926
er,400,1665,3,8.0,133,4117894092,207,5,2000,575,183,True,1665,2396.5858188431926
er,400,1652,3,8.0,134,3812528349,182,5,2000,539,191,True,1652,2396.5858188431926
er,400,1591,3,8.0,135,2710702344,196,5,2000,517,158,True,1591,2396.5858188431926
er,400,1623,3,8.0,136,430028067,174,5,2000,504,183,True,1623,2396.5858188431926
er,400,1626,3,8.0,137,571345772,185,6,2400,560,184,True,1626,2396.5858188431926
er,400,1662,3,8.0,138,4175550372,187,5,2000,565,177,True,1662,2396.5858188431926
er,400,1621,3,8.0,139,593326178,178,4,1600,566,192,True,1621,2396.5858188431926
er,400,1613,3,8.0,140,4063016314,193,6,2400,538,187,True,1613,2396.5858188431926
er,400,1611,3,8.0,141,459298104,210,5,2000,538,170,True,1611,2396.5858188431926
er,400,1557,3,8.0,142,763956054,182,5,2000,522,173,True,1557,2396.5858188431926
er,400,1616,3,8.0,143,4027833299,184,4,1600,519,187,True,1616,2396.5858188431926
er,400,1612,3,8.0,144,1366647506,214,6,2400,541,165,True,1612,2396.5858188431926
er,400,1563,3,8.0,145,105674301,188,5,2000,510,157,True,1563,2396.5858188431926
er,400,1594,3,8.0,146,3663605837,167,6,2400,509,187,True,1594,2396.5858188431926
er,400,1595,3,8.0,147,4240444443,192,6,2400,523,175,True,1595,2396.5858188431926
er,400,1533,3,8.0,148,2929797503,177,5,2000,497,172,True,1533,2396.5858188431926
er,400,1575,3,8.0,149,3977453889,185,4,1600,528,174,True,1575,2396.5858188431926
er,400,1603,3,8.0,150,919112447,205,6,2400,527,169,True,1603,2396.5858188431926
er,400,1668,3,8.0,151,2068188588,204,5,2000,572,194,True,1668,2396.5858188431926
er,400,1626,3,8.0,152,3994841489,195,5,2000,540,184,True,1626,2396.5858188431926
er,400,1642,3,8.0,153,3916273064,208,7,2800,548,173,True,1642,2396.5858188431926
er,400,1578,3,8.0,154,2473959677,193,5,2000,534,174,True,1578,2396.5858188431926
er,400,1636,3,8.0,155,1116598455,205,5,2000,548,184,True,1636,2396.5858188431926
er,400,1577,3,8.0,156,2955834891,230,8,3200,557,142,True,1577,2396.5858188431926
er,400,1621,3,8.0,157,53304664,190,5,2000,533,179,True,1621,2396.5858188431926
er,400,1584,3,8.0,158,4067663353,197,6,2400,522,189,True,1584,2396.5858188431926
er,400,1549,3,8.0,159,3796206767,215,5,2000,535,150,True,1549,2396.5858188431926
er,400,1617,3,8.0,160,1974648937,203,6,2400,549,183,True,1617,2396.5858188431926
er,400,1568,3,8.0,161,361213163,198,7,2800,539,165,True,1568,2396.5858188431926
er,400,1604,3,8.0,162,1119216318,184,7,2800,503,173,True,1604,2396.5858188431926
er,400,1642,3,8.0,163,1094791421,214,6,2400,552,170,True,1642,2396.5858188431926
er,400,1533,3,8.0,164,3013147597,185,5,2000,497,164,True,1533,2396.5858188431926
er,400,1634,3,8.0,165,1956864705,193,5,2000,535,189,True,1634,2396.5858188431926
er,400,1682,3,8.0,166,631940064,204,6,2400,597,203,True,1682,2396.5858188431926
er,400,1572,3,8.0,167,501849753,180,5,2000,510,176,True,1572,2396.5858188431926
er,400,1568,3,8.0,168,93219678,200,6,2400,520,166,True,1568,2396.5858188431926
er,400,1647,3,8.0,169,1689060643,193,4,1600,512,158,True,1647,2396.5858188431926
er,400,1625,3,8.0,170,4067695737,189,4,1600,547,180,True,1625,2396.5858188431926
er,400,1487,3,8.0,171,3691595951,213,4,1600,530,142,True,1487,2396.5858188431926
er,400,1666,3,8.0,172,2488001130,192,6,2400,564,187,True,1666,2396.5858188431926
er,400,1567,3,8.0,173,1541790788,222,8,3200,540,156,True,1567,2396.5858188431926
er,400,1565,3,8.0,174,3809865188,178,8,3200,498,177,True,1565,2396.5858188431926
er,400,1658,3,8.0,175,2511670729,206,6,2400,580,193,True,1658,2396.5858188431926
er,400,1590,3,8.0,176,275988443,196,5,2000,545,169,True,1590,2396.5858188431926
er,400,1533,3,8.0,177,60590704,193,5,2000,479,156,True,1533,2396.5858188431926
er,400,1574,3,8.0,178,2630802532,190,6,2400,477,175,True,1574,2396.5858188431926
er,400,1568,3,8.0,179,2321655307,194,5,2000,544,183,True,1568,2396.5858188431926
er,400,1570,3,8.0,180,3300561113,183,4,1600,520,181,True,1570,2396.5858188431926
er,400,1642,3,8.0,181,33633553,176,4,1600,529,183,True,1642,2396.5858188431926
er,400,1641,3,8.0,182,4012245066,207,5,2000,535,174,True,1641,2396.5858188431926
er,400,1640,3,8.0,183,2574301065,199,4,1600,590,195,True,1640,2396.5858188431926
er,400,1599,3,8.0,184,4049017206,204,5,2000,519,169,True,1599,2396.5858188431926
er,400,1633,3,8.0,185,3157140075,194,4,1600,530,182,True,1633,2396.5858188431926
er,400,1599,3,8.0,186,1600731847,178,5,2000,502,171,True,1599,2396.5858188431926
er,400,1582,3,8.0,187,792052559,177,5,2000,510,182,True,1582,2396.5858188431926
er,400,1615,3,8.0,188,1699032221,185,5,2000,502,178,True,1615,2396.5858188431926
er,400,1636,3,8.0,189,2334146761,182,5,2000,543,193,True,1636,2396.5858188431926
er,400,1663,3,8.0,190,1254665190,190,4,1600,539,181,True,1663,2396.5858188431926
er,400,1568,3,8.0,191,2459484890,194,6,2400,516,170,True,1568,2396.5858188431926
er,400,1607,3,8.0,192,3112192855,184,5,2000,498,176,True,1607,2396.5858188431926
er,400,1604,3,8.0,193,602071107,188,7,2800,503,171,True,1604,2396.5858188431926
er,400,1681,3,8.0,194,2466814134,214,6,2400,568,174,True,1681,2396.5858188431926
er,400,1615,3,8.0,195,783440736,213,6,2400,547,167,True,1615,2396.5858188431926
er,400,1636,3,8.0,196,2423173906,212,7,2800,558,170,True,1636,2396.5858188431926
er,400,1560,3,8.0,197,2943277639,202,6,2400,515,174,True,1560,2396.5858188431926
er,400,1555,3,8.0,198,1778127726,195,4,1600,523,165,True,1555,2396.5858188431926
er,400,1594,3,8.0,199,3489866246,199,6,2400,531,171,True,1594,2396.5858188431926
er,400,1607,3,8.0,200,1345254313,201,6,2400,551,173,True,1607,2396.5858188431926
er,400,1621,3,8.0,201,689927499,196,4,1600,568,164,True,1621,2396.5858188431926
er,400,1647,3,8.0,202,2041587034,197,5,2000,545,190,True,1647,2396.5858188431926
er,400,1622,3,8.0,203,2117377077,199,5,2000,544,189,True,1622,2396.5858188431926
er,400,1615,3,8.0,204,79012789,193,6,2400,515,162,True,1615,2396.5858188431926
er,400,1627,3,8.0,205,110356423,202,5,2000,532,173,True,1627,2396.5858188431926
er,400,1553,3,8.0,206,3300356861,193,7,2800,509,143,True,1553,2396.5858188431926
er,400,1581,3,8.0,207,818462528,163,4,1600,493,192,True,1581,2396.5858188431926
er,400,1558,3,8.0,208,3580798038,184,4,1600,497,170,True,1558,2396.5858188431926
er,400,1614,3,8.0,209,3276875525,219,5,2000,559,193,True,1614,2396.5858188431926
er,400,1611,3,8.0,210,2031405027,200,4,1600,559,184,True,1611,2396.5858188431926
er,400,1609,3,8.0,211,3011636943,205,7,2800,538,180,True,1609,2396.5858188431926
er,400,1613,3,8.0,212,1732505469,181,4,1600,525,193,True,1613,2396.5858188431926
er,400,1623,3,8.0,213,3595650523,201,4,1600,543,180,True,1623,2396.5858188431926
er,400,1619,3,8.0,214,1095904632,198,5,2000,518,169,True,1619,2396.5858188431926
er,400,1599,3,8.0,215,3679932663,188,4,1600,525,186,True,1599,2396.5858188431926
er,400,1631,3,8.0,216,3987396913,173,5,2000,535,180,True,1631,2396.5858188431926
er,400,1559,3,8.0,217,3548120670,162,5,2000,499,185,True,1559,2396.5858188431926
er,400,1623,3,8.0,218,1019011038,188,4,1600,554,203,True,1623,2396.5858188431926
er,400,1623,3,8.0,219,2789542773,193,5,2000,541,168,True,1623,2396.5858188431926
er,400,1568,3,8.0,220,3423870403,183,6,2400,526,184,True,1568,2396.5858188431926
er,400,1655,3,8.0,221,450976345,199,4,1600,558,197,True,1655,2396.5858188431926
er,400,1572,3,8.0,222,1402176794,195,4,1600,527,165,True,1572,2396.5858188431926
er,400,1625,3,8.0,223,2102485308,192,5,2000,533,186,True,1625,2396.5858188431926
er,400,1626,3,8.0,224,1922608965,196,4,1600,552,185,True,1626,2396.5858188431926
er,400,1552,3,8.0,225,3572887067,191,5,2000,520,176,True,1552,2396.5858188431926
er,400,1671,3,8.0,226,1163895454,210,6,2400,560,185,True,1671,2396.5858188431926
er,400,1665,3,8.0,227,2249753902,175,5,2000,541,193,True,1665,2396.5858188431926
er,400,1603,3,8.0,228,3204385116,193,6,2400,550,180,True,1603,2396.5858188431926
er,400,1595,3,8.0,229,1176218467,178,7,2800,541,183,True,1595,2396.5858188431926
er,400,1587,3,8.0,230,1817820481,192,7,2800,558,188,True,1587,2396.5858188431926
er,400,1557,3,8.0,231,3316402239,197,6,2400,499,166,True,1557,2396.5858188431926
er,400,1499,3,8.0,232,1726158890,182,5,2000,497,154,True,1499,2396.5858188431926
er,400,1636,3,8.0,233,1422122823,177,4,1600,540,179,True,1636,2396.5858188431926
er,400,1631,3,8.0,234,3809105053,197,7,2800,546,184,True,1631,2396.5858188431926
er,400,1522,3,8.0,235,2430103580,186,6,2400,479,152,True,1522,2396.5858188431926
er,400,1643,3,8.0,236,1389327406,209,5,2000,562,178,True,1643,2396.5858188431926
er,400,1587,3,8.0,237,1821500434,186,5,2000,537,187,True,1587,2396.5858188431926
er,400,1640,3,8.0,238,2550320512,181,6,2400,532,188,True,1640,2396.5858188431926
er,400,1561,3,8.0,239,1632138814,185,6,2400,482,173,True,1561,2396.5858188431926
er,400,1587,3,8.0,240,3371144468,208,5,2000,560,171,True,1587,2396.5858188431926
er,400,1627,3,8.0,241,3869139387,213,5,2000,569,174,True,1627,2396.5858188431926
er,400,1615,3,8.0,242,3666724333,193,4,1600,551,161,True,1615,2396.5858188431926
er,400,1675,3,8.0,243,3959737090,186,6,2400,576,184,True,1675,2396.5858188431926
er,400,1597,3,8.0,244,1987777512,211,7,2800,528,168,True,1597,2396.5858188431926
er,400,1510,3,8.0,245,736467122,185,5,2000,510,175,True,1510,2396.5858188431926
er,400,1653,3,8.0,246,3624480105,203,4,1600,542,181,True,1653,2396.5858188431926
er,400,1667,3,8.0,247,163292554,194,4,1600,546,190,True,1667,2396.5858188431926
er,400,1618,3,8.0,248,11429469,204,4,1600,575,177,True,1618,2396.5858188431926
er,400,1582,3,8.0,249,1900141011,210,7,2800,534,165,True,1582,2396.5858188431926
er,400,1553,3,8.0,250,2349352234,207,6,2400,528,164,True,1553,2396.5858188431926
er,400,1657,3,8.0,251,1813612567,190,6,2400,563,194,True,1657,2396.5858188431926
er,400,1614,3,8.0,252,558554403,177,5,2000,542,193,True,1614,2396.5858188431926
er,400,1647,3,8.0,253,3994801727,212,5,2000,555,186,True,1647,2396.5858188431926
er,400,1619,3,8.0,254,1754841928,184,5,2000,542,186,True,1619,2396.5858188431926
er,400,1599,3,8.0,255,3071458047,222,4,1600,563,177,True,1599,2396.5858188431926
er,400,1547,3,8.0,256,4283159239,181,5,2000,501,165,True,1547,2396.5858188431926
er,400,1584,3,8.0,257,2811352465,191,5,2000,543,181,True,1584,2396.5858188431926
er,400,1609,3,8.0,258,2429901273,214,7,2800,537,168,True,1609,2396.5858188431926
er,400,1570,3,8.0,259,803993359,203,4,1600,546,160,True,1570,2396.5858188431926
er,400,1563,3,8.0,260,2348872989,199,6,2400,511,146,True,1563,2396.5858188431926
er,400,1611,3,8.0,261,1046588491,202,6,2400,533,182,True,1611,2396.5858188431926
er,400,1644,3,8.0,262,3661286579,181,4,1600,540,210,True,1644,2396.5858188431926
er,400,1574,3,8.0,263,2348140096,198,5,2000,524,172,True,1574,2396.5858188431926
er,400,1540,3,8.0,264,236857661,198,5,2000,524,168,True,1540,2396.5858188431926
er,400,1586,3,8.0,265,3322496918,202,4,1600,529,178,True,1586,2396.5858188431926
er,400,1598,3,8.0,266,1952636993,192,8,3200,529,179,True,1598,2396.5858188431926
er,400,1561,3,8.0,267,588904440,187,5,2000,525,178,True,1561,2396.5858188431926
er,400,1655,3,8.0,268,1731023416,172,4,1600,534,191,True,1655,2396.5858188431926
er,400,1608,3,8.0,269,2728841575,214,5,2000,553,172,True,1608,2396.5858188431926
er,400,1635,3,8.0,270,2631604712,190,6,2400,546,182,True,1635,2396.5858188431926
er,400,1680,3,8.0,271,4239884774,190,4,1600,561,182,True,1680,2396.5858188431926
er,400,1611,3,8.0,272,2689946884,169,5,2000,491,181,True,1611,2396.5858188431926
er,400,1598,3,8.0,273,542199767,189,4,1600,532,168,True,1598,2396.5858188431926
er,400,1569,3,8.0,274,3715805639,184,5,2000,523,176,True,1569,2396.5858188431926
er,400,1595,3,8.0,275,3737760685,192,6,2400,501,163,True,1595,2396.5858188431926
er,400,1529,3,8.0,276,4119683647,182,4,1600,480,157,True,1529,2396.5858188431926
er,400,1639,3,8.0,277,2499912336,183,4,1600,536,188,True,1639,2396.5858188431926
er,400,1661,3,8.0,278,4060614965,198,7,2800,580,188,True,1661,2396.5858188431926
er,400,1581,3,8.0,279,603412521,189,4,1600,522,186,True,1581,2396.5858188431926
er,400,1615,3,8.0,280,1611054249,203,7,2800,548,176,True,1615,2396.5858188431926
er,400,1630,3,8.0,281,2235399236,203,4,1600,549,173,True,1630,2396.5858188431926
er,400,1664,3,8.0,282,2087539173,192,5,2000,533,180,True,1664,2396.5858188431926
er,400,1606,3,8.0,283,2485597350,200,5,2000,522,164,True,1606,2396.5858188431926
er,400,1626,3,8.0,284,3058076055,189,6,2400,552,190,True,1626,2396.5858188431926
er,400,1584,3,8.0,285,1883062578,175,4,1600,511,186,True,1584,2396.5858188431926
er,400,1549,3,8.0,286,2668919248,203,6,2400,518,146,True,1549,2396.5858188431926
er,400,1581,3,8.0,287,4115854232,206,6,2400,538,174,True,1581,2396.5858188431926
er,400,1548,3,8.0,288,2080890304,187,5,2000,529,174,True,1548,2396.5858188431926
er,400,1540,3,8.0,289,986954538,197,6,2400,520,158,True,1540,2396.5858188431926
er,400,1577,3,8.0,290,3806175049,202,5,2000,544,182,True,1577,2396.5858188431926
er,400,1617,3,8.0,291,321158552,212,6,2400,552,173,True,1617,2396.5858188431926
er,400,1599,3,8.0,292,1656445863,209,6,2400,565,174,True,1599,2396.5858188431926
er,400,1661,3,8.0,293,2015237289,186,4,1600,558,191,True,1661,2396.5858188431926
er,400,1571,3,8.0,294,1814754227,173,5,2000,505,184,True,1571,2396.5858188431926
er,400,1582,3,8.0,295,2832085577,181,7,2800,516,174,True,1582,2396.5858188431926
er,400,1526,3,8.0,296,2751309224,176,6,2400,491,169,True,1526,2396.5858188431926
er,400,1624,3,8.0,297,341005983,200,8,3200,552,179,True,1624,2396.5858188431926
er,400,1637,3,8.0,298,2289460423,187,4,1600,560,195,True,1637,2396.5858188431926
er,400,1592,3,8.0,299,2016138221,181,4,1600,530,187,True,1592,2396.5858188431926
er,400,1574,3,8.0,300,2961284902,203,6,2400,526,163,True,1574,2396.5858188431926
er,400,1621,3,8.0,301,2496808182,184,4,1600,567,211,True,1621,2396.5858188431926
er,400,1562,3,8.0,302,3853600383,184,4,1600,499,164,True,1562,2396.5858188431926
er,400,1605,3,8.0,303,1618088373,195,5,2000,545,174,True,1605,2396.5858188431926
er,400,1605,3,8.0,304,1799152477,229,6,2400,577,177,True,1605,2396.5858188431926
er,400,1562,3,8.0,305,3382486396,191,6,2400,525,172,True,1562,2396.5858188431926
er,400,1572,3,8.0,306,2513881140,192,6,2400,540,173,True,1572,2396.5858188431926
er,400,1615,3,8.0,307,3117666131,205,5,2000,538,177,True,1615,2396.5858188431926
er,400,1642,3,8.0,308,2191273589,195,6,2400,546,181,True,1642,2396.5858188431926
er,400,1605,3,8.0,309,1834962305,173,5,2000,520,185,True,1605,2396.5858188431926
er,400,1588,3,8.0,310,1215010267,214,6,2400,552,169,True,1588,2396.5858188431926
er,400,1607,3,8.0,311,161548137,200,5,2000,549,181,True,1607,2396.5858188431926
er,400,1608,3,8.0,312,1255748832,209,5,2000,556,177,True,1608,2396.5858188431926
er,400,1606,3,8.0,313,3997996914,195,5,2000,556,179,True,1606,2396.5858188431926
er,400,1594,3,8.0,314,834954943,183,5,2000,531,184,True,1594,2396.5858188431926
er,400,1530,3,8.0,315,3607224721,210,6,2400,511,149,True,1530,2396.5858188431926
er,400,1632,3,8.0,316,2568024214,198,5,2000,542,177,True,1632,2396.5858188431926
er,400,1582,3,8.0,317,2603664243,186,6,2400,518,171,True,1582,2396.5858188431926
er,400,1609,3,8.0,318,4025323274,218,6,2400,560,173,True,1609,2396.5858188431926
er,400,1621,3,8.0,319,4284063335,200,6,2400,538,181,True,1621,2396.5858188431926
er,400,1602,3,8.0,320,2015013862,182,5,2000,537,180,True,1602,2396.5858188431926
er,400,1634,3,8.0,321,437275213,217,8,3200,562,185,True,1634,2396.5858188431926
er,400,1602,3,8.0,322,2420709331,196,4,1600,513,167,True,1602,2396.5858188431926
er,400,1606,3,8.0,323,955128286,207,6,2400,537,173,True,1606,2396.5858188431926
er,400,1619,3,8.0,324,3344515587,198,6,2400,556,192,True,1619,2396.5858188431926
er,400,1507,3,8.0,325,1881076159,211,4,1600,531,161,True,1507,2396.5858188431926
er,400,1552,3,8.0,326,2847164672,184,4,1600,521,175,True,1552,2396.5858188431926
er,400,1632,3,8.0,327,510680456,185,5,2000,519,175,True,1632,2396.5858188431926
er,400,1665,3,8.0,328,616158736,197,4,1600,541,178,True,1665,2396.5858188431926
er,400,1502,3,8.0,329,148917319,202,5,2000,499,153,True,1502,2396.5858188431926
er,400,1614,3,8.0,330,189857260,188,5,2000,554,198,True,1614,2396.5858188431926
er,400,1523,3,8.0,331,571404916,195,5,2000,501,155,True,1523,2396.5858188431926
er,400,1549,3,8.0,332,3829419549,185,4,1600,519,187,True,1549,2396.5858188431926
er,400,1541,3,8.0,333,3624355287,172,5,2000,508,184,True,1541,2396.5858188431926
er,400,1581,3,8.0,334,3442373603,182,5,2000,511,185,True,1581,2396.5858188431926
er,400,1561,3,8.0,335,1667494400,192,4,1600,549,166,True,1561,2396.5858188431926
er,400,1581,3,8.0,336,3631607563,209,4,1600,565,185,True,1581,2396.5858188431926
er,400,1597,3,8.0,337,942192063,169,4,1600,508,194,True,1597,2396.5858188431926
er,400,1598,3,8.0,338,55861965,180,4,1600,481,171,True,1598,2396.5858188431926
er,400,1620,3,8.0,339,3209298393,200,5,2000,544,183,True,1620,2396.5858188431926
er,400,1605,3,8.0,340,1255494339,208,6,2400,543,168,True,1605,2396.5858188431926
er,400,1587,3,8.0,341,573519316,225,5,2000,580,163,True,1587,2396.5858188431926
er,400,1535,3,8.0,342,4117163639,214,5,2000,517,162,True,1535,2396.5858188431926
er,400,1633,3,8.0,343,2930236457,193,4,1600,533,190,True,1633,2396.5858188431926
er,400,1609,3,8.0,344,2277820961,190,6,2400,519,165,True,1609,2396.5858188431926
er,400,1608,3,8.0,345,821766226,203,6,2400,547,169,True,1608,2396.5858188431926
er,400,1571,3,8.0,346,1763191837,191,4,1600,514,189,True,1571,2396.5858188431926
er,400,1591,3,8.0,347,795051208,191,4,1600,514,169,True,1591,2396.5858188431926
er,400,1578,3,8.0,348,347366982,200,7,2800,516,178,True,1578,2396.5858188431926
er,400,1585,3,8.0,349,3894245240,193,5,2000,510,183,True,1585,2396.5858188431926
er,400,1613,3,8.0,350,2176480019,180,5,2000,505,177,True,1613,2396.5858188431926
er,400,1568,3,8.0,351,2644723646,200,5,2000,537,167,True,1568,2396.5858188431926
er,400,1574,3,8.0,352,4067253620,198,5,2000,553,170,True,1574,2396.5858188431926
er,400,1545,3,8.0,353,2388782693,198,7,2800,510,168,True,1545,2396.5858188431926
er,400,1574,3,8.0,354,447938391,188,5,2000,504,161,True,1574,2396.5858188431926
er,400,1644,3,8.0,355,1244174469,187,5,2000,540,201,True,1644,2396.5858188431926
er,400,1623,3,8.0,356,3355470772,176,4,1600,527,186,True,1623,2396.5858188431926
er,400,1559,3,8.0,357,3724564185,215,5,2000,517,152,True,1559,2396.5858188431926
er,400,1598,3,8.0,358,1075428272,182,4,1600,529,195,True,1598,2396.5858188431926
er,400,1578,3,8.0,359,234307544,204,6,2400,518,166,True,1578,2396.5858188431926
er,400,1595,3,8.0,360,749356054,185,4,1600,518,176,True,1595,2396.5858188431926
er,400,1623,3,8.0,361,2920333990,211,6,2400,561,176,True,1623,2396.5858188431926
er,400,1629,3,8.0,362,3486220663,186,5,2000,535,188,True,1629,2396.5858188431926
er,400,1603,3,8.0,363,6564105,201,5,2000,528,157,True,1603,2396.5858188431926
er,400,1541,3,8.0,364,2878289237,204,5,2000,530,156,True,1541,2396.5858188431926
er,400,1630,3,8.0,365,3864940707,190,5,2000,569,199,True,1630,2396.5858188431926
er,400,1573,3,8.0,366,2281704294,180,5,2000,510,186,True,1573,2396.5858188431926
er,400,1589,3,8.0,367,4055191108,191,5,2000,518,186,True,1589,2396.5858188431926
er,400,1603,3,8.0,368,913912164,196,4,1600,538,187,True,1603,2396.5858188431926
er,400,1544,3,8.0,369,3958858239,190,5,2000,504,177,True,1544,2396.5858188431926
er,400,1571,3,8.0,370,1981844008,200,5,2000,537,174,True,1571,2396.5858188431926
er,400,1585,3,8.0,371,3591257832,206,8,3200,544,164,True,1585,2396.5858188431926
er,400,1557,3,8.0,372,994772800,182,6,2400,505,174,True,1557,2396.5858188431926
er,400,1586,3,8.0,373,1493515407,182,4,1600,504,179,True,1586,2396.5858188431926
er,400,1613,3,8.0,374,4154063076,205,6,2400,525,173,True,1613,2396.5858188431926
er,400,1667,3,8.0,375,824888882,200,5,2000,533,182,True,1667,2396.5858188431926
er,400,1606,3,8.0,376,192260093,186,5,2000,527,185,True,1606,2396.5858188431926
er,400,1558,3,8.0,377,326422898,210,5,2000,521,163,True,1558,2396.5858188431926
er,400,1675,3,8.0,378,87717736,191,5,2000,513,184,True,1675,2396.5858188431926
er,400,1620,3,8.0,379,1352046255,202,7,2800,541,175,True,1620,2396.5858188431926
er,400,1575,3,8.0,380,89306153,190,5,2000,519,157,True,1575,2396.5858188431926
er,400,1637,3,8.0,381,3733688059,178,6,2400,542,182,True,1637,2396.5858188431926
er,400,1552,3,8.0,382,2332605000,202,5,2000,516,156,True,1552,2396.5858188431926
er,400,1618,3,8.0,383,3365384740,218,7,2800,544,168,True,1618,2396.5858188431926
er,400,1614,3,8.0,384,2029684301,182,5,2000,519,180,True,1614,2396.5858188431926
er,400,1621,3,8.0,385,3437159200,184,5,2000,544,184,True,1621,2396.5858188431926
er,400,1600,3,8.0,386,124208910,181,5,2000,522,194,True,1600,2396.5858188431926
er,400,1644,3,8.0,387,3226451886,210,6,2400,547,166,True,1644,2396.5858188431926
er,400,1627,3,8.0,388,748567353,175,4,1600,532,177,True,1627,2396.5858188431926
er,400,1610,3,8.0,389,3596769015,201,4,1600,540,166,True,1610,2396.5858188431926
er,400,1577,3,8.0,390,2351860957,184,5,2000,503,172,True,1577,2396.5858188431926
er,400,1621,3,8.0,391,3592244484,175,5,2000,528,192,True,1621,2396.5858188431926
er,400,1606,3,8.0,392,1577443385,183,5,2000,514,167,True,1606,2396.5858188431926
er,400,1612,3,8.0,393,3401068025,188,4,1600,537,189,True,1612,2396.5858188431926
er,400,1541,3,8.0,394,3419169758,196,5,2000,508,160,True,1541,2396.5858188431926
er,400,1643,3,8.0,395,1299057673,201,8,3200,536,179,True,1643,2396.5858188431926
er,400,1628,3,8.0,396,486716258,182,6,2400,540,185,True,1628,2396.5858188431926
er,400,1606,3,8.0,397,3055364112,181,5,2000,538,183,True,1606,2396.5858188431926
er,400,1668,3,8.0,398,396474089,194,5,2000,580,194,True,1668,2396.5858188431926
er,400,1605,3,8.0,399,2493010116,174,4,1600,535,180,True,1605,2396.5858188431926
er,400,1620,3,8.0,400,3890194338,187,4,1600,542,194,True,1620,2396.5858188431926
er,400,1585,3,8.0,401,2123952163,200,4,1600,554,167,True,1585,2396.5858188431926
er,400,1579,3,8.0,402,3097618205,204,5,2000,539,173,True,1579,2396.5858188431926
er,400,1595,3,8.0,403,2207834149,174,6,2400,498,176,True,1595,2396.5858188431926
er,400,1556,3,8.0,404,228374771,189,5,2000,506,175,True,1556,2396.5858188431926
er,400,1624,3,8.0,405,174072549,197,5,2000,569,187,True,1624,2396.5858188431926
er,400,1582,3,8.0,406,336465727,194,4,1600,524,169,True,1582,2396.5858188431926
er,400,1560,3,8.0,407,3080889808,202,6,2400,521,169,True,1560,2396.5858188431926
er,400,1589,3,8.0,408,2454751153,197,6,2400,501,170,True,1589,2396.5858188431926
er,400,1624,3,8.0,409,3696885151,187,5,2000,538,189,True,1624,2396.5858188431926
er,400,1654,3,8.0,410,1027651945,208,6,2400,563,187,True,1654,2396.5858188431926
er,400,1580,3,8.0,411,1493702451,203,5,2000,550,173,True,1580,2396.5858188431926
er,400,1531,3,8.0,412,2978570483,185,5,2000,523,177,True,1531,2396.5858188431926
er,400,1584,3,8.0,413,3881328701,189,6,2400,525,172,True,1584,2396.5858188431926
er,400,1653,3,8.0,414,1759288025,217,5,2000,569,183,True,1653,2396.5858188431926
er,400,1607,3,8.0,415,1997341751,168,4,1600,494,184,True,1607,2396.5858188431926
er,400,1540,3,8.0,416,1337837831,190,5,2000,503,160,True,1540,2396.5858188431926
er,400,1613,3,8.0,417,1889217860,174,4,1600,523,193,True,1613,2396.5858188431926
er,400,1642,3,8.0,418,2565513998,183,3,1200,556,197,True,1642,2396.5858188431926
er,400,1585,3,8.0,419,3981684785,195,6,2400,540,173,True,1585,2396.5858188431926
er,400,1564,3,8.0,420,923094412,196,5,2000,523,169,True,1564,2396.5858188431926
er,400,1631,3,8.0,421,2749862778,190,5,2000,544,197,True,1631,2396.5858188431926
er,400,1652,3,8.0,422,3495720120,217,4,1600,600,184,True,1652,2396.5858188431926
er,400,1601,3,8.0,423,2266363440,206,6,2400,522,170,True,1601,2396.5858188431926
er,400,1667,3,8.0,424,2027846095,199,6,2400,545,171,True,1667,2396.5858188431926
er,400,1542,3,8.0,425,3073736242,202,4,1600,544,171,True,1542,2396.5858188431926
er,400,1602,3,8.0,426,2189415737,206,6,2400,553,164,True,1602,2396.5858188431926
er,400,1594,3,8.0,427,1967664865,203,5,2000,526,170,True,1594,2396.5858188431926
er,400,1571,3,8.0,428,260503795,198,6,2400,505,160,True,1571,2396.5858188431926
er,400,1557,3,8.0,429,609966402,185,6,2400,524,164,True,1557,2396.5858188431926
er,400,1597,3,8.0,430,2576976233,187,5,2000,524,178,True,1597,2396.5858188431926
er,400,1610,3,8.0,431,2173473255,184,5,2000,554,184,True,1610,2396.5858188431926
er,400,1560,3,8.0,432,282917933,199,4,1600,515,159,True,1560,2396.5858188431926
er,400,1550,3,8.0,433,870007542,183,4,1600,524,181,True,1550,2396.5858188431926
er,400,1656,3,8.0,434,2051253366,197,5,2000,548,188,True,1656,2396.5858188431926
er,400,1601,3,8.0,435,2655441395,199,4,1600,560,181,True,1601,2396.5858188431926
er,400,1612,3,8.0,436,487152434,190,6,2400,526,173,True,1612,2396.5858188431926
er,400,1643,3,8.0,437,3522319530,184,6,2400,533,190,True,1643,2396.5858188431926
er,400,1607,3,8.0,438,3062896588,210,4,1600,544,182,True,1607,2396.5858188431926
er,400,1591,3,8.0,439,500040583,203,8,3200,530,159,True,1591,2396.5858188431926
er,400,1602,3,8.0,440,1359194841,201,5,2000,516,172,True,1602,2396.5858188431926
er,400,1625,3,8.0,441,65635332,185,5,2000,520,175,True,1625,2396.5858188431926
er,400,1600,3,8.0,442,1459587901,186,4,1600,523,188,True,1600,2396.5858188431926
er,400,1532,3,8.0,443,982499964,217,7,2800,499,150,True,1532,2396.5858188431926
er,400,1598,3,8.0,444,3827774565,184,4,1600,554,189,True,1598,2396.5858188431926
er,400,1705,3,8.0,445,3744391270,189,5,2000,587,196,True,1705,2396.5858188431926
er,400,1610,3,8.0,446,26597640,195,5,2000,530,183,True,1610,2396.5858188431926
er,400,1580,3,8.0,447,2765001708,198,5,2000,507,152,True,1580,2396.5858188431926
er,400,1644,3,8.0,448,349900210,193,7,2800,547,198,True,1644,2396.5858188431926
er,400,1640,3,8.0,449,925042376,209,4,1600,598,180,True,1640,2396.5858188431926
er,400,1582,3,8.0,450,3041711139,174,4,1600,515,177,True,1582,2396.5858188431926
er,400,1573,3,8.0,451,947988134,179,4,1600,515,181,True,1573,2396.5858188431926
er,400,1556,3,8.0,452,2392357845,175,3,1200,504,173,True,1556,2396.5858188431926
er,400,1619,3,8.0,453,1769031773,208,6,2400,551,176,True,1619,2396.5858188431926
er,400,1606,3,8.0,454,2474824072,199,7,2800,545,176,True,1606,2396.5858188431926
er,400,1639,3,8.0,455,1248104313,186,4,1600,553,191,True,1639,2396.5858188431926
er,400,1624,3,8.0,456,2393836267,173,6,2400,494,170,True,1624,2396.5858188431926
er,400,1639,3,8.0,457,3484322807,180,6,2400,546,185,True,1639,2396.5858188431926
er,400,1615,3,8.0,458,2102860761,157,4,1600,492,200,True,1615,2396.5858188431926
er,400,1673,3,8.0,459,2122038044,204,5,2000,572,186,True,1673,2396.5858188431926
er,400,1584,3,8.0,460,795434765,192,4,1600,534,181,True,1584,2396.5858188431926
er,400,1637,3,8.0,461,2001178880,213,5,2000,590,182,True,1637,2396.5858188431926
er,400,1577,3,8.0,462,272683103,185,5,2000,491,160,True,1577,2396.5858188431926
er,400,1597,3,8.0,463,3165639385,191,4,1600,536,190,True,1597,2396.5858188431926
er,400,1562,3,8.0,464,1100577609,187,5,2000,497,165,True,1562,2396.5858188431926
er,400,1640,3,8.0,465,3235784652,195,6,2400,557,183,True,1640,2396.5858188431926
er,400,1530,3,8.0,466,1110937658,201,4,1600,541,154,True,1530,2396.5858188431926
er,400,1616,3,8.0,467,2235354050,191,6,2400,539,185,True,1616,2396.5858188431926
er,400,1582,3,8.0,468,3556013686,198,4,1600,548,169,True,1582,2396.5858188431926
er,400,1661,3,8.0,469,3352960080,198,5,2000,588,189,True,1661,2396.5858188431926
er,400,1502,3,8.0,470,2629690941,198,5,2000,507,155,True,1502,2396.5858188431926
er,400,1572,3,8.0,471,3599375725,217,6,2400,549,162,True,1572,2396.5858188431926
er,400,1696,3,8.0,472,1494259030,183,6,2400,532,201,True,1696,2396.5858188431926
er,400,1666,3,8.0,473,696827237,193,5,2000,555,178,True,1666,2396.5858188431926
er,400,1608,3,8.0,474,4110400601,186,5,2000,527,195,True,1608,2396.5858188431926
er,400,1618,3,8.0,475,2468862511,223,5,2000,550,171,True,1618,2396.5858188431926
er,400,1592,3,8.0,476,890873541,192,5,2000,567,190,True,1592,2396.5858188431926
er,400,1569,3,8.0,477,794942899,218,6,2400,557,150,True,1569,2396.5858188431926
er,400,1550,3,8.0,478,1219379266,202,6,2400,515,166,True,1550,2396.5858188431926
er,400,1570,3,8.0,479,2975057137,187,5,2000,514,177,True,1570,2396.5858188431926
er,400,1595,3,8.0,480,1648218517,187,4,1600,537,177,True,1595,2396.5858188431926
er,400,1556,3,8.0,481,1792461539,172,5,2000,491,169,True,1556,2396.5858188431926
er,400,1660,3,8.0,482,1534312622,184,4,1600,545,185,True,1660,2396.5858188431926
er,400,1658,3,8.0,483,3722362027,201,5,2000,552,175,True,1658,2396.5858188431926
er,400,1625,3,8.0,484,350428745,215,5,2000,579,175,True,1625,2396.5858188431926
er,400,1610,3,8.0,485,2010013047,207,6,2400,539,171,True,1610,2396.5858188431926
er,400,1596,3,8.0,486,3542931443,170,4,1600,525,196,True,1596,2396.5858188431926
er,400,1530,3,8.0,487,3754001341,173,4,1600,527,193,True,1530,2396.5858188431926
er,400,1659,3,8.0,488,3101050222,196,6,2400,514,188,True,1659,2396.5858188431926
er,400,1592,3,8.0,489,3845144008,188,4,1600,527,171,True,1592,2396.5858188431926
er,400,1531,3,8.0,490,1415003897,207,4,1600,540,172,True,1531,2396.5858188431926
er,400,1562,3,8.0,491,3650329834,170,4,1600,488,176,True,1562,2396.5858188431926
er,400,1632,3,8.0,492,1142269066,205,5,2000,548,193,True,1632,2396.5858188431926
er,400,1607,3,8.0,493,3793159761,195,6,2400,514,167,True,1607,2396.5858188431926
er,400,1570,3,8.0,494,1559038629,185,5,2000,510,168,True,1570,2396.5858188431926
er,400,1640,3,8.0,495,1215714752,203,5,2000,546,166,True,1640,2396.5858188431926
er,400,1587,3,8.0,496,3875313511,201,7,2800,513,168,True,1587,2396.5858188431926
er,400,1591,3,8.0,497,3947749960,191,5,2000,524,168,True,1591,2396.5858188431926
er,400,1607,3,8.0,498,869579624,183,5,2000,528,173,True,1607,2396.5858188431926
er,400,1564,3,8.0,499,1455204285,207,5,2000,525,145,True,1564,2396.5858188431926
er,400,1581,3,8.0,500,3894618035,186,5,2000,543,179,True,1581,2396.5858188431926
er,400,1588,3,8.0,501,852842994,184,5,2000,524,179,True,1588,2396.5858188431926
er,400,1613,3,8.0,502,3834307005,198,6,2400,561,182,True,1613,2396.5858188431926
er,400,1654,3,8.0,503,2895421982,209,5,2000,578,192,True,1654,2396.5858188431926
er,400,1661,3,8.0,504,1622299831,175,4,1600,554,209,True,1661,2396.5858188431926
er,400,1616,3,8.0,505,972891551,184,5,2000,546,179,True,1616,2396.5858188431926
er,400,1558,3,8.0,506,3353104030,207,6,2400,556,177,True,1558,2396.5858188431926
er,400,1628,3,8.0,507,2952236722,215,5,2000,558,169,True,1628,2396.5858188431926
er,400,1617,3,8.0,508,4133319538,209,5,2000,556,166,True,1617,2396.5858188431926
er,400,1589,3,8.0,509,3069475465,195,5,2000,552,173,True,1589,2396.5858188431926
er,400,1587,3,8.0,510,3737003573,162,3,1200,511,185,True,1587,2396.5858188431926
er,400,1588,3,8.0,511,3649859312,199,4,1600,534,171,True,1588,2396.5858188431926
er,400,1567,3,8.0,512,3190436375,202,5,2000,533,165,True,1567,2396.5858188431926
er,400,1605,3,8.0,513,4112055066,204,5,2000,542,177,True,1605,2396.5858188431926
er,400,1580,3,8.0,514,1220902178,173,5,2000,481,174,True,1580,2396.5858188431926
er,400,1619,3,8.0,515,716330828,190,5,2000,526,177,True,1619,2396.5858188431926
er,400,1571,3,8.0,516,3401022815,192,4,1600,523,174,True,1571,2396.5858188431926
er,400,1663,3,8.0,517,2787510946,210,7,2800,582,179,True,1663,2396.5858188431926
er,400,1521,3,8.0,518,2155208704,182,4,1600,512,171,True,1521,2396.5858188431926
er,400,1547,3,8.0,519,980811641,195,4,1600,504,151,True,1547,2396.5858188431926
er,400,1514,3,8.0,520,1431346828,190,5,2000,507,156,True,1514,2396.5858188431926
er,400,1580,3,8.0,521,3181235177,220,5,2000,553,160,True,1580,2396.5858188431926
er,400,1644,3,8.0,522,3352913296,224,5,2000,570,165,True,1644,2396.5858188431926
er,400,1612,3,8.0,523,1635264885,188,4,1600,528,187,True,1612,2396.5858188431926
er,400,1554,3,8.0,524,1242115896,176,4,1600,503,173,True,1554,2396.5858188431926
er,400,1556,3,8.0,525,3094204973,192,5,2000,512,166,True,1556,2396.5858188431926
er,400,1574,3,8.0,526,2687622969,178,4,1600,512,164,True,1574,2396.5858188431926
er,400,1629,3,8.0,527,1496277304,179,4,1600,551,192,True,1629,2396.5858188431926
er,400,1601,3,8.0,528,217135463,184,6,2400,487,168,True,1601,2396.5858188431926
er,400,1566,3,8.0,529,338708999,206,5,2000,549,170,True,1566,2396.5858188431926
er,400,1603,3,8.0,530,1687510024,176,5,2000,528,200,True,1603,2396.5858188431926
er,400,1616,3,8.0,531,3702413598,198,8,3200,569,183,True,1616,2396.5858188431926
er,400,1615,3,8.0,532,950225226,190,6,2400,525,171,True,1615,2396.5858188431926
er,400,1618,3,8.0,533,735892689,191,5,2000,543,164,True,1618,2396.5858188431926
er,400,1584,3,8.0,534,2729144224,168,3,1200,511,188,True,1584,2396.5858188431926
er,400,1577,3,8.0,535,1060676872,180,7,2800,499,186,True,1577,2396.5858188431926
er,400,1597,3,8.0,536,3712298121,203,5,2000,535,173,True,1597,2396.5858188431926
er,400,1590,3,8.0,537,3246905129,205,7,2800,563,175,True,1590,2396.5858188431926
er,400,1555,3,8.0,538,2652802277,195,5,2000,529,166,True,1555,2396.5858188431926
er,400,1581,3,8.0,539,311782061,188,4,1600,543,185,True,1581,2396.5858188431926
er,400,1602,3,8.0,540,4173990099,184,4,1600,506,176,True,1602,2396.5858188431926
er,400,1610,3,8.0,541,2553668942,206,7,2800,531,172,True,1610,2396.5858188431926
er,400,1682,3,8.0,542,4111989609,209,6,2400,545,178,True,1682,2396.5858188431926
er,400,1624,3,8.0,543,2218999635,206,6,2400,549,173,True,1624,2396.5858188431926
er,400,1567,3,8.0,544,320065244,200,6,2400,550,172,True,1567,2396.5858188431926
er,400,1603,3,8.0,545,896685043,196,5,2000,529,174,True,1603,2396.5858188431926
er,400,1593,3,8.0,546,2071426382,201,5,2000,543,167,True,1593,2396.5858188431926
er,400,1596,3,8.0,547,80765616,181,5,2000,505,168,True,1596,2396.5858188431926
er,400,1617,3,8.0,548,278375002,190,6,2400,536,178,True,1617,2396.5858188431926
er,400,1563,3,8.0,549,351339501,179,4,1600,542,175,True,1563,2396.5858188431926
er,400,1582,3,8.0,550,1397229587,191,4,1600,529,170,True,1582,2396.5858188431926
er,400,1558,3,8.0,551,1420874872,186,4,1600,521,174,True,1558,2396.5858188431926
er,400,1557,3,8.0,552,3963847655,198,4,1600,525,161,True,1557,2396.5858188431926
er,400,1661,3,8.0,553,2650999930,185,5,2000,514,193,True,1661,2396.5858188431926
er,400,1549,3,8.0,554,3794222427,178,4,1600,504,174,True,1549,2396.5858188431926
er,400,1561,3,8.0,555,917933585,163,5,2000,519,186,True,1561,2396.5858188431926
er,400,1552,3,8.0,556,1522162305,225,7,2800,549,156,True,1552,2396.5858188431926
er,400,1591,3,8.0,557,2096846491,198,6,2400,518,164,True,1591,2396.5858188431926
er,400,1592,3,8.0,558,3869712524,193,5,2000,534,174,True,1592,2396.5858188431926
er,400,1528,3,8.0,559,1052564521,195,8,3200,500,165,True,1528,2396.5858188431926
er,400,1544,3,8.0,560,3165617780,187,5,2000,530,167,True,1544,2396.5858188431926
er,400,1606,3,8.0,561,1757713903,186,6,2400,511,165,True,1606,2396.5858188431926
er,400,1650,3,8.0,562,3640198256,190,5,2000,553,179,True,1650,2396.5858188431926
er,400,1572,3,8.0,563,255086090,206,4,1600,529,160,True,1572,2396.5858188431926
er,400,1626,3,8.0,564,1267399998,209,6,2400,544,176,True,1626,2396.5858188431926
er,400,1619,3,8.0,565,2503642884,201,5,2000,546,179,True,1619,2396.5858188431926
er,400,1598,3,8.0,566,1763946161,181,4,1600,552,180,True,1598,2396.5858188431926
er,400,1691,3,8.0,567,3328849863,163,5,2000,531,206,True,1691,2396.5858188431926
er,400,1544,3,8.0,568,2038511281,206,5,2000,514,167,True,1544,2396.5858188431926
er,400,1647,3,8.0,569,2846631434,210,5,2000,551,179,True,1647,2396.5858188431926
er,400,1661,3,8.0,570,341415667,199,5,2000,584,196,True,1661,2396.5858188431926
er,400,1576,3,8.0,571,3496824294,183,4,1600,514,183,True,1576,2396.5858188431926
er,400,1568,3,8.0,572,3754630150,183,5,2000,508,164,True,1568,2396.5858188431926
er,400,1541,3,8.0,573,603297112,195,4,1600,531,166,True,1541,2396.5858188431926
er,400,1644,3,8.0,574,3247008029,213,5,2000,598,187,True,1644,2396.5858188431926
er,400,1542,3,8.0,575,4215280778,185,4,1600,513,169,True,1542,2396.5858188431926
er,400,1617,3,8.0,576,2034283643,214,5,2000,532,155,True,1617,2396.5858188431926
er,400,1572,3,8.0,577,2242763165,188,5,2000,530,172,True,1572,2396.5858188431926
er,400,1668,3,8.0,578,331514519,182,4,1600,564,185,True,1668,2396.5858188431926
er,400,1586,3,8.0,579,828474776,181,5,2000,521,172,True,1586,2396.5858188431926
er,400,1631,3,8.0,580,3644634596,204,5,2000,563,183,True,1631,2396.5858188431926
er,400,1612,3,8.0,581,887265188,187,4,1600,523,166,True,1612,2396.5858188431926
er,400,1554,3,8.0,582,2054040140,204,5,2000,530,165,True,1554,2396.5858188431926
er,400,1590,3,8.0,583,2616811768,194,4,1600,539,168,True,1590,2396.5858188431926
er,400,1687,3,8.0,584,3590466601,209,5,2000,552,185,True,1687,2396.5858188431926
er,400,1583,3,8.0,585,4065504267,207,5,2000,547,161,True,1583,2396.5858188431926
er,400,1566,3,8.0,586,3018358513,187,6,2400,529,174,True,1566,2396.5858188431926
er,400,1585,3,8.0,587,274439879,186,6,2400,509,182,True,1585,2396.5858188431926
er,400,1531,3,8.0,588,2333936350,193,4,1600,522,171,True,1531,2396.5858188431926
er,400,1613,3,8.0,589,4247865599,196,5,2000,523,183,True,1613,2396.5858188431926
er,400,1634,3,8.0,590,4214319006,206,7,2800,537,160,True,1634,2396.5858188431926
er,400,1621,3,8.0,591,1686081249,208,5,2000,541,172,True,1621,2396.5858188431926
er,400,1622,3,8.0,592,2947229955,181,6,2400,528,183,True,1622,2396.5858188431926
er,400,1488,3,8.0,593,858066990,190,4,1600,488,159,True,1488,2396.5858188431926
er,400,1592,3,8.0,594,1583982097,211,4,1600,560,180,True,1592,2396.5858188431926
er,400,1614,3,8.0,595,1941423147,186,5,2000,528,188,True,1614,2396.5858188431926
er,400,1595,3,8.0,596,3718658762,194,6,2400,508,175,True,1595,2396.5858188431926
er,400,1620,3,8.0,597,109133958,198,5,2000,542,195,True,1620,2396.5858188431926
er,400,1575,3,8.0,598,671772807,202,4,1600,562,179,True,1575,2396.5858188431926
er,400,1589,3,8.0,599,1510965834,190,4,1600,531,192,True,1589,2396.5858188431926
er,400,1651,3,8.0,600,1451242787,222,6,2400,580,182,True,1651,2396.5858188431926
er,400,1636,3,8.0,601,3119694620,186,7,2800,540,206,True,1636,2396.5858188431926
er,400,1712,3,8.0,602,3145128151,203,4,1600,552,180,True,1712,2396.5858188431926
er,400,1645,3,8.0,603,2796685471,202,5,2000,564,183,True,1645,2396.5858188431926
er,400,1565,3,8.0,604,2574509942,204,6,2400,521,170,True,1565,2396.5858188431926
er,400,1551,3,8.0,605,3218403781,200,4,1600,546,170,True,1551,2396.5858188431926
er,400,1551,3,8.0,606,2662207536,172,4,1600,514,177,True,1551,2396.5858188431926
er,400,1517,3,8.0,607,2510140908,176,5,2000,497,166,True,1517,2396.5858188431926
er,400,1569,3,8.0,608,3565539325,201,7,2800,547,174,True,1569,2396.5858188431926
er,400,1642,3,8.0,609,1583593626,194,7,2800,547,185,True,1642,2396.5858188431926
er,400,1605,3,8.0,610,4212174220,197,5,2000,546,191,True,1605,2396.5858188431926
er,400,1519,3,8.0,611,2985579496,191,4,1600,505,167,True,1519,2396.5858188431926
er,400,1541,3,8.0,612,1954162666,206,7,2800,521,160,True,1541,2396.5858188431926
er,400,1630,3,8.0,613,705790630,174,5,2000,521,186,True,1630,2396.5858188431926
er,400,1620,3,8.0,614,3516923133,188,5,2000,546,186,True,1620,2396.5858188431926
er,400,1587,3,8.0,615,3277643564,190,5,2000,548,182,True,1587,2396.5858188431926
er,400,1635,3,8.0,616,3404426735,209,5,2000,546,164,True,1635,2396.5858188431926
er,400,1554,3,8.0,617,4050224705,199,6,2400,517,181,True,1554,2396.5858188431926
er,400,1607,3,8.0,618,2201423141,204,5,2000,570,174,True,1607,2396.5858188431926
er,400,1578,3,8.0,619,1017487950,192,4,1600,527,167,True,1578,2396.5858188431926
er,400,1590,3,8.0,620,555969839,205,5,2000,538,164,True,1590,2396.5858188431926
er,400,1568,3,8.0,621,3008236982,211,5,2000,537,161,True,1568,2396.5858188431926
er,400,1567,3,8.0,622,755078191,182,4,1600,507,175,True,1567,2396.5858188431926
er,400,1552,3,8.0,623,1507351299,219,6,2400,520,153,True,1552,2396.5858188431926
er,400,1730,3,8.0,624,4182460454,203,6,2400,550,186,True,1730,2396.5858188431926
er,400,1699,3,8.0,625,362757368,207,5,2000,600,196,True,1699,2396.5858188431926
er,400,1591,3,8.0,626,343525593,204,5,2000,560,167,True,1591,2396.5858188431926
er,400,1624,3,8.0,627,2874955896,189,7,2800,536,177,True,1624,2396.5858188431926
er,400,1604,3,8.0,628,1873907047,203,6,2400,540,160,True,1604,2396.5858188431926
er,400,1649,3,8.0,629,1019210319,193,5,2000,539,188,True,1649,2396.5858188431926
er,400,1635,3,8.0,630,1850337001,176,5,2000,520,189,True,1635,2396.5858188431926
er,400,1609,3,8.0,631,1040205657,175,4,1600,554,189,True,1609,2396.5858188431926
er,400,1506,3,8.0,632,2240909738,187,5,2000,507,160,True,1506,2396.5858188431926
er,400,1569,3,8.0,633,1036112061,192,4,1600,556,185,True,1569,2396.5858188431926
er,400,1605,3,8.0,634,1684947829,192,6,2400,544,184,True,1605,2396.5858188431926
er,400,1593,3,8.0,635,1473814768,199,5,2000,568,174,True,1593,2396.5858188431926
er,400,1590,3,8.0,636,3071001763,213,5,2000,565,175,True,1590,2396.5858188431926
er,400,1630,3,8.0,637,2773051047,211,6,2400,532,177,True,1630,2396.5858188431926
er,400,1615,3,8.0,638,1944719148,184,4,1600,556,178,True,1615,2396.5858188431926
er,400,1597,3,8.0,639,499306477,194,8,3200,513,165,True,1597,2396.5858188431926
er,400,1597,3,8.0,640,7219175,200,5,2000,518,167,True,1597,2396.5858188431926
er,400,1610,3,8.0,641,2343548499,216,6,2400,567,170,True,1610,2396.5858188431926
er,400,1560,3,8.0,642,2312061339,164,4,1600,505,187,True,1560,2396.5858188431926
er,400,1611,3,8.0,643,3278394622,202,5,2000,542,169,True,1611,2396.5858188431926
er,400,1603,3,8.0,644,4090657372,200,5,2000,561,169,True,1603,2396.5858188431926
er,400,1616,3,8.0,645,2677961188,189,8,3200,530,181,True,1616,2396.5858188431926
er,400,1585,3,8.0,646,2808275794,206,5,2000,549,178,True,1585,2396.5858188431926
er,400,1658,3,8.0,647,4198433769,178,4,1600,505,177,True,1658,2396.5858188431926
er,400,1610,3,8.0,648,322912656,194,5,2000,521,167,True,1610,2396.5858188431926
er,400,1565,3,8.0,649,2882323802,195,5,2000,526,164,True,1565,2396.5858188431926
er,400,1620,3,8.0,650,3416440071,214,5,2000,549,161,True,1620,2396.5858188431926
er,400,1618,3,8.0,651,1988747545,197,5,2000,548,188,True,1618,2396.5858188431926
er,400,1578,3,8.0,652,585583703,164,5,2000,498,200,True,1578,2396.5858188431926
er,400,1579,3,8.0,653,2958994286,199,5,2000,530,177,True,1579,2396.5858188431926
er,400,1580,3,8.0,654,2177828929,208,6,2400,538,188,True,1580,2396.5858188431926
er,400,1575,3,8.0,655,1027651823,211,4,1600,560,179,True,1575,2396.5858188431926
er,400,1566,3,8.0,656,3823183359,193,5,2000,533,169,True,1566,2396.5858188431926
er,400,1618,3,8.0,657,4112740896,196,6,2400,529,187,True,1618,2396.5858188431926
er,400,1580,3,8.0,658,603518554,179,4,1600,515,181,True,1580,2396.5858188431926
er,400,1548,3,8.0,659,703294244,202,4,1600,523,173,True,1548,2396.5858188431926
er,400,1586,3,8.0,660,1327502632,180,4,1600,527,179,True,1586,2396.5858188431926
er,400,1529,3,8.0,661,65250380,190,4,1600,521,173,True,1529,2396.5858188431926
er,400,1594,3,8.0,662,3688423992,205,4,1600,554,176,True,1594,2396.5858188431926
er,400,1561,3,8.0,663,1266501699,191,5,2000,514,158,True,1561,2396.5858188431926
er,400,1612,3,8.0,664,4282190934,220,5,2000,595,182,True,1612,2396.5858188431926
er,400,1566,3,8.0,665,3652005726,177,5,2000,538,189,True,1566,2396.5858188431926
er,400,1619,3,8.0,666,511827862,189,4,1600,521,182,True,1619,2396.5858188431926
er,400,1656,3,8.0,667,1415119529,176,5,2000,527,194,True,1656,2396.5858188431926
er,400,1567,3,8.0,668,2091278280,202,5,2000,539,164,True,1567,2396.5858188431926
er,400,1605,3,8.0,669,3848556681,202,5,2000,550,175,True,1605,2396.5858188431926
er,400,1563,3,8.0,670,3077239236,202,4,1600,507,150,True,1563,2396.5858188431926
er,400,1550,3,8.0,671,1561038401,184,4,1600,523,154,True,1550,2396.5858188431926
er,400,1584,3,8.0,672,2990149265,173,4,1600,514,177,True,1584,2396.5858188431926
er,400,1546,3,8.0,673,1844085563,183,4,1600,501,165,True,1546,2396.5858188431926
er,400,1632,3,8.0,674,864685916,191,5,2000,550,179,True,1632,2396.5858188431926
er,400,1592,3,8.0,675,1938010810,190,5,2000,528,184,True,1592,2396.5858188431926
er,400,1621,3,8.0,676,2782580805,193,5,2000,567,178,True,1621,2396.5858188431926
er,400,1613,3,8.0,677,2846814835,218,6,2400,549,177,True,1613,2396.5858188431926
er,400,1591,3,8.0,678,2824810432,195,7,2800,540,180,True,1591,2396.5858188431926
er,400,1640,3,8.0,679,2809483239,190,6,2400,527,181,True,1640,2396.5858188431926
er,400,1634,3,8.0,680,1275210369,200,6,2400,536,177,True,1634,2396.5858188431926
er,400,1600,3,8.0,681,1071410892,206,6,2400,565,172,True,1600,2396.5858188431926
er,400,1549,3,8.0,682,1450330075,185,6,2400,495,163,True,1549,2396.5858188431926
er,400,1512,3,8.0,683,3882056603,182,5,2000,475,158,True,1512,2396.5858188431926
er,400,1573,3,8.0,684,1147348153,192,6,2400,524,173,True,1573,2396.5858188431926
er,400,1572,3,8.0,685,634783149,192,4,1600,523,176,True,1572,2396.5858188431926
er,400,1642,3,8.0,686,2994917160,196,6,2400,541,185,True,1642,2396.5858188431926
er,400,1560,3,8.0,687,2069776833,178,5,2000,497,163,True,1560,2396.5858188431926
er,400,1611,3,8.0,688,2838194442,208,6,2400,565,171,True,1611,2396.5858188431926
er,400,1543,3,8.0,689,338183705,176,6,2400,521,194,True,1543,2396.5858188431926
er,400,1577,3,8.0,690,3552905207,197,8,3200,545,168,True,1577,2396.5858188431926
er,400,1673,3,8.0,691,1374293823,190,5,2000,551,196,True,1673,2396.5858188431926
er,400,1546,3,8.0,692,426029024,200,5,2000,547,168,True,1546,2396.5858188431926
er,400,1617,3,8.0,693,2802225772,183,6,2400,524,187,True,1617,2396.5858188431926
er,400,1684,3,8.0,694,4175796695,183,4,1600,541,189,True,1684,2396.5858188431926
er,400,1621,3,8.0,695,2206300476,208,5,2000,543,181,True,1621,2396.5858188431926
er,400,1592,3,8.0,696,3199281314,187,5,2000,530,184,True,1592,2396.5858188431926
er,400,1592,3,8.0,697,3485386099,180,4,1600,512,164,True,1592,2396.5858188431926
er,400,1605,3,8.0,698,2916683268,189,6,2400,528,179,True,1605,2396.5858188431926
er,400,1541,3,8.0,699,2043112791,193,5,2000,532,176,True,1541,2396.5858188431926
er,400,1676,3,8.0,700,3047538786,204,6,2400,547,179,True,1676,2396.5858188431926
er,400,1600,3,8.0,701,3521989166,192,5,2000,545,183,True,1600,2396.5858188431926
er,400,1582,3,8.0,702,1617959773,192,5,2000,523,159,True,1582,2396.5858188431926
er,400,1648,3,8.0,703,666932652,204,4,1600,553,189,True,1648,2396.5858188431926
er,400,1612,3,8.0,704,195812415,201,5,2000,521,169,True,1612,2396.5858188431926
er,400,1522,3,8.0,705,526185991,185,4,1600,512,172,True,1522,2396.5858188431926
er,400,1684,3,8.0,706,3788971706,199,6,2400,555,190,True,1684,2396.5858188431926
er,400,1572,3,8.0,707,1971514237,196,4,1600,533,176,True,1572,2396.5858188431926
er,400,1592,3,8.0,708,1384001154,189,7,2800,520,167,True,1592,2396.5858188431926
er,400,1614,3,8.0,709,2683962338,196,4,1600,551,189,True,1614,2396.5858188431926
er,400,1610,3,8.0,710,1995167594,207,6,2400,531,174,True,1610,2396.5858188431926
er,400,1624,3,8.0,711,3327675112,190,5,2000,526,185,True,1624,2396.5858188431926
er,400,1612,3,8.0,712,1207344785,186,5,2000,523,176,True,1612,2396.5858188431926
er,400,1614,3,8.0,713,522813258,206,5,2000,567,190,True,1614,2396.5858188431926
er,400,1606,3,8.0,714,4227505174,226,6,2400,563,170,True,1606,2396.5858188431926
er,400,1666,3,8.0,715,2072144318,210,5,2000,587,187,True,1666,2396.5858188431926
er,400,1643,3,8.0,716,76179532,210,6,2400,549,169,True,1643,2396.5858188431926
er,400,1618,3,8.0,717,631769112,198,5,2000,550,177,True,1618,2396.5858188431926
er,400,1670,3,8.0,718,2586490170,202,6,2400,576,181,True,1670,2396.5858188431926
er,400,1601,3,8.0,719,3710068682,178,5,2000,517,178,True,1601,2396.5858188431926
er,400,1652,3,8.0,720,3858549168,189,5,2000,542,200,True,1652,2396.5858188431926
er,400,1582,3,8.0,721,6657556,197,5,2000,528,157,True,1582,2396.5858188431926
er,400,1690,3,8.0,722,3158064492,191,6,2400,585,192,True,1690,2396.5858188431926
er,400,1628,3,8.0,723,234776157,203,5,2000,548,174,True,1628,2396.5858188431926
er,400,1593,3,8.0,724,3698138538,177,5,2000,513,183,True,1593,2396.5858188431926
er,400,1574,3,8.0,725,377803610,194,9,3600,549,178,True,1574,2396.5858188431926
er,400,1631,3,8.0,726,1564019118,195,5,2000,544,182,True,1631,2396.5858188431926
er,400,1568,3,8.0,727,3612080919,199,6,2400,525,173,True,1568,2396.5858188431926
er,400,1616,3,8.0,728,2117104948,194,4,1600,535,173,True,1616,2396.5858188431926
er,400,1577,3,8.0,729,901506596,174,6,2400,499,176,True,1577,2396.5858188431926
er,400,1590,3,8.0,730,3288007090,204,5,2000,539,170,True,1590,2396.5858188431926
er,400,1638,3,8.0,731,2048086440,187,6,2400,553,177,True,1638,2396.5858188431926
er,400,1543,3,8.0,732,2888600802,178,4,1600,516,169,True,1543,2396.5858188431926
er,400,1613,3,8.0,733,779324270,183,4,1600,522,186,True,1613,2396.5858188431926
er,400,1551,3,8.0,734,808848639,194,5,2000,499,164,True,1551,2396.5858188431926
er,400,1537,3,8.0,735,507767853,173,4,1600,475,167,True,1537,2396.5858188431926
er,400,1605,3,8.0,736,613658984,195,4,1600,545,183,True,1605,2396.5858188431926
er,400,1564,3,8.0,737,3236311274,202,5,2000,533,174,True,1564,2396.5858188431926
er,400,1590,3,8.0,738,1950871565,221,6,2400,560,180,True,1590,2396.5858188431926
er,400,1570,3,8.0,739,3989465214,187,5,2000,537,175,True,1570,2396.5858188431926
er,400,1596,3,8.0,740,2420022508,192,7,2800,548,174,True,1596,2396.5858188431926
er,400,1655,3,8.0,741,122385832,185,7,2800,521,185,True,1655,2396.5858188431926
er,400,1565,3,8.0,742,3521182493,194,7,2800,529,166,True,1565,2396.5858188431926
er,400,1561,3,8.0,743,2661633970,217,6,2400,549,164,True,1561,2396.5858188431926
er,400,1615,3,8.0,744,2941288228,190,5,2000,547,182,True,1615,2396.5858188431926
er,400,1635,3,8.0,745,2603072555,200,5,2000,545,183,True,1635,2396.5858188431926
er,400,1517,3,8.0,746,2323114141,204,4,1600,530,165,True,1517,2396.5858188431926
er,400,1678,3,8.0,747,4194453612,208,8,3200,545,181,True,1678,2396.5858188431926
er,400,1605,3,8.0,748,4089843879,184,5,2000,511,182,True,1605,2396.5858188431926
er,400,1602,3,8.0,749,1673668149,190,5,2000,537,171,True,1602,2396.5858188431926
er,400,1582,3,8.0,750,4035567464,198,5,2000,517,162,True,1582,2396.5858188431926
er,400,1582,3,8.0,751,3798633690,188,4,1600,510,171,True,1582,2396.5858188431926
er,400,1638,3,8.0,752,3136381462,178,7,2800,532,183,True,1638,2396.5858188431926
er,400,1559,3,8.0,753,563671121,203,4,1600,537,174,True,1559,2396.5858188431926
er,400,1632,3,8.0,754,3810367662,189,4,1600,518,176,True,1632,2396.5858188431926
er,400,1625,3,8.0,755,4157244951,200,6,2400,540,171,True,1625,2396.5858188431926
er,400,1601,3,8.0,756,1125009084,180,7,2800,502,167,True,1601,2396.5858188431926
er,400,1627,3,8.0,757,1001142219,206,5,2000,593,175,True,1627,2396.5858188431926
er,400,1504,3,8.0,758,2443475911,208,6,2400,535,163,True,1504,2396.5858188431926
er,400,1603,3,8.0,759,2258907340,196,6,2400,523,178,True,1603,2396.5858188431926
er,400,1574,3,8.0,760,4274925804,194,6,2400,504,164,True,1574,2396.5858188431926
er,400,1572,3,8.0,761,722478282,193,6,2400,519,169,True,1572,2396.5858188431926
er,400,1571,3,8.0,762,932288912,189,5,2000,529,168,True,1571,2396.5858188431926
er,400,1590,3,8.0,763,1215846664,213,5,2000,554,162,True,1590,2396.5858188431926
er,400,1661,3,8.0,764,2013428203,217,9,3600,539,170,True,1661,2396.5858188431926
er,400,1650,3,8.0,765,2068809625,199,6,2400,578,198,True,1650,2396.5858188431926
er,400,1667,3,8.0,766,2142484369,180,4,1600,550,186,True,1667,2396.5858188431926
er,400,1568,3,8.0,767,456212715,196,5,2000,557,171,True,1568,2396.5858188431926
er,400,1646,3,8.0,768,451159687,201,4,1600,560,173,True,1646,2396.5858188431926
er,400,1572,3,8.0,769,369761125,194,5,2000,528,162,True,1572,2396.5858188431926
er,400,1535,3,8.0,770,3607889511,187,5,2000,512,183,True,1535,2396.5858188431926
er,400,1578,3,8.0,771,1534092370,192,5,2000,534,172,True,1578,2396.5858188431926
er,400,1644,3,8.0,772,1674882367,208,5,2000,546,173,True,1644,2396.5858188431926
er,400,1524,3,8.0,773,2817974679,167,4,1600,455,163,True,1524,2396.5858188431926
er,400,1606,3,8.0,774,2626814529,166,6,2400,510,181,True,1606,2396.5858188431926
er,400,1501,3,8.0,775,3375662107,176,4,1600,501,163,True,1501,2396.5858188431926
er,400,1683,3,8.0,776,2474367282,206,5,2000,570,187,True,1683,2396.5858188431926
er,400,1578,3,8.0,777,707646238,182,5,2000,522,171,True,1578,2396.5858188431926
er,400,1624,3,8.0,778,3867010684,210,5,2000,547,168,True,1624,2396.5858188431926
er,400,1563,3,8.0,779,1896024733,172,5,2000,497,179,True,1563,2396.5858188431926
er,400,1621,3,8.0,780,3063133453,198,5,2000,550,182,True,1621,2396.5858188431926
er,400,1620,3,8.0,781,230507947,183,4,1600,526,181,True,1620,2396.5858188431926
er,400,1586,3,8.0,782,704320220,161,4,1600,514,188,True,1586,2396.5858188431926
er,400,1618,3,8.0,783,2061175146,191,6,2400,556,181,True,1618,2396.5858188431926
er,400,1587,3,8.0,784,1778987618,187,5,2000,522,184,True,1587,2396.5858188431926
er,400,1639,3,8.0,785,1497940429,202,6,2400,530,179,True,1639,2396.5858188431926
er,400,1532,3,8.0,786,2687539367,175,5,2000,493,167,True,1532,2396.5858188431926
er,400,1576,3,8.0,787,1848659260,169,4,1600,504,176,True,1576,2396.5858188431926
er,400,1552,3,8.0,788,841412532,205,4,1600,520,156,True,1552,2396.5858188431926
er,400,1620,3,8.0,789,4072558145,194,6,2400,556,186,True,1620,2396.5858188431926
er,400,1615,3,8.0,790,816719509,190,4,1600,522,176,True,1615,2396.5858188431926
er,400,1604,3,8.0,791,1404235076,196,5,2000,532,190,True,1604,2396.5858188431926
er,400,1635,3,8.0,792,1019309268,188,6,2400,555,192,True,1635,2396.5858188431926
er,400,1639,3,8.0,793,3374163625,180,4,1600,529,182,True,1639,2396.5858188431926
er,400,1614,3,8.0,794,2746231204,180,5,2000,541,172,True,1614,2396.5858188431926
er,400,1635,3,8.0,795,2485501374,208,5,2000,522,170,True,1635,2396.5858188431926
er,400,1602,3,8.0,796,1843349978,205,4,1600,542,169,True,1602,2396.5858188431926
er,400,1553,3,8.0,797,1517522612,175,4,1600,486,171,True,1553,2396.5858188431926
er,400,1667,3,8.0,798,3313171974,192,5,2000,557,181,True,1667,2396.5858188431926
er,400,1570,3,8.0,799,3119632337,200,6,2400,522,159,True,1570,2396.5858188431926
er,400,1660,3,8.0,800,3972841534,193,5,2000,542,174,True,1660,2396.5858188431926
er,400,1604,3,8.0,801,3517629201,202,8,3200,543,166,True,1604,2396.5858188431926
er,400,1529,3,8.0,802,1177991892,197,4,1600,557,167,True,1529,2396.5858188431926
er,400,1559,3,8.0,803,1647452891,197,6,2400,529,173,True,1559,2396.5858188431926
er,400,1552,3,8.0,804,8463686,169,4,1600,508,175,True,1552,2396.5858188431926
er,400,1605,3,8.0,805,781623061,207,5,2000,561,187,True,1605,2396.5858188431926
er,400,1642,3,8.0,806,4270781027,195,6,2400,567,193,True,1642,2396.5858188431926
er,400,1563,3,8.0,807,791936528,205,5,2000,525,168,True,1563,2396.5858188431926
er,400,1555,3,8.0,808,608371236,177,5,2000,492,156,True,1555,2396.5858188431926
er,400,1622,3,8.0,809,294715572,178,4,1600,515,188,True,1622,2396.5858188431926
er,400,1575,3,8.0,810,2293918738,210,5,2000,539,177,True,1575,2396.5858188431926
er,400,1639,3,8.0,811,3826402391,209,5,2000,583,184,True,1639,2396.5858188431926
er,400,1588,3,8.0,812,3938175467,198,4,1600,538,169,True,1588,2396.5858188431926
er,400,1531,3,8.0,813,1200274338,183,5,2000,504,159,True,1531,2396.5858188431926
er,400,1629,3,8.0,814,3233807646,202,8,3200,556,177,True,1629,2396.5858188431926
er,400,1625,3,8.0,815,3914076973,170,4,1600,507,193,True,1625,2396.5858188431926
er,400,1582,3,8.0,816,84568294,188,4,1600,549,188,True,1582,2396.5858188431926
er,400,1588,3,8.0,817,593112780,204,4,1600,517,181,True,1588,2396.5858188431926
er,400,1596,3,8.0,818,1535279799,187,4,1600,537,186,True,1596,2396.5858188431926
er,400,1572,3,8.0,819,2225694218,212,6,2400,558,177,True,1572,2396.5858188431926
er,400,1586,3,8.0,820,3496992716,200,4,1600,532,161,True,1586,2396.5858188431926
er,400,1561,3,8.0,821,811747581,186,5,2000,503,173,True,1561,2396.5858188431926
er,400,1649,3,8.0,822,2156235196,202,6,2400,566,179,True,1649,2396.5858188431926
er,400,1559,3,8.0,823,3677178192,203,6,2400,504,169,True,1559,2396.5858188431926
er,400,1593,3,8.0,824,545978178,199,5,2000,510,170,True,1593,2396.5858188431926
er,400,1590,3,8.0,825,436343606,188,4,1600,515,176,True,1590,2396.5858188431926
er,400,1602,3,8.0,826,1016659199,212,6,2400,577,175,True,1602,2396.5858188431926
er,400,1606,3,8.0,827,3711274390,186,4,1600,546,199,True,1606,2396.5858188431926
er,400,1591,3,8.0,828,2586047740,186,6,2400,533,187,True,1591,2396.5858188431926
er,400,1609,3,8.0,829,520431166,203,5,2000,547,180,True,1609,2396.5858188431926
er,400,1610,3,8.0,830,2025587018,191,6,2400,521,176,True,1610,2396.5858188431926
er,400,1652,3,8.0,831,1513550423,211,5,2000,556,178,True,1652,2396.5858188431926
er,400,1541,3,8.0,832,2423617176,190,5,2000,534,164,True,1541,2396.5858188431926
er,400,1557,3,8.0,833,1848731732,197,4,1600,541,161,True,1557,2396.5858188431926
er,400,1552,3,8.0,834,1700707254,183,4,1600,495,162,True,1552,2396.5858188431926
er,400,1634,3,8.0,835,928631363,180,5,2000,526,196,True,1634,2396.5858188431926
er,400,1611,3,8.0,836,146562900,204,6,2400,546,175,True,1611,2396.5858188431926
er,400,1627,3,8.0,837,2734079839,199,4,1600,558,179,True,1627,2396.5858188431926
er,400,1576,3,8.0,838,2522172863,183,5,2000,515,174,True,1576,2396.5858188431926
er,400,1571,3,8.0,839,4017713271,191,5,2000,542,175,True,1571,2396.5858188431926
er,400,1627,3,8.0,840,936956414,171,5,2000,515,200,True,1627,2396.5858188431926
er,400,1602,3,8.0,841,39333354,191,9,3600,540,182,True,1602,2396.5858188431926
er,400,1639,3,8.0,842,1800159192,197,4,1600,533,185,True,1639,2396.5858188431926
er,400,1616,3,8.0,843,375400075,208,5,2000,568,175,True,1616,2396.5858188431926
er,400,1635,3,8.0,844,1863568676,200,6,2400,543,189,True,1635,2396.5858188431926
er,400,1548,3,8.0,845,3071421417,201,6,2400,512,146,True,1548,2396.5858188431926
er,400,1702,3,8.0,846,2838451379,181,5,2000,530,212,True,1702,2396.5858188431926
er,400,1599,3,8.0,847,2921674782,204,5,2000,521,164,True,1599,2396.5858188431926
er,400,1565,3,8.0,848,4231348480,201,5,2000,549,150,True,1565,2396.5858188431926
er,400,1585,3,8.0,849,3650912725,192,8,3200,517,167,True,1585,2396.5858188431926
er,400,1613,3,8.0,850,1770698594,191,4,1600,534,177,True,1613,2396.5858188431926
er,400,1560,3,8.0,851,1817043552,188,6,2400,511,167,True,1560,2396.5858188431926
er,400,1677,3,8.0,852,98110888,191,5,2000,538,180,True,1677,2396.5858188431926
er,400,1646,3,8.0,853,2433199635,194,5,2000,544,183,True,1646,2396.5858188431926
er,400,1623,3,8.0,854,3599739089,193,4,1600,538,164,True,1623,2396.5858188431926
er,400,1649,3,8.0,855,2770370525,202,5,2000,554,185,True,1649,2396.5858188431926
er,400,1679,3,8.0,856,820409901,187,5,2000,532,197,True,1679,2396.5858188431926
er,400,1667,3,8.0,857,2973015501,212,5,2000,579,200,True,1667,2396.5858188431926
er,400,1542,3,8.0,858,1525824199,193,6,2400,504,172,True,1542,2396.5858188431926
er,400,1598,3,8.0,859,1473339867,165,5,2000,509,189,True,1598,2396.5858188431926
er,400,1671,3,8.0,860,4140528053,199,4,1600,551,190,True,1671,2396.5858188431926
er,400,1580,3,8.0,861,313333591,192,6,2400,517,165,True,1580,2396.5858188431926
er,400,1650,3,8.0,862,1187915508,200,6,2400,554,171,True,1650,2396.5858188431926
er,400,1566,3,8.0,863,4009401471,203,4,1600,548,170,True,1566,2396.5858188431926
er,400,1592,3,8.0,864,2175421480,190,5,2000,527,182,True,1592,2396.5858188431926
er,400,1639,3,8.0,865,385414099,186,4,1600,515,200,True,1639,2396.5858188431926
er,400,1627,3,8.0,866,2742363755,190,5,2000,532,180,True,1627,2396.5858188431926
er,400,1581,3,8.0,867,3491469461,192,5,2000,528,171,True,1581,2396.5858188431926
er,400,1567,3,8.0,868,268115613,193,4,1600,530,173,True,1567,2396.5858188431926
er,400,1622,3,8.0,869,2204374379,187,4,1600,516,179,True,1622,2396.5858188431926
er,400,1662,3,8.0,870,271050207,212,6,2400,560,187,True,1662,2396.5858188431926
er,400,1540,3,8.0,871,2504366027,201,5,2000,513,163,True,1540,2396.5858188431926
er,400,1623,3,8.0,872,1154082315,197,5,2000,592,186,True,1623,2396.5858188431926
er,400,1587,3,8.0,873,4028954041,200,4,1600,522,167,True,1587,2396.5858188431926
er,400,1605,3,8.0,874,3908520575,190,6,2400,531,167,True,1605,2396.5858188431926
er,400,1628,3,8.0,875,3384326439,195,6,2400,544,185,True,1628,2396.5858188431926
er,400,1624,3,8.0,876,1580746021,196,8,3200,537,189,True,1624,2396.5858188431926
er,400,1537,3,8.0,877,3256205094,197,6,2400,527,182,True,1537,2396.5858188431926
er,400,1586,3,8.0,878,3699453386,196,5,2000,510,168,True,1586,2396.5858188431926
er,400,1590,3,8.0,879,2094118151,200,5,2000,536,182,True,1590,2396.5858188431926
er,400,1624,3,8.0,880,462165993,188,6,2400,548,192,True,1624,2396.5858188431926
er,400,1631,3,8.0,881,1333967892,200,5,2000,557,186,True,1631,2396.5858188431926
er,400,1625,3,8.0,882,231612341,182,5,2000,518,191,True,1625,2396.5858188431926
er,400,1624,3,8.0,883,1520139654,189,4,1600,535,193,True,1624,2396.5858188431926
er,400,1521,3,8.0,884,3345915800,195,4,1600,547,170,True,1521,2396.5858188431926
er,400,1570,3,8.0,885,1055503038,185,5,2000,513,177,True,1570,2396.5858188431926
er,400,1612,3,8.0,886,3033586379,187,7,2800,511,185,True,1612,2396.5858188431926
er,400,1698,3,8.0,887,2316043175,212,5,2000,573,174,True,1698,2396.5858188431926
er,400,1616,3,8.0,888,1658680342,208,5,2000,549,176,True,1616,2396.5858188431926
er,400,1652,3,8.0,889,4153028337,194,5,2000,562,196,True,1652,2396.5858188431926
er,400,1571,3,8.0,890,1251483162,190,6,2400,523,164,True,1571,2396.5858188431926
er,400,1641,3,8.0,891,633470293,188,6,2400,528,189,True,1641,2396.5858188431926
er,400,1577,3,8.0,892,1360820166,182,5,2000,520,166,True,1577,2396.5858188431926
er,400,1632,3,8.0,893,1836249202,220,6,2400,555,169,True,1632,2396.5858188431926
er,400,1579,3,8.0,894,3311297869,194,5,2000,496,161,True,1579,2396.5858188431926
er,400,1643,3,8.0,895,4082224494,181,5,2000,531,177,True,1643,2396.5858188431926
er,400,1652,3,8.0,896,4241214295,208,7,2800,542,181,True,1652,2396.5858188431926
er,400,1604,3,8.0,897,3487864822,192,5,2000,548,178,True,1604,2396.5858188431926
er,400,1578,3,8.0,898,699051427,199,5,2000,527,168,True,1578,2396.5858188431926
er,400,1575,3,8.0,899,3074376830,190,4,1600,505,161,True,1575,2396.5858188431926
er,400,1538,3,8.0,900,1597651568,197,5,2000,525,163,True,1538,2396.5858188431926
er,400,1612,3,8.0,901,2603876504,195,4,1600,537,194,True,1612,2396.5858188431926
er,400,1591,3,8.0,902,294848028,187,4,1600,544,185,True,1591,2396.5858188431926
er,400,1558,3,8.0,903,2192720547,178,4,1600,491,176,True,1558,2396.5858188431926
er,400,1582,3,8.0,904,1190809218,185,6,2400,493,160,True,1582,2396.5858188431926
er,400,1538,3,8.0,905,1542179372,192,5,2000,521,169,True,1538,2396.5858188431926
er,400,1662,3,8.0,906,1759485469,193,4,1600,550,188,True,1662,2396.5858188431926
er,400,1627,3,8.0,907,1428844242,200,5,2000,562,175,True,1627,2396.5858188431926
er,400,1641,3,8.0,908,1908488132,206,5,2000,549,176,True,1641,2396.5858188431926
er,400,1617,3,8.0,909,2760379252,204,6,2400,572,182,True,1617,2396.5858188431926
er,400,1584,3,8.0,910,2809939610,173,6,2400,492,189,True,1584,2396.5858188431926
er,400,1604,3,8.0,911,3619764845,190,5,2000,512,176,True,1604,2396.5858188431926
er,400,1634,3,8.0,912,3539310900,214,8,3200,549,182,True,1634,2396.5858188431926
er,400,1691,3,8.0,913,3697990552,166,5,2000,532,193,True,1691,2396.5858188431926
er,400,1509,3,8.0,914,3868083424,198,4,1600,520,154,True,1509,2396.5858188431926
er,400,1577,3,8.0,915,2725796483,197,7,2800,515,166,True,1577,2396.5858188431926
er,400,1526,3,8.0,916,1474328906,199,4,1600,515,157,True,1526,2396.5858188431926
er,400,1592,3,8.0,917,2601698527,216,5,2000,561,163,True,1592,2396.5858188431926
er,400,1589,3,8.0,918,1388806668,200,6,2400,560,170,True,1589,2396.5858188431926
er,400,1608,3,8.0,919,4221833666,176,5,2000,514,177,True,1608,2396.5858188431926
er,400,1588,3,8.0,920,2760278655,175,4,1600,521,195,True,1588,2396.5858188431926
er,400,1568,3,8.0,921,2248984822,178,5,2000,510,182,True,1568,2396.5858188431926
er,400,1623,3,8.0,922,800389870,192,7,2800,544,189,True,1623,2396.5858188431926
er,400,1621,3,8.0,923,4221156344,189,5,2000,515,179,True,1621,2396.5858188431926
er,400,1575,3,8.0,924,321636180,183,6,2400,506,161,True,1575,2396.5858188431926
er,400,1536,3,8.0,925,2291002017,206,5,2000,504,149,True,1536,2396.5858188431926
er,400,1638,3,8.0,926,3162442517,178,7,2800,505,186,True,1638,2396.5858188431926
er,400,1606,3,8.0,927,4028995092,183,5,2000,496,173,True,1606,2396.5858188431926
er,400,1612,3,8.0,928,592244091,188,5,2000,514,186,True,1612,2396.5858188431926
er,400,1704,3,8.0,929,1564417110,199,6,2400,573,181,True,1704,2396.5858188431926
er,400,1650,3,8.0,930,670219138,172,5,2000,551,202,True,1650,2396.5858188431926
er,400,1594,3,8.0,931,3461027898,204,6,2400,547,161,True,1594,2396.5858188431926
er,400,1637,3,8.0,932,1583714842,176,5,2000,536,189,True,1637,2396.5858188431926
er,400,1592,3,8.0,933,2540878960,189,6,2400,487,174,True,1592,2396.5858188431926
er,400,1634,3,8.0,934,2999578685,210,4,1600,550,177,True,1634,2396.5858188431926
er,400,1536,3,8.0,935,2174178314,211,6,2400,546,153,True,1536,2396.5858188431926
er,400,1502,3,8.0,936,2185453239,184,5,2000,489,152,True,1502,2396.5858188431926
er,400,1684,3,8.0,937,592917828,169,4,1600,534,202,True,1684,2396.5858188431926
er,400,1555,3,8.0,938,2586843443,176,6,2400,495,167,True,1555,2396.5858188431926
er,400,1497,3,8.0,939,235703410,209,5,2000,522,155,True,1497,2396.5858188431926
er,400,1618,3,8.0,940,3277536081,213,5,2000,575,187,True,1618,2396.5858188431926
er,400,1543,3,8.0,941,2209304329,192,5,2000,508,174,True,1543,2396.5858188431926
er,400,1658,3,8.0,942,303902907,210,6,2400,583,183,True,1658,2396.5858188431926
er,400,1553,3,8.0,943,3262535063,174,4,1600,509,172,True,1553,2396.5858188431926
er,400,1638,3,8.0,944,3235884271,209,5,2000,556,173,True,1638,2396.5858188431926
er,400,1548,3,8.0,945,2692199777,202,5,2000,544,170,True,1548,2396.5858188431926
er,400,1572,3,8.0,946,2735909515,203,6,2400,546,167,True,1572,2396.5858188431926
er,400,1645,3,8.0,947,1793760041,199,4,1600,548,183,True,1645,2396.5858188431926
er,400,1556,3,8.0,948,3797568904,187,5,2000,511,175,True,1556,2396.5858188431926
er,400,1619,3,8.0,949,3141857620,201,7,2800,537,178,True,1619,2396.5858188431926
er,400,1600,3,8.0,950,801473856,191,8,3200,519,190,True,1600,2396.5858188431926
er,400,1639,3,8.0,951,1044335484,206,7,2800,544,195,True,1639,2396.5858188431926
er,400,1598,3,8.0,952,330752281,183,6,2400,507,176,True,1598,2396.5858188431926
er,400,1607,3,8.0,953,1133499613,199,6,2400,533,177,True,1607,2396.5858188431926
er,400,1607,3,8.0,954,4202203311,211,6,2400,533,168,True,1607,2396.5858188431926
er,400,1664,3,8.0,955,2500482782,204,7,2800,562,161,True,1664,2396.5858188431926
er,400,1579,3,8.0,956,692501989,180,4,1600,519,171,True,1579,2396.5858188431926
er,400,1656,3,8.0,957,491464392,208,4,1600,558,190,True,1656,2396.5858188431926
er,400,1662,3,8.0,958,4253616141,182,4,1600,552,203,True,1662,2396.5858188431926
er,400,1584,3,8.0,959,3463154814,195,5,2000,528,174,True,1584,2396.5858188431926
er,400,1635,3,8.0,960,661736953,183,5,2000,529,187,True,1635,2396.5858188431926
er,400,1613,3,8.0,961,2786747583,203,5,2000,537,172,True,1613,2396.5858188431926
er,400,1616,3,8.0,962,1602721823,181,4,1600,514,174,True,1616,2396.5858188431926
er,400,1622,3,8.0,963,3319699825,182,5,2000,514,177,True,1622,2396.5858188431926
er,400,1530,3,8.0,964,2947514989,188,4,1600,530,153,True,1530,2396.5858188431926
er,400,1611,3,8.0,965,3353456359,204,6,2400,540,165,True,1611,2396.5858188431926
er,400,1626,3,8.0,966,3940240947,216,5,2000,537,173,True,1626,2396.5858188431926
er,400,1599,3,8.0,967,1538446799,209,5,2000,529,157,True,1599,2396.5858188431926
er,400,1594,3,8.0,968,2737529334,179,6,2400,515,167,True,1594,2396.5858188431926
er,400,1651,3,8.0,969,2149825293,186,6,2400,515,158,True,1651,2396.5858188431926
er,400,1662,3,8.0,970,2149948223,207,5,2000,567,172,True,1662,2396.5858188431926
er,400,1593,3,8.0,971,545725069,193,6,2400,537,168,True,1593,2396.5858188431926
er,400,1558,3,8.0,972,20515418,199,5,2000,505,153,True,1558,2396.5858188431926
er,400,1664,3,8.0,973,16309831,215,5,2000,560,185,True,1664,2396.5858188431926
er,400,1602,3,8.0,974,4288009490,189,6,2400,511,159,True,1602,2396.5858188431926
er,400,1585,3,8.0,975,1376643085,192,4,1600,544,184,True,1585,2396.5858188431926
er,400,1589,3,8.0,976,3885591901,193,4,1600,540,173,True,1589,2396.5858188431926
er,400,1592,3,8.0,977,3726288223,190,5,2000,537,171,True,1592,2396.5858188431926
er,400,1549,3,8.0,978,2343027065,193,4,1600,527,164,True,1549,2396.5858188431926
er,400,1596,3,8.0,979,2739693169,198,5,2000,522,171,True,1596,2396.5858188431926
er,400,1656,3,8.0,980,3951302722,197,5,2000,552,180,True,1656,2396.5858188431926
er,400,1586,3,8.0,981,3617530739,203,6,2400,530,177,True,1586,2396.5858188431926
er,400,1568,3,8.0,982,3155468909,172,4,1600,513,193,True,1568,2396.5858188431926
er,400,1575,3,8.0,983,3828276385,197,5,2000,523,170,True,1575,2396.5858188431926
er,400,1608,3,8.0,984,3787094388,206,5,2000,567,173,True,1608,2396.5858188431926
er,400,1606,3,8.0,985,1573815119,203,8,3200,523,172,True,1606,2396.5858188431926
er,400,1613,3,8.0,986,1689230319,214,5,2000,578,186,True,1613,2396.5858188431926
er,400,1599,3,8.0,987,2173772489,213,5,2000,550,191,True,1599,2396.5858188431926
er,400,1644,3,8.0,988,1888509109,192,6,2400,538,188,True,1644,2396.5858188431926
er,400,1632,3,8.0,989,3551741635,198,5,2000,541,180,True,1632,2396.5858188431926
er,400,1561,3,8.0,990,63096319,189,6,2400,522,170,True,1561,2396.5858188431926
er,400,1546,3,8.0,991,390164809,177,4,1600,505,184,True,1546,2396.5858188431926
er,400,1570,3,8.0,992,1151308563,185,4,1600,520,166,True,1570,2396.5858188431926
er,400,1568,3,8.0,993,3214933937,188,6,2400,511,172,True,1568,2396.5858188431926
er,400,1659,3,8.0,994,3235455918,206,7,2800,565,182,True,1659,2396.5858188431926
er,400,1573,3,8.0,995,650106321,185,5,2000,523,181,True,1573,2396.5858188431926
er,400,1650,3,8.0,996,2203141095,207,6,2400,570,179,True,1650,2396.5858188431926
er,400,1560,3,8.0,997,4285003351,189,5,2000,525,171,True,1560,2396.5858188431926
er,400,1628,3,8.0,998,3561433651,195,5,2000,549,180,True,1628,2396.5858188431926
er,400,1587,3,8.0,999,2188293473,198,5,2000,564,172,True,1587,2396.5858188431926
er,800,3248,3,8.0,0,3798852125,393,9,7200,1080,373,True,3248,5347.689382134342
er,800,3264,3,8.0,1,2076223925,373,6,4800,1091,379,True,3264,5347.689382134342
er,800,3237,3,8.0,2,1261695136,385,8,6400,1102,352,True,3237,5347.689382134342
er,800,3160,3,8.0,3,472863848,405,7,5600,1110,333,True,3160,5347.689382134342
er,800,3161,3,8.0,4,3161730069,387,5,4000,1033,336,True,3161,5347.689382134342
er,800,3239,3,8.0,5,3696027075,380,5,4000,1084,358,True,3239,5347.689382134342
er,800,3228,3,8.0,6,228040602,400,7,5600,1105,362,True,3228,5347.689382134342
er,800,3165,3,8.0,7,1627296365,426,6,4800,1067,292,True,3165,5347.689382134342
er,800,3146,3,8.0,8,1161490498,374,6,4800,1043,360,True,3146,5347.689382134342
er,800,3258,3,8.0,9,4159669582,380,6,4800,1069,343,True,3258,5347.689382134342
er,800,3189,3,8.0,10,2168244607,396,7,5600,1068,355,True,3189,5347.689382134342
er,800,3155,3,8.0,11,3963089257,414,9,7200,1073,334,True,3155,5347.689382134342
er,800,3167,3,8.0,12,370930137,403,5,4000,1088,352,True,3167,5347.689382134342
er,800,3218,3,8.0,13,2444134087,397,6,4800,1093,361,True,3218,5347.689382134342
er,800,3187,3,8.0,14,1998628289,394,6,4800,1082,343,True,3187,5347.689382134342
er,800,3237,3,8.0,15,2053242519,386,5,4000,1069,364,True,3237,5347.689382134342
er,800,3194,3,8.0,16,1445070382,406,6,4800,1068,346,True,3194,5347.689382134342
er,800,3210,3,8.0,17,2106686284,386,6,4800,1109,356,True,3210,5347.689382134342
er,800,3288,3,8.0,18,3207408825,399,6,4800,1111,367,True,3288,5347.689382134342
er,800,3278,3,8.0,19,1305478738,380,6,4800,1089,375,True,3278,5347.689382134342
er,800,3199,3,8.0,20,3084424955,397,5,4000,1057,348,True,3199,5347.689382134342
er,800,3294,3,8.0,21,833328028,403,5,4000,1114,368,True,3294,5347.689382134342
er,800,3273,3,8.0,22,1359955781,407,6,4800,1109,351,True,3273,5347.689382134342
er,800,3321,3,8.0,23,2823474330,389,6,4800,1146,386,True,3321,5347.689382134342
er,800,3175,3,8.0,24,2596284436,354,7,5600,1063,377,True,3175,5347.689382134342
er,800,3222,3,8.0,25,99673752,393,7,5600,1083,354,True,3222,5347.689382134342
er,800,3112,3,8.0,26,3398290199,360,5,4000,1023,346,True,3112,5347.689382134342
er,800,3238,3,8.0,27,1129512724,386,5,4000,1076,350,True,3238,5347.689382134342
er,800,3211,3,8.0,28,2887429975,403,5,4000,1056,340,True,3211,5347.689382134342
er,800,3241,3,8.0,29,3155776020,378,6,4800,1079,355,True,3241,5347.689382134342
er,800,3217,3,8.0,30,131081897,382,7,5600,1071,330,True,3217,5347.689382134342
er,800,3170,3,8.0,31,3723285930,382,4,3200,1075,362,True,3170,5347.689382134342
er,800,3154,3,8.0,32,516569808,376,5,4000,1023,335,True,3154,5347.689382134342
er,800,3308,3,8.0,33,266164366,406,8,6400,1101,366,True,3308,5347.689382134342
er,800,3239,3,8.0,34,2610389053,367,5,4000,1060,356,True,3239,5347.689382134342
er,800,3226,3,8.0,35,1700635765,389,6,4800,1093,356,True,3226,5347.689382134342
er,800,3293,3,8.0,36,3341466721,385,6,4800,1102,352,True,3293,5347.689382134342
er,800,3245,3,8.0,37,160446615,401,6,4800,1128,358,True,3245,5347.689382134342
er,800,3243,3,8.0,38,1180163582,394,4,3200,1090,360,True,3243,5347.689382134342
er,800,3200,3,8.0,39,1995296125,357,4,3200,1029,379,True,3200,5347.689382134342
er,800,3161,3,8.0,40,318850358,374,5,4000,1024,359,True,3161,5347.689382134342
er,800,3182,3,8.0,41,2180297372,392,5,4000,1045,334,True,3182,5347.689382134342
er,800,3266,3,8.0,42,1172570232,367,5,4000,1095,374,True,3266,5347.689382134342
er,800,3281,3,8.0,43,3681184792,393,5,4000,1144,392,True,3281,5347.689382134342
er,800,3199,3,8.0,44,3741004,378,5,4000,1033,345,True,3199,5347.689382134342
er,800,3207,3,8.0,45,1500836281,372,5,4000,1044,335,True,3207,5347.689382134342
er,800,3210,3,8.0,46,2680422393,397,5,4000,1099,346,True,3210,5347.689382134342
er,800,3212,3,8.0,47,3577371999,364,6,4800,1041,348,True,3212,5347.689382134342
er,800,3134,3,8.0,48,2055149393,389,7,5600,1036,330,True,3134,5347.689382134342
er,800,3169,3,8.0,49,3321564669,400,7,5600,1067,318,True,3169,5347.689382134342
er,800,3288,3,8.0,50,3511540579,396,6,4800,1114,354,True,3288,5347.689382134342
er,800,3248,3,8.0,51,3918335351,394,6,4800,1075,361,True,3248,5347.689382134342
er,800,3278,3,8.0,52,3869666499,391,5,4000,1094,351,True,3278,5347.689382134342
er,800,3299,3,8.0,53,1300326703,365,6,4800,1075,388,True,3299,5347.689382134342
er,800,3228,3,8.0,54,2315634764,404,5,4000,1110,355,True,3228,5347.689382134342
er,800,3136,3,8.0,55,2905016632,385,8,6400,1045,348,True,3136,5347.689382134342
er,800,3190,3,8.0,56,4248936438,388,5,4000,1075,361,True,3190,5347.689382134342
er,800,3194,3,8.0,57,1799368890,392,6,4800,1049,334,True,3194,5347.689382134342
er,800,3197,3,8.0,58,2176010640,390,6,4800,1085,351,True,3197,5347.689382134342
er,800,3221,3,8.0,59,3726735495,377,7,5600,1049,372,True,3221,5347.689382134342
er,800,3204,3,8.0,60,1376853884,369,6,4800,1103,367,True,3204,5347.689382134342
er,800,3232,3,8.0,61,2601518758,419,5,4000,1128,342,True,3232,5347.689382134342
er,800,3200,3,8.0,62,3628489804,382,5,4000,1077,360,True,3200,5347.689382134342
er,800,3204,3,8.0,63,2325771513,403,5,4000,1102,340,True,3204,5347.689382134342
er,800,3257,3,8.0,64,781572754,381,7,5600,1093,371,True,3257,5347.689382134342
er,800,3211,3,8.0,65,292549394,364,8,6400,1064,356,True,3211,5347.689382134342
er,800,3163,3,8.0,66,1003012512,394,5,4000,1034,340,True,3163,5347.689382134342
er,800,3200,3,8.0,67,457124081,391,6,4800,1103,359,True,3200,5347.689382134342
er,800,3215,3,8.0,68,1615691959,388,5,4000,1075,362,True,3215,5347.689382134342
er,800,3160,3,8.0,69,2189863270,379,4,3200,1093,355,True,3160,5347.689382134342
er,800,3184,3,8.0,70,3281952341,369,5,4000,1030,370,True,3184,5347.689382134342
er,800,3284,3,8.0,71,1431316655,375,8,6400,1089,397,True,3284,5347.689382134342
er,800,3213,3,8.0,72,71616031,343,4,3200,1013,373,True,3213,5347.689382134342
er,800,3160,3,8.0,73,1713001557,411,5,4000,1092,340,True,3160,5347.689382134342
er,800,3119,3,8.0,74,2314626115,398,5,4000,1026,330,True,3119,5347.689382134342
er,800,3257,3,8.0,75,2949799245,397,6,4800,1083,343,True,3257,5347.689382134342
er,800,3116,3,8.0,76,1557029425,384,5,4000,1064,347,True,3116,5347.689382134342
er,800,3211,3,8.0,77,1778287399,381,5,4000,1040,359,True,3211,5347.689382134342
er,800,3171,3,8.0,78,660962502,377,7,5600,1032,341,True,3171,5347.689382134342
er,800,3127,3,8.0,79,2874553702,364,5,4000,1014,338,True,3127,5347.689382134342
er,800,3284,3,8.0,80,1522262457,402,9,7200,1138,378,True,3284,5347.689382134342
er,800,3233,3,8.0,81,3953410913,405,5,4000,1095,329,True,3233,5347.689382134342
er,800,3254,3,8.0,82,4261985728,406,6,4800,1105,358,True,3254,5347.689382134342
er,800,3161,3,8.0,83,1636766598,375,5,4000,1030,341,True,3161,5347.689382134342
er,800,3193,3,8.0,84,704901228,393,5,4000,1044,339,True,3193,5347.689382134342
er,800,3140,3,8.0,85,3232627728,404,5,4000,1078,313,True,3140,5347.689382134342
er,800,3209,3,8.0,86,870840397,378,4,3200,1036,365,True,3209,5347.689382134342
er,800,3243,3,8.0,87,1974183183,371,7,5600,1037,373,True,3243,5347.689382134342
er,800,3177,3,8.0,88,904316957,396,7,5600,1082,347,True,3177,5347.689382134342
er,800,3185,3,8.0,89,540382384,410,6,4800,1086,344,True,3185,5347.689382134342
er,800,3247,3,8.0,90,325624821,390,5,4000,1102,345,True,3247,5347.689382134342
er,800,3071,3,8.0,91,3627803894,394,6,4800,1087,318,True,3071,5347.689382134342
er,800,3204,3,8.0,92,2644158756,392,5,4000,1046,344,True,3204,5347.689382134342
er,800,3156,3,8.0,93,1822476262,385,5,4000,1031,328,True,3156,5347.689382134342
er,800,3245,3,8.0,94,1372174045,376,5,4000,1060,354,True,3245,5347.689382134342
er,800,3183,3,8.0,95,2652515142,377,6,4800,1097,368,True,3183,5347.689382134342
er,800,3197,3,8.0,96,1783322830,367,4,3200,1050,355,True,3197,5347.689382134342
er,800,3152,3,8.0,97,1257376181,396,5,4000,1076,344,True,3152,5347.689382134342
er,800,3228,3,8.0,98,3777659473,396,5,4000,1082,360,True,3228,5347.689382134342
er,800,3161,3,8.0,99,964578694,373,5,4000,1080,343,True,3161,5347.689382134342
er,800,3179,3,8.0,100,2048753230,381,6,4800,1042,353,True,3179,5347.689382134342
er,800,3275,3,8.0,101,1344439951,378,9,7200,1073,360,True,3275,5347.689382134342
er,800,3116,3,8.0,102,2503233834,394,7,5600,1013,330,True,3116,5347.689382134342
er,800,3240,3,8.0,103,522310723,380,10,8000,1069,373,True,3240,5347.689382134342
er,800,3262,3,8.0,104,1269877584,379,5,4000,1090,366,True,3262,5347.689382134342
er,800,3164,3,8.0,105,4196914750,381,5,4000,1022,344,True,3164,5347.689382134342
er,800,3200,3,8.0,106,2745457070,397,6,4800,1088,356,True,3200,5347.689382134342
er,800,3238,3,8.0,107,783235999,380,6,4800,1088,370,True,3238,5347.689382134342
er,800,3222,3,8.0,108,3563035899,376,5,4000,1038,336,True,3222,5347.689382134342
er,800,3137,3,8.0,109,1040283898,412,7,5600,1036,329,True,3137,5347.689382134342
er,800,3228,3,8.0,110,1685996074,373,5,4000,1021,357,True,3228,5347.689382134342
er,800,3252,3,8.0,111,3718932378,404,4,3200,1104,364,True,3252,5347.689382134342
er,800,3167,3,8.0,112,727762910,365,5,4000,1031,358,True,3167,5347.689382134342
er,800,3228,3,8.0,113,2369111960,387,5,4000,1105,373,True,3228,5347.689382134342
er,800,3160,3,8.0,114,1247598738,361,7,5600,1012,344,True,3160,5347.689382134342
er,800,3254,3,8.0,115,3680762881,377,5,4000,1100,366,True,3254,5347.689382134342
er,800,3335,3,8.0,116,1897286055,405,6,4800,1126,368,True,3335,5347.689382134342
er,800,3107,3,8.0,117,728412010,374,5,4000,1047,336,True,3107,5347.689382134342
er,800,3146,3,8.0,118,955577529,402,5,4000,1073,344,True,3146,5347.689382134342
er,800,3298,3,8.0,119,1263521127,382,5,4000,1054,370,True,3298,5347.689382134342
er,800,3230,3,8.0,120,3159855255,402,5,4000,1111,342,True,3230,5347.689382134342
er,800,3230,3,8.0,121,3695879420,390,4,3200,1115,358,True,3230,5347.689382134342
er,800,3166,3,8.0,122,764434641,383,6,4800,1051,339,True,3166,5347.689382134342
er,800,3260,3,8.0,123,1143095500,390,7,5600,1066,343,True,3260,5347.689382134342
er,800,3135,3,8.0,124,3112250905,365,6,4800,1036,337,True,3135,5347.689382134342
er,800,3188,3,8.0,125,1101329789,410,5,4000,1064,343,True,3188,5347.689382134342
er,800,3143,3,8.0,126,3313246888,385,6,4800,1014,338,True,3143,5347.689382134342
er,800,3146,3,8.0,127,1966341484,361,4,3200,1021,349,True,3146,5347.689382134342
er,800,3275,3,8.0,128,3282248145,372,6,4800,1070,379,True,3275,5347.689382134342
er,800,3169,3,8.0,129,4221118938,435,7,5600,1103,324,True,3169,5347.689382134342
er,800,3210,3,8.0,130,2635149403,414,5,4000,1113,370,True,3210,5347.689382134342
er,800,3090,3,8.0,131,3897146389,364,5,4000,984,338,True,3090,5347.689382134342
er,800,3149,3,8.0,132,2768524547,393,6,4800,1088,353,True,3149,5347.689382134342
er,800,3113,3,8.0,133,3508901872,374,5,4000,1027,332,True,3113,5347.689382134342
er,800,3235,3,8.0,134,3880492768,403,5,4000,1106,354,True,3235,5347.689382134342
er,800,3301,3,8.0,135,2558732417,420,7,5600,1075,363,True,3301,5347.689382134342
er,800,3115,3,8.0,136,1613739768,410,7,5600,1093,312,True,3115,5347.689382134342
er,800,3280,3,8.0,137,2110259131,392,6,4800,1112,374,True,3280,5347.689382134342
er,800,3181,3,8.0,138,599554661,363,5,4000,1029,349,True,3181,5347.689382134342
er,800,3228,3,8.0,139,1552208650,393,5,4000,1074,360,True,3228,5347.689382134342
er,800,3092,3,8.0,140,496006616,354,5,4000,992,345,True,3092,5347.689382134342
er,800,3172,3,8.0,141,2632898854,405,5,4000,1025,331,True,3172,5347.689382134342
er,800,3309,3,8.0,142,3096898131,405,7,5600,1112,372,True,3309,5347.689382134342
er,800,3133,3,8.0,143,2085777818,381,4,3200,1040,329,True,3133,5347.689382134342
er,800,3201,3,8.0,144,2341554698,369,5,4000,1041,340,True,3201,5347.689382134342
er,800,3289,3,8.0,145,1946012580,388,5,4000,1156,388,True,3289,5347.689382134342
er,800,3221,3,8.0,146,1754681185,386,4,3200,1063,336,True,3221,5347.689382134342
er,800,3176,3,8.0,147,4231300644,374,6,4800,1048,343,True,3176,5347.689382134342
er,800,3223,3,8.0,148,2491604618,401,5,4000,1075,351,True,3223,5347.689382134342
er,800,3130,3,8.0,149,4012878018,396,7,5600,1041,365,True,3130,5347.689382134342
er,800,3218,3,8.0,150,2221051890,391,5,4000,1080,336,True,3218,5347.689382134342
er,800,3125,3,8.0,151,1922235470,387,5,4000,1003,321,True,3125,5347.689382134342
er,800,3146,3,8.0,152,294710458,392,7,5600,1063,339,True,3146,5347.689382134342
er,800,3237,3,8.0,153,3450839000,396,6,4800,1058,345,True,3237,5347.689382134342
er,800,3189,3,8.0,154,1680133667,387,5,4000,1073,369,True,3189,5347.689382134342
er,800,3224,3,8.0,155,870028357,398,6,4800,1085,357,True,3224,5347.689382134342
er,800,3212,3,8.0,156,3771409296,382,5,4000,1107,350,True,3212,5347.689382134342
er,800,3286,3,8.0,157,4145432036,350,5,4000,1031,376,True,3286,5347.689382134342
er,800,3169,3,8.0,158,2373280486,378,5,4000,1107,380,True,3169,5347.689382134342
er,800,3227,3,8.0,159,3517158183,418,8,6400,1076,332,True,3227,5347.689382134342
er,800,3253,3,8.0,160,2308328627,366,7,5600,1078,364,True,3253,5347.689382134342
er,800,3217,3,8.0,161,2118570212,398,5,4000,1102,375,True,3217,5347.689382134342
er,800,3139,3,8.0,162,3881048609,378,5,4000,1014,332,True,3139,5347.689382134342
er,800,3131,3,8.0,163,3788415363,395,7,5600,993,321,True,3131,5347.689382134342
er,800,3197,3,8.0,164,648842077,396,6,4800,1080,349,True,3197,5347.689382134342
er,800,3181,3,8.0,165,3969413962,355,5,4000,1064,366,True,3181,5347.689382134342
er,800,3136,3,8.0,166,1494899022,409,6,4800,1077,314,True,3136,5347.689382134342
er,800,3175,3,8.0,167,2586251395,392,5,4000,1060,328,True,3175,5347.689382134342
er,800,3292,3,8.0,168,976477678,385,5,4000,1118,381,True,3292,5347.689382134342
er,800,3268,3,8.0,169,2996593095,403,6,4800,1081,357,True,3268,5347.689382134342
er,800,3306,3,8.0,170,3567034798,402,5,4000,1112,367,True,3306,5347.689382134342
er,800,3240,3,8.0,171,730662804,378,6,4800,1078,372,True,3240,5347.689382134342
er,800,3116,3,8.0,172,263002069,387,5,4000,1064,332,True,3116,5347.689382134342
er,800,3150,3,8.0,173,2502680727,398,7,5600,1071,345,True,3150,5347.689382134342
er,800,3178,3,8.0,174,109761306,367,6,4800,1024,334,True,3178,5347.689382134342
er,800,3287,3,8.0,175,1066689159,386,6,4800,1088,360,True,3287,5347.689382134342
er,800,3226,3,8.0,176,1528152391,407,6,4800,1124,346,True,3226,5347.689382134342
er,800,3207,3,8.0,177,910208902,400,6,4800,1041,336,True,3207,5347.689382134342
er,800,3166,3,8.0,178,3163673183,389,9,7200,1073,361,True,3166,5347.689382134342
er,800,3147,3,8.0,179,956697103,365,6,4800,999,352,True,3147,5347.689382134342
er,800,3240,3,8.0,180,153298215,394,7,5600,1115,376,True,3240,5347.689382134342
er,800,3224,3,8.0,181,654431402,375,6,4800,1063,362,True,3224,5347.689382134342
er,800,3166,3,8.0,182,696431739,358,6,4800,1021,362,True,3166,5347.689382134342
er,800,3190,3,8.0,183,2740420786,390,6,4800,1065,352,True,3190,5347.689382134342
er,800,3258,3,8.0,184,1011354433,375,6,4800,1071,365,True,3258,5347.689382134342
er,800,3179,3,8.0,185,4043393654,392,7,5600,1081,330,True,3179,5347.689382134342
er,800,3111,3,8.0,186,2776808802,395,6,4800,1055,339,True,3111,5347.689382134342
er,800,3304,3,8.0,187,3159895850,410,8,6400,1113,356,True,3304,5347.689382134342
er,800,3157,3,8.0,188,1067357190,390,5,4000,1082,357,True,3157,5347.689382134342
er,800,3113,3,8.0,189,3100810520,387,6,4800,1034,318,True,3113,5347.689382134342
er,800,3184,3,8.0,190,3031401830,384,8,6400,1028,353,True,3184,5347.689382134342
er,800,3230,3,8.0,191,2597964449,377,9,7200,1079,354,True,3230,5347.689382134342
er,800,3242,3,8.0,192,3557081233,385,6,4800,1046,352,True,3242,5347.689382134342
er,800,3215,3,8.0,193,2019376014,410,6,4800,1109,353,True,3215,5347.689382134342
er,800,3121,3,8.0,194,3723130683,394,6,4800,1046,324,True,3121,5347.689382134342
er,800,3240,3,8.0,195,2345182373,360,5,4000,1035,354,True,3240,5347.689382134342
er,800,3174,3,8.0,196,1590991725,383,6,4800,1082,342,True,3174,5347.689382134342
er,800,3207,3,8.0,197,1209666059,372,6,4800,1057,354,True,3207,5347.689382134342
er,800,3046,3,8.0,198,2780762401,398,6,4800,996,307,True,3046,5347.689382134342
er,800,3172,3,8.0,199,2452681845,377,6,4800,1095,344,True,3172,5347.689382134342
er,800,3055,3,8.0,200,2520461841,353,5,4000,976,325,True,3055,5347.689382134342
er,800,3243,3,8.0,201,1695233165,383,6,4800,1057,356,True,3243,5347.689382134342
er,800,3209,3,8.0,202,1838354142,368,6,4800,1012,362,True,3209,5347.689382134342
er,800,3322,3,8.0,203,1238175278,418,6,4800,1127,369,True,3322,5347.689382134342
er,800,3293,3,8.0,204,1275877935,395,4,3200,1122,383,True,3293,5347.689382134342
er,800,3257,3,8.0,205,4274882886,401,6,4800,1103,347,True,3257,5347.689382134342
er,800,3282,3,8.0,206,3232717649,387,7,5600,1102,353,True,3282,5347.689382134342
er,800,3280,3,8.0,207,2508696007,376,5,4000,1074,364,True,3280,5347.689382134342
er,800,3084,3,8.0,208,1836816971,400,6,4800,1037,327,True,3084,5347.689382134342
er,800,3210,3,8.0,209,526414213,385,6,4800,1063,352,True,3210,5347.689382134342
er,800,3189,3,8.0,210,3250494235,382,6,4800,1076,345,True,3189,5347.689382134342
er,800,3296,3,8.0,211,3072033069,365,5,4000,1053,363,True,3296,5347.689382134342
er,800,3173,3,8.0,212,1588298660,370,7,5600,1003,353,True,3173,5347.689382134342
er,800,3167,3,8.0,213,4229470065,387,6,4800,1066,328,True,3167,5347.689382134342
er,800,3219,3,8.0,214,378952819,402,6,4800,1076,344,True,3219,5347.689382134342
er,800,3217,3,8.0,215,3813830193,396,6,4800,1081,342,True,3217,5347.689382134342
er,800,3197,3,8.0,216,381073190,339,4,3200,1023,381,True,3197,5347.689382134342
er,800,3175,3,8.0,217,2116962549,354,4,3200,1047,357,True,3175,5347.689382134342
er,800,3084,3,8.0,218,218568175,376,6,4800,1045,325,True,3084,5347.689382134342
er,800,3141,3,8.0,219,2819673435,374,6,4800,1045,347,True,3141,5347.689382134342
er,800,3169,3,8.0,220,710127934,377,6,4800,1030,357,True,3169,5347.689382134342
er,800,3282,3,8.0,221,2787302763,420,7,5600,1079,356,True,3282,5347.689382134342
er,800,3194,3,8.0,222,3047907315,394,7,5600,1056,350,True,3194,5347.689382134342
er,800,3166,3,8.0,223,2003019464,393,5,4000,1053,348,True,3166,5347.689382134342
er,800,3177,3,8.0,224,872649523,377,7,5600,1046,356,True,3177,5347.689382134342
er,800,3143,3,8.0,225,4123685895,385,6,4800,1060,331,True,3143,5347.689382134342
er,800,3196,3,8.0,226,4003885810,395,7,5600,1040,340,True,3196,5347.689382134342
er,800,3210,3,8.0,227,3427114724,415,7,5600,1116,326,True,3210,5347.689382134342
er,800,3206,3,8.0,228,3757874812,368,5,4000,1004,333,True,3206,5347.689382134342
er,800,3195,3,8.0,229,2373051021,393,8,6400,1107,342,True,3195,5347.689382134342
er,800,3140,3,8.0,230,4050348108,393,5,4000,1058,350,True,3140,5347.689382134342
er,800,3225,3,8.0,231,2561873393,384,8,6400,1059,362,True,3225,5347.689382134342
er,800,3388,3,8.0,232,1874927150,388,5,4000,1102,374,True,3388,5347.689382134342
er,800,3185,3,8.0,233,76480342,369,8,6400,1060,335,True,3185,5347.689382134342
er,800,3087,3,8.0,234,899899820,384,4,3200,1056,341,True,3087,5347.689382134342
er,800,3259,3,8.0,235,2081458762,426,6,4800,1113,338,True,3259,5347.689382134342
er,800,3186,3,8.0,236,80400787,400,8,6400,1034,353,True,3186,5347.689382134342
er,800,3165,3,8.0,237,2376464957,369,5,4000,1036,350,True,3165,5347.689382134342
er,800,3202,3,8.0,238,1321450795,381,6,4800,1027,350,True,3202,5347.689382134342
er,800,3196,3,8.0,239,748298707,390,4,3200,1063,347,True,3196,5347.689382134342
er,800,3229,3,8.0,240,1545717960,409,6,4800,1118,354,True,3229,5347.689382134342
er,800,3156,3,8.0,241,2548219935,420,5,4000,1081,335,True,3156,5347.689382134342
er,800,3183,3,8.0,242,1141924632,352,5,4000,1008,366,True,3183,5347.689382134342
er,800,3150,3,8.0,243,990281148,404,6,4800,1039,326,True,3150,5347.689382134342
er,800,3207,3,8.0,244,3907138700,390,6,4800,1094,365,True,3207,5347.689382134342
er,800,3215,3,8.0,245,1603713364,371,5,4000,1055,355,True,3215,5347.689382134342
er,800,3100,3,8.0,246,1669487855,371,7,5600,992,324,True,3100,5347.689382134342
er,800,3221,3,8.0,247,615396827,393,6,4800,1092,359,True,3221,5347.689382134342
er,800,3213,3,8.0,248,4272869250,389,5,4000,1097,354,True,3213,5347.689382134342
er,800,3202,3,8.0,249,405771574,367,4,3200,1049,352,True,3202,5347.689382134342
er,800,3153,3,8.0,250,2677176311,390,6,4800,1041,348,True,3153,5347.689382134342
er,800,3126,3,8.0,251,758188762,385,6,4800,1010,342,True,3126,5347.689382134342
er,800,3162,3,8.0,252,207215173,380,5,4000,1044,359,True,3162,5347.689382134342
er,800,3269,3,8.0,253,4163949154,376,5,4000,1068,343,True,3269,5347.689382134342
er,800,3258,3,8.0,254,3274103576,359,6,4800,1051,364,True,3258,5347.689382134342
er,800,3139,3,8.0,255,2987703471,376,5,4000,1037,355,True,3139,5347.689382134342
er,800,3243,3,8.0,256,3306273271,427,6,4800,1115,355,True,3243,5347.689382134342
er,800,3101,3,8.0,257,1788577129,378,5,4000,1042,327,True,3101,5347.689382134342
er,800,3210,3,8.0,258,4277297389,393,5,4000,1086,353,True,3210,5347.689382134342
er,800,3228,3,8.0,259,217698382,393,5,4000,1048,376,True,3228,5347.689382134342
er,800,3159,3,8.0,260,2278667278,386,5,4000,1055,354,True,3159,5347.689382134342
er,800,3252,3,8.0,261,2337428883,384,5,4000,1071,349,True,3252,5347.689382134342
er,800,3150,3,8.0,262,3564428832,373,5,4000,1057,374,True,3150,5347.689382134342
er,800,3205,3,8.0,263,3542618921,391,6,4800,1052,338,True,3205,5347.689382134342
er,800,3272,3,8.0,264,1070442515,386,5,4000,1082,358,True,3272,5347.689382134342
er,800,3198,3,8.0,265,2050421511,395,5,4000,1072,359,True,3198,5347.689382134342
er,800,3136,3,8.0,266,1572218104,366,7,5600,1055,364,True,3136,5347.689382134342
er,800,3154,3,8.0,267,4179307300,381,5,4000,1061,358,True,3154,5347.689382134342
er,800,3176,3,8.0,268,4172070215,382,5,4000,1046,335,True,3176,5347.689382134342
er,800,3208,3,8.0,269,486142859,401,7,5600,1065,359,True,3208,5347.689382134342
er,800,3207,3,8.0,270,2014143636,349,5,4000,1047,380,True,3207,5347.689382134342
er,800,3253,3,8.0,271,1222421186,387,5,4000,1068,356,True,3253,5347.689382134342
er,800,3277,3,8.0,272,1129864361,381,6,4800,1081,357,True,3277,5347.689382134342
er,800,3136,3,8.0,273,2779947334,392,8,6400,1027,338,True,3136,5347.689382134342
er,800,3164,3,8.0,274,2118151949,369,5,4000,1052,367,True,3164,5347.689382134342
er,800,3193,3,8.0,275,233638283,400,5,4000,1047,346,True,3193,5347.689382134342
er,800,3081,3,8.0,276,2747051185,381,6,4800,990,334,True,3081,5347.689382134342
er,800,3236,3,8.0,277,2539777957,368,6,4800,1041,355,True,3236,5347.689382134342
er,800,3255,3,8.0,278,142347701,396,6,4800,1109,386,True,3255,5347.689382134342
er,800,3224,3,8.0,279,4267583788,371,5,4000,1068,367,True,3224,5347.689382134342
er,800,3238,3,8.0,280,1406240261,398,5,4000,1059,340,True,3238,5347.689382134342
er,800,3184,3,8.0,281,3916491464,400,5,4000,1132,333,True,3184,5347.689382134342
er,800,3210,3,8.0,282,896304551,380,5,4000,1069,362,True,3210,5347.689382134342
er,800,3206,3,8.0,283,3589273630,382,6,4800,1016,336,True,3206,5347.689382134342
er,800,3176,3,8.0,284,1215146456,382,5,4000,1056,363,True,3176,5347.689382134342
er,800,3265,3,8.0,285,3032268822,369,6,4800,1047,370,True,3265,5347.689382134342
er,800,3214,3,8.0,286,756950723,393,6,4800,1100,348,True,3214,5347.689382134342
er,800,3139,3,8.0,287,2701291332,383,7,5600,1038,332,True,3139,5347.689382134342
er,800,3276,3,8.0,288,1003224040,394,5,4000,1081,395,True,3276,5347.689382134342
er,800,3195,3,8.0,289,2166861901,378,6,4800,1074,353,True,3195,5347.689382134342
er,800,3161,3,8.0,290,3708448634,369,6,4800,1014,324,True,3161,5347.689382134342
er,800,3181,3,8.0,291,2476907284,360,6,4800,1024,373,True,3181,5347.689382134342
er,800,3157,3,8.0,292,132530441,389,8,6400,1010,325,True,3157,5347.689382134342
er,800,3207,3,8.0,293,573135884,379,5,4000,1083,354,True,3207,5347.689382134342
er,800,3181,3,8.0,294,12897989,385,7,5600,1044,362,True,3181,5347.689382134342
er,800,3189,3,8.0,295,726367277,387,7,5600,1046,346,True,3189,5347.689382134342
er,800,3241,3,8.0,296,2583475973,424,8,6400,1141,340,True,3241,5347.689382134342
er,800,3274,3,8.0,297,3100075197,397,10,8000,1096,359,True,3274,5347.689382134342
er,800,3187,3,8.0,298,3953005467,397,7,5600,1076,360,True,3187,5347.689382134342
er,800,3186,3,8.0,299,1442590230,387,4,3200,1067,347,True,3186,5347.689382134342
er,800,3186,3,8.0,300,2134616032,383,5,4000,1072,361,True,3186,5347.689382134342
er,800,3250,3,8.0,301,3403411069,388,8,6400,1067,345,True,3250,5347.689382134342
er,800,3230,3,8.0,302,588723410,397,5,4000,1137,380,True,3230,5347.689382134342
er,800,3239,3,8.0,303,47063146,369,5,4000,1059,359,True,3239,5347.689382134342
er,800,3131,3,8.0,304,1009099047,360,5,4000,1049,344,True,3131,5347.689382134342
er,800,3161,3,8.0,305,181624510,380,5,4000,1033,357,True,3161,5347.689382134342
er,800,3236,3,8.0,306,804434782,378,5,4000,1080,361,True,3236,5347.689382134342
er,800,3104,3,8.0,307,1397635142,396,6,4800,1043,324,True,3104,5347.689382134342
er,800,3139,3,8.0,308,905136385,410,8,6400,1063,361,True,3139,5347.689382134342
er,800,3172,3,8.0,309,2895864294,366,5,4000,1038,350,True,3172,5347.689382134342
er,800,3150,3,8.0,310,633106663,382,6,4800,1054,339,True,3150,5347.689382134342
er,800,3174,3,8.0,311,3613324455,396,5,4000,1085,344,True,3174,5347.689382134342
er,800,3184,3,8.0,312,799318518,378,5,4000,1093,341,True,3184,5347.689382134342
er,800,3154,3,8.0,313,3703299798,392,5,4000,1070,328,True,3154,5347.689382134342
er,800,3250,3,8.0,314,708518747,395,5,4000,1071,341,True,3250,5347.689382134342
er,800,3220,3,8.0,315,3373850281,427,5,4000,1132,356,True,3220,5347.689382134342
er,800,3113,3,8.0,316,2941159529,392,5,4000,1028,337,True,3113,5347.689382134342
er,800,3134,3,8.0,317,2064823500,408,8,6400,1031,330,True,3134,5347.689382134342
er,800,3206,3,8.0,318,2017028113,359,5,4000,1039,359,True,3206,5347.689382134342
er,800,3184,3,8.0,319,507490212,412,5,4000,1091,350,True,3184,5347.689382134342
er,800,3170,3,8.0,320,906586254,381,4,3200,1068,360,True,3170,5347.689382134342
er,800,3256,3,8.0,321,2131989400,404,7,5600,1100,349,True,3256,5347.689382134342
er,800,3188,3,8.0,322,1872085545,399,5,4000,1075,332,True,3188,5347.689382134342
er,800,3168,3,8.0,323,1742561747,368,6,4800,1023,344,True,3168,5347.689382134342
er,800,3238,3,8.0,324,1650846167,377,5,4000,1034,353,True,3238,5347.689382134342
er,800,3233,3,8.0,325,1909373870,405,8,6400,1079,346,True,3233,5347.689382134342
er,800,3101,3,8.0,326,944080029,384,5,4000,1032,340,True,3101,5347.689382134342
er,800,3150,3,8.0,327,376915763,383,5,4000,1033,336,True,3150,5347.689382134342
er,800,3241,3,8.0,328,615265815,369,5,4000,1069,368,True,3241,5347.689382134342
er,800,3119,3,8.0,329,2879627591,397,5,4000,1070,324,True,3119,5347.689382134342
er,800,3160,3,8.0,330,3796052180,392,5,4000,1082,349,True,3160,5347.689382134342
er,800,3143,3,8.0,331,2104714649,381,5,4000,1047,348,True,3143,5347.689382134342
er,800,3161,3,8.0,332,2986130411,379,4,3200,1114,359,True,3161,5347.689382134342
er,800,3280,3,8.0,333,3241342056,397,6,4800,1075,355,True,3280,5347.689382134342
er,800,3230,3,8.0,334,1377025173,434,9,7200,1116,351,True,3230,5347.689382134342
er,800,3247,3,8.0,335,2509556736,365,6,4800,1038,368,True,3247,5347.689382134342
er,800,3236,3,8.0,336,2239510596,414,6,4800,1102,352,True,3236,5347.689382134342
er,800,3225,3,8.0,337,2747357066,402,8,6400,1089,367,True,3225,5347.689382134342
er,800,3272,3,8.0,338,1851734188,377,6,4800,1089,390,True,3272,5347.689382134342
er,800,3197,3,8.0,339,3623902047,393,7,5600,1036,351,True,3197,5347.689382134342
er,800,3175,3,8.0,340,3832518529,360,6,4800,1008,370,True,3175,5347.689382134342
er,800,3167,3,8.0,341,3039800328,377,8,6400,1080,355,True,3167,5347.689382134342
er,800,3216,3,8.0,342,3729651727,398,5,4000,1104,349,True,3216,5347.689382134342
er,800,3166,3,8.0,343,3725910886,397,7,5600,1057,344,True,3166,5347.689382134342
er,800,3202,3,8.0,344,2038777019,399,6,4800,1030,341,True,3202,5347.689382134342
er,800,3229,3,8.0,345,3032565586,380,5,4000,1082,357,True,3229,5347.689382134342
er,800,3246,3,8.0,346,2752307554,419,6,4800,1108,361,True,3246,5347.689382134342
er,800,3205,3,8.0,347,3878786748,386,6,4800,1097,353,True,3205,5347.689382134342
er,800,3067,3,8.0,348,2329842797,385,6,4800,1065,325,True,3067,5347.689382134342
er,800,3280,3,8.0,349,1025545899,378,6,4800,1070,366,True,3280,5347.689382134342
er,800,3150,3,8.0,350,63221901,367,5,4000,1057,367,True,3150,5347.689382134342
er,800,3102,3,8.0,351,2484233095,387,5,4000,1027,320,True,3102,5347.689382134342
er,800,3140,3,8.0,352,3314025387,431,5,4000,1100,309,True,3140,5347.689382134342
er,800,3177,3,8.0,353,3665524630,393,5,4000,1081,366,True,3177,5347.689382134342
er,800,3242,3,8.0,354,4027404296,374,5,4000,1055,382,True,3242,5347.689382134342
er,800,3203,3,8.0,355,682986832,392,6,4800,1082,356,True,3203,5347.689382134342
er,800,3219,3,8.0,356,3813408664,349,6,4800,1030,387,True,3219,5347.689382134342
er,800,3183,3,8.0,357,2026511905,383,7,5600,1030,349,True,3183,5347.689382134342
er,800,3312,3,8.0,358,2444697101,404,6,4800,1125,366,True,3312,5347.689382134342
er,800,3224,3,8.0,359,1396595347,375,5,4000,1107,376,True,3224,5347.689382134342
er,800,3102,3,8.0,360,3856940464,386,5,4000,1053,351,True,3102,5347.689382134342
er,800,3146,3,8.0,361,3246927000,384,5,4000,1078,376,True,3146,5347.689382134342
er,800,3363,3,8.0,362,1239816252,407,8,6400,1090,372,True,3363,5347.689382134342
er,800,3115,3,8.0,363,2862864549,388,5,4000,1051,342,True,3115,5347.689382134342
er,800,3188,3,8.0,364,2777285037,339,4,3200,1027,365,True,3188,5347.689382134342
er,800,3143,3,8.0,365,4140466369,396,6,4800,1031,330,True,3143,5347.689382134342
er,800,3246,3,8.0,366,2332473108,388,7,5600,1079,355,True,3246,5347.689382134342
er,800,3116,3,8.0,367,2989928818,382,6,4800,1045,342,True,3116,5347.689382134342
er,800,3184,3,8.0,368,1812840404,372,7,5600,1035,351,True,3184,5347.689382134342
er,800,3282,3,8.0,369,741694618,372,4,3200,1067,383,True,3282,5347.689382134342
er,800,3194,3,8.0,370,3706621248,410,6,4800,1095,352,True,3194,5347.689382134342
er,800,3275,3,8.0,371,4188454419,385,5,4000,1091,378,True,3275,5347.689382134342
er,800,3169,3,8.0,372,1779420338,405,6,4800,1086,344,True,3169,5347.689382134342
er,800,3276,3,8.0,373,146366431,383,6,4800,1086,375,True,3276,5347.689382134342
er,800,3198,3,8.0,374,209729142,375,6,4800,1034,343,True,3198,5347.689382134342
er,800,3208,3,8.0,375,401876707,382,7,5600,1087,388,True,3208,5347.689382134342
er,800,3229,3,8.0,376,4090419519,394,6,4800,1092,351,True,3229,5347.689382134342
er,800,3236,3,8.0,377,3809389520,397,5,4000,1114,360,True,3236,5347.689382134342
er,800,3249,3,8.0,378,811065217,380,7,5600,1106,361,True,3249,5347.689382134342
er,800,3154,3,8.0,379,446308355,388,6,4800,1097,339,True,3154,5347.689382134342
er,800,3149,3,8.0,380,1011499230,395,7,5600,1018,323,True,3149,5347.689382134342
er,800,3127,3,8.0,381,3878621000,389,6,4800,1059,337,True,3127,5347.689382134342
er,800,3171,3,8.0,382,758323666,379,8,6400,1007,339,True,3171,5347.689382134342
er,800,3131,3,8.0,383,955036938,413,5,4000,1046,332,True,3131,5347.689382134342
er,800,3211,3,8.0,384,4217346933,370,6,4800,1071,365,True,3211,5347.689382134342
er,800,3072,3,8.0,385,600326509,347,5,4000,1005,350,True,3072,5347.689382134342
er,800,3257,3,8.0,386,2813573523,378,5,4000,1095,369,True,3257,5347.689382134342
er,800,3134,3,8.0,387,3621846066,398,6,4800,1085,355,True,3134,5347.689382134342
er,800,3278,3,8.0,388,998868223,381,6,4800,1056,367,True,3278,5347.689382134342
er,800,3310,3,8.0,389,3742306691,374,5,4000,1083,377,True,3310,5347.689382134342
er,800,3189,3,8.0,390,1524410033,390,5,4000,1074,350,True,3189,5347.689382134342
er,800,3175,3,8.0,391,279590154,378,5,4000,1084,351,True,3175,5347.689382134342
er,800,3326,3,8.0,392,1474349990,368,5,4000,1098,399,True,3326,5347.689382134342
er,800,3213,3,8.0,393,3545492419,360,4,3200,1018,365,True,3213,5347.689382134342
er,800,3124,3,8.0,394,2865108500,367,6,4800,989,322,True,3124,5347.689382134342
er,800,3102,3,8.0,395,1684997034,400,7,5600,1036,323,True,3102,5347.689382134342
er,800,3182,3,8.0,396,4001080772,362,4,3200,1044,344,True,3182,5347.689382134342
er,800,3168,3,8.0,397,3048545152,377,6,4800,1021,328,True,3168,5347.689382134342
er,800,3107,3,8.0,398,1122107648,377,5,4000,1072,339,True,3107,5347.689382134342
er,800,3162,3,8.0,399,3141831723,373,5,4000,1068,342,True,3162,5347.689382134342
er,800,3252,3,8.0,400,2111929543,378,5,4000,1077,385,True,3252,5347.689382134342
er,800,3149,3,8.0,401,1274498693,394,6,4800,1095,334,True,3149,5347.689382134342
er,800,3231,3,8.0,402,416211848,376,5,4000,1042,372,True,3231,5347.689382134342
er,800,3225,3,8.0,403,906546853,429,6,4800,1153,343,True,3225,5347.689382134342
er,800,3146,3,8.0,404,3075469475,372,5,4000,1030,350,True,3146,5347.689382134342
er,800,3105,3,8.0,405,154498584,378,5,4000,1039,330,True,3105,5347.689382134342
er,800,3254,3,8.0,406,2544845608,401,5,4000,1103,351,True,3254,5347.689382134342
er,800,3193,3,8.0,407,1574785357,399,5,4000,1067,363,True,3193,5347.689382134342
er,800,3226,3,8.0,408,2349944450,380,6,4800,1048,347,True,3226,5347.689382134342
er,800,3108,3,8.0,409,4017515459,390,5,4000,1062,351,True,3108,5347.689382134342
er,800,3179,3,8.0,410,3516280144,356,4,3200,1003,360,True,3179,5347.689382134342
er,800,3251,3,8.0,411,3097032406,387,6,4800,1042,346,True,3251,5347.689382134342
er,800,3186,3,8.0,412,341868851,405,7,5600,1097,344,True,3186,5347.689382134342
er,800,3269,3,8.0,413,842355180,401,5,4000,1079,349,True,3269,5347.689382134342
er,800,3267,3,8.0,414,1454091154,401,5,4000,1101,365,True,3267,5347.689382134342
er,800,3199,3,8.0,415,626654341,396,6,4800,1060,341,True,3199,5347.689382134342
er,800,3173,3,8.0,416,2244300832,388,6,4800,1028,369,True,3173,5347.689382134342
er,800,3249,3,8.0,417,334222062,381,5,4000,1069,359,True,3249,5347.689382134342
er,800,3186,3,8.0,418,3270890694,394,6,4800,1033,342,True,3186,5347.689382134342
er,800,3203,3,8.0,419,2135853159,401,6,4800,1072,355,True,3203,5347.689382134342
er,800,3180,3,8.0,420,2199551438,378,6,4800,1038,337,True,3180,5347.689382134342
er,800,3180,3,8.0,421,1886903028,376,6,4800,1024,333,True,3180,5347.689382134342
er,800,3174,3,8.0,422,1638318211,389,9,7200,1043,338,True,3174,5347.689382134342
er,800,3112,3,8.0,423,1080341194,383,6,4800,1060,336,True,3112,5347.689382134342
er,800,3250,3,8.0,424,2823401582,399,5,4000,1095,356,True,3250,5347.689382134342
er,800,3197,3,8.0,425,2040292913,377,6,4800,1038,352,True,3197,5347.689382134342
er,800,3135,3,8.0,426,1817092517,405,5,4000,1067,338,True,3135,5347.689382134342
er,800,3242,3,8.0,427,2161565818,408,8,6400,1113,333,True,3242,5347.689382134342
er,800,3232,3,8.0,428,1136349036,413,5,4000,1113,352,True,3232,5347.689382134342
er,800,3208,3,8.0,429,3393056758,393,5,4000,1081,357,True,3208,5347.689382134342
er,800,3200,3,8.0,430,1718300331,411,6,4800,1065,330,True,3200,5347.689382134342
er,800,3164,3,8.0,431,1763449292,385,6,4800,1033,358,True,3164,5347.689382134342
er,800,3277,3,8.0,432,222661269,369,5,4000,1090,377,True,3277,5347.689382134342
er,800,3140,3,8.0,433,3122639274,381,5,4000,1074,341,True,3140,5347.689382134342
er,800,3146,3,8.0,434,2136317959,375,5,4000,1048,332,True,3146,5347.689382134342
er,800,3224,3,8.0,435,2708750536,375,4,3200,1055,345,True,3224,5347.689382134342
er,800,3216,3,8.0,436,1931955480,372,5,4000,1081,364,True,3216,5347.689382134342
er,800,3127,3,8.0,437,735867598,415,6,4800,1043,327,True,3127,5347.689382134342
er,800,3220,3,8.0,438,3097060469,362,5,4000,1033,387,True,3220,5347.689382134342
er,800,3158,3,8.0,439,2193207809,396,6,4800,1073,355,True,3158,5347.689382134342
er,800,3213,3,8.0,440,4202292899,383,5,4000,1036,340,True,3213,5347.689382134342
er,800,3154,3,8.0,441,4255719676,386,4,3200,1023,336,True,3154,5347.689382134342
er,800,3175,3,8.0,442,2475057498,403,5,4000,1058,350,True,3175,5347.689382134342
er,800,3254,3,8.0,443,2954225084,407,6,4800,1101,360,True,3254,5347.689382134342
er,800,3220,3,8.0,444,3496515532,416,7,5600,1065,352,True,3220,5347.689382134342
er,800,3248,3,8.0,445,3106409162,403,6,4800,1108,333,True,3248,5347.689382134342
er,800,3241,3,8.0,446,4149099914,402,7,5600,1115,371,True,3241,5347.689382134342
er,800,3185,3,8.0,447,3222416572,392,6,4800,1056,342,True,3185,5347.689382134342
er,800,3188,3,8.0,448,2275142979,376,6,4800,1102,356,True,3188,5347.689382134342
er,800,3238,3,8.0,449,2107616213,391,6,4800,1050,348,True,3238,5347.689382134342
er,800,3187,3,8.0,450,931005574,404,6,4800,1115,333,True,3187,5347.689382134342
er,800,3340,3,8.0,451,4240002708,382,7,5600,1102,380,True,3340,5347.689382134342
er,800,3227,3,8.0,452,1949942372,395,6,4800,1061,349,True,3227,5347.689382134342
er,800,3294,3,8.0,453,651778183,394,6,4800,1094,368,True,3294,5347.689382134342
er,800,3198,3,8.0,454,3397776787,396,5,4000,1042,336,True,3198,5347.689382134342
er,800,3191,3,8.0,455,1741904407,395,4,3200,1099,364,True,3191,5347.689382134342
er,800,3200,3,8.0,456,1807161293,398,5,4000,1078,353,True,3200,5347.689382134342
er,800,3191,3,8.0,457,302385865,416,5,4000,1123,360,True,3191,5347.689382134342
er,800,3152,3,8.0,458,793644710,382,7,5600,1035,344,True,3152,5347.689382134342
er,800,3242,3,8.0,459,2322691955,370,4,3200,1082,372,True,3242,5347.689382134342
er,800,3204,3,8.0,460,275285449,374,6,4800,1040,359,True,3204,5347.689382134342
er,800,3172,3,8.0,461,1482573984,392,6,4800,1050,341,True,3172,5347.689382134342
er,800,3080,3,8.0,462,392910975,392,5,4000,1057,334,True,3080,5347.689382134342
er,800,3264,3,8.0,463,1593997115,399,5,4000,1088,349,True,3264,5347.689382134342
er,800,3182,3,8.0,464,1502974616,373,7,5600,1023,352,True,3182,5347.689382134342
er,800,3229,3,8.0,465,1078260723,380,5,4000,1072,352,True,3229,5347.689382134342
er,800,3219,3,8.0,466,3568347782,385,6,4800,1076,368,True,3219,5347.689382134342
er,800,3102,3,8.0,467,99024012,365,6,4800,1036,345,True,3102,5347.689382134342
er,800,3092,3,8.0,468,3227007195,400,6,4800,1027,339,True,3092,5347.689382134342
er,800,3227,3,8.0,469,3131302868,438,7,5600,1151,344,True,3227,5347.689382134342
er,800,3190,3,8.0,470,2993033983,394,4,3200,1074,350,True,3190,5347.689382134342
er,800,3246,3,8.0,471,2115383136,434,5,4000,1088,339,True,3246,5347.689382134342
er,800,3174,3,8.0,472,2580774139,408,7,5600,1120,332,True,3174,5347.689382134342
er,800,3260,3,8.0,473,998164902,358,8,6400,1038,357,True,3260,5347.689382134342
er,800,3218,3,8.0,474,3983802366,406,5,4000,1103,344,True,3218,5347.689382134342
er,800,3219,3,8.0,475,2664084336,404,7,5600,1096,366,True,3219,5347.689382134342
er,800,3222,3,8.0,476,3847578643,364,7,5600,1042,370,True,3222,5347.689382134342
er,800,3213,3,8.0,477,1934469364,364,5,4000,1072,365,True,3213,5347.689382134342
er,800,3145,3,8.0,478,2640857039,393,5,4000,1023,327,True,3145,5347.689382134342
er,800,3220,3,8.0,479,2228666515,376,5,4000,1080,380,True,3220,5347.689382134342
er,800,3226,3,8.0,480,293752535,360,4,3200,1033,363,True,3226,5347.689382134342
er,800,3202,3,8.0,481,3454545803,395,6,4800,1070,347,True,3202,5347.689382134342
er,800,3286,3,8.0,482,1256671355,384,6,4800,1087,358,True,3286,5347.689382134342
er,800,3220,3,8.0,483,2524739211,357,9,7200,1056,355,True,3220,5347.689382134342
er,800,3173,3,8.0,484,171845528,393,8,6400,1092,361,True,3173,5347.689382134342
er,800,3246,3,8.0,485,1630822347,391,5,4000,1093,357,True,3246,5347.689382134342
er,800,3220,3,8.0,486,1581038597,364,6,4800,1109,373,True,3220,5347.689382134342
er,800,3250,3,8.0,487,3107182862,389,5,4000,1066,361,True,3250,5347.689382134342
er,800,3183,3,8.0,488,1023186553,362,5,4000,1042,356,True,3183,5347.689382134342
er,800,3231,3,8.0,489,352793705,378,6,4800,1059,331,True,3231,5347.689382134342
er,800,3242,3,8.0,490,3267433497,373,6,4800,1039,351,True,3242,5347.689382134342
er,800,3112,3,8.0,491,847131362,404,5,4000,1046,335,True,3112,5347.689382134342
er,800,3277,3,8.0,492,522628360,365,7,5600,1029,369,True,3277,5347.689382134342
er,800,3184,3,8.0,493,4105663763,418,5,4000,1126,342,True,3184,5347.689382134342
er,800,3132,3,8.0,494,3032313257,379,7,5600,1029,341,True,3132,5347.689382134342
er,800,3159,3,8.0,495,97470016,370,5,4000,1047,377,True,3159,5347.689382134342
er,800,3123,3,8.0,496,1245854470,417,5,4000,1055,322,True,3123,5347.689382134342
er,800,3230,3,8.0,497,4133920635,380,5,4000,1041,349,True,3230,5347.689382134342
er,800,2977,3,8.0,498,3097556576,402,7,5600,1013,311,True,2977,5347.689382134342
er,800,3304,3,8.0,499,2372406733,395,4,3200,1113,377,True,3304,5347.689382134342
er,800,3325,3,8.0,500,1709792002,398,5,4000,1119,364,True,3325,5347.689382134342
er,800,3275,3,8.0,501,1470806560,388,5,4000,1090,377,True,3275,5347.689382134342
er,800,3199,3,8.0,502,2377881278,428,6,4800,1066,334,True,3199,5347.689382134342
er,800,3218,3,8.0,503,2705119053,386,3,2400,1083,363,True,3218,5347.689382134342
er,800,3265,3,8.0,504,2829874578,402,5,4000,1102,337,True,3265,5347.689382134342
er,800,3206,3,8.0,505,4005732565,395,6,4800,1102,352,True,3206,5347.689382134342
er,800,3154,3,8.0,506,414870525,405,6,4800,1047,325,True,3154,5347.689382134342
er,800,3110,3,8.0,507,4254804140,341,5,4000,1001,339,True,3110,5347.689382134342
er,800,3106,3,8.0,508,1632243641,351,4,3200,1017,349,True,3106,5347.689382134342
er,800,3158,3,8.0,509,2896759728,392,6,4800,1049,349,True,3158,5347.689382134342
er,800,3117,3,8.0,510,948715003,405,5,4000,1090,324,True,3117,5347.689382134342
er,800,3221,3,8.0,511,500503657,401,5,4000,1078,362,True,3221,5347.689382134342
er,800,3117,3,8.0,512,3968094243,390,6,4800,1049,327,True,3117,5347.689382134342
er,800,3175,3,8.0,513,283401293,387,5,4000,1041,338,True,3175,5347.689382134342
er,800,3220,3,8.0,514,2089622428,378,5,4000,1044,355,True,3220,5347.689382134342
er,800,3230,3,8.0,515,253727337,360,5,4000,1049,345,True,3230,5347.689382134342
er,800,3209,3,8.0,516,2247928094,372,6,4800,1035,335,True,3209,5347.689382134342
er,800,3204,3,8.0,517,2916752072,425,10,8000,1078,317,True,3204,5347.689382134342
er,800,3196,3,8.0,518,661219849,383,5,4000,1060,347,True,3196,5347.689382134342
er,800,3253,3,8.0,519,3006007275,378,5,4000,1090,362,True,3253,5347.689382134342
er,800,3247,3,8.0,520,4288583829,386,9,7200,1085,366,True,3247,5347.689382134342
er,800,3277,3,8.0,521,1803345498,386,5,4000,1100,380,True,3277,5347.689382134342
er,800,3214,3,8.0,522,2078319633,405,6,4800,1092,352,True,3214,5347.689382134342
er,800,3211,3,8.0,523,4179968095,407,6,4800,1085,352,True,3211,5347.689382134342
er,800,3245,3,8.0,524,2845614604,392,5,4000,1068,363,True,3245,5347.689382134342
er,800,3221,3,8.0,525,3861408879,387,8,6400,1058,342,True,3221,5347.689382134342
er,800,3124,3,8.0,526,880167564,372,6,4800,981,348,True,3124,5347.689382134342
er,800,3273,3,8.0,527,1322091622,392,6,4800,1094,349,True,3273,5347.689382134342
er,800,3237,3,8.0,528,3564539322,389,6,4800,1079,352,True,3237,5347.689382134342
er,800,3210,3,8.0,529,3422561784,378,6,4800,1029,359,True,3210,5347.689382134342
er,800,3268,3,8.0,530,370687691,377,4,3200,1104,371,True,3268,5347.689382134342
er,800,3168,3,8.0,531,3571122142,409,5,4000,1101,339,True,3168,5347.689382134342
er,800,3173,3,8.0,532,2299998029,392,7,5600,1067,361,True,3173,5347.689382134342
er,800,3172,3,8.0,533,1773579727,380,5,4000,1036,351,True,3172,5347.689382134342
er,800,3344,3,8.0,534,3691460245,394,6,4800,1168,390,True,3344,5347.689382134342
er,800,3091,3,8.0,535,3626779448,375,5,4000,1010,325,True,3091,5347.689382134342
er,800,3259,3,8.0,536,477187071,389,7,5600,1100,374,True,3259,5347.689382134342
er,800,3183,3,8.0,537,63815326,369,4,3200,1071,371,True,3183,5347.689382134342
er,800,3186,3,8.0,538,2220421131,403,6,4800,1080,338,True,3186,5347.689382134342
er,800,3209,3,8.0,539,3821785936,383,5,4000,1092,354,True,3209,5347.689382134342
er,800,3236,3,8.0,540,3074134452,379,6,4800,1070,356,True,3236,5347.689382134342
er,800,3168,3,8.0,541,3419830521,392,6,4800,1063,353,True,3168,5347.689382134342
er,800,3218,3,8.0,542,1548043043,400,7,5600,1086,340,True,3218,5347.689382134342
er,800,3159,3,8.0,543,2437316764,391,6,4800,1084,340,True,3159,5347.689382134342
er,800,3186,3,8.0,544,3621192119,387,6,4800,1081,335,True,3186,5347.689382134342
er,800,3193,3,8.0,545,2555234537,380,6,4800,1052,354,True,3193,5347.689382134342
er,800,3219,3,8.0,546,1655624136,400,6,4800,1089,329,True,3219,5347.689382134342
er,800,3201,3,8.0,547,4267086998,379,8,6400,1061,347,True,3201,5347.689382134342
er,800,3106,3,8.0,548,184404878,367,6,4800,1013,337,True,3106,5347.689382134342
er,800,3195,3,8.0,549,730142327,379,5,4000,1065,354,True,3195,5347.689382134342
er,800,3293,3,8.0,550,3804339653,387,6,4800,1084,363,True,3293,5347.689382134342
er,800,3243,3,8.0,551,2534008431,392,6,4800,1058,360,True,3243,5347.689382134342
er,800,3120,3,8.0,552,705588898,382,5,4000,1038,365,True,3120,5347.689382134342
er,800,3258,3,8.0,553,2545588624,382,5,4000,1067,364,True,3258,5347.689382134342
er,800,3167,3,8.0,554,2434155984,422,9,7200,1067,302,True,3167,5347.689382134342
er,800,3291,3,8.0,555,834196847,378,4,3200,1099,368,True,3291,5347.689382134342
er,800,3260,3,8.0,556,2438978855,406,5,4000,1119,369,True,3260,5347.689382134342
er,800,3190,3,8.0,557,2459029571,399,7,5600,1141,361,True,3190,5347.689382134342
er,800,3209,3,8.0,558,1617680172,367,5,4000,1051,366,True,3209,5347.689382134342
er,800,3201,3,8.0,559,596945741,400,5,4000,1069,362,True,3201,5347.689382134342
er,800,3118,3,8.0,560,1765227506,397,5,4000,1074,340,True,3118,5347.689382134342
er,800,3200,3,8.0,561,276770786,402,5,4000,1064,347,True,3200,5347.689382134342
er,800,3149,3,8.0,562,538436982,393,6,4800,1062,363,True,3149,5347.689382134342
er,800,3145,3,8.0,563,1166150841,380,8,6400,1017,354,True,3145,5347.689382134342
er,800,3119,3,8.0,564,2179546116,375,5,4000,1030,320,True,3119,5347.689382134342
er,800,3056,3,8.0,565,2727855400,367,4,3200,1016,324,True,3056,5347.689382134342
er,800,3146,3,8.0,566,1713439703,379,7,5600,1035,350,True,3146,5347.689382134342
er,800,3262,3,8.0,567,3140153409,403,5,4000,1090,372,True,3262,5347.689382134342
er,800,3244,3,8.0,568,1613791425,404,6,4800,1096,363,True,3244,5347.689382134342
er,800,3160,3,8.0,569,169604161,379,7,5600,1043,359,True,3160,5347.689382134342
er,800,3222,3,8.0,570,1885374125,414,6,4800,1110,352,True,3222,5347.689382134342
er,800,3157,3,8.0,571,978919249,384,5,4000,1079,349,True,3157,5347.689382134342
er,800,3200,3,8.0,572,1949080675,397,7,5600,1079,350,True,3200,5347.689382134342
er,800,3280,3,8.0,573,128352622,407,6,4800,1111,366,True,3280,5347.689382134342
er,800,3230,3,8.0,574,2301038540,385,6,4800,1056,356,True,3230,5347.689382134342
er,800,3323,3,8.0,575,1948355427,393,5,4000,1179,377,True,3323,5347.689382134342
er,800,3223,3,8.0,576,1756898424,390,6,4800,1069,350,True,3223,5347.689382134342
er,800,3302,3,8.0,577,1378376946,360,6,4800,1131,391,True,3302,5347.689382134342
er,800,3172,3,8.0,578,3340352261,378,5,4000,1015,326,True,3172,5347.689382134342
er,800,3187,3,8.0,579,3287968173,410,5,4000,1096,337,True,3187,5347.689382134342
er,800,3359,3,8.0,580,84743498,398,5,4000,1119,392,True,3359,5347.689382134342
er,800,3267,3,8.0,581,3038194242,382,7,5600,1079,350,True,3267,5347.689382134342
er,800,3274,3,8.0,582,1092616578,390,7,5600,1062,356,True,3274,5347.689382134342
er,800,3137,3,8.0,583,2637168273,345,6,4800,993,365,True,3137,5347.689382134342
er,800,3061,3,8.0,584,2627910817,404,7,5600,1070,317,True,3061,5347.689382134342
er,800,3228,3,8.0,585,3678654008,368,6,4800,1058,372,True,3228,5347.689382134342
er,800,3250,3,8.0,586,3141752944,374,5,4000,1021,366,True,3250,5347.689382134342
er,800,3261,3,8.0,587,1384041181,369,6,4800,1106,383,True,3261,5347.689382134342
er,800,3199,3,8.0,588,1013306607,360,5,4000,1028,373,True,3199,5347.689382134342
er,800,3180,3,8.0,589,1622496217,425,7,5600,1134,326,True,3180,5347.689382134342
er,800,3136,3,8.0,590,3554911609,394,6,4800,1065,348,True,3136,5347.689382134342
er,800,3183,3,8.0,591,2747377199,381,5,4000,1048,354,True,3183,5347.689382134342
er,800,3252,3,8.0,592,1843350128,378,6,4800,1055,340,True,3252,5347.689382134342
er,800,3236,3,8.0,593,414863914,375,6,4800,1081,372,True,3236,5347.689382134342
er,800,3160,3,8.0,594,1728746076,373,4,3200,1047,339,True,3160,5347.689382134342
er,800,3153,3,8.0,595,308381652,402,5,4000,1048,345,True,3153,5347.689382134342
er,800,3197,3,8.0,596,27302546,383,5,4000,1055,349,True,3197,5347.689382134342
er,800,3210,3,8.0,597,2335851807,377,6,4800,1062,355,True,3210,5347.689382134342
er,800,3209,3,8.0,598,191054405,344,6,4800,1011,383,True,3209,5347.689382134342
er,800,3242,3,8.0,599,4201284636,380,5,4000,1062,362,True,3242,5347.689382134342
er,800,3257,3,8.0,600,2022886651,391,7,5600,1100,350,True,3257,5347.689382134342
er,800,3251,3,8.0,601,3909099337,394,6,4800,1061,357,True,3251,5347.689382134342
er,800,3198,3,8.0,602,1829894445,376,6,4800,1011,351,True,3198,5347.689382134342
er,800,3224,3,8.0,603,341049561,375,6,4800,1054,362,True,3224,5347.689382134342
er,800,3211,3,8.0,604,1603452132,387,8,6400,1074,342,True,3211,5347.689382134342
er,800,3101,3,8.0,605,2342812898,364,7,5600,1008,337,True,3101,5347.689382134342
er,800,3190,3,8.0,606,1060742173,385,6,4800,1062,362,True,3190,5347.689382134342
er,800,3182,3,8.0,607,1267997065,396,7,5600,1082,334,True,3182,5347.689382134342
er,800,3122,3,8.0,608,2090205097,391,5,4000,1053,337,True,3122,5347.689382134342
er,800,3271,3,8.0,609,3525847099,407,5,4000,1093,345,True,3271,5347.689382134342
er,800,3269,3,8.0,610,2861978585,416,6,4800,1108,350,True,3269,5347.689382134342
er,800,3179,3,8.0,611,1950501991,369,5,4000,1081,364,True,3179,5347.689382134342
er,800,3183,3,8.0,612,1966230389,406,5,4000,1092,326,True,3183,5347.689382134342
er,800,3172,3,8.0,613,3759050120,370,7,5600,1022,328,True,3172,5347.689382134342
er,800,3238,3,8.0,614,2916878031,400,7,5600,1048,338,True,3238,5347.689382134342
er,800,3229,3,8.0,615,3878562425,399,5,4000,1106,342,True,3229,5347.689382134342
er,800,3119,3,8.0,616,1381082371,391,5,4000,1010,333,True,3119,5347.689382134342
er,800,3183,3,8.0,617,3944106484,378,6,4800,1036,346,True,3183,5347.689382134342
er,800,3212,3,8.0,618,222905778,389,6,4800,1078,356,True,3212,5347.689382134342
er,800,3230,3,8.0,619,3965110632,401,5,4000,1082,347,True,3230,5347.689382134342
er,800,3255,3,8.0,620,1169320444,395,6,4800,1097,354,True,3255,5347.689382134342
er,800,3119,3,8.0,621,2124573070,396,6,4800,1026,345,True,3119,5347.689382134342
er,800,3143,3,8.0,622,1325112318,385,5,4000,1048,340,True,3143,5347.689382134342
er,800,3187,3,8.0,623,816594173,395,5,4000,1110,340,True,3187,5347.689382134342
er,800,3200,3,8.0,624,1078813879,371,4,3200,1067,377,True,3200,5347.689382134342
er,800,3208,3,8.0,625,3882702930,391,5,4000,1098,358,True,3208,5347.689382134342
er,800,3249,3,8.0,626,447765559,383,5,4000,1126,375,True,3249,5347.689382134342
er,800,3080,3,8.0,627,851575618,366,5,4000,994,338,True,3080,5347.689382134342
er,800,3109,3,8.0,628,1608203701,391,5,4000,1038,342,True,3109,5347.689382134342
er,800,3212,3,8.0,629,3984447126,372,9,7200,1077,353,True,3212,5347.689382134342
er,800,3247,3,8.0,630,2542722843,410,6,4800,1130,358,True,3247,5347.689382134342
er,800,3202,3,8.0,631,219556965,384,5,4000,1046,342,True,3202,5347.689382134342
er,800,3201,3,8.0,632,435520965,364,5,4000,1029,333,True,3201,5347.689382134342
er,800,3243,3,8.0,633,3396483947,369,5,4000,1083,356,True,3243,5347.689382134342
er,800,3147,3,8.0,634,1067344933,403,5,4000,1062,350,True,3147,5347.689382134342
er,800,3181,3,8.0,635,2288066710,358,7,5600,1048,354,True,3181,5347.689382134342
er,800,3138,3,8.0,636,2543597417,381,4,3200,1074,337,True,3138,5347.689382134342
er,800,3136,3,8.0,637,1510843668,403,5,4000,1081,353,True,3136,5347.689382134342
er,800,3190,3,8.0,638,3360005942,369,8,6400,1028,362,True,3190,5347.689382134342
er,800,3251,3,8.0,639,914211652,407,7,5600,1095,346,True,3251,5347.689382134342
er,800,3145,3,8.0,640,621907914,379,5,4000,1049,356,True,3145,5347.689382134342
er,800,3204,3,8.0,641,3043480602,401,6,4800,1066,352,True,3204,5347.689382134342
er,800,3286,3,8.0,642,1840313008,376,6,4800,1125,371,True,3286,5347.689382134342
er,800,3207,3,8.0,643,490095557,371,6,4800,1058,350,True,3207,5347.689382134342
er,800,3187,3,8.0,644,3012335701,402,8,6400,1088,331,True,3187,5347.689382134342
er,800,3191,3,8.0,645,465704215,387,6,4800,1088,336,True,3191,5347.689382134342
er,800,3351,3,8.0,646,2028174567,384,5,4000,1113,388,True,3351,5347.689382134342
er,800,3197,3,8.0,647,531315642,368,6,4800,1029,351,True,3197,5347.689382134342
er,800,3174,3,8.0,648,798035043,364,5,4000,1057,365,True,3174,5347.689382134342
er,800,3118,3,8.0,649,1039743526,377,8,6400,1040,337,True,3118,5347.689382134342
er,800,3199,3,8.0,650,3869245675,379,6,4800,1036,336,True,3199,5347.689382134342
er,800,3212,3,8.0,651,409521457,359,4,3200,1049,365,True,3212,5347.689382134342
er,800,3142,3,8.0,652,1052383959,404,6,4800,1095,326,True,3142,5347.689382134342
er,800,3223,3,8.0,653,2549507240,365,6,4800,1054,340,True,3223,5347.689382134342
er,800,3236,3,8.0,654,894058536,396,5,4000,1095,372,True,3236,5347.689382134342
er,800,3260,3,8.0,655,3113879083,403,5,4000,1115,369,True,3260,5347.689382134342
er,800,3214,3,8.0,656,1999816925,360,5,4000,1023,360,True,3214,5347.689382134342
er,800,3248,3,8.0,657,1904567287,387,5,4000,1102,374,True,3248,5347.689382134342
er,800,3246,3,8.0,658,3262651460,370,5,4000,1073,375,True,3246,5347.689382134342
er,800,3230,3,8.0,659,1753198284,388,6,4800,1070,345,True,3230,5347.689382134342
er,800,3176,3,8.0,660,3668931638,375,5,4000,1072,371,True,3176,5347.689382134342
er,800,3147,3,8.0,661,2417928715,405,5,4000,1053,326,True,3147,5347.689382134342
er,800,3215,3,8.0,662,874444437,383,8,6400,1068,368,True,3215,5347.689382134342
er,800,3221,3,8.0,663,2435293870,406,5,4000,1110,355,True,3221,5347.689382134342
er,800,3185,3,8.0,664,1115138502,394,6,4800,1072,331,True,3185,5347.689382134342
er,800,3225,3,8.0,665,1410760373,382,5,4000,1050,346,True,3225,5347.689382134342
er,800,3162,3,8.0,666,1682013115,414,5,4000,1104,335,True,3162,5347.689382134342
er,800,3130,3,8.0,667,2485029118,383,5,4000,1019,336,True,3130,5347.689382134342
er,800,3203,3,8.0,668,3955032244,390,5,4000,1064,356,True,3203,5347.689382134342
er,800,3117,3,8.0,669,1175838778,382,5,4000,1083,349,True,3117,5347.689382134342
er,800,3227,3,8.0,670,1279888523,344,5,4000,1039,378,True,3227,5347.689382134342
er,800,3202,3,8.0,671,569307238,378,6,4800,1033,348,True,3202,5347.689382134342
er,800,3172,3,8.0,672,1428935317,382,5,4000,1048,349,True,3172,5347.689382134342
er,800,3151,3,8.0,673,1096874703,387,5,4000,1060,339,True,3151,5347.689382134342
er,800,3213,3,8.0,674,2967005595,410,5,4000,1108,330,True,3213,5347.689382134342
er,800,3138,3,8.0,675,3234469635,394,10,8000,1026,322,True,3138,5347.689382134342
er,800,3254,3,8.0,676,3096964607,389,6,4800,1106,345,True,3254,5347.689382134342
er,800,3252,3,8.0,677,380538646,390,5,4000,1052,351,True,3252,5347.689382134342
er,800,3198,3,8.0,678,457789050,388,6,4800,1035,342,True,3198,5347.689382134342
er,800,3188,3,8.0,679,3552545412,390,5,4000,1045,355,True,3188,5347.689382134342
er,800,3277,3,8.0,680,420480196,377,5,4000,1103,391,True,3277,5347.689382134342
er,800,3217,3,8.0,681,3114567602,406,5,4000,1093,349,True,3217,5347.689382134342
er,800,3112,3,8.0,682,148686747,397,4,3200,1096,353,True,3112,5347.689382134342
er,800,3141,3,8.0,683,11822376,383,6,4800,1055,334,True,3141,5347.689382134342
er,800,3225,3,8.0,684,3278800456,396,6,4800,1074,346,True,3225,5347.689382134342
er,800,3184,3,8.0,685,2118594773,384,5,4000,1053,361,True,3184,5347.689382134342
er,800,3175,3,8.0,686,3718224609,422,5,4000,1083,340,True,3175,5347.689382134342
er,800,3124,3,8.0,687,2564767516,371,7,5600,991,334,True,3124,5347.689382134342
er,800,3135,3,8.0,688,1997448218,384,6,4800,1024,343,True,3135,5347.689382134342
er,800,3132,3,8.0,689,686357931,409,7,5600,1108,342,True,3132,5347.689382134342
er,800,3196,3,8.0,690,1234264760,379,8,6400,1058,329,True,3196,5347.689382134342
er,800,3117,3,8.0,691,2346363900,389,7,5600,1027,345,True,3117,5347.689382134342
er,800,3120,3,8.0,692,2539229712,382,6,4800,1000,327,True,3120,5347.689382134342
er,800,3173,3,8.0,693,1053877005,381,5,4000,1069,372,True,3173,5347.689382134342
er,800,3209,3,8.0,694,1377789420,377,6,4800,1066,343,True,3209,5347.689382134342
er,800,3186,3,8.0,695,3799942575,382,8,6400,1068,355,True,3186,5347.689382134342
er,800,3119,3,8.0,696,3289427529,382,6,4800,1063,329,True,3119,5347.689382134342
er,800,3181,3,8.0,697,1281515500,391,6,4800,1057,347,True,3181,5347.689382134342
er,800,3286,3,8.0,698,4108483368,382,5,4000,1058,369,True,3286,5347.689382134342
er,800,3164,3,8.0,699,4276280334,372,6,4800,1069,358,True,3164,5347.689382134342
er,800,3225,3,8.0,700,537889075,393,6,4800,1063,349,True,3225,5347.689382134342
er,800,3112,3,8.0,701,3995355395,379,7,5600,1021,331,True,3112,5347.689382134342
er,800,3127,3,8.0,702,411135217,380,6,4800,1066,338,True,3127,5347.689382134342
er,800,3285,3,8.0,703,2941519595,397,6,4800,1068,354,True,3285,5347.689382134342
er,800,3221,3,8.0,704,4162620881,414,8,6400,1069,348,True,3221,5347.689382134342
er,800,3194,3,8.0,705,3850692310,371,6,4800,1072,359,True,3194,5347.689382134342
er,800,3153,3,8.0,706,996481137,396,7,5600,1038,320,True,3153,5347.689382134342
er,800,3256,3,8.0,707,3696053842,396,6,4800,1094,352,True,3256,5347.689382134342
er,800,3279,3,8.0,708,2415179442,373,5,4000,1088,355,True,3279,5347.689382134342
er,800,3240,3,8.0,709,2037639171,394,4,3200,1063,327,True,3240,5347.689382134342
er,800,3319,3,8.0,710,2660261641,379,6,4800,1052,363,True,3319,5347.689382134342
er,800,3192,3,8.0,711,2073978779,373,4,3200,1061,370,True,3192,5347.689382134342
er,800,3172,3,8.0,712,556039498,405,5,4000,1097,341,True,3172,5347.689382134342
er,800,3303,3,8.0,713,276706114,392,4,3200,1133,394,True,3303,5347.689382134342
er,800,3112,3,8.0,714,394199535,356,6,4800,970,344,True,3112,5347.689382134342
er,800,3174,3,8.0,715,1439676838,370,5,4000,1032,355,True,3174,5347.689382134342
er,800,3196,3,8.0,716,1878539844,352,5,4000,982,345,True,3196,5347.689382134342
er,800,3233,3,8.0,717,4025754766,394,6,4800,1087,355,True,3233,5347.689382134342
er,800,3163,3,8.0,718,3905833825,412,7,5600,1042,331,True,3163,5347.689382134342
er,800,3173,3,8.0,719,2787959349,388,5,4000,1064,354,True,3173,5347.689382134342
er,800,3201,3,8.0,720,848948661,377,5,4000,1021,340,True,3201,5347.689382134342
er,800,3225,3,8.0,721,991407930,371,5,4000,1024,346,True,3225,5347.689382134342
er,800,3253,3,8.0,722,122161139,391,5,4000,1067,358,True,3253,5347.689382134342
er,800,3185,3,8.0,723,1546996401,400,6,4800,1092,358,True,3185,5347.689382134342
er,800,3233,3,8.0,724,1178782636,374,8,6400,1043,356,True,3233,5347.689382134342
er,800,3158,3,8.0,725,2561260527,368,5,4000,1068,347,True,3158,5347.689382134342
er,800,3180,3,8.0,726,3191169861,371,7,5600,1052,351,True,3180,5347.689382134342
er,800,3211,3,8.0,727,3015899037,373,7,5600,1048,366,True,3211,5347.689382134342
er,800,3240,3,8.0,728,1083749999,361,6,4800,1064,385,True,3240,5347.689382134342
er,800,3162,3,8.0,729,486199838,385,5,4000,1065,349,True,3162,5347.689382134342
er,800,3178,3,8.0,730,1102301826,383,5,4000,1034,339,True,3178,5347.689382134342
er,800,3287,3,8.0,731,1591453943,408,6,4800,1151,372,True,3287,5347.689382134342
er,800,3106,3,8.0,732,1334217802,391,6,4800,1027,333,True,3106,5347.689382134342
er,800,3177,3,8.0,733,2827333433,354,5,4000,1026,350,True,3177,5347.689382134342
er,800,3203,3,8.0,734,1238760978,373,5,4000,1076,350,True,3203,5347.689382134342
er,800,3141,3,8.0,735,168771003,398,5,4000,1056,335,True,3141,5347.689382134342
er,800,3271,3,8.0,736,836872258,432,8,6400,1151,340,True,3271,5347.689382134342
er,800,3270,3,8.0,737,4053720486,369,6,4800,1095,388,True,3270,5347.689382134342
er,800,3115,3,8.0,738,128508547,398,7,5600,1034,327,True,3115,5347.689382134342
er,800,3198,3,8.0,739,2371868374,382,6,4800,1035,347,True,3198,5347.689382134342
er,800,3269,3,8.0,740,580744683,410,6,4800,1092,344,True,3269,5347.689382134342
er,800,3252,3,8.0,741,3382469512,376,6,4800,1063,393,True,3252,5347.689382134342
er,800,3294,3,8.0,742,3253985164,403,6,4800,1125,392,True,3294,5347.689382134342
er,800,3242,3,8.0,743,2064774472,379,6,4800,1072,363,True,3242,5347.689382134342
er,800,3183,3,8.0,744,3803311069,393,6,4800,1063,334,True,3183,5347.689382134342
er,800,3158,3,8.0,745,3579742540,418,7,5600,1089,326,True,3158,5347.689382134342
er,800,3039,3,8.0,746,1873783869,422,6,4800,1023,303,True,3039,5347.689382134342
er,800,3171,3,8.0,747,3410368245,388,5,4000,1051,339,True,3171,5347.689382134342
er,800,3216,3,8.0,748,3592612657,368,6,4800,1037,354,True,3216,5347.689382134342
er,800,3209,3,8.0,749,2323418725,357,5,4000,1025,357,True,3209,5347.689382134342
er,800,3268,3,8.0,750,1002612410,385,7,5600,1092,362,True,3268,5347.689382134342
er,800,3047,3,8.0,751,3583084895,362,4,3200,998,328,True,3047,5347.689382134342
er,800,3162,3,8.0,752,1219352866,408,6,4800,1075,330,True,3162,5347.689382134342
er,800,3232,3,8.0,753,2609377101,403,6,4800,1092,366,True,3232,5347.689382134342
er,800,3125,3,8.0,754,1405153835,379,5,4000,1053,330,True,3125,5347.689382134342
er,800,3275,3,8.0,755,3415924096,408,6,4800,1128,366,True,3275,5347.689382134342
er,800,3217,3,8.0,756,792365827,369,5,4000,1061,361,True,3217,5347.689382134342
er,800,3128,3,8.0,757,1159550015,377,8,6400,1071,354,True,3128,5347.689382134342
er,800,3136,3,8.0,758,2713661962,362,7,5600,1023,344,True,3136,5347.689382134342
er,800,3143,3,8.0,759,3035100685,405,5,4000,1055,328,True,3143,5347.689382134342
er,800,3222,3,8.0,760,3299951472,411,5,4000,1092,358,True,3222,5347.689382134342
er,800,3211,3,8.0,761,1801909289,395,5,4000,1063,349,True,3211,5347.689382134342
er,800,3142,3,8.0,762,1533608368,374,5,4000,1012,346,True,3142,5347.689382134342
er,800,3191,3,8.0,763,4137985109,404,5,4000,1079,327,True,3191,5347.689382134342
er,800,3081,3,8.0,764,648466981,403,6,4800,1002,318,True,3081,5347.689382134342
er,800,3124,3,8.0,765,4245439527,402,6,4800,1066,333,True,3124,5347.689382134342
er,800,3241,3,8.0,766,3522773436,404,7,5600,1082,338,True,3241,5347.689382134342
er,800,3165,3,8.0,767,20960925,400,5,4000,1055,338,True,3165,5347.689382134342
er,800,3269,3,8.0,768,4093491255,386,6,4800,1103,379,True,3269,5347.689382134342
er,800,3180,3,8.0,769,2074029630,398,5,4000,1062,345,True,3180,5347.689382134342
er,800,3241,3,8.0,770,3779188941,425,7,5600,1111,355,True,3241,5347.689382134342
er,800,3152,3,8.0,771,360685270,398,6,4800,1060,342,True,3152,5347.689382134342
er,800,3211,3,8.0,772,2830581776,363,7,5600,1040,366,True,3211,5347.689382134342
er,800,3218,3,8.0,773,2437490106,410,8,6400,1110,334,True,3218,5347.689382134342
er,800,3226,3,8.0,774,1695655778,386,5,4000,1107,367,True,3226,5347.689382134342
er,800,3252,3,8.0,775,2763173315,359,5,4000,1040,358,True,3252,5347.689382134342
er,800,3173,3,8.0,776,3037811773,401,5,4000,1079,334,True,3173,5347.689382134342
er,800,3197,3,8.0,777,4220870772,423,5,4000,1060,365,True,3197,5347.689382134342
er,800,3261,3,8.0,778,2189661801,367,5,4000,1074,365,True,3261,5347.689382134342
er,800,3128,3,8.0,779,1863757390,383,5,4000,1027,337,True,3128,5347.689382134342
er,800,3239,3,8.0,780,997654212,392,6,4800,1120,356,True,3239,5347.689382134342
er,800,3097,3,8.0,781,1549680919,372,5,4000,995,315,True,3097,5347.689382134342
er,800,3268,3,8.0,782,2178133216,354,4,3200,1074,392,True,3268,5347.689382134342
er,800,3225,3,8.0,783,2352755328,392,8,6400,1095,357,True,3225,5347.689382134342
er,800,3162,3,8.0,784,2009546261,369,9,7200,1041,343,True,3162,5347.689382134342
er,800,3236,3,8.0,785,3282395638,426,6,4800,1121,360,True,3236,5347.689382134342
er,800,3165,3,8.0,786,449347364,408,4,3200,1133,346,True,3165,5347.689382134342
er,800,3267,3,8.0,787,16170202,371,5,4000,1071,377,True,3267,5347.689382134342
er,800,3253,3,8.0,788,1750559374,405,5,4000,1092,349,True,3253,5347.689382134342
er,800,3103,3,8.0,789,2745139202,373,5,4000,1012,331,True,3103,5347.689382134342
er,800,3119,3,8.0,790,3028928250,399,10,8000,1009,307,True,3119,5347.689382134342
er,800,3157,3,8.0,791,2645303432,395,5,4000,1052,360,True,3157,5347.689382134342
er,800,3263,3,8.0,792,3205063515,427,6,4800,1121,357,True,3263,5347.689382134342
er,800,3163,3,8.0,793,1608628918,389,7,5600,1064,365,True,3163,5347.689382134342
er,800,3214,3,8.0,794,1754624049,389,5,4000,1094,342,True,3214,5347.689382134342
er,800,3197,3,8.0,795,426273968,346,6,4800,1007,361,True,3197,5347.689382134342
er,800,3214,3,8.0,796,3415748017,395,6,4800,1068,344,True,3214,5347.689382134342
er,800,3157,3,8.0,797,2000713914,397,6,4800,1049,337,True,3157,5347.689382134342
er,800,3211,3,8.0,798,2660846160,395,6,4800,1054,347,True,3211,5347.689382134342
er,800,3313,3,8.0,799,1185895683,396,6,4800,1134,400,True,3313,5347.689382134342
er,800,3162,3,8.0,800,2700552626,371,6,4800,1065,363,True,3162,5347.689382134342
er,800,3164,3,8.0,801,1572369024,382,5,4000,1002,348,True,3164,5347.689382134342
er,800,3181,3,8.0,802,1102939755,373,6,4800,1047,349,True,3181,5347.689382134342
er,800,3271,3,8.0,803,597092399,351,5,4000,1053,372,True,3271,5347.689382134342
er,800,3246,3,8.0,804,2013877871,402,5,4000,1125,369,True,3246,5347.689382134342
er,800,3082,3,8.0,805,3781412186,385,6,4800,1042,335,True,3082,5347.689382134342
er,800,3172,3,8.0,806,1055894315,386,8,6400,1075,367,True,3172,5347.689382134342
er,800,3179,3,8.0,807,2020781721,369,7,5600,1057,361,True,3179,5347.689382134342
er,800,3251,3,8.0,808,4195027771,413,7,5600,1077,329,True,3251,5347.689382134342
er,800,3180,3,8.0,809,216476008,409,9,7200,1099,347,True,3180,5347.689382134342
er,800,3257,3,8.0,810,150462036,406,6,4800,1112,356,True,3257,5347.689382134342
er,800,3207,3,8.0,811,527786374,377,5,4000,1076,368,True,3207,5347.689382134342
er,800,3160,3,8.0,812,1391236306,383,6,4800,1066,332,True,3160,5347.689382134342
er,800,3241,3,8.0,813,1611585005,395,4,3200,1120,380,True,3241,5347.689382134342
er,800,3251,3,8.0,814,2162410242,397,4,3200,1116,354,True,3251,5347.689382134342
er,800,3182,3,8.0,815,2427334755,372,8,6400,1014,360,True,3182,5347.689382134342
er,800,3263,3,8.0,816,95960911,406,8,6400,1052,378,True,3263,5347.689382134342
er,800,3278,3,8.0,817,2701440187,383,6,4800,1102,356,True,3278,5347.689382134342
er,800,3176,3,8.0,818,1478203148,373,7,5600,1077,371,True,3176,5347.689382134342
er,800,3279,3,8.0,819,2082290923,405,7,5600,1086,372,True,3279,5347.689382134342
er,800,3243,3,8.0,820,3408159373,363,4,3200,1036,354,True,3243,5347.689382134342
er,800,3180,3,8.0,821,3804376890,389,5,4000,1051,338,True,3180,5347.689382134342
er,800,3163,3,8.0,822,2202167128,390,4,3200,1086,361,True,3163,5347.689382134342
er,800,3208,3,8.0,823,179371663,358,4,3200,1053,360,True,3208,5347.689382134342
er,800,3199,3,8.0,824,1272096388,373,5,4000,1062,345,True,3199,5347.689382134342
er,800,3251,3,8.0,825,1416216740,395,6,4800,1071,355,True,3251,5347.689382134342
er,800,3103,3,8.0,826,2711702987,385,7,5600,991,314,True,3103,5347.689382134342
er,800,3292,3,8.0,827,581115489,396,4,3200,1127,369,True,3292,5347.689382134342
er,800,3173,3,8.0,828,3604702453,421,7,5600,1071,317,True,3173,5347.689382134342
er,800,3213,3,8.0,829,4149305348,403,7,5600,1064,328,True,3213,5347.689382134342
er,800,3095,3,8.0,830,1916388234,370,6,4800,986,348,True,3095,5347.689382134342
er,800,3187,3,8.0,831,765196169,382,6,4800,1079,345,True,3187,5347.689382134342
er,800,3098,3,8.0,832,1814259144,396,9,7200,1062,354,True,3098,5347.689382134342
er,800,3203,3,8.0,833,1474195013,396,4,3200,1132,341,True,3203,5347.689382134342
er,800,3194,3,8.0,834,41726752,398,5,4000,1098,341,True,3194,5347.689382134342
er,800,3158,3,8.0,835,93972396,383,4,3200,1073,350,True,3158,5347.689382134342
er,800,3165,3,8.0,836,783005815,388,6,4800,1077,343,True,3165,5347.689382134342
er,800,3252,3,8.0,837,3753337738,402,5,4000,1134,357,True,3252,5347.689382134342
er,800,3264,3,8.0,838,2480143112,396,7,5600,1085,357,True,3264,5347.689382134342
er,800,3155,3,8.0,839,360205101,375,6,4800,1024,331,True,3155,5347.689382134342
er,800,3298,3,8.0,840,1943362663,392,5,4000,1130,360,True,3298,5347.689382134342
er,800,3132,3,8.0,841,4197847798,416,7,5600,1072,313,True,3132,5347.689382134342
er,800,3241,3,8.0,842,3391263622,385,5,4000,1067,367,True,3241,5347.689382134342
er,800,3169,3,8.0,843,829162726,412,6,4800,1058,338,True,3169,5347.689382134342
er,800,3195,3,8.0,844,772669378,382,5,4000,1076,360,True,3195,5347.689382134342
er,800,3116,3,8.0,845,4246766314,387,6,4800,1010,357,True,3116,5347.689382134342
er,800,3271,3,8.0,846,3507715487,400,6,4800,1104,355,True,3271,5347.689382134342
er,800,3160,3,8.0,847,2517755114,396,6,4800,1069,357,True,3160,5347.689382134342
er,800,3162,3,8.0,848,440751684,369,5,4000,1045,353,True,3162,5347.689382134342
er,800,3145,3,8.0,849,3106159389,377,4,3200,1038,355,True,3145,5347.689382134342
er,800,3217,3,8.0,850,2383113016,408,6,4800,1067,334,True,3217,5347.689382134342
er,800,3229,3,8.0,851,491158948,405,5,4000,1086,337,True,3229,5347.689382134342
er,800,3102,3,8.0,852,977814332,365,7,5600,1012,334,True,3102,5347.689382134342
er,800,3125,3,8.0,853,716621281,388,5,4000,1071,346,True,3125,5347.689382134342
er,800,3162,3,8.0,854,2622538163,398,6,4800,1053,353,True,3162,5347.689382134342
er,800,3215,3,8.0,855,1418147714,406,5,4000,1067,350,True,3215,5347.689382134342
er,800,3174,3,8.0,856,2084479026,370,6,4800,1043,354,True,3174,5347.689382134342
er,800,3256,3,8.0,857,3826020586,429,7,5600,1090,332,True,3256,5347.689382134342
er,800,3278,3,8.0,858,997829398,387,5,4000,1113,362,True,3278,5347.689382134342
er,800,3182,3,8.0,859,939761005,400,5,4000,1130,373,True,3182,5347.689382134342
er,800,3108,3,8.0,860,471250718,383,7,5600,1057,340,True,3108,5347.689382134342
er,800,3193,3,8.0,861,3789008904,375,7,5600,1072,363,True,3193,5347.689382134342
er,800,3197,3,8.0,862,1144509797,359,5,4000,1034,358,True,3197,5347.689382134342
er,800,3181,3,8.0,863,1315983511,367,7,5600,1037,373,True,3181,5347.689382134342
er,800,3144,3,8.0,864,1722144442,396,6,4800,1077,341,True,3144,5347.689382134342
er,800,3119,3,8.0,865,3492232849,386,5,4000,1054,337,True,3119,5347.689382134342
er,800,3276,3,8.0,866,3257514727,395,6,4800,1098,360,True,3276,5347.689382134342
er,800,3238,3,8.0,867,564330838,395,6,4800,1020,353,True,3238,5347.689382134342
er,800,3212,3,8.0,868,1662917658,392,5,4000,1094,343,True,3212,5347.689382134342
er,800,3247,3,8.0,869,293701206,413,5,4000,1126,341,True,3247,5347.689382134342
er,800,3150,3,8.0,870,377064581,401,6,4800,1062,337,True,3150,5347.689382134342
er,800,3169,3,8.0,871,2436544063,346,5,4000,992,340,True,3169,5347.689382134342
er,800,3211,3,8.0,872,306311824,367,7,5600,1073,360,True,3211,5347.689382134342
er,800,3166,3,8.0,873,4139843122,394,4,3200,1096,341,True,3166,5347.689382134342
er,800,3244,3,8.0,874,852541843,388,5,4000,1061,350,True,3244,5347.689382134342
er,800,3202,3,8.0,875,1182614622,400,5,4000,1081,329,True,3202,5347.689382134342
er,800,3155,3,8.0,876,530782089,397,4,3200,1071,349,True,3155,5347.689382134342
er,800,3184,3,8.0,877,2198818308,398,5,4000,1046,344,True,3184,5347.689382134342
er,800,3143,3,8.0,878,3572331044,383,5,4000,1083,331,True,3143,5347.689382134342
er,800,3263,3,8.0,879,3186184399,361,6,4800,1055,368,True,3263,5347.689382134342
er,800,3278,3,8.0,880,1318064000,400,4,3200,1155,379,True,3278,5347.689382134342
er,800,3201,3,8.0,881,3085137596,386,5,4000,1089,348,True,3201,5347.689382134342
er,800,3235,3,8.0,882,1527120646,382,6,4800,1072,341,True,3235,5347.689382134342
er,800,3150,3,8.0,883,4199150638,409,7,5600,1060,322,True,3150,5347.689382134342
er,800,3251,3,8.0,884,2453113365,411,4,3200,1078,344,True,3251,5347.689382134342
er,800,3225,3,8.0,885,3188767422,370,5,4000,1033,356,True,3225,5347.689382134342
er,800,3072,3,8.0,886,303618893,389,6,4800,1020,330,True,3072,5347.689382134342
er,800,3239,3,8.0,887,2198884959,410,8,6400,1075,352,True,3239,5347.689382134342
er,800,3177,3,8.0,888,4011717892,366,6,4800,1059,367,True,3177,5347.689382134342
er,800,3246,3,8.0,889,713974781,389,6,4800,1085,350,True,3246,5347.689382134342
er,800,3176,3,8.0,890,3244197730,388,5,4000,1045,331,True,3176,5347.689382134342
er,800,3199,3,8.0,891,3235627620,400,4,3200,1115,379,True,3199,5347.689382134342
er,800,3202,3,8.0,892,4156741928,421,6,4800,1140,344,True,3202,5347.689382134342
er,800,3213,3,8.0,893,480115507,396,5,4000,1048,320,True,3213,5347.689382134342
er,800,3262,3,8.0,894,374731344,370,5,4000,1021,364,True,3262,5347.689382134342
er,800,3154,3,8.0,895,756530499,380,6,4800,1020,333,True,3154,5347.689382134342
er,800,3199,3,8.0,896,2936868234,378,6,4800,1027,338,True,3199,5347.689382134342
er,800,3123,3,8.0,897,2507932947,398,6,4800,1067,336,True,3123,5347.689382134342
er,800,3191,3,8.0,898,1564852536,369,5,4000,1052,363,True,3191,5347.689382134342
er,800,3188,3,8.0,899,1221818202,398,6,4800,1130,356,True,3188,5347.689382134342
er,800,3253,3,8.0,900,196357822,396,4,3200,1119,360,True,3253,5347.689382134342
er,800,3181,3,8.0,901,1598692392,380,6,4800,1043,353,True,3181,5347.689382134342
er,800,3309,3,8.0,902,1075945799,386,4,3200,1142,400,True,3309,5347.689382134342
er,800,3189,3,8.0,903,1765866546,395,5,4000,1032,352,True,3189,5347.689382134342
er,800,3319,3,8.0,904,4020167599,375,4,3200,1125,383,True,3319,5347.689382134342
er,800,3145,3,8.0,905,2573550189,406,6,4800,1041,331,True,3145,5347.689382134342
er,800,3278,3,8.0,906,1363785014,391,7,5600,1075,378,True,3278,5347.689382134342
er,800,3210,3,8.0,907,115009323,380,5,4000,1108,357,True,3210,5347.689382134342
er,800,3265,3,8.0,908,3862628934,407,5,4000,1115,343,True,3265,5347.689382134342
er,800,3221,3,8.0,909,2333828397,374,7,5600,1074,358,True,3221,5347.689382134342
er,800,3242,3,8.0,910,719659891,385,5,4000,1103,362,True,3242,5347.689382134342
er,800,3185,3,8.0,911,2183956964,394,6,4800,1081,343,True,3185,5347.689382134342
er,800,3128,3,8.0,912,2026920256,372,7,5600,1057,328,True,3128,5347.689382134342
er,800,3298,3,8.0,913,2201408355,421,7,5600,1121,365,True,3298,5347.689382134342
er,800,3235,3,8.0,914,3560307064,373,9,7200,1064,351,True,3235,5347.689382134342
er,800,3204,3,8.0,915,1552852019,378,5,4000,1035,340,True,3204,5347.689382134342
er,800,3319,3,8.0,916,1037767304,392,6,4800,1086,369,True,3319,5347.689382134342
er,800,3287,3,8.0,917,1848230215,370,5,4000,1067,368,True,3287,5347.689382134342
er,800,3215,3,8.0,918,636240806,366,5,4000,1070,368,True,3215,5347.689382134342
er,800,3197,3,8.0,919,2647992635,393,5,4000,1081,348,True,3197,5347.689382134342
er,800,3205,3,8.0,920,2456189325,360,5,4000,1030,351,True,3205,5347.689382134342
er,800,3204,3,8.0,921,4276122144,399,6,4800,1068,336,True,3204,5347.689382134342
er,800,3125,3,8.0,922,816299660,395,6,4800,1050,317,True,3125,5347.689382134342
er,800,3235,3,8.0,923,2624730885,392,5,4000,1100,369,True,3235,5347.689382134342
er,800,3321,3,8.0,924,3375143977,414,6,4800,1121,368,True,3321,5347.689382134342
er,800,3091,3,8.0,925,2682802799,376,6,4800,1022,316,True,3091,5347.689382134342
er,800,3220,3,8.0,926,2300570466,378,4,3200,1054,368,True,3220,5347.689382134342
er,800,3237,3,8.0,927,179766243,378,5,4000,1054,362,True,3237,5347.689382134342
er,800,3160,3,8.0,928,3032438495,372,5,4000,1055,359,True,3160,5347.689382134342
er,800,3201,3,8.0,929,2608814906,403,7,5600,1082,326,True,3201,5347.689382134342
er,800,3162,3,8.0,930,1615052754,378,6,4800,1044,334,True,3162,5347.689382134342
er,800,3223,3,8.0,931,622906298,366,6,4800,1086,386,True,3223,5347.689382134342
er,800,3278,3,8.0,932,2212158666,384,5,4000,1099,381,True,3278,5347.689382134342
er,800,3153,3,8.0,933,2742448993,367,5,4000,1032,356,True,3153,5347.689382134342
er,800,3203,3,8.0,934,1943731583,363,6,4800,1040,357,True,3203,5347.689382134342
er,800,3242,3,8.0,935,2141075347,356,5,4000,1087,373,True,3242,5347.689382134342
er,800,3129,3,8.0,936,2089197961,394,5,4000,1045,344,True,3129,5347.689382134342
er,800,3341,3,8.0,937,3092895399,382,6,4800,1072,383,True,3341,5347.689382134342
er,800,3160,3,8.0,938,3552203136,391,6,4800,1028,330,True,3160,5347.689382134342
er,800,3217,3,8.0,939,3180151541,365,5,4000,1081,376,True,3217,5347.689382134342
er,800,3315,3,8.0,940,2805609960,392,5,4000,1058,362,True,3315,5347.689382134342
er,800,3125,3,8.0,941,827850243,363,4,3200,1037,360,True,3125,5347.689382134342
er,800,3144,3,8.0,942,1970130682,383,6,4800,1020,327,True,3144,5347.689382134342
er,800,3328,3,8.0,943,1329375299,401,5,4000,1105,361,True,3328,5347.689382134342
er,800,3179,3,8.0,944,736890890,397,10,8000,1079,361,True,3179,5347.689382134342
er,800,3147,3,8.0,945,3052176786,361,5,4000,1047,331,True,3147,5347.689382134342
er,800,3238,3,8.0,946,1215646196,412,5,4000,1111,356,True,3238,5347.689382134342
er,800,3222,3,8.0,947,1852768921,437,6,4800,1081,312,True,3222,5347.689382134342
er,800,3050,3,8.0,948,2343636963,376,6,4800,1008,329,True,3050,5347.689382134342
er,800,3219,3,8.0,949,2940768348,388,6,4800,1078,352,True,3219,5347.689382134342
er,800,3250,3,8.0,950,1917434000,376,5,4000,1070,367,True,3250,5347.689382134342
er,800,3329,3,8.0,951,2553187697,412,6,4800,1129,336,True,3329,5347.689382134342
er,800,3253,3,8.0,952,2159086843,401,6,4800,1093,343,True,3253,5347.689382134342
er,800,3239,3,8.0,953,1988682645,389,5,4000,1110,382,True,3239,5347.689382134342
er,800,3191,3,8.0,954,3850900929,386,6,4800,1062,343,True,3191,5347.689382134342
er,800,3162,3,8.0,955,795858450,391,5,4000,1030,333,True,3162,5347.689382134342
er,800,3205,3,8.0,956,1069294247,391,7,5600,1068,351,True,3205,5347.689382134342
er,800,3202,3,8.0,957,174550599,411,6,4800,1040,333,True,3202,5347.689382134342
er,800,3241,3,8.0,958,2092303856,372,7,5600,1054,366,True,3241,5347.689382134342
er,800,3200,3,8.0,959,2138770405,395,5,4000,1039,355,True,3200,5347.689382134342
er,800,3206,3,8.0,960,77052883,382,6,4800,1084,371,True,3206,5347.689382134342
er,800,3218,3,8.0,961,3665535664,372,5,4000,1069,375,True,3218,5347.689382134342
er,800,3220,3,8.0,962,1476620473,367,5,4000,1067,367,True,3220,5347.689382134342
er,800,3110,3,8.0,963,988811914,379,6,4800,1037,308,True,3110,5347.689382134342
er,800,3201,3,8.0,964,3938992458,390,6,4800,1046,341,True,3201,5347.689382134342
er,800,3285,3,8.0,965,1852406455,371,5,4000,1078,382,True,3285,5347.689382134342
er,800,3157,3,8.0,966,1646113306,400,6,4800,1061,335,True,3157,5347.689382134342
er,800,3174,3,8.0,967,2834920088,391,6,4800,1057,346,True,3174,5347.689382134342
er,800,3179,3,8.0,968,476808639,385,7,5600,1049,349,True,3179,5347.689382134342
er,800,3121,3,8.0,969,3282969681,363,5,4000,998,327,True,3121,5347.689382134342
er,800,3290,3,8.0,970,3555405751,388,5,4000,1085,388,True,3290,5347.689382134342
er,800,3124,3,8.0,971,3592638947,385,7,5600,1048,343,True,3124,5347.689382134342
er,800,3122,3,8.0,972,3935039091,398,5,4000,1025,330,True,3122,5347.689382134342
er,800,3217,3,8.0,973,1571732260,391,5,4000,1090,366,True,3217,5347.689382134342
er,800,3179,3,8.0,974,3503538377,381,4,3200,1073,340,True,3179,5347.689382134342
er,800,3211,3,8.0,975,695894666,395,5,4000,1055,367,True,3211,5347.689382134342
er,800,3201,3,8.0,976,2626553480,414,4,3200,1127,349,True,3201,5347.689382134342
er,800,3224,3,8.0,977,1384981925,387,6,4800,1086,370,True,3224,5347.689382134342
er,800,3225,3,8.0,978,4163300144,381,6,4800,1036,350,True,3225,5347.689382134342
er,800,3174,3,8.0,979,2325069993,395,5,4000,1067,338,True,3174,5347.689382134342
er,800,3249,3,8.0,980,863284466,400,7,5600,1094,349,True,3249,5347.689382134342
er,800,3224,3,8.0,981,1300111573,380,5,4000,1054,346,True,3224,5347.689382134342
er,800,3137,3,8.0,982,3639961957,365,5,4000,1028,361,True,3137,5347.689382134342
er,800,3196,3,8.0,983,182985783,371,5,4000,1057,372,True,3196,5347.689382134342
er,800,3140,3,8.0,984,3172649285,375,6,4800,1038,334,True,3140,5347.689382134342
er,800,3239,3,8.0,985,1995869997,363,5,4000,1087,381,True,3239,5347.689382134342
er,800,3160,3,8.0,986,2050007038,368,5,4000,1012,355,True,3160,5347.689382134342
er,800,3265,3,8.0,987,2019456811,382,6,4800,1084,376,True,3265,5347.689382134342
er,800,3097,3,8.0,988,730516535,371,6,4800,1020,342,True,3097,5347.689382134342
er,800,3173,3,8.0,989,573204526,376,5,4000,1035,347,True,3173,5347.689382134342
er,800,3197,3,8.0,990,961471306,368,6,4800,1046,329,True,3197,5347.689382134342
er,800,3166,3,8.0,991,2485967731,363,5,4000,1009,331,True,3166,5347.689382134342
er,800,3216,3,8.0,992,3475452320,408,6,4800,1071,345,True,3216,5347.689382134342
er,800,3187,3,8.0,993,273187753,395,6,4800,1064,345,True,3187,5347.689382134342
er,800,3182,3,8.0,994,2625881087,372,4,3200,1065,349,True,3182,5347.689382134342
er,800,3242,3,8.0,995,1805471490,390,6,4800,1087,356,True,3242,5347.689382134342
er,800,3175,3,8.0,996,1260177568,389,7,5600,1051,328,True,3175,5347.689382134342
er,800,3180,3,8.0,997,789709137,384,5,4000,1089,362,True,3180,5347.689382134342
er,800,3164,3,8.0,998,3288333020,405,5,4000,1067,346,True,3164,5347.689382134342
er,800,3103,3,8.0,999,4197918952,358,5,4000,995,351,True,3103,5347.689382134342
ba,100,384,3,8.0,0,3857626617,39,3,300,133,48,True,384,460.51701859880916
ba,100,384,3,8.0,1,1208414079,37,3,300,111,47,True,384,460.51701859880916
ba,100,384,3,8.0,2,180887465,40,3,300,115,48,True,384,460.51701859880916
ba,100,384,3,8.0,3,2864539857,45,5,500,126,50,True,384,460.51701859880916
ba,100,384,3,8.0,4,3391732081,52,4,400,131,42,True,384,460.51701859880916
ba,100,384,3,8.0,5,3486493671,52,3,300,131,47,True,384,460.51701859880916
ba,100,384,3,8.0,6,3524808890,54,4,400,148,43,True,384,460.51701859880916
ba,100,384,3,8.0,7,3821390881,50,4,400,146,45,True,384,460.51701859880916
ba,100,384,3,8.0,8,325976510,45,4,400,134,45,True,384,460.51701859880916
ba,100,384,3,8.0,9,3984075152,52,4,400,133,49,True,384,460.51701859880916
ba,100,384,3,8.0,10,793074767,46,3,300,124,45,True,384,460.51701859880916
ba,100,384,3,8.0,11,205774926,59,4,400,137,45,True,384,460.51701859880916
ba,100,384,3,8.0,12,107897987,46,3,300,143,48,True,384,460.51701859880916
ba,100,384,3,8.0,13,1815402641,58,3,300,140,47,True,384,460.51701859880916
ba,100,384,3,8.0,14,4239402909,48,3,300,134,50,True,384,460.51701859880916
ba,100,384,3,8.0,15,4148135542,57,4,400,130,45,True,384,460.51701859880916
ba,100,384,3,8.0,16,1589664284,51,4,400,142,58,True,384,460.51701859880916
ba,100,384,3,8.0,17,1290078644,48,3,300,121,45,True,384,460.51701859880916
ba,100,384,3,8.0,18,1592158944,48,5,500,123,48,True,384,460.51701859880916
ba,100,384,3,8.0,19,2415205745,51,4,400,126,45,True,384,460.51701859880916
ba,100,384,3,8.0,20,1511630003,54,4,400,130,44,True,384,460.51701859880916
ba,100,384,3,8.0,21,1429610087,50,5,500,128,47,True,384,460.51701859880916
ba,100,384,3,8.0,22,3592676678,50,4,400,135,49,True,384,460.51701859880916
ba,100,384,3,8.0,23,3906413933,49,4,400,120,50,True,384,460.51701859880916
ba,100,384,3,8.0,24,924736845,55,4,400,144,42,True,384,460.51701859880916
ba,100,384,3,8.0,25,1122491703,45,3,300,134,49,True,384,460.51701859880916
ba,100,384,3,8.0,26,1385862016,51,4,400,133,42,True,384,460.51701859880916
ba,100,384,3,8.0,27,3930273125,39,4,400,114,55,True,384,460.51701859880916
ba,100,384,3,8.0,28,1372797373,55,5,500,137,45,True,384,460.51701859880916
ba,100,384,3,8.0,29,1774669121,40,3,300,147,52,True,384,460.51701859880916
ba,100,384,3,8.0,30,3111746262,53,3,300,133,41,True,384,460.51701859880916
ba,100,384,3,8.0,31,84311574,49,3,300,136,47,True,384,460.51701859880916
ba,100,384,3,8.0,32,3292394525,51,3,300,130,39,True,384,460.51701859880916
ba,100,384,3,8.0,33,1383892615,38,3,300,119,52,True,384,460.51701859880916
ba,100,384,3,8.0,34,4236748435,40,3,300,119,54,True,384,460.51701859880916
ba,100,384,3,8.0,35,2141206882,43,3,300,134,56,True,384,460.51701859880916
ba,100,384,3,8.0,36,1774309904,52,5,500,129,43,True,384,460.51701859880916
ba,100,384,3,8.0,37,2655376474,53,4,400,131,46,True,384,460.51701859880916
ba,100,384,3,8.0,38,2261263598,42,4,400,132,48,True,384,460.51701859880916
ba,100,384,3,8.0,39,2724971005,51,5,500,159,40,True,384,460.51701859880916
ba,100,384,3,8.0,40,2674288398,54,5,500,131,40,True,384,460.51701859880916
ba,100,384,3,8.0,41,1420559189,57,5,500,152,37,True,384,460.51701859880916
ba,100,384,3,8.0,42,4076282121,57,5,500,154,42,True,384,460.51701859880916
ba,100,384,3,8.0,43,1773215343,51,7,700,133,49,True,384,460.51701859880916
ba,100,384,3,8.0,44,1241327655,45,4,400,136,49,True,384,460.51701859880916
ba,100,384,3,8.0,45,3641686152,47,3,300,135,46,True,384,460.51701859880916
ba,100,384,3,8.0,46,3767636615,47,3,300,122,53,True,384,460.51701859880916
ba,100,384,3,8.0,47,2811370493,48,3,300,126,43,True,384,460.51701859880916
ba,100,384,3,8.0,48,2407254456,55,5,500,135,43,True,384,460.51701859880916
ba,100,384,3,8.0,49,961138144,56,3,300,144,45,True,384,460.51701859880916
ba,100,384,3,8.0,50,2702940988,43,3,300,125,46,True,384,460.51701859880916
ba,100,384,3,8.0,51,742386913,50,3,300,137,39,True,384,460.51701859880916
ba,100,384,3,8.0,52,2206325722,33,3,300,109,55,True,384,460.51701859880916
ba,100,384,3,8.0,53,2343373142,42,4,400,121,47,True,384,460.51701859880916
ba,100,384,3,8.0,54,411280261,49,5,500,137,46,True,384,460.51701859880916
ba,100,384,3,8.0,55,1415636682,51,4,400,130,45,True,384,460.51701859880916
ba,100,384,3,8.0,56,1238671791,51,7,700,109,37,True,384,460.51701859880916
ba,100,384,3,8.0,57,2567468383,55,5,500,123,33,True,384,460.51701859880916
ba,100,384,3,8.0,58,1421414066,39,3,300,133,49,True,384,460.51701859880916
ba,100,384,3,8.0,59,3949209845,48,4,400,132,45,True,384,460.51701859880916
ba,100,384,3,8.0,60,363785041,60,4,400,133,42,True,384,460.51701859880916
ba,100,384,3,8.0,61,1684921070,49,4,400,116,37,True,384,460.51701859880916
ba,100,384,3,8.0,62,1617921003,41,3,300,119,47,True,384,460.51701859880916
ba,100,384,3,8.0,63,1967241117,42,3,300,121,38,True,384,460.51701859880916
ba,100,384,3,8.0,64,2161235001,54,5,500,130,41,True,384,460.51701859880916
ba,100,384,3,8.0,65,3307546784,52,5,500,129,41,True,384,460.51701859880916
ba,100,384,3,8.0,66,2705690645,45,4,400,127,47,True,384,460.51701859880916
ba,100,384,3,8.0,67,1372321747,49,3,300,133,43,True,384,460.51701859880916
ba,100,384,3,8.0,68,1528898128,44,4,400,118,50,True,384,460.51701859880916
ba,100,384,3,8.0,69,3133471966,50,4,400,127,47,True,384,460.51701859880916
ba,100,384,3,8.0,70,1205285700,59,5,500,134,40,True,384,460.51701859880916
ba,100,384,3,8.0,71,908610927,51,3,300,129,47,True,384,460.51701859880916
ba,100,384,3,8.0,72,2797627671,47,4,400,129,50,True,384,460.51701859880916
ba,100,384,3,8.0,73,466354053,46,4,400,118,43,True,384,460.51701859880916
ba,100,384,3,8.0,74,2434867024,44,5,500,108,44,True,384,460.51701859880916
ba,100,384,3,8.0,75,127582730,44,3,300,146,51,True,384,460.51701859880916
ba,100,384,3,8.0,76,3217330806,46,4,400,132,48,True,384,460.51701859880916
ba,100,384,3,8.0,77,1368180359,60,4,400,141,43,True,384,460.51701859880916
ba,100,384,3,8.0,78,3917717880,48,5,500,122,49,True,384,460.51701859880916
ba,100,384,3,8.0,79,616849280,43,3,300,126,48,True,384,460.51701859880916
ba,100,384,3,8.0,80,332932829,40,3,300,125,47,True,384,460.51701859880916
ba,100,384,3,8.0,81,2072051969,52,4,400,137,45,True,384,460.51701859880916
ba,100,384,3,8.0,82,2996446865,49,4,400,122,44,True,384,460.51701859880916
ba,100,384,3,8.0,83,2496753499,57,4,400,126,42,True,384,460.51701859880916
ba,100,384,3,8.0,84,2926909519,44,3,300,130,47,True,384,460.51701859880916
ba,100,384,3,8.0,85,2088010292,41,3,300,123,46,True,384,460.51701859880916
ba,100,384,3,8.0,86,2407379013,41,3,300,112,46,True,384,460.51701859880916
ba,100,384,3,8.0,87,2678989414,39,3,300,131,50,True,384,460.51701859880916
ba,100,384,3,8.0,88,1745035625,51,3,300,144,47,True,384,460.51701859880916
ba,100,384,3,8.0,89,3408727529,43,4,400,139,47,True,384,460.51701859880916
ba,100,384,3,8.0,90,1212881620,42,3,300,123,50,True,384,460.51701859880916
ba,100,384,3,8.0,91,91286366,52,5,500,139,49,True,384,460.51701859880916
ba,100,384,3,8.0,92,4062272686,52,4,400,138,45,True,384,460.51701859880916
ba,100,384,3,8.0,93,2668436803,36,3,300,128,54,True,384,460.51701859880916
ba,100,384,3,8.0,94,2546154505,51,4,400,133,43,True,384,460.51701859880916
ba,100,384,3,8.0,95,3649614797,47,6,600,119,48,True,384,460.51701859880916
ba,100,384,3,8.0,96,2820556101,46,3,300,136,53,True,384,460.51701859880916
ba,100,384,3,8.0,97,1303006690,36,3,300,119,44,True,384,460.51701859880916
ba,100,384,3,8.0,98,1847351706,37,3,300,118,45,True,384,460.51701859880916
ba,100,384,3,8.0,99,3721614168,51,4,400,120,41,True,384,460.51701859880916
ba,100,384,3,8.0,100,2998781006,56,4,400,131,49,True,384,460.51701859880916
ba,100,384,3,8.0,101,1925991219,44,5,500,125,42,True,384,460.51701859880916
ba,100,384,3,8.0,102,1128117774,40,5,500,112,53,True,384,460.51701859880916
ba,100,384,3,8.0,103,2487702070,44,4,400,119,48,True,384,460.51701859880916
ba,100,384,3,8.0,104,3377870918,46,4,400,130,49,True,384,460.51701859880916
ba,100,384,3,8.0,105,2834967471,43,4,400,123,54,True,384,460.51701859880916
ba,100,384,3,8.0,106,2256727671,48,5,500,128,45,True,384,460.51701859880916
ba,100,384,3,8.0,107,2284589547,54,6,600,129,48,True,384,460.51701859880916
ba,100,384,3,8.0,108,356745809,45,4,400,140,49,True,384,460.51701859880916
ba,100,384,3,8.0,109,1970761477,44,4,400,121,42,True,384,460.51701859880916
ba,100,384,3,8.0,110,3212449486,52,3,300,141,50,True,384,460.51701859880916
ba,100,384,3,8.0,111,2886473481,45,3,300,127,50,True,384,460.51701859880916
ba,100,384,3,8.0,112,308168127,54,3,300,147,43,True,384,460.51701859880916
ba,100,384,3,8.0,113,3327483350,44,6,600,118,53,True,384,460.51701859880916
ba,100,384,3,8.0,114,1306964581,52,3,300,152,50,True,384,460.51701859880916
ba,100,384,3,8.0,115,861386989,42,2,200,118,45,True,384,460.51701859880916
ba,100,384,3,8.0,116,2470046769,46,4,400,118,43,True,384,460.51701859880916
ba,100,384,3,8.0,117,3978096753,50,3,300,140,44,True,384,460.51701859880916
ba,100,384,3,8.0,118,1966332315,39,3,300,117,48,True,384,460.51701859880916
ba,100,384,3,8.0,119,4097924505,35,3,300,107,49,True,384,460.51701859880916
ba,100,384,3,8.0,120,2136286959,46,3,300,129,44,True,384,460.51701859880916
ba,100,384,3,8.0,121,3309804636,40,4,400,112,45,True,384,460.51701859880916
ba,100,384,3,8.0,122,3352288073,37,4,400,111,49,True,384,460.51701859880916
ba,100,384,3,8.0,123,4249652937,58,5,500,137,36,True,384,460.51701859880916
ba,100,384,3,8.0,124,2374293833,45,4,400,130,44,True,384,460.51701859880916
ba,100,384,3,8.0,125,1969064528,49,4,400,125,43,True,384,460.51701859880916
ba,100,384,3,8.0,126,14165075,43,4,400,131,47,True,384,460.51701859880916
ba,100,384,3,8.0,127,4031175138,35,3,300,131,55,True,384,460.51701859880916
ba,100,384,3,8.0,128,602817438,55,4,400,138,46,True,384,460.51701859880916
ba,100,384,3,8.0,129,1892775694,50,4,400,127,42,True,384,460.51701859880916
ba,100,384,3,8.0,130,2184178315,36,3,300,109,47,True,384,460.51701859880916
ba,100,384,3,8.0,131,1361167510,53,4,400,128,37,True,384,460.51701859880916
ba,100,384,3,8.0,132,3322052122,41,3,300,122,48,True,384,460.51701859880916
ba,100,384,3,8.0,133,882835528,45,4,400,120,45,True,384,460.51701859880916
ba,100,384,3,8.0,134,2879461101,48,4,400,127,40,True,384,460.51701859880916
ba,100,384,3,8.0,135,2341283696,48,4,400,125,48,True,384,460.51701859880916
ba,100,384,3,8.0,136,439568282,54,4,400,143,46,True,384,460.51701859880916
ba,100,384,3,8.0,137,143511248,39,4,400,117,56,True,384,460.51701859880916
ba,100,384,3,8.0,138,3375123465,48,3,300,125,50,True,384,460.51701859880916
ba,100,384,3,8.0,139,3210164596,47,4,400,124,47,True,384,460.51701859880916
ba,100,384,3,8.0,140,840391697,50,4,400,137,47,True,384,460.51701859880916
ba,100,384,3,8.0,141,963757374,53,4,400,140,43,True,384,460.51701859880916
ba,100,384,3,8.0,142,3038812297,47,3,300,125,52,True,384,460.51701859880916
ba,100,384,3,8.0,143,3920253660,49,4,400,124,44,True,384,460.51701859880916
ba,100,384,3,8.0,144,3087364317,47,4,400,126,46,True,384,460.51701859880916
ba,100,384,3,8.0,145,1646365231,58,4,400,133,41,True,384,460.51701859880916
ba,100,384,3,8.0,146,1186701289,55,3,300,138,40,True,384,460.51701859880916
ba,100,384,3,8.0,147,3238621217,56,3,300,150,42,True,384,460.51701859880916
ba,100,384,3,8.0,148,98656604,45,4,400,119,41,True,384,460.51701859880916
ba,100,384,3,8.0,149,1855670860,43,3,300,122,45,True,384,460.51701859880916
ba,100,384,3,8.0,150,1856541108,43,4,400,116,44,True,384,460.51701859880916
ba,100,384,3,8.0,151,3576966002,47,3,300,130,43,True,384,460.51701859880916
ba,100,384,3,8.0,152,1588962239,33,4,400,116,55,True,384,460.51701859880916
ba,100,384,3,8.0,153,454293273,35,3,300,114,53,True,384,460.51701859880916
ba,100,384,3,8.0,154,977311050,56,7,700,127,38,True,384,460.51701859880916
ba,100,384,3,8.0,155,438050500,41,4,400,123,52,True,384,460.51701859880916
ba,100,384,3,8.0,156,1285311891,35,3,300,128,56,True,384,460.51701859880916
ba,100,384,3,8.0,157,3266415766,45,3,300,142,56,True,384,460.51701859880916
ba,100,384,3,8.0,158,1305750757,48,4,400,120,40,True,384,460.51701859880916
ba,100,384,3,8.0,159,2708139549,38,3,300,116,48,True,384,460.51701859880916
ba,100,384,3,8.0,160,4017320717,49,4,400,129,44,True,384,460.51701859880916
ba,100,384,3,8.0,161,2713657804,44,3,300,130,48,True,384,460.51701859880916
ba,100,384,3,8.0,162,3615807089,51,4,400,131,42,True,384,460.51701859880916
ba,100,384,3,8.0,163,1695928135,47,4,400,125,48,True,384,460.51701859880916
ba,100,384,3,8.0,164,7350608,60,6,600,162,45,True,384,460.51701859880916
ba,100,384,3,8.0,165,1050963338,43,4,400,126,48,True,384,460.51701859880916
ba,100,384,3,8.0,166,2528813672,52,4,400,141,36,True,384,460.51701859880916
ba,100,384,3,8.0,167,437846196,37,3,300,134,56,True,384,460.51701859880916
ba,100,384,3,8.0,168,2662800089,43,4,400,123,51,True,384,460.51701859880916
ba,100,384,3,8.0,169,1077647745,56,4,400,132,44,True,384,460.51701859880916
ba,100,384,3,8.0,170,1409045195,53,4,400,137,50,True,384,460.51701859880916
ba,100,384,3,8.0,171,31929425,50,4,400,135,45,True,384,460.51701859880916
ba,100,384,3,8.0,172,2635732841,50,5,500,121,43,True,384,460.51701859880916
ba,100,384,3,8.0,173,361682931,54,4,400,142,44,True,384,460.51701859880916
ba,100,384,3,8.0,174,3695978530,51,5,500,122,48,True,384,460.51701859880916
ba,100,384,3,8.0,175,3716528741,36,3,300,104,46,True,384,460.51701859880916
ba,100,384,3,8.0,176,1547353815,38,3,300,113,51,True,384,460.51701859880916
ba,100,384,3,8.0,177,2762294929,51,3,300,134,47,True,384,460.51701859880916
ba,100,384,3,8.0,178,1246471134,46,3,300,134,41,True,384,460.51701859880916
ba,100,384,3,8.0,179,351763137,44,3,300,122,42,True,384,460.51701859880916
ba,100,384,3,8.0,180,2569052637,38,4,400,121,50,True,384,460.51701859880916
ba,100,384,3,8.0,181,3227858389,45,3,300,136,52,True,384,460.51701859880916
ba,100,384,3,8.0,182,948066756,35,3,300,102,51,True,384,460.51701859880916
ba,100,384,3,8.0,183,3961581775,43,3,300,120,47,True,384,460.51701859880916
ba,100,384,3,8.0,184,3151232489,42,3,300,134,57,True,384,460.51701859880916
ba,100,384,3,8.0,185,3190222231,55,6,600,145,46,True,384,460.51701859880916
ba,100,384,3,8.0,186,455403175,44,4,400,127,45,True,384,460.51701859880916
ba,100,384,3,8.0,187,65281050,51,4,400,131,45,True,384,460.51701859880916
ba,100,384,3,8.0,188,2330017246,52,4,400,130,38,True,384,460.51701859880916
ba,100,384,3,8.0,189,1177742903,49,4,400,128,48,True,384,460.51701859880916
ba,100,384,3,8.0,190,3452114224,45,4,400,122,51,True,384,460.51701859880916
ba,100,384,3,8.0,191,1064894254,42,3,300,138,54,True,384,460.51701859880916
ba,100,384,3,8.0,192,595282080,33,2,200,117,51,True,384,460.51701859880916
ba,100,384,3,8.0,193,887480651,34,3,300,101,46,True,384,460.51701859880916
ba,100,384,3,8.0,194,651233346,36,3,300,116,57,True,384,460.51701859880916
ba,100,384,3,8.0,195,3339062972,49,4,400,134,51,True,384,460.51701859880916
ba,100,384,3,8.0,196,2657155465,48,4,400,132,47,True,384,460.51701859880916
ba,100,384,3,8.0,197,2899877210,50,4,400,125,39,True,384,460.51701859880916
ba,100,384,3,8.0,198,1344656172,50,4,400,134,52,True,384,460.51701859880916
ba,100,384,3,8.0,199,1767114406,47,4,400,130,41,True,384,460.51701859880916
ba,100,384,3,8.0,200,1804868783,40,3,300,135,52,True,384,460.51701859880916
ba,100,384,3,8.0,201,2682406973,43,3,300,135,49,True,384,460.51701859880916
ba,100,384,3,8.0,202,684266062,41,3,300,125,53,True,384,460.51701859880916
ba,100,384,3,8.0,203,2981377030,44,4,400,119,45,True,384,460.51701859880916
ba,100,384,3,8.0,204,1555268244,49,5,500,131,45,True,384,460.51701859880916
ba,100,384,3,8.0,205,3979271578,49,4,400,130,43,True,384,460.51701859880916
ba,100,384,3,8.0,206,2297405288,38,3,300,128,51,True,384,460.51701859880916
ba,100,384,3,8.0,207,2990429609,49,3,300,129,50,True,384,460.51701859880916
ba,100,384,3,8.0,208,2552253082,33,3,300,110,48,True,384,460.51701859880916
ba,100,384,3,8.0,209,23174133,39,4,400,111,46,True,384,460.51701859880916
ba,100,384,3,8.0,210,1138848329,39,3,300,120,50,True,384,460.51701859880916
ba,100,384,3,8.0,211,562832429,53,4,400,135,46,True,384,460.51701859880916
ba,100,384,3,8.0,212,4152135980,46,3,300,129,52,True,384,460.51701859880916
ba,100,384,3,8.0,213,2394601559,51,5,500,129,41,True,384,460.51701859880916
ba,100,384,3,8.0,214,2624677346,39,4,400,113,52,True,384,460.51701859880916
ba,100,384,3,8.0,215,2872083242,46,3,300,127,51,True,384,460.51701859880916
ba,100,384,3,8.0,216,414289721,39,3,300,121,45,True,384,460.51701859880916
ba,100,384,3,8.0,217,2693392118,47,6,600,129,46,True,384,460.51701859880916
ba,100,384,3,8.0,218,3763126182,42,3,300,118,48,True,384,460.51701859880916
ba,100,384,3,8.0,219,2655265485,51,4,400,138,39,True,384,460.51701859880916
ba,100,384,3,8.0,220,2323525880,44,3,300,125,54,True,384,460.51701859880916
ba,100,384,3,8.0,221,673981619,36,3,300,107,45,True,384,460.51701859880916
ba,100,384,3,8.0,222,927906229,51,4,400,131,45,True,384,460.51701859880916
ba,100,384,3,8.0,223,2157901885,40,4,400,112,55,True,384,460.51701859880916
ba,100,384,3,8.0,224,3295499310,44,3,300,130,58,True,384,460.51701859880916
ba,100,384,3,8.0,225,1988427122,55,5,500,149,41,True,384,460.51701859880916
ba,100,384,3,8.0,226,2379887540,41,4,400,129,48,True,384,460.51701859880916
ba,100,384,3,8.0,227,1912683081,49,3,300,138,52,True,384,460.51701859880916
ba,100,384,3,8.0,228,2205013870,50,3,300,124,50,True,384,460.51701859880916
ba,100,384,3,8.0,229,2324307363,44,4,400,141,51,True,384,460.51701859880916
ba,100,384,3,8.0,230,2362879375,46,3,300,131,46,True,384,460.51701859880916
ba,100,384,3,8.0,231,1466193746,37,3,300,103,41,True,384,460.51701859880916
ba,100,384,3,8.0,232,3183920226,54,5,500,125,37,True,384,460.51701859880916
ba,100,384,3,8.0,233,3475128018,43,4,400,140,50,True,384,460.51701859880916
ba,100,384,3,8.0,234,2705790456,44,3,300,115,43,True,384,460.51701859880916
ba,100,384,3,8.0,235,3766450884,38,3,300,123,53,True,384,460.51701859880916
ba,100,384,3,8.0,236,350194761,57,5,500,129,40,True,384,460.51701859880916
ba,100,384,3,8.0,237,1726662860,46,5,500,119,45,True,384,460.51701859880916
ba,100,384,3,8.0,238,4193895037,44,3,300,120,44,True,384,460.51701859880916
ba,100,384,3,8.0,239,798483335,44,5,500,132,48,True,384,460.51701859880916
ba,100,384,3,8.0,240,1176193046,39,3,300,112,50,True,384,460.51701859880916
ba,100,384,3,8.0,241,2090434124,47,4,400,135,42,True,384,460.51701859880916
ba,100,384,3,8.0,242,3607949801,49,3,300,134,52,True,384,460.51701859880916
ba,100,384,3,8.0,243,3099485746,42,4,400,116,44,True,384,460.51701859880916
ba,100,384,3,8.0,244,484799006,48,4,400,123,38,True,384,460.51701859880916
ba,100,384,3,8.0,245,1467506134,46,4,400,112,45,True,384,460.51701859880916
ba,100,384,3,8.0,246,1357637072,47,4,400,130,44,True,384,460.51701859880916
ba,100,384,3,8.0,247,556865000,51,5,500,130,50,True,384,460.51701859880916
ba,100,384,3,8.0,248,2952947744,53,4,400,132,44,True,384,460.51701859880916
ba,100,384,3,8.0,249,1242921281,43,4,400,131,41,True,384,460.51701859880916
ba,100,384,3,8.0,250,3267672838,47,4,400,126,44,True,384,460.51701859880916
ba,100,384,3,8.0,251,3255712916,47,5,500,128,43,True,384,460.51701859880916
ba,100,384,3,8.0,252,2471404994,42,3,300,114,43,True,384,460.51701859880916
ba,100,384,3,8.0,253,3887098366,42,4,400,125,45,True,384,460.51701859880916
ba,100,384,3,8.0,254,1269216332,42,3,300,131,56,True,384,460.51701859880916
ba,100,384,3,8.0,255,2383425211,50,5,500,120,37,True,384,460.51701859880916
ba,100,384,3,8.0,256,3914233429,50,4,400,136,40,True,384,460.51701859880916
ba,100,384,3,8.0,257,3515564750,53,3,300,133,47,True,384,460.51701859880916
ba,100,384,3,8.0,258,219846166,53,4,400,130,39,True,384,460.51701859880916
ba,100,384,3,8.0,259,682188933,43,5,500,117,47,True,384,460.51701859880916
ba,100,384,3,8.0,260,1634906827,47,4,400,125,45,True,384,460.51701859880916
ba,100,384,3,8.0,261,2494016792,50,4,400,127,46,True,384,460.51701859880916
ba,100,384,3,8.0,262,224079851,55,4,400,136,44,True,384,460.51701859880916
ba,100,384,3,8.0,263,1294206851,44,4,400,126,47,True,384,460.51701859880916
ba,100,384,3,8.0,264,491584104,47,4,400,121,42,True,384,460.51701859880916
ba,100,384,3,8.0,265,1792128918,56,3,300,132,48,True,384,460.51701859880916
ba,100,384,3,8.0,266,340578698,46,5,500,131,45,True,384,460.51701859880916
ba,100,384,3,8.0,267,3462175929,45,4,400,129,46,True,384,460.51701859880916
ba,100,384,3,8.0,268,1860820188,45,3,300,137,50,True,384,460.51701859880916
ba,100,384,3,8.0,269,2534514806,36,4,400,126,47,True,384,460.51701859880916
ba,100,384,3,8.0,270,2458630094,47,4,400,124,45,True,384,460.51701859880916
ba,100,384,3,8.0,271,1783751999,42,4,400,132,43,True,384,460.51701859880916
ba,100,384,3,8.0,272,3956318336,47,5,500,136,39,True,384,460.51701859880916
ba,100,384,3,8.0,273,149278795,38,4,400,129,57,True,384,460.51701859880916
ba,100,384,3,8.0,274,160608015,50,4,400,133,46,True,384,460.51701859880916
ba,100,384,3,8.0,275,1047857855,56,5,500,131,42,True,384,460.51701859880916
ba,100,384,3,8.0,276,4114909469,52,4,400,147,47,True,384,460.51701859880916
ba,100,384,3,8.0,277,3731180749,47,4,400,131,50,True,384,460.51701859880916
ba,100,384,3,8.0,278,2129596690,48,4,400,155,54,True,384,460.51701859880916
ba,100,384,3,8.0,279,515616825,45,4,400,124,50,True,384,460.51701859880916
ba,100,384,3,8.0,280,948823259,51,3,300,130,46,True,384,460.51701859880916
ba,100,384,3,8.0,281,3651804770,50,3,300,113,43,True,384,460.51701859880916
ba,100,384,3,8.0,282,244793967,47,5,500,134,55,True,384,460.51701859880916
ba,100,384,3,8.0,283,2976166226,49,4,400,140,40,True,384,460.51701859880916
ba,100,384,3,8.0,284,1179730355,35,3,300,116,55,True,384,460.51701859880916
ba,100,384,3,8.0,285,4225332433,47,3,300,124,43,True,384,460.51701859880916
ba,100,384,3,8.0,286,1937126449,40,3,300,117,53,True,384,460.51701859880916
ba,100,384,3,8.0,287,3515244907,56,4,400,148,45,True,384,460.51701859880916
ba,100,384,3,8.0,288,1979888308,47,3,300,123,50,True,384,460.51701859880916
ba,100,384,3,8.0,289,3662415818,45,3,300,113,45,True,384,460.51701859880916
ba,100,384,3,8.0,290,2983084791,48,3,300,142,50,True,384,460.51701859880916
ba,100,384,3,8.0,291,1163194461,43,4,400,113,48,True,384,460.51701859880916
ba,100,384,3,8.0,292,3322669440,45,4,400,125,46,True,384,460.51701859880916
ba,100,384,3,8.0,293,4009493718,51,7,700,124,44,True,384,460.51701859880916
ba,100,384,3,8.0,294,3572059757,55,4,400,129,43,True,384,460.51701859880916
ba,100,384,3,8.0,295,3958873604,57,6,600,141,47,True,384,460.51701859880916
ba,100,384,3,8.0,296,1469193628,42,4,400,132,55,True,384,460.51701859880916
ba,100,384,3,8.0,297,2510279588,48,5,500,134,47,True,384,460.51701859880916
ba,100,384,3,8.0,298,469614297,49,3,300,139,47,True,384,460.51701859880916
ba,100,384,3,8.0,299,1290374804,41,3,300,116,35,True,384,460.51701859880916
ba,100,384,3,8.0,300,3829479817,48,6,600,120,47,True,384,460.51701859880916
ba,100,384,3,8.0,301,4001556734,53,5,500,117,32,True,384,460.51701859880916
ba,100,384,3,8.0,302,2939805103,51,5,500,139,48,True,384,460.51701859880916
ba,100,384,3,8.0,303,1694861685,44,3,300,113,47,True,384,460.51701859880916
ba,100,384,3,8.0,304,1732892261,49,4,400,129,44,True,384,460.51701859880916
ba,100,384,3,8.0,305,2526797350,44,3,300,131,52,True,384,460.51701859880916
ba,100,384,3,8.0,306,2018019972,43,4,400,125,51,True,384,460.51701859880916
ba,100,384,3,8.0,307,2469108044,50,5,500,129,42,True,384,460.51701859880916
ba,100,384,3,8.0,308,147127794,37,3,300,118,54,True,384,460.51701859880916
ba,100,384,3,8.0,309,2380093303,44,4,400,134,47,True,384,460.51701859880916
ba,100,384,3,8.0,310,3343404640,56,4,400,139,38,True,384,460.51701859880916
ba,100,384,3,8.0,311,1260892675,53,5,500,143,42,True,384,460.51701859880916
ba,100,384,3,8.0,312,2644538473,38,4,400,121,44,True,384,460.51701859880916
ba,100,384,3,8.0,313,3924014601,50,4,400,129,42,True,384,460.51701859880916
ba,100,384,3,8.0,314,2865677589,49,3,300,138,54,True,384,460.51701859880916
ba,100,384,3,8.0,315,1003797478,51,3,300,136,45,True,384,460.51701859880916
ba,100,384,3,8.0,316,376240158,46,3,300,122,41,True,384,460.51701859880916
ba,100,384,3,8.0,317,1684035514,46,3,300,139,49,True,384,460.51701859880916
ba,100,384,3,8.0,318,577953796,39,3,300,115,47,True,384,460.51701859880916
ba,100,384,3,8.0,319,1122957527,41,3,300,131,53,True,384,460.51701859880916
ba,100,384,3,8.0,320,2171403101,49,6,600,128,49,True,384,460.51701859880916
ba,100,384,3,8.0,321,1965345380,50,4,400,137,47,True,384,460.51701859880916
ba,100,384,3,8.0,322,79447504,44,3,300,133,52,True,384,460.51701859880916
ba,100,384,3,8.0,323,60171456,47,3,300,138,46,True,384,460.51701859880916
ba,100,384,3,8.0,324,2777872924,50,3,300,127,46,True,384,460.51701859880916
ba,100,384,3,8.0,325,221517482,54,4,400,132,44,True,384,460.51701859880916
ba,100,384,3,8.0,326,465728959,44,4,400,110,39,True,384,460.51701859880916
ba,100,384,3,8.0,327,2376641215,37,3,300,122,45,True,384,460.51701859880916
ba,100,384,3,8.0,328,3447347638,53,4,400,127,45,True,384,460.51701859880916
ba,100,384,3,8.0,329,4231395322,47,4,400,138,43,True,384,460.51701859880916
ba,100,384,3,8.0,330,2748737878,45,3,300,139,45,True,384,460.51701859880916
ba,100,384,3,8.0,331,2668165033,55,4,400,141,41,True,384,460.51701859880916
ba,100,384,3,8.0,332,1559801791,50,3,300,128,43,True,384,460.51701859880916
ba,100,384,3,8.0,333,3049730031,49,4,400,125,43,True,384,460.51701859880916
ba,100,384,3,8.0,334,176621854,49,4,400,131,44,True,384,460.51701859880916
ba,100,384,3,8.0,335,1736935397,48,3,300,115,46,True,384,460.51701859880916
ba,100,384,3,8.0,336,577582152,43,3,300,124,52,True,384,460.51701859880916
ba,100,384,3,8.0,337,886306400,38,3,300,132,49,True,384,460.51701859880916
ba,100,384,3,8.0,338,3851511570,39,3,300,122,48,True,384,460.51701859880916
ba,100,384,3,8.0,339,2628098629,47,4,400,128,47,True,384,460.51701859880916
ba,100,384,3,8.0,340,3833725610,53,5,500,146,39,True,384,460.51701859880916
ba,100,384,3,8.0,341,1877284367,46,4,400,139,55,True,384,460.51701859880916
ba,100,384,3,8.0,342,4112258038,50,6,600,122,39,True,384,460.51701859880916
ba,100,384,3,8.0,343,7642880,46,3,300,140,46,True,384,460.51701859880916
ba,100,384,3,8.0,344,577034096,42,4,400,118,45,True,384,460.51701859880916
ba,100,384,3,8.0,345,332698175,44,5,500,118,37,True,384,460.51701859880916
ba,100,384,3,8.0,346,1054412916,47,4,400,121,43,True,384,460.51701859880916
ba,100,384,3,8.0,347,3654995709,31,3,300,111,55,True,384,460.51701859880916
ba,100,384,3,8.0,348,539458633,40,3,300,119,48,True,384,460.51701859880916
ba,100,384,3,8.0,349,3115944275,51,3,300,125,52,True,384,460.51701859880916
ba,100,384,3,8.0,350,3280366045,51,5,500,129,45,True,384,460.51701859880916
ba,100,384,3,8.0,351,3661202543,43,3,300,119,44,True,384,460.51701859880916
ba,100,384,3,8.0,352,3875238524,52,3,300,135,41,True,384,460.51701859880916
ba,100,384,3,8.0,353,2930272019,47,4,400,120,45,True,384,460.51701859880916
ba,100,384,3,8.0,354,120927170,45,3,300,128,49,True,384,460.51701859880916
ba,100,384,3,8.0,355,4068085752,44,4,400,132,55,True,384,460.51701859880916
ba,100,384,3,8.0,356,4206733722,43,3,300,124,44,True,384,460.51701859880916
ba,100,384,3,8.0,357,3787043365,47,4,400,131,49,True,384,460.51701859880916
ba,100,384,3,8.0,358,528918548,43,3,300,130,47,True,384,460.51701859880916
ba,100,384,3,8.0,359,3430443796,54,5,500,133,41,True,384,460.51701859880916
ba,100,384,3,8.0,360,1968554024,50,5,500,122,39,True,384,460.51701859880916
ba,100,384,3,8.0,361,3505377763,51,3,300,137,40,True,384,460.51701859880916
ba,100,384,3,8.0,362,4257060904,52,4,400,136,49,True,384,460.51701859880916
ba,100,384,3,8.0,363,2787483868,44,4,400,121,45,True,384,460.51701859880916
ba,100,384,3,8.0,364,1716212159,45,4,400,130,54,True,384,460.51701859880916
ba,100,384,3,8.0,365,4145218792,51,3,300,126,44,True,384,460.51701859880916
ba,100,384,3,8.0,366,2773907821,34,4,400,110,55,True,384,460.51701859880916
ba,100,384,3,8.0,367,696051263,51,6,600,126,41,True,384,460.51701859880916
ba,100,384,3,8.0,368,720068812,47,4,400,121,54,True,384,460.51701859880916
ba,100,384,3,8.0,369,4251281673,50,4,400,133,41,True,384,460.51701859880916
ba,100,384,3,8.0,370,2898851269,54,3,300,136,43,True,384,460.51701859880916
ba,100,384,3,8.0,371,905780430,51,4,400,125,47,True,384,460.51701859880916
ba,100,384,3,8.0,372,1158701892,58,4,400,138,40,True,384,460.51701859880916
ba,100,384,3,8.0,373,1706447288,58,4,400,141,47,True,384,460.51701859880916
ba,100,384,3,8.0,374,1486826094,55,4,400,146,45,True,384,460.51701859880916
ba,100,384,3,8.0,375,4041306768,43,4,400,116,43,True,384,460.51701859880916
ba,100,384,3,8.0,376,1024882885,51,4,400,118,35,True,384,460.51701859880916
ba,100,384,3,8.0,377,3595517060,46,5,500,124,45,True,384,460.51701859880916
ba,100,384,3,8.0,378,1459215922,55,3,300,143,46,True,384,460.51701859880916
ba,100,384,3,8.0,379,3787219864,44,3,300,131,54,True,384,460.51701859880916
ba,100,384,3,8.0,380,1882579349,45,5,500,127,51,True,384,460.51701859880916
ba,100,384,3,8.0,381,2208592381,51,4,400,129,49,True,384,460.51701859880916
ba,100,384,3,8.0,382,3108565804,37,4,400,109,50,True,384,460.51701859880916
ba,100,384,3,8.0,383,4170812706,47,5,500,126,43,True,384,460.51701859880916
ba,100,384,3,8.0,384,2698145255,47,4,400,127,47,True,384,460.51701859880916
ba,100,384,3,8.0,385,2180538253,48,3,300,140,53,True,384,460.51701859880916
ba,100,384,3,8.0,386,3411891199,42,3,300,123,51,True,384,460.51701859880916
ba,100,384,3,8.0,387,732145268,45,3,300,128,48,True,384,460.51701859880916
ba,100,384,3,8.0,388,2301733029,37,3,300,109,46,True,384,460.51701859880916
ba,100,384,3,8.0,389,4070811919,53,3,300,141,48,True,384,460.51701859880916
ba,100,384,3,8.0,390,1425667023,55,8,800,127,47,True,384,460.51701859880916
ba,100,384,3,8.0,391,3287272356,41,4,400,123,44,True,384,460.51701859880916
ba,100,384,3,8.0,392,2177592298,53,4,400,132,46,True,384,460.51701859880916
ba,100,384,3,8.0,393,2912076646,52,5,500,129,32,True,384,460.51701859880916
ba,100,384,3,8.0,394,1921770195,43,3,300,130,47,True,384,460.51701859880916
ba,100,384,3,8.0,395,4136959594,41,4,400,135,56,True,384,460.51701859880916
ba,100,384,3,8.0,396,1438045402,45,3,300,130,47,True,384,460.51701859880916
ba,100,384,3,8.0,397,2874472236,38,3,300,122,60,True,384,460.51701859880916
ba,100,384,3,8.0,398,2323299098,49,4,400,131,39,True,384,460.51701859880916
ba,100,384,3,8.0,399,2467534642,49,3,300,131,38,True,384,460.51701859880916
ba,100,384,3,8.0,400,2872489704,40,3,300,120,50,True,384,460.51701859880916
ba,100,384,3,8.0,401,540666059,53,4,400,134,46,True,384,460.51701859880916
ba,100,384,3,8.0,402,1300667341,44,4,400,120,43,True,384,460.51701859880916
ba,100,384,3,8.0,403,3643642791,47,5,500,131,47,True,384,460.51701859880916
ba,100,384,3,8.0,404,618988336,47,3,300,131,54,True,384,460.51701859880916
ba,100,384,3,8.0,405,658758631,46,5,500,132,45,True,384,460.51701859880916
ba,100,384,3,8.0,406,3696755833,47,3,300,135,48,True,384,460.51701859880916
ba,100,384,3,8.0,407,3847878396,45,3,300,133,47,True,384,460.51701859880916
ba,100,384,3,8.0,408,2642929221,55,4,400,129,43,True,384,460.51701859880916
ba,100,384,3,8.0,409,3891716095,43,5,500,110,42,True,384,460.51701859880916
ba,100,384,3,8.0,410,3205803451,42,3,300,134,47,True,384,460.51701859880916
ba,100,384,3,8.0,411,2921040792,53,4,400,135,43,True,384,460.51701859880916
ba,100,384,3,8.0,412,3662675799,47,3,300,134,55,True,384,460.51701859880916
ba,100,384,3,8.0,413,2453109297,54,5,500,125,40,True,384,460.51701859880916
ba,100,384,3,8.0,414,2523101515,45,4,400,127,47,True,384,460.51701859880916
ba,100,384,3,8.0,415,4248337213,51,4,400,136,40,True,384,460.51701859880916
ba,100,384,3,8.0,416,4001733806,34,3,300,117,54,True,384,460.51701859880916
ba,100,384,3,8.0,417,2423943272,38,4,400,116,49,True,384,460.51701859880916
ba,100,384,3,8.0,418,401690092,51,4,400,126,39,True,384,460.51701859880916
ba,100,384,3,8.0,419,591449084,38,3,300,126,44,True,384,460.51701859880916
ba,100,384,3,8.0,420,3620502494,54,4,400,117,41,True,384,460.51701859880916
ba,100,384,3,8.0,421,760776515,48,6,600,132,42,True,384,460.51701859880916
ba,100,384,3,8.0,422,342336769,53,4,400,139,43,True,384,460.51701859880916
ba,100,384,3,8.0,423,457193299,47,4,400,124,45,True,384,460.51701859880916
ba,100,384,3,8.0,424,3974828568,38,3,300,114,47,True,384,460.51701859880916
ba,100,384,3,8.0,425,2948148622,39,3,300,123,55,True,384,460.51701859880916
ba,100,384,3,8.0,426,609476240,55,4,400,140,48,True,384,460.51701859880916
ba,100,384,3,8.0,427,2457982678,45,5,500,127,42,True,384,460.51701859880916
ba,100,384,3,8.0,428,1230028466,51,4,400,138,46,True,384,460.51701859880916
ba,100,384,3,8.0,429,3182156561,53,3,300,153,46,True,384,460.51701859880916
ba,100,384,3,8.0,430,2608007146,47,4,400,127,42,True,384,460.51701859880916
ba,100,384,3,8.0,431,3619975166,43,3,300,122,42,True,384,460.51701859880916
ba,100,384,3,8.0,432,783513879,41,3,300,119,44,True,384,460.51701859880916
ba,100,384,3,8.0,433,4280442880,47,5,500,135,44,True,384,460.51701859880916
ba,100,384,3,8.0,434,829622919,43,3,300,123,51,True,384,460.51701859880916
ba,100,384,3,8.0,435,1872080925,49,3,300,133,49,True,384,460.51701859880916
ba,100,384,3,8.0,436,3541220968,36,3,300,112,46,True,384,460.51701859880916
ba,100,384,3,8.0,437,3934225995,39,3,300,115,53,True,384,460.51701859880916
ba,100,384,3,8.0,438,2187580103,37,4,400,112,49,True,384,460.51701859880916
ba,100,384,3,8.0,439,3385882415,48,4,400,134,46,True,384,460.51701859880916
ba,100,384,3,8.0,440,123693865,54,4,400,123,42,True,384,460.51701859880916
ba,100,384,3,8.0,441,1324879984,43,3,300,128,45,True,384,460.51701859880916
ba,100,384,3,8.0,442,2883978842,47,4,400,134,42,True,384,460.51701859880916
ba,100,384,3,8.0,443,398635593,55,5,500,141,45,True,384,460.51701859880916
ba,100,384,3,8.0,444,2331626929,45,3,300,131,45,True,384,460.51701859880916
ba,100,384,3,8.0,445,318680537,42,5,500,124,52,True,384,460.51701859880916
ba,100,384,3,8.0,446,788876919,40,4,400,131,48,True,384,460.51701859880916
ba,100,384,3,8.0,447,3010446754,44,4,400,138,53,True,384,460.51701859880916
ba,100,384,3,8.0,448,1487068672,47,5,500,126,42,True,384,460.51701859880916
ba,100,384,3,8.0,449,3942703086,43,4,400,113,43,True,384,460.51701859880916
ba,100,384,3,8.0,450,4111311349,48,3,300,144,47,True,384,460.51701859880916
ba,100,384,3,8.0,451,3775134571,41,3,300,107,41,True,384,460.51701859880916
ba,100,384,3,8.0,452,3347420604,46,3,300,136,51,True,384,460.51701859880916
ba,100,384,3,8.0,453,3283502403,52,4,400,124,43,True,384,460.51701859880916
ba,100,384,3,8.0,454,1524456743,52,4,400,144,52,True,384,460.51701859880916
ba,100,384,3,8.0,455,3120995853,47,3,300,131,43,True,384,460.51701859880916
ba,100,384,3,8.0,456,1591174767,44,5,500,128,52,True,384,460.51701859880916
ba,100,384,3,8.0,457,2861625471,41,3,300,117,45,True,384,460.51701859880916
ba,100,384,3,8.0,458,2226825136,39,4,400,116,52,True,384,460.51701859880916
ba,100,384,3,8.0,459,3739033198,46,4,400,130,47,True,384,460.51701859880916
ba,100,384,3,8.0,460,3195250604,43,4,400,122,43,True,384,460.51701859880916
ba,100,384,3,8.0,461,3800888540,42,3,300,118,47,True,384,460.51701859880916
ba,100,384,3,8.0,462,499173205,52,4,400,149,49,True,384,460.51701859880916
ba,100,384,3,8.0,463,151096356,39,3,300,127,51,True,384,460.51701859880916
ba,100,384,3,8.0,464,2245891104,44,3,300,135,51,True,384,460.51701859880916
ba,100,384,3,8.0,465,2365043000,53,4,400,148,46,True,384,460.51701859880916
ba,100,384,3,8.0,466,3614757170,44,4,400,130,45,True,384,460.51701859880916
ba,100,384,3,8.0,467,962520738,48,4,400,132,48,True,384,460.51701859880916
ba,100,384,3,8.0,468,1392792938,58,5,500,144,40,True,384,460.51701859880916
ba,100,384,3,8.0,469,1645617946,53,6,600,122,40,True,384,460.51701859880916
ba,100,384,3,8.0,470,2696794880,49,4,400,129,49,True,384,460.51701859880916
ba,100,384,3,8.0,471,1877737113,60,7,700,140,47,True,384,460.51701859880916
ba,100,384,3,8.0,472,1502275107,47,5,500,122,51,True,384,460.51701859880916
ba,100,384,3,8.0,473,2795549352,48,3,300,138,54,True,384,460.51701859880916
ba,100,384,3,8.0,474,2852511963,52,4,400,128,44,True,384,460.51701859880916
ba,100,384,3,8.0,475,1315634684,51,6,600,120,41,True,384,460.51701859880916
ba,100,384,3,8.0,476,3209478601,39,4,400,122,51,True,384,460.51701859880916
ba,100,384,3,8.0,477,3067280802,41,4,400,119,52,True,384,460.51701859880916
ba,100,384,3,8.0,478,2106022239,50,5,500,116,44,True,384,460.51701859880916
ba,100,384,3,8.0,479,558710833,51,4,400,162,50,True,384,460.51701859880916
ba,100,384,3,8.0,480,2191074589,45,4,400,110,41,True,384,460.51701859880916
ba,100,384,3,8.0,481,2878799802,49,4,400,132,52,True,384,460.51701859880916
ba,100,384,3,8.0,482,3424479166,53,4,400,134,42,True,384,460.51701859880916
ba,100,384,3,8.0,483,2397631417,42,4,400,122,44,True,384,460.51701859880916
ba,100,384,3,8.0,484,1309582773,45,3,300,119,46,True,384,460.51701859880916
ba,100,384,3,8.0,485,2024869657,45,3,300,137,46,True,384,460.51701859880916
ba,100,384,3,8.0,486,1175950756,40,3,300,119,46,True,384,460.51701859880916
ba,100,384,3,8.0,487,2750468324,48,4,400,123,48,True,384,460.51701859880916
ba,100,384,3,8.0,488,2346258194,44,3,300,125,47,True,384,460.51701859880916
ba,100,384,3,8.0,489,1730052495,53,4,400,132,50,True,384,460.51701859880916
ba,100,384,3,8.0,490,2193141703,52,6,600,118,42,True,384,460.51701859880916
ba,100,384,3,8.0,491,2974696579,54,6,600,130,38,True,384,460.51701859880916
ba,100,384,3,8.0,492,1272120500,53,3,300,137,44,True,384,460.51701859880916
ba,100,384,3,8.0,493,4115808402,46,4,400,126,48,True,384,460.51701859880916
ba,100,384,3,8.0,494,849384898,54,7,700,124,42,True,384,460.51701859880916
ba,100,384,3,8.0,495,69789428,51,3,300,141,45,True,384,460.51701859880916
ba,100,384,3,8.0,496,2357357546,52,4,400,133,46,True,384,460.51701859880916
ba,100,384,3,8.0,497,2462300123,37,3,300,110,50,True,384,460.51701859880916
ba,100,384,3,8.0,498,1150002379,47,4,400,123,46,True,384,460.51701859880916
ba,100,384,3,8.0,499,3373297909,51,4,400,130,42,True,384,460.51701859880916
ba,100,384,3,8.0,500,1340169101,36,3,300,116,50,True,384,460.51701859880916
ba,100,384,3,8.0,501,2945870072,39,3,300,130,53,True,384,460.51701859880916
ba,100,384,3,8.0,502,1209927286,45,6,600,127,51,True,384,460.51701859880916
ba,100,384,3,8.0,503,1700665487,39,2,200,129,54,True,384,460.51701859880916
ba,100,384,3,8.0,504,1044747648,50,4,400,129,47,True,384,460.51701859880916
ba,100,384,3,8.0,505,2499446307,47,4,400,131,46,True,384,460.51701859880916
ba,100,384,3,8.0,506,387265558,47,3,300,123,41,True,384,460.51701859880916
ba,100,384,3,8.0,507,1026397789,49,5,500,139,53,True,384,460.51701859880916
ba,100,384,3,8.0,508,3960244463,43,4,400,111,47,True,384,460.51701859880916
ba,100,384,3,8.0,509,3333683378,46,4,400,123,51,True,384,460.51701859880916
ba,100,384,3,8.0,510,3034111001,43,3,300,130,42,True,384,460.51701859880916
ba,100,384,3,8.0,511,182111442,37,4,400,126,48,True,384,460.51701859880916
ba,100,384,3,8.0,512,3471857468,57,3,300,135,44,True,384,460.51701859880916
ba,100,384,3,8.0,513,4059311607,47,3,300,139,45,True,384,460.51701859880916
ba,100,384,3,8.0,514,767755324,40,5,500,104,43,True,384,460.51701859880916
ba,100,384,3,8.0,515,1050148829,44,4,400,125,48,True,384,460.51701859880916
ba,100,384,3,8.0,516,1456252856,56,4,400,129,46,True,384,460.51701859880916
ba,100,384,3,8.0,517,1896137953,39,3,300,118,53,True,384,460.51701859880916
ba,100,384,3,8.0,518,4250991827,51,3,300,129,44,True,384,460.51701859880916
ba,100,384,3,8.0,519,1913424681,40,3,300,111,42,True,384,460.51701859880916
ba,100,384,3,8.0,520,2081640235,48,4,400,116,48,True,384,460.51701859880916
ba,100,384,3,8.0,521,3805411264,46,4,400,139,51,True,384,460.51701859880916
ba,100,384,3,8.0,522,4209907734,48,4,400,117,43,True,384,460.51701859880916
ba,100,384,3,8.0,523,1423501514,51,3,300,130,47,True,384,460.51701859880916
ba,100,384,3,8.0,524,2179429976,41,4,400,129,51,True,384,460.51701859880916
ba,100,384,3,8.0,525,2560603734,48,4,400,127,41,True,384,460.51701859880916
ba,100,384,3,8.0,526,2713938056,47,4,400,117,44,True,384,460.51701859880916
ba,100,384,3,8.0,527,2657534453,46,3,300,128,47,True,384,460.51701859880916
ba,100,384,3,8.0,528,2576304358,44,4,400,138,47,True,384,460.51701859880916
ba,100,384,3,8.0,529,3293559595,48,3,300,117,44,True,384,460.51701859880916
ba,100,384,3,8.0,530,3602187765,43,4,400,120,44,True,384,460.51701859880916
ba,100,384,3,8.0,531,308032200,49,3,300,139,48,True,384,460.51701859880916
ba,100,384,3,8.0,532,646196046,52,3,300,135,48,True,384,460.51701859880916
ba,100,384,3,8.0,533,234444578,43,4,400,119,52,True,384,460.51701859880916
ba,100,384,3,8.0,534,3196603730,47,3,300,132,48,True,384,460.51701859880916
ba,100,384,3,8.0,535,840496981,46,3,300,137,51,True,384,460.51701859880916
ba,100,384,3,8.0,536,2512297168,43,3,300,138,47,True,384,460.51701859880916
ba,100,384,3,8.0,537,1111524869,55,5,500,150,45,True,384,460.51701859880916
ba,100,384,3,8.0,538,236947319,48,4,400,122,50,True,384,460.51701859880916
ba,100,384,3,8.0,539,1191675053,47,4,400,120,46,True,384,460.51701859880916
ba,100,384,3,8.0,540,2221776228,41,4,400,129,56,True,384,460.51701859880916
ba,100,384,3,8.0,541,3385064111,47,3,300,118,38,True,384,460.51701859880916
ba,100,384,3,8.0,542,3877754162,49,4,400,128,44,True,384,460.51701859880916
ba,100,384,3,8.0,543,487981983,37,3,300,112,50,True,384,460.51701859880916
ba,100,384,3,8.0,544,4046656139,45,3,300,126,48,True,384,460.51701859880916
ba,100,384,3,8.0,545,2393482629,47,4,400,132,48,True,384,460.51701859880916
ba,100,384,3,8.0,546,1136151139,47,4,400,114,45,True,384,460.51701859880916
ba,100,384,3,8.0,547,4260261017,38,3,300,118,50,True,384,460.51701859880916
ba,100,384,3,8.0,548,1292893475,54,4,400,138,43,True,384,460.51701859880916
ba,100,384,3,8.0,549,4283306339,31,3,300,109,50,True,384,460.51701859880916
ba,100,384,3,8.0,550,1610781742,46,4,400,129,47,True,384,460.51701859880916
ba,100,384,3,8.0,551,3197438548,54,4,400,147,54,True,384,460.51701859880916
ba,100,384,3,8.0,552,1605866887,42,4,400,133,49,True,384,460.51701859880916
ba,100,384,3,8.0,553,2580832758,44,3,300,114,46,True,384,460.51701859880916
ba,100,384,3,8.0,554,4033479613,50,4,400,135,48,True,384,460.51701859880916
ba,100,384,3,8.0,555,3095199686,51,4,400,144,45,True,384,460.51701859880916
ba,100,384,3,8.0,556,2176084670,44,4,400,123,50,True,384,460.51701859880916
ba,100,384,3,8.0,557,838336569,51,5,500,131,44,True,384,460.51701859880916
ba,100,384,3,8.0,558,2988498671,50,3,300,145,55,True,384,460.51701859880916
ba,100,384,3,8.0,559,3863097148,40,4,400,127,46,True,384,460.51701859880916
ba,100,384,3,8.0,560,1827066408,43,3,300,122,49,True,384,460.51701859880916
ba,100,384,3,8.0,561,263540829,37,4,400,121,48,True,384,460.51701859880916
ba,100,384,3,8.0,562,4131393074,56,3,300,131,41,True,384,460.51701859880916
ba,100,384,3,8.0,563,1420904540,42,3,300,126,57,True,384,460.51701859880916
ba,100,384,3,8.0,564,1036041952,45,3,300,138,51,True,384,460.51701859880916
ba,100,384,3,8.0,565,3364922190,46,3,300,120,46,True,384,460.51701859880916
ba,100,384,3,8.0,566,2898276599,53,5,500,123,43,True,384,460.51701859880916
ba,100,384,3,8.0,567,3807627328,44,3,300,122,53,True,384,460.51701859880916
ba,100,384,3,8.0,568,1366346163,51,4,400,130,49,True,384,460.51701859880916
ba,100,384,3,8.0,569,1774458699,47,4,400,128,39,True,384,460.51701859880916
ba,100,384,3,8.0,570,2768255058,40,5,500,119,48,True,384,460.51701859880916
ba,100,384,3,8.0,571,160184666,54,6,600,136,47,True,384,460.51701859880916
ba,100,384,3,8.0,572,1918295420,53,4,400,144,49,True,384,460.51701859880916
ba,100,384,3,8.0,573,105062390,51,3,300,135,48,True,384,460.51701859880916
ba,100,384,3,8.0,574,495081558,44,3,300,115,48,True,384,460.51701859880916
ba,100,384,3,8.0,575,2552344599,42,4,400,126,45,True,384,460.51701859880916
ba,100,384,3,8.0,576,3299409382,46,3,300,130,48,True,384,460.51701859880916
ba,100,384,3,8.0,577,482251665,55,4,400,134,50,True,384,460.51701859880916
ba,100,384,3,8.0,578,1723889850,46,4,400,128,43,True,384,460.51701859880916
ba,100,384,3,8.0,579,2610897724,48,7,700,116,44,True,384,460.51701859880916
ba,100,384,3,8.0,580,558772592,41,5,500,114,49,True,384,460.51701859880916
ba,100,384,3,8.0,581,1485316285,48,5,500,128,45,True,384,460.51701859880916
ba,100,384,3,8.0,582,4120665435,36,3,300,108,50,True,384,460.51701859880916
ba,100,384,3,8.0,583,2028305386,45,3,300,127,53,True,384,460.51701859880916
ba,100,384,3,8.0,584,2114527455,48,4,400,118,46,True,384,460.51701859880916
ba,100,384,3,8.0,585,338653497,50,4,400,126,41,True,384,460.51701859880916
ba,100,384,3,8.0,586,1386923714,35,3,300,121,53,True,384,460.51701859880916
ba,100,384,3,8.0,587,287479562,42,3,300,134,51,True,384,460.51701859880916
ba,100,384,3,8.0,588,622837358,49,3,300,131,45,True,384,460.51701859880916
ba,100,384,3,8.0,589,4281699577,54,4,400,138,37,True,384,460.51701859880916
ba,100,384,3,8.0,590,1813953039,47,3,300,133,49,True,384,460.51701859880916
ba,100,384,3,8.0,591,4088294641,42,4,400,122,35,True,384,460.51701859880916
ba,100,384,3,8.0,592,150751876,54,4,400,120,39,True,384,460.51701859880916
ba,100,384,3,8.0,593,2352638976,42,4,400,119,46,True,384,460.51701859880916
ba,100,384,3,8.0,594,3251401486,51,4,400,123,45,True,384,460.51701859880916
ba,100,384,3,8.0,595,1082448049,52,4,400,131,41,True,384,460.51701859880916
ba,100,384,3,8.0,596,1058646714,47,3,300,146,59,True,384,460.51701859880916
ba,100,384,3,8.0,597,267960298,50,4,400,145,54,True,384,460.51701859880916
ba,100,384,3,8.0,598,1807133755,43,3,300,123,41,True,384,460.51701859880916
ba,100,384,3,8.0,599,1429396281,36,3,300,109,51,True,384,460.51701859880916
ba,100,384,3,8.0,600,1623572856,51,5,500,127,45,True,384,460.51701859880916
ba,100,384,3,8.0,601,2248923147,42,3,300,121,44,True,384,460.51701859880916
ba,100,384,3,8.0,602,1446345757,58,3,300,139,47,True,384,460.51701859880916
ba,100,384,3,8.0,603,594685940,44,4,400,125,47,True,384,460.51701859880916
ba,100,384,3,8.0,604,894325839,60,5,500,137,39,True,384,460.51701859880916
ba,100,384,3,8.0,605,294670562,47,3,300,138,47,True,384,460.51701859880916
ba,100,384,3,8.0,606,1542360534,62,3,300,151,45,True,384,460.51701859880916
ba,100,384,3,8.0,607,1019223545,53,6,600,137,45,True,384,460.51701859880916
ba,100,384,3,8.0,608,3788777368,61,4,400,150,45,True,384,460.51701859880916
ba,100,384,3,8.0,609,96956546,48,5,500,123,47,True,384,460.51701859880916
ba,100,384,3,8.0,610,1326302197,46,3,300,123,46,True,384,460.51701859880916
ba,100,384,3,8.0,611,3797194365,56,4,400,134,44,True,384,460.51701859880916
ba,100,384,3,8.0,612,84040412,34,3,300,120,48,True,384,460.51701859880916
ba,100,384,3,8.0,613,285753209,50,5,500,122,42,True,384,460.51701859880916
ba,100,384,3,8.0,614,4244731201,61,5,500,148,38,True,384,460.51701859880916
ba,100,384,3,8.0,615,1935128353,47,5,500,141,44,True,384,460.51701859880916
ba,100,384,3,8.0,616,2389651958,38,3,300,121,49,True,384,460.51701859880916
ba,100,384,3,8.0,617,3908173668,42,2,200,131,54,True,384,460.51701859880916
ba,100,384,3,8.0,618,977304301,44,4,400,125,53,True,384,460.51701859880916
ba,100,384,3,8.0,619,2368179401,49,4,400,123,46,True,384,460.51701859880916
ba,100,384,3,8.0,620,3660414744,46,4,400,143,50,True,384,460.51701859880916
ba,100,384,3,8.0,621,2646632201,53,4,400,131,44,True,384,460.51701859880916
ba,100,384,3,8.0,622,4058426907,58,5,500,144,43,True,384,460.51701859880916
ba,100,384,3,8.0,623,4245972495,40,3,300,121,47,True,384,460.51701859880916
ba,100,384,3,8.0,624,3733684462,49,4,400,148,46,True,384,460.51701859880916
ba,100,384,3,8.0,625,2542362345,58,4,400,136,40,True,384,460.51701859880916
ba,100,384,3,8.0,626,869688146,47,5,500,115,44,True,384,460.51701859880916
ba,100,384,3,8.0,627,555427791,41,3,300,131,57,True,384,460.51701859880916
ba,100,384,3,8.0,628,2995730115,56,3,300,146,49,True,384,460.51701859880916
ba,100,384,3,8.0,629,3495315545,57,5,500,135,40,True,384,460.51701859880916
ba,100,384,3,8.0,630,4184244255,50,4,400,123,48,True,384,460.51701859880916
ba,100,384,3,8.0,631,927643784,43,4,400,119,51,True,384,460.51701859880916
ba,100,384,3,8.0,632,486923698,38,3,300,113,44,True,384,460.51701859880916
ba,100,384,3,8.0,633,3287437634,52,5,500,137,42,True,384,460.51701859880916
ba,100,384,3,8.0,634,1710268577,47,5,500,129,51,True,384,460.51701859880916
ba,100,384,3,8.0,635,4223347806,41,3,300,115,38,True,384,460.51701859880916
ba,100,384,3,8.0,636,1572798424,46,3,300,116,42,True,384,460.51701859880916
ba,100,384,3,8.0,637,3546719162,50,4,400,123,41,True,384,460.51701859880916
ba,100,384,3,8.0,638,885308299,42,4,400,133,58,True,384,460.51701859880916
ba,100,384,3,8.0,639,3484231355,61,6,600,145,38,True,384,460.51701859880916
ba,100,384,3,8.0,640,1340986204,48,3,300,146,45,True,384,460.51701859880916
ba,100,384,3,8.0,641,2734758434,43,4,400,117,39,True,384,460.51701859880916
ba,100,384,3,8.0,642,3725278131,51,3,300,142,47,True,384,460.51701859880916
ba,100,384,3,8.0,643,1793344125,51,4,400,123,45,True,384,460.51701859880916
ba,100,384,3,8.0,644,3513634175,36,3,300,109,50,True,384,460.51701859880916
ba,100,384,3,8.0,645,3577540220,36,3,300,121,38,True,384,460.51701859880916
ba,100,384,3,8.0,646,2397252514,50,3,300,127,50,True,384,460.51701859880916
ba,100,384,3,8.0,647,3255769437,49,4,400,132,49,True,384,460.51701859880916
ba,100,384,3,8.0,648,941378477,43,3,300,128,43,True,384,460.51701859880916
ba,100,384,3,8.0,649,1899967460,50,5,500,123,43,True,384,460.51701859880916
ba,100,384,3,8.0,650,1639743743,47,3,300,121,40,True,384,460.51701859880916
ba,100,384,3,8.0,651,1257907809,49,4,400,125,42,True,384,460.51701859880916
ba,100,384,3,8.0,652,1792362416,48,5,500,128,48,True,384,460.51701859880916
ba,100,384,3,8.0,653,1257552653,42,3,300,130,55,True,384,460.51701859880916
ba,100,384,3,8.0,654,4196078341,50,3,300,137,50,True,384,460.51701859880916
ba,100,384,3,8.0,655,2748114654,46,3,300,127,45,True,384,460.51701859880916
ba,100,384,3,8.0,656,2120097825,46,4,400,119,47,True,384,460.51701859880916
ba,100,384,3,8.0,657,2715561381,44,3,300,132,52,True,384,460.51701859880916
ba,100,384,3,8.0,658,859971215,45,4,400,111,39,True,384,460.51701859880916
ba,100,384,3,8.0,659,1878791298,52,3,300,156,46,True,384,460.51701859880916
ba,100,384,3,8.0,660,4034040422,40,3,300,114,38,True,384,460.51701859880916
ba,100,384,3,8.0,661,177830279,45,4,400,124,48,True,384,460.51701859880916
ba,100,384,3,8.0,662,3503336182,42,4,400,142,59,True,384,460.51701859880916
ba,100,384,3,8.0,663,1920811855,54,4,400,126,45,True,384,460.51701859880916
ba,100,384,3,8.0,664,3723541522,47,4,400,153,53,True,384,460.51701859880916
ba,100,384,3,8.0,665,524177702,44,3,300,126,46,True,384,460.51701859880916
ba,100,384,3,8.0,666,4250316360,42,3,300,117,39,True,384,460.51701859880916
ba,100,384,3,8.0,667,1865185978,39,4,400,119,50,True,384,460.51701859880916
ba,100,384,3,8.0,668,3124787600,49,4,400,125,46,True,384,460.51701859880916
ba,100,384,3,8.0,669,3012392319,42,4,400,142,50,True,384,460.51701859880916
ba,100,384,3,8.0,670,2012484638,40,3,300,125,41,True,384,460.51701859880916
ba,100,384,3,8.0,671,2456741763,46,4,400,127,49,True,384,460.51701859880916
ba,100,384,3,8.0,672,2433097657,39,4,400,120,55,True,384,460.51701859880916
ba,100,384,3,8.0,673,1738173186,55,4,400,137,49,True,384,460.51701859880916
ba,100,384,3,8.0,674,88428034,46,4,400,128,52,True,384,460.51701859880916
ba,100,384,3,8.0,675,1300653987,56,4,400,129,43,True,384,460.51701859880916
ba,100,384,3,8.0,676,1190641035,45,4,400,122,45,True,384,460.51701859880916
ba,100,384,3,8.0,677,3572080894,57,4,400,132,44,True,384,460.51701859880916
ba,100,384,3,8.0,678,2494342331,48,4,400,131,41,True,384,460.51701859880916
ba,100,384,3,8.0,679,2220009144,56,5,500,159,53,True,384,460.51701859880916
ba,100,384,3,8.0,680,1591718585,51,3,300,125,38,True,384,460.51701859880916
ba,100,384,3,8.0,681,2335843667,53,4,400,131,43,True,384,460.51701859880916
ba,100,384,3,8.0,682,3514368281,49,5,500,126,41,True,384,460.51701859880916
ba,100,384,3,8.0,683,356244997,50,4,400,123,50,True,384,460.51701859880916
ba,100,384,3,8.0,684,3234037503,42,3,300,109,48,True,384,460.51701859880916
ba,100,384,3,8.0,685,857194862,46,5,500,118,49,True,384,460.51701859880916
ba,100,384,3,8.0,686,3042494667,39,4,400,113,49,True,384,460.51701859880916
ba,100,384,3,8.0,687,3760984967,36,4,400,119,51,True,384,460.51701859880916
ba,100,384,3,8.0,688,2760587617,52,3,300,136,49,True,384,460.51701859880916
ba,100,384,3,8.0,689,1946867903,42,3,300,118,47,True,384,460.51701859880916
ba,100,384,3,8.0,690,1108528012,52,4,400,128,38,True,384,460.51701859880916
ba,100,384,3,8.0,691,1310259692,47,4,400,116,43,True,384,460.51701859880916
ba,100,384,3,8.0,692,3823121194,44,4,400,129,44,True,384,460.51701859880916
ba,100,384,3,8.0,693,714738989,53,4,400,121,46,True,384,460.51701859880916
ba,100,384,3,8.0,694,2285720367,47,3,300,126,46,True,384,460.51701859880916
ba,100,384,3,8.0,695,744649010,50,3,300,144,52,True,384,460.51701859880916
ba,100,384,3,8.0,696,421103056,45,4,400,131,49,True,384,460.51701859880916
ba,100,384,3,8.0,697,1573208823,35,3,300,108,45,True,384,460.51701859880916
ba,100,384,3,8.0,698,746419775,48,3,300,126,44,True,384,460.51701859880916
ba,100,384,3,8.0,699,2933433624,50,4,400,136,51,True,384,460.51701859880916
ba,100,384,3,8.0,700,903973719,51,3,300,124,38,True,384,460.51701859880916
ba,100,384,3,8.0,701,3187747281,55,5,500,150,47,True,384,460.51701859880916
ba,100,384,3,8.0,702,1669188139,58,5,500,138,35,True,384,460.51701859880916
ba,100,384,3,8.0,703,86744280,43,4,400,114,50,True,384,460.51701859880916
ba,100,384,3,8.0,704,2664588147,35,4,400,111,49,True,384,460.51701859880916
ba,100,384,3,8.0,705,1647994904,49,4,400,127,39,True,384,460.51701859880916
ba,100,384,3,8.0,706,54352349,49,4,400,128,47,True,384,460.51701859880916
ba,100,384,3,8.0,707,1421846426,50,5,500,135,40,True,384,460.51701859880916
ba,100,384,3,8.0,708,1387716080,49,3,300,138,43,True,384,460.51701859880916
ba,100,384,3,8.0,709,3143377575,42,3,300,111,45,True,384,460.51701859880916
ba,100,384,3,8.0,710,1557016278,38,3,300,123,50,True,384,460.51701859880916
ba,100,384,3,8.0,711,3819884731,43,3,300,131,52,True,384,460.51701859880916
ba,100,384,3,8.0,712,1164757753,49,3,300,143,48,True,384,460.51701859880916
ba,100,384,3,8.0,713,3387694466,45,4,400,133,49,True,384,460.51701859880916
ba,100,384,3,8.0,714,434094032,46,3,300,120,43,True,384,460.51701859880916
ba,100,384,3,8.0,715,3826677430,47,4,400,124,48,True,384,460.51701859880916
ba,100,384,3,8.0,716,1402696410,55,4,400,135,42,True,384,460.51701859880916
ba,100,384,3,8.0,717,4254016412,48,5,500,119,37,True,384,460.51701859880916
ba,100,384,3,8.0,718,3086614925,52,4,400,127,45,True,384,460.51701859880916
ba,100,384,3,8.0,719,2601698598,43,3,300,134,50,True,384,460.51701859880916
ba,100,384,3,8.0,720,1610512691,35,3,300,126,54,True,384,460.51701859880916
ba,100,384,3,8.0,721,118724923,50,3,300,140,40,True,384,460.51701859880916
ba,100,384,3,8.0,722,1559770430,53,3,300,130,42,True,384,460.51701859880916
ba,100,384,3,8.0,723,2841134112,53,3,300,134,49,True,384,460.51701859880916
ba,100,384,3,8.0,724,828328218,48,5,500,131,43,True,384,460.51701859880916
ba,100,384,3,8.0,725,1970929391,46,4,400,132,50,True,384,460.51701859880916
ba,100,384,3,8.0,726,1945993336,50,4,400,136,47,True,384,460.51701859880916
ba,100,384,3,8.0,727,3114472801,54,4,400,139,43,True,384,460.51701859880916
ba,100,384,3,8.0,728,2388996196,47,4,400,129,46,True,384,460.51701859880916
ba,100,384,3,8.0,729,1831267562,47,3,300,122,47,True,384,460.51701859880916
ba,100,384,3,8.0,730,1405097469,47,5,500,138,56,True,384,460.51701859880916
ba,100,384,3,8.0,731,3005719341,45,4,400,116,42,True,384,460.51701859880916
ba,100,384,3,8.0,732,1615961464,36,3,300,121,50,True,384,460.51701859880916
ba,100,384,3,8.0,733,671512735,53,5,500,138,45,True,384,460.51701859880916
ba,100,384,3,8.0,734,3869831737,50,4,400,136,52,True,384,460.51701859880916
ba,100,384,3,8.0,735,2809051771,49,4,400,133,49,True,384,460.51701859880916
ba,100,384,3,8.0,736,110017182,42,4,400,125,52,True,384,460.51701859880916
ba,100,384,3,8.0,737,1224364829,37,3,300,120,48,True,384,460.51701859880916
ba,100,384,3,8.0,738,4209680373,45,4,400,130,47,True,384,460.51701859880916
ba,100,384,3,8.0,739,1008759909,48,6,600,128,45,True,384,460.51701859880916
ba,100,384,3,8.0,740,311426512,48,3,300,131,48,True,384,460.51701859880916
ba,100,384,3,8.0,741,1768181472,59,4,400,146,50,True,384,460.51701859880916
ba,100,384,3,8.0,742,3028081395,43,6,600,112,43,True,384,460.51701859880916
ba,100,384,3,8.0,743,2726178019,42,4,400,124,51,True,384,460.51701859880916
ba,100,384,3,8.0,744,2913733782,45,4,400,120,46,True,384,460.51701859880916
ba,100,384,3,8.0,745,3847045541,44,4,400,127,51,True,384,460.51701859880916
ba,100,384,3,8.0,746,2630675674,43,4,400,120,47,True,384,460.51701859880916
ba,100,384,3,8.0,747,560425124,45,3,300,119,46,True,384,460.51701859880916
ba,100,384,3,8.0,748,2685552248,49,4,400,125,48,True,384,460.51701859880916
ba,100,384,3,8.0,749,3700234273,46,3,300,136,50,True,384,460.51701859880916
ba,100,384,3,8.0,750,2028217453,48,3,300,132,42,True,384,460.51701859880916
ba,100,384,3,8.0,751,3789016988,54,5,500,142,45,True,384,460.51701859880916
ba,100,384,3,8.0,752,1080271346,51,3,300,139,45,True,384,460.51701859880916
ba,100,384,3,8.0,753,119729651,48,4,400,122,35,True,384,460.51701859880916
ba,100,384,3,8.0,754,1968971800,39,4,400,109,44,True,384,460.51701859880916
ba,100,384,3,8.0,755,4128871276,51,4,400,138,38,True,384,460.51701859880916
ba,100,384,3,8.0,756,649112617,41,4,400,111,44,True,384,460.51701859880916
ba,100,384,3,8.0,757,3945963436,49,4,400,135,50,True,384,460.51701859880916
ba,100,384,3,8.0,758,3449168884,39,3,300,113,49,True,384,460.51701859880916
ba,100,384,3,8.0,759,14106134,37,3,300,117,54,True,384,460.51701859880916
ba,100,384,3,8.0,760,2897201432,48,4,400,136,45,True,384,460.51701859880916
ba,100,384,3,8.0,761,3301087232,46,4,400,130,49,True,384,460.51701859880916
ba,100,384,3,8.0,762,2745061614,50,4,400,130,43,True,384,460.51701859880916
ba,100,384,3,8.0,763,3592396031,53,4,400,125,44,True,384,460.51701859880916
ba,100,384,3,8.0,764,2141125450,44,3,300,115,39,True,384,460.51701859880916
ba,100,384,3,8.0,765,3333206270,45,4,400,132,41,True,384,460.51701859880916
ba,100,384,3,8.0,766,1630387794,43,4,400,118,37,True,384,460.51701859880916
ba,100,384,3,8.0,767,1720879000,45,3,300,123,51,True,384,460.51701859880916
ba,100,384,3,8.0,768,179627071,45,5,500,125,49,True,384,460.51701859880916
ba,100,384,3,8.0,769,767779329,54,4,400,124,41,True,384,460.51701859880916
ba,100,384,3,8.0,770,3815167672,43,2,200,125,46,True,384,460.51701859880916
ba,100,384,3,8.0,771,3497733920,53,4,400,138,52,True,384,460.51701859880916
ba,100,384,3,8.0,772,664731145,45,4,400,142,47,True,384,460.51701859880916
ba,100,384,3,8.0,773,137356517,46,4,400,121,43,True,384,460.51701859880916
ba,100,384,3,8.0,774,2488727762,51,5,500,136,52,True,384,460.51701859880916
ba,100,384,3,8.0,775,3386168856,44,3,300,125,40,True,384,460.51701859880916
ba,100,384,3,8.0,776,3273549960,54,4,400,148,52,True,384,460.51701859880916
ba,100,384,3,8.0,777,4166895183,48,4,400,132,43,True,384,460.51701859880916
ba,100,384,3,8.0,778,1687093626,35,3,300,111,57,True,384,460.51701859880916
ba,100,384,3,8.0,779,3489591946,47,3,300,127,50,True,384,460.51701859880916
ba,100,384,3,8.0,780,3273536364,44,3,300,129,48,True,384,460.51701859880916
ba,100,384,3,8.0,781,2935392784,42,4,400,121,45,True,384,460.51701859880916
ba,100,384,3,8.0,782,365630215,49,4,400,133,49,True,384,460.51701859880916
ba,100,384,3,8.0,783,3415065410,56,3,300,138,42,True,384,460.51701859880916
ba,100,384,3,8.0,784,3570946073,39,3,300,118,47,True,384,460.51701859880916
ba,100,384,3,8.0,785,2436882424,51,4,400,138,41,True,384,460.51701859880916
ba,100,384,3,8.0,786,382983799,46,4,400,124,46,True,384,460.51701859880916
ba,100,384,3,8.0,787,1134665321,51,4,400,139,54,True,384,460.51701859880916
ba,100,384,3,8.0,788,913524603,57,4,400,147,45,True,384,460.51701859880916
ba,100,384,3,8.0,789,4259085393,48,3,300,127,46,True,384,460.51701859880916
ba,100,384,3,8.0,790,3130692775,37,3,300,135,48,True,384,460.51701859880916
ba,100,384,3,8.0,791,629310732,47,3,300,134,46,True,384,460.51701859880916
ba,100,384,3,8.0,792,650709561,42,5,500,118,48,True,384,460.51701859880916
ba,100,384,3,8.0,793,2614376736,43,4,400,130,44,True,384,460.51701859880916
ba,100,384,3,8.0,794,4255222725,41,3,300,130,55,True,384,460.51701859880916
ba,100,384,3,8.0,795,3465685795,40,4,400,142,57,True,384,460.51701859880916
ba,100,384,3,8.0,796,3249910852,44,3,300,115,51,True,384,460.51701859880916
ba,100,384,3,8.0,797,1351360507,58,4,400,143,38,True,384,460.51701859880916
ba,100,384,3,8.0,798,3688912155,47,4,400,132,54,True,384,460.51701859880916
ba,100,384,3,8.0,799,2309964786,47,4,400,129,43,True,384,460.51701859880916
ba,100,384,3,8.0,800,1402408377,43,3,300,119,43,True,384,460.51701859880916
ba,100,384,3,8.0,801,3932396090,47,4,400,136,45,True,384,460.51701859880916
ba,100,384,3,8.0,802,2909613886,43,4,400,134,57,True,384,460.51701859880916
ba,100,384,3,8.0,803,3102304385,48,4,400,131,55,True,384,460.51701859880916
ba,100,384,3,8.0,804,3793595824,55,4,400,144,46,True,384,460.51701859880916
ba,100,384,3,8.0,805,3138285300,44,3,300,119,43,True,384,460.51701859880916
ba,100,384,3,8.0,806,1169138947,48,4,400,120,43,True,384,460.51701859880916
ba,100,384,3,8.0,807,366960891,52,4,400,137,48,True,384,460.51701859880916
ba,100,384,3,8.0,808,351098435,47,3,300,131,44,True,384,460.51701859880916
ba,100,384,3,8.0,809,1113314313,40,3,300,113,39,True,384,460.51701859880916
ba,100,384,3,8.0,810,4021063736,53,3,300,128,42,True,384,460.51701859880916
ba,100,384,3,8.0,811,394603903,47,4,400,135,43,True,384,460.51701859880916
ba,100,384,3,8.0,812,1527791865,37,4,400,103,41,True,384,460.51701859880916
ba,100,384,3,8.0,813,254997708,46,5,500,129,45,True,384,460.51701859880916
ba,100,384,3,8.0,814,3027521873,47,5,500,126,49,True,384,460.51701859880916
ba,100,384,3,8.0,815,3268555120,49,5,500,124,40,True,384,460.51701859880916
ba,100,384,3,8.0,816,3820609470,42,3,300,124,46,True,384,460.51701859880916
ba,100,384,3,8.0,817,973407422,42,5,500,122,56,True,384,460.51701859880916
ba,100,384,3,8.0,818,2736775931,39,4,400,115,48,True,384,460.51701859880916
ba,100,384,3,8.0,819,696783569,38,2,200,126,54,True,384,460.51701859880916
ba,100,384,3,8.0,820,3053867035,46,4,400,126,44,True,384,460.51701859880916
ba,100,384,3,8.0,821,291627753,45,3,300,131,50,True,384,460.51701859880916
ba,100,384,3,8.0,822,2994950310,49,6,600,133,48,True,384,460.51701859880916
ba,100,384,3,8.0,823,1576897187,43,3,300,109,48,True,384,460.51701859880916
ba,100,384,3,8.0,824,4142143158,48,3,300,139,48,True,384,460.51701859880916
ba,100,384,3,8.0,825,524589062,43,3,300,135,52,True,384,460.51701859880916
ba,100,384,3,8.0,826,2698350222,52,5,500,137,42,True,384,460.51701859880916
ba,100,384,3,8.0,827,4258761975,44,4,400,136,48,True,384,460.51701859880916
ba,100,384,3,8.0,828,324869607,49,4,400,135,51,True,384,460.51701859880916
ba,100,384,3,8.0,829,1115393757,53,5,500,130,47,True,384,460.51701859880916
ba,100,384,3,8.0,830,1907294728,52,5,500,126,40,True,384,460.51701859880916
ba,100,384,3,8.0,831,552321423,43,3,300,128,50,True,384,460.51701859880916
ba,100,384,3,8.0,832,3515644319,58,4,400,139,44,True,384,460.51701859880916
ba,100,384,3,8.0,833,3927580822,48,4,400,132,46,True,384,460.51701859880916
ba,100,384,3,8.0,834,1430350178,41,3,300,128,39,True,384,460.51701859880916
ba,100,384,3,8.0,835,3042162473,50,4,400,125,43,True,384,460.51701859880916
ba,100,384,3,8.0,836,3500396816,43,5,500,134,54,True,384,460.51701859880916
ba,100,384,3,8.0,837,1993578646,43,3,300,134,52,True,384,460.51701859880916
ba,100,384,3,8.0,838,649826121,54,3,300,132,46,True,384,460.51701859880916
ba,100,384,3,8.0,839,1762718992,40,3,300,121,47,True,384,460.51701859880916
ba,100,384,3,8.0,840,3432686448,43,5,500,127,49,True,384,460.51701859880916
ba,100,384,3,8.0,841,3327446723,49,4,400,131,43,True,384,460.51701859880916
ba,100,384,3,8.0,842,470797270,44,3,300,136,46,True,384,460.51701859880916
ba,100,384,3,8.0,843,3941627030,47,4,400,126,45,True,384,460.51701859880916
ba,100,384,3,8.0,844,579348915,45,3,300,135,45,True,384,460.51701859880916
ba,100,384,3,8.0,845,925181192,27,4,400,97,50,True,384,460.51701859880916
ba,100,384,3,8.0,846,1345375374,41,4,400,127,54,True,384,460.51701859880916
ba,100,384,3,8.0,847,3806525849,47,4,400,129,43,True,384,460.51701859880916
ba,100,384,3,8.0,848,3619193208,44,3,300,130,52,True,384,460.51701859880916
ba,100,384,3,8.0,849,1451987596,57,4,400,134,43,True,384,460.51701859880916
ba,100,384,3,8.0,850,1176196947,40,8,800,119,49,True,384,460.51701859880916
ba,100,384,3,8.0,851,2702957383,39,3,300,118,49,True,384,460.51701859880916
ba,100,384,3,8.0,852,687074804,56,3,300,128,45,True,384,460.51701859880916
ba,100,384,3,8.0,853,2290614059,50,4,400,138,45,True,384,460.51701859880916
ba,100,384,3,8.0,854,1750070741,43,5,500,120,52,True,384,460.51701859880916
ba,100,384,3,8.0,855,3895496395,50,8,800,124,48,True,384,460.51701859880916
ba,100,384,3,8.0,856,1994702010,46,3,300,134,46,True,384,460.51701859880916
ba,100,384,3,8.0,857,2430491839,52,6,600,144,47,True,384,460.51701859880916
ba,100,384,3,8.0,858,843973278,36,4,400,115,53,True,384,460.51701859880916
ba,100,384,3,8.0,859,564536087,59,4,400,116,34,True,384,460.51701859880916
ba,100,384,3,8.0,860,1082859759,55,5,500,128,38,True,384,460.51701859880916
ba,100,384,3,8.0,861,3137245925,37,3,300,126,50,True,384,460.51701859880916
ba,100,384,3,8.0,862,1344836176,51,3,300,136,49,True,384,460.51701859880916
ba,100,384,3,8.0,863,2415093767,49,4,400,125,45,True,384,460.51701859880916
ba,100,384,3,8.0,864,2859656404,34,3,300,120,55,True,384,460.51701859880916
ba,100,384,3,8.0,865,2425058082,51,5,500,144,42,True,384,460.51701859880916
ba,100,384,3,8.0,866,3622739061,55,6,600,132,44,True,384,460.51701859880916
ba,100,384,3,8.0,867,1892343108,44,4,400,129,32,True,384,460.51701859880916
ba,100,384,3,8.0,868,2465862312,52,4,400,136,44,True,384,460.51701859880916
ba,100,384,3,8.0,869,158969947,40,3,300,124,49,True,384,460.51701859880916
ba,100,384,3,8.0,870,2854329859,49,4,400,133,43,True,384,460.51701859880916
ba,100,384,3,8.0,871,3669838877,46,3,300,124,50,True,384,460.51701859880916
ba,100,384,3,8.0,872,2649086178,45,3,300,126,46,True,384,460.51701859880916
ba,100,384,3,8.0,873,3677075406,55,3,300,143,44,True,384,460.51701859880916
ba,100,384,3,8.0,874,1517671574,46,4,400,129,48,True,384,460.51701859880916
ba,100,384,3,8.0,875,144111151,42,4,400,116,49,True,384,460.51701859880916
ba,100,384,3,8.0,876,441985997,44,3,300,120,54,True,384,460.51701859880916
ba,100,384,3,8.0,877,592010822,51,5,500,127,42,True,384,460.51701859880916
ba,100,384,3,8.0,878,634362469,44,6,600,120,44,True,384,460.51701859880916
ba,100,384,3,8.0,879,3084569048,43,3,300,130,51,True,384,460.51701859880916
ba,100,384,3,8.0,880,737642486,42,3,300,123,48,True,384,460.51701859880916
ba,100,384,3,8.0,881,4251245504,52,5,500,138,44,True,384,460.51701859880916
ba,100,384,3,8.0,882,2107753210,44,5,500,131,46,True,384,460.51701859880916
ba,100,384,3,8.0,883,620409151,40,5,500,119,47,True,384,460.51701859880916
ba,100,384,3,8.0,884,1516308355,55,4,400,142,46,True,384,460.51701859880916
ba,100,384,3,8.0,885,2313563295,47,4,400,133,50,True,384,460.51701859880916
ba,100,384,3,8.0,886,837105246,49,4,400,137,44,True,384,460.51701859880916
ba,100,384,3,8.0,887,462797319,49,3,300,112,48,True,384,460.51701859880916
ba,100,384,3,8.0,888,325536473,43,3,300,135,48,True,384,460.51701859880916
ba,100,384,3,8.0,889,3656223694,46,4,400,138,45,True,384,460.51701859880916
ba,100,384,3,8.0,890,582080578,51,4,400,138,48,True,384,460.51701859880916
ba,100,384,3,8.0,891,4202738795,46,3,300,135,52,True,384,460.51701859880916
ba,100,384,3,8.0,892,3944857302,61,4,400,163,42,True,384,460.51701859880916
ba,100,384,3,8.0,893,3561340650,45,4,400,145,45,True,384,460.51701859880916
ba,100,384,3,8.0,894,1718974515,59,4,400,148,40,True,384,460.51701859880916
ba,100,384,3,8.0,895,517349406,37,3,300,130,54,True,384,460.51701859880916
ba,100,384,3,8.0,896,108050418,43,3,300,112,46,True,384,460.51701859880916
ba,100,384,3,8.0,897,931911409,48,3,300,141,44,True,384,460.51701859880916
ba,100,384,3,8.0,898,2866016297,62,4,400,145,49,True,384,460.51701859880916
ba,100,384,3,8.0,899,2118840815,51,3,300,125,44,True,384,460.51701859880916
ba,100,384,3,8.0,900,4144216421,50,6,600,119,39,True,384,460.51701859880916
ba,100,384,3,8.0,901,1556582828,57,3,300,143,41,True,384,460.51701859880916
ba,100,384,3,8.0,902,448269546,50,3,300,133,41,True,384,460.51701859880916
ba,100,384,3,8.0,903,3822210573,40,3,300,121,44,True,384,460.51701859880916
ba,100,384,3,8.0,904,1034630179,51,3,300,138,47,True,384,460.51701859880916
ba,100,384,3,8.0,905,641175551,51,4,400,141,45,True,384,460.51701859880916
ba,100,384,3,8.0,906,383152172,60,8,800,129,38,True,384,460.51701859880916
ba,100,384,3,8.0,907,828961551,43,3,300,122,46,True,384,460.51701859880916
ba,100,384,3,8.0,908,3045839803,45,4,400,120,47,True,384,460.51701859880916
ba,100,384,3,8.0,909,4236397011,47,3,300,131,46,True,384,460.51701859880916
ba,100,384,3,8.0,910,4201132190,51,5,500,126,37,True,384,460.51701859880916
ba,100,384,3,8.0,911,2861441004,47,3,300,131,50,True,384,460.51701859880916
ba,100,384,3,8.0,912,144340589,50,4,400,133,52,True,384,460.51701859880916
ba,100,384,3,8.0,913,2773484931,44,3,300,129,50,True,384,460.51701859880916
ba,100,384,3,8.0,914,3160513207,47,3,300,122,52,True,384,460.51701859880916
ba,100,384,3,8.0,915,258431115,42,3,300,130,48,True,384,460.51701859880916
ba,100,384,3,8.0,916,1994466077,40,3,300,120,53,True,384,460.51701859880916
ba,100,384,3,8.0,917,3682600307,46,4,400,138,43,True,384,460.51701859880916
ba,100,384,3,8.0,918,517119898,47,3,300,132,53,True,384,460.51701859880916
ba,100,384,3,8.0,919,1260717281,53,6,600,117,37,True,384,460.51701859880916
ba,100,384,3,8.0,920,3606657622,52,4,400,133,49,True,384,460.51701859880916
ba,100,384,3,8.0,921,3479400690,44,3,300,127,54,True,384,460.51701859880916
ba,100,384,3,8.0,922,3861210979,42,3,300,132,50,True,384,460.51701859880916
ba,100,384,3,8.0,923,136979280,50,6,600,118,44,True,384,460.51701859880916
ba,100,384,3,8.0,924,1510350965,48,4,400,128,47,True,384,460.51701859880916
ba,100,384,3,8.0,925,588114003,45,3,300,126,51,True,384,460.51701859880916
ba,100,384,3,8.0,926,1039877608,53,5,500,131,36,True,384,460.51701859880916
ba,100,384,3,8.0,927,2194071359,46,4,400,147,53,True,384,460.51701859880916
ba,100,384,3,8.0,928,473842338,49,4,400,125,40,True,384,460.51701859880916
ba,100,384,3,8.0,929,3443871,45,3,300,127,54,True,384,460.51701859880916
ba,100,384,3,8.0,930,58550057,52,4,400,139,39,True,384,460.51701859880916
ba,100,384,3,8.0,931,323303689,46,3,300,124,47,True,384,460.51701859880916
ba,100,384,3,8.0,932,1200674715,38,3,300,122,51,True,384,460.51701859880916
ba,100,384,3,8.0,933,3382674576,51,4,400,133,42,True,384,460.51701859880916
ba,100,384,3,8.0,934,1700872264,45,5,500,124,47,True,384,460.51701859880916
ba,100,384,3,8.0,935,3551573477,46,4,400,140,53,True,384,460.51701859880916
ba,100,384,3,8.0,936,1444605776,46,3,300,128,48,True,384,460.51701859880916
ba,100,384,3,8.0,937,3836858309,40,4,400,125,43,True,384,460.51701859880916
ba,100,384,3,8.0,938,3196208066,50,5,500,140,49,True,384,460.51701859880916
ba,100,384,3,8.0,939,4245291736,44,4,400,120,46,True,384,460.51701859880916
ba,100,384,3,8.0,940,881597137,49,3,300,122,42,True,384,460.51701859880916
ba,100,384,3,8.0,941,763462333,44,3,300,128,44,True,384,460.51701859880916
ba,100,384,3,8.0,942,1655849744,53,3,300,133,45,True,384,460.51701859880916
ba,100,384,3,8.0,943,4114362957,50,3,300,137,39,True,384,460.51701859880916
ba,100,384,3,8.0,944,1524923990,47,4,400,122,47,True,384,460.51701859880916
ba,100,384,3,8.0,945,1391935709,51,3,300,125,39,True,384,460.51701859880916
ba,100,384,3,8.0,946,3822622999,54,4,400,134,43,True,384,460.51701859880916
ba,100,384,3,8.0,947,629748965,48,4,400,129,46,True,384,460.51701859880916
ba,100,384,3,8.0,948,246814932,42,4,400,122,51,True,384,460.51701859880916
ba,100,384,3,8.0,949,24912985,56,5,500,143,45,True,384,460.51701859880916
ba,100,384,3,8.0,950,266114893,47,4,400,127,46,True,384,460.51701859880916
ba,100,384,3,8.0,951,2737481035,50,4,400,124,47,True,384,460.51701859880916
ba,100,384,3,8.0,952,974728382,50,3,300,131,49,True,384,460.51701859880916
ba,100,384,3,8.0,953,1215450438,46,5,500,131,49,True,384,460.51701859880916
ba,100,384,3,8.0,954,3589136814,50,4,400,138,48,True,384,460.51701859880916
ba,100,384,3,8.0,955,1171909090,48,3,300,135,48,True,384,460.51701859880916
ba,100,384,3,8.0,956,3233986334,50,3,300,137,39,True,384,460.51701859880916
ba,100,384,3,8.0,957,3573212470,48,3,300,140,52,True,384,460.51701859880916
ba,100,384,3,8.0,958,1179599130,47,4,400,122,42,True,384,460.51701859880916
ba,100,384,3,8.0,959,308822707,44,4,400,118,51,True,384,460.51701859880916
ba,100,384,3,8.0,960,3984836076,47,3,300,134,41,True,384,460.51701859880916
ba,100,384,3,8.0,961,3112157188,43,3,300,120,44,True,384,460.51701859880916
ba,100,384,3,8.0,962,895053783,46,6,600,120,47,True,384,460.51701859880916
ba,100,384,3,8.0,963,2167235877,49,3,300,117,41,True,384,460.51701859880916
ba,100,384,3,8.0,964,2701356676,46,3,300,131,42,True,384,460.51701859880916
ba,100,384,3,8.0,965,405450990,40,3,300,125,49,True,384,460.51701859880916
ba,100,384,3,8.0,966,3447601666,41,4,400,133,48,True,384,460.51701859880916
ba,100,384,3,8.0,967,2626590848,43,4,400,119,48,True,384,460.51701859880916
ba,100,384,3,8.0,968,241006176,53,4,400,140,47,True,384,460.51701859880916
ba,100,384,3,8.0,969,3021623358,52,4,400,127,45,True,384,460.51701859880916
ba,100,384,3,8.0,970,3645938892,55,5,500,145,47,True,384,460.51701859880916
ba,100,384,3,8.0,971,2509724322,50,4,400,133,44,True,384,460.51701859880916
ba,100,384,3,8.0,972,784708143,57,4,400,139,39,True,384,460.51701859880916
ba,100,384,3,8.0,973,208466253,40,3,300,118,43,True,384,460.51701859880916
ba,100,384,3,8.0,974,1649347052,52,5,500,144,48,True,384,460.51701859880916
ba,100,384,3,8.0,975,2321910607,44,4,400,133,45,True,384,460.51701859880916
ba,100,384,3,8.0,976,3326299732,39,3,300,126,45,True,384,460.51701859880916
ba,100,384,3,8.0,977,1266663458,52,5,500,121,45,True,384,460.51701859880916
ba,100,384,3,8.0,978,3495434984,51,4,400,129,44,True,384,460.51701859880916
ba,100,384,3,8.0,979,2805505373,47,4,400,129,45,True,384,460.51701859880916
ba,100,384,3,8.0,980,3872750310,55,5,500,145,56,True,384,460.51701859880916
ba,100,384,3,8.0,981,3830779825,55,4,400,148,49,True,384,460.51701859880916
ba,100,384,3,8.0,982,711400918,45,3,300,124,54,True,384,460.51701859880916
ba,100,384,3,8.0,983,2046796617,37,3,300,111,41,True,384,460.51701859880916
ba,100,384,3,8.0,984,357667326,51,3,300,135,42,True,384,460.51701859880916
ba,100,384,3,8.0,985,2041138084,44,4,400,124,51,True,384,460.51701859880916
ba,100,384,3,8.0,986,1251858474,47,5,500,121,51,True,384,460.51701859880916
ba,100,384,3,8.0,987,3283952521,51,4,400,146,48,True,384,460.51701859880916
ba,100,384,3,8.0,988,3657112824,39,3,300,130,51,True,384,460.51701859880916
ba,100,384,3,8.0,989,3872336099,49,4,400,138,49,True,384,460.51701859880916
ba,100,384,3,8.0,990,2705068335,52,7,700,130,45,True,384,460.51701859880916
ba,100,384,3,8.0,991,3635284536,36,4,400,105,47,True,384,460.51701859880916
ba,100,384,3,8.0,992,115872657,40,4,400,123,55,True,384,460.51701859880916
ba,100,384,3,8.0,993,1936740269,45,4,400,123,49,True,384,460.51701859880916
ba,100,384,3,8.0,994,831525120,47,4,400,121,42,True,384,460.51701859880916
ba,100,384,3,8.0,995,2361164311,50,4,400,140,50,True,384,460.51701859880916
ba,100,384,3,8.0,996,234243296,42,4,400,139,51,True,384,460.51701859880916
ba,100,384,3,8.0,997,860415503,42,3,300,121,48,True,384,460.51701859880916
ba,100,384,3,8.0,998,2190777587,39,3,300,122,55,True,384,460.51701859880916
ba,100,384,3,8.0,999,4053398512,48,4,400,128,47,True,384,460.51701859880916
ba,200,784,3,8.0,0,952472518,85,4,800,237,99,True,784,1059.6634733096073
ba,200,784,3,8.0,1,1922482574,97,4,800,272,88,True,784,1059.6634733096073
ba,200,784,3,8.0,2,2538177230,89,5,1000,255,85,True,784,1059.6634733096073
ba,200,784,3,8.0,3,1310113802,80,3,600,253,100,True,784,1059.6634733096073
ba,200,784,3,8.0,4,2070113390,90,3,600,243,93,True,784,1059.6634733096073
ba,200,784,3,8.0,5,151861324,97,5,1000,271,82,True,784,1059.6634733096073
ba,200,784,3,8.0,6,383228536,102,4,800,275,101,True,784,1059.6634733096073
ba,200,784,3,8.0,7,512346480,81,3,600,241,81,True,784,1059.6634733096073
ba,200,784,3,8.0,8,2544622024,105,4,800,265,92,True,784,1059.6634733096073
ba,200,784,3,8.0,9,3900753353,100,4,800,259,96,True,784,1059.6634733096073
ba,200,784,3,8.0,10,2889305327,108,5,1000,265,84,True,784,1059.6634733096073
ba,200,784,3,8.0,11,2774633157,103,4,800,268,96,True,784,1059.6634733096073
ba,200,784,3,8.0,12,1980244082,100,4,800,277,89,True,784,1059.6634733096073
ba,200,784,3,8.0,13,2786900415,88,3,600,262,97,True,784,1059.6634733096073
ba,200,784,3,8.0,14,3335276027,87,4,800,250,98,True,784,1059.6634733096073
ba,200,784,3,8.0,15,2661946937,97,3,600,255,92,True,784,1059.6634733096073
ba,200,784,3,8.0,16,150146286,88,4,800,264,95,True,784,1059.6634733096073
ba,200,784,3,8.0,17,4133655888,98,5,1000,269,95,True,784,1059.6634733096073
ba,200,784,3,8.0,18,2128881784,99,5,1000,270,91,True,784,1059.6634733096073
ba,200,784,3,8.0,19,3611791153,96,6,1200,257,88,True,784,1059.6634733096073
ba,200,784,3,8.0,20,1130088750,98,6,1200,259,88,True,784,1059.6634733096073
ba,200,784,3,8.0,21,2989783568,109,4,800,294,83,True,784,1059.6634733096073
ba,200,784,3,8.0,22,4144915307,109,4,800,269,89,True,784,1059.6634733096073
ba,200,784,3,8.0,23,540745558,91,5,1000,249,88,True,784,1059.6634733096073
ba,200,784,3,8.0,24,3272028929,82,3,600,247,106,True,784,1059.6634733096073
ba,200,784,3,8.0,25,4246964058,102,5,1000,289,90,True,784,1059.6634733096073
ba,200,784,3,8.0,26,2231951344,101,5,1000,291,98,True,784,1059.6634733096073
ba,200,784,3,8.0,27,202403182,78,3,600,233,93,True,784,1059.6634733096073
ba,200,784,3,8.0,28,1704041822,97,5,1000,263,91,True,784,1059.6634733096073
ba,200,784,3,8.0,29,292787829,102,5,1000,266,96,True,784,1059.6634733096073
ba,200,784,3,8.0,30,1182883927,98,4,800,266,90,True,784,1059.6634733096073
ba,200,784,3,8.0,31,3133714182,78,3,600,253,101,True,784,1059.6634733096073
ba,200,784,3,8.0,32,1602080244,87,4,800,255,106,True,784,1059.6634733096073
ba,200,784,3,8.0,33,3562098301,91,4,800,246,90,True,784,1059.6634733096073
ba,200,784,3,8.0,34,421164889,107,4,800,288,88,True,784,1059.6634733096073
ba,200,784,3,8.0,35,4093003896,91,5,1000,274,96,True,784,1059.6634733096073
ba,200,784,3,8.0,36,2419762275,87,3,600,288,97,True,784,1059.6634733096073
ba,200,784,3,8.0,37,2339081497,85,5,1000,247,92,True,784,1059.6634733096073
ba,200,784,3,8.0,38,3446222423,100,4,800,267,92,True,784,1059.6634733096073
ba,200,784,3,8.0,39,979361017,111,5,1000,283,83,True,784,1059.6634733096073
ba,200,784,3,8.0,40,3530702981,108,6,1200,273,87,True,784,1059.6634733096073
ba,200,784,3,8.0,41,1711986481,80,4,800,231,102,True,784,1059.6634733096073
ba,200,784,3,8.0,42,1068242748,104,4,800,267,88,True,784,1059.6634733096073
ba,200,784,3,8.0,43,1860735165,106,4,800,273,95,True,784,1059.6634733096073
ba,200,784,3,8.0,44,2382525121,98,4,800,259,86,True,784,1059.6634733096073
ba,200,784,3,8.0,45,3230920033,101,7,1400,260,92,True,784,1059.6634733096073
ba,200,784,3,8.0,46,1740440877,102,4,800,281,92,True,784,1059.6634733096073
ba,200,784,3,8.0,47,2451762535,99,5,1000,253,89,True,784,1059.6634733096073
ba,200,784,3,8.0,48,2612481323,98,3,600,278,104,True,784,1059.6634733096073
ba,200,784,3,8.0,49,516931628,97,5,1000,262,89,True,784,1059.6634733096073
ba,200,784,3,8.0,50,2014863844,106,5,1000,272,89,True,784,1059.6634733096073
ba,200,784,3,8.0,51,3882706201,90,4,800,260,83,True,784,1059.6634733096073
ba,200,784,3,8.0,52,2567155097,76,3,600,248,111,True,784,1059.6634733096073
ba,200,784,3,8.0,53,3697392876,93,4,800,263,105,True,784,1059.6634733096073
ba,200,784,3,8.0,54,771512525,96,3,600,272,104,True,784,1059.6634733096073
ba,200,784,3,8.0,55,499174000,84,4,800,254,100,True,784,1059.6634733096073
ba,200,784,3,8.0,56,502719543,94,3,600,268,101,True,784,1059.6634733096073
ba,200,784,3,8.0,57,4018599650,102,6,1200,266,89,True,784,1059.6634733096073
ba,200,784,3,8.0,58,2506986648,79,3,600,243,96,True,784,1059.6634733096073
ba,200,784,3,8.0,59,873207568,83,3,600,247,103,True,784,1059.6634733096073
ba,200,784,3,8.0,60,2126146848,95,5,1000,287,101,True,784,1059.6634733096073
ba,200,784,3,8.0,61,2787736341,105,4,800,284,96,True,784,1059.6634733096073
ba,200,784,3,8.0,62,1197023848,90,4,800,252,95,True,784,1059.6634733096073
ba,200,784,3,8.0,63,360520258,88,4,800,268,101,True,784,1059.6634733096073
ba,200,784,3,8.0,64,1027022736,84,4,800,245,85,True,784,1059.6634733096073
ba,200,784,3,8.0,65,1686691642,88,4,800,236,89,True,784,1059.6634733096073
ba,200,784,3,8.0,66,2948769296,97,4,800,258,97,True,784,1059.6634733096073
ba,200,784,3,8.0,67,1983603851,103,4,800,271,87,True,784,1059.6634733096073
ba,200,784,3,8.0,68,3953419425,86,5,1000,242,100,True,784,1059.6634733096073
ba,200,784,3,8.0,69,2986489150,94,4,800,264,83,True,784,1059.6634733096073
ba,200,784,3,8.0,70,3425154883,83,4,800,265,99,True,784,1059.6634733096073
ba,200,784,3,8.0,71,837009354,95,4,800,275,102,True,784,1059.6634733096073
ba,200,784,3,8.0,72,1179576532,93,3,600,241,87,True,784,1059.6634733096073
ba,200,784,3,8.0,73,482467200,94,6,1200,267,97,True,784,1059.6634733096073
ba,200,784,3,8.0,74,4173103956,93,5,1000,257,90,True,784,1059.6634733096073
ba,200,784,3,8.0,75,4063433343,85,3,600,270,95,True,784,1059.6634733096073
ba,200,784,3,8.0,76,316333277,96,6,1200,255,85,True,784,1059.6634733096073
ba,200,784,3,8.0,77,2051441058,90,3,600,263,104,True,784,1059.6634733096073
ba,200,784,3,8.0,78,3070655926,98,4,800,273,92,True,784,1059.6634733096073
ba,200,784,3,8.0,79,2551331368,95,5,1000,252,90,True,784,1059.6634733096073
ba,200,784,3,8.0,80,2482357906,99,4,800,283,97,True,784,1059.6634733096073
ba,200,784,3,8.0,81,1175981304,87,5,1000,236,88,True,784,1059.6634733096073
ba,200,784,3,8.0,82,784929249,94,3,600,251,96,True,784,1059.6634733096073
ba,200,784,3,8.0,83,3018865657,95,4,800,276,102,True,784,1059.6634733096073
ba,200,784,3,8.0,84,1210820696,89,4,800,275,106,True,784,1059.6634733096073
ba,200,784,3,8.0,85,3056594036,100,4,800,282,91,True,784,1059.6634733096073
ba,200,784,3,8.0,86,935132025,107,5,1000,270,95,True,784,1059.6634733096073
ba,200,784,3,8.0,87,1335327068,91,4,800,279,88,True,784,1059.6634733096073
ba,200,784,3,8.0,88,3376158363,97,4,800,254,88,True,784,1059.6634733096073
ba,200,784,3,8.0,89,942043676,96,4,800,269,90,True,784,1059.6634733096073
ba,200,784,3,8.0,90,459022919,89,4,800,244,101,True,784,1059.6634733096073
ba,200,784,3,8.0,91,703417135,97,3,600,258,86,True,784,1059.6634733096073
ba,200,784,3,8.0,92,1334990556,95,4,800,275,102,True,784,1059.6634733096073
ba,200,784,3,8.0,93,1680269334,111,5,1000,282,81,True,784,1059.6634733096073
ba,200,784,3,8.0,94,2152292900,99,4,800,262,89,True,784,1059.6634733096073
ba,200,784,3,8.0,95,1911087414,94,4,800,252,96,True,784,1059.6634733096073
ba,200,784,3,8.0,96,1581059255,88,4,800,256,106,True,784,1059.6634733096073
ba,200,784,3,8.0,97,2189834109,86,3,600,263,101,True,784,1059.6634733096073
ba,200,784,3,8.0,98,2040189727,102,4,800,267,90,True,784,1059.6634733096073
ba,200,784,3,8.0,99,4064342855,86,4,800,255,101,True,784,1059.6634733096073
ba,200,784,3,8.0,100,424242284,98,4,800,260,103,True,784,1059.6634733096073
ba,200,784,3,8.0,101,3519019257,99,4,800,273,97,True,784,1059.6634733096073
ba,200,784,3,8.0,102,1176279588,103,6,1200,271,95,True,784,1059.6634733096073
ba,200,784,3,8.0,103,151329490,88,3,600,240,96,True,784,1059.6634733096073
ba,200,784,3,8.0,104,2738597640,103,6,1200,279,87,True,784,1059.6634733096073
ba,200,784,3,8.0,105,1662005091,87,5,1000,248,98,True,784,1059.6634733096073
ba,200,784,3,8.0,106,2579207954,96,4,800,236,88,True,784,1059.6634733096073
ba,200,784,3,8.0,107,1041240625,84,4,800,241,97,True,784,1059.6634733096073
ba,200,784,3,8.0,108,2272448824,90,5,1000,240,92,True,784,1059.6634733096073
ba,200,784,3,8.0,109,3420130178,84,3,600,243,96,True,784,1059.6634733096073
ba,200,784,3,8.0,110,1502124764,92,4,800,270,93,True,784,1059.6634733096073
ba,200,784,3,8.0,111,2177764925,93,6,1200,265,99,True,784,1059.6634733096073
ba,200,784,3,8.0,112,818871865,88,4,800,251,105,True,784,1059.6634733096073
ba,200,784,3,8.0,113,3116587722,101,4,800,260,103,True,784,1059.6634733096073
ba,200,784,3,8.0,114,3612613618,78,4,800,250,105,True,784,1059.6634733096073
ba,200,784,3,8.0,115,1493270941,87,3,600,246,92,True,784,1059.6634733096073
ba,200,784,3,8.0,116,39199164,107,5,1000,263,84,True,784,1059.6634733096073
ba,200,784,3,8.0,117,738023130,88,4,800,247,96,True,784,1059.6634733096073
ba,200,784,3,8.0,118,1745902374,106,5,1000,283,94,True,784,1059.6634733096073
ba,200,784,3,8.0,119,728989638,91,5,1000,261,90,True,784,1059.6634733096073
ba,200,784,3,8.0,120,3475127638,91,5,1000,264,101,True,784,1059.6634733096073
ba,200,784,3,8.0,121,2285050535,97,4,800,260,93,True,784,1059.6634733096073
ba,200,784,3,8.0,122,3949173004,102,4,800,273,106,True,784,1059.6634733096073
ba,200,784,3,8.0,123,219564209,92,5,1000,243,91,True,784,1059.6634733096073
ba,200,784,3,8.0,124,3958078049,108,4,800,268,82,True,784,1059.6634733096073
ba,200,784,3,8.0,125,872449677,103,5,1000,267,93,True,784,1059.6634733096073
ba,200,784,3,8.0,126,2495726586,81,4,800,235,94,True,784,1059.6634733096073
ba,200,784,3,8.0,127,402169014,106,4,800,281,89,True,784,1059.6634733096073
ba,200,784,3,8.0,128,3897001103,78,4,800,258,105,True,784,1059.6634733096073
ba,200,784,3,8.0,129,1685377970,89,6,1200,267,100,True,784,1059.6634733096073
ba,200,784,3,8.0,130,1549045632,87,3,600,258,103,True,784,1059.6634733096073
ba,200,784,3,8.0,131,809733352,82,5,1000,227,90,True,784,1059.6634733096073
ba,200,784,3,8.0,132,3202764510,99,4,800,265,96,True,784,1059.6634733096073
ba,200,784,3,8.0,133,3770144537,104,4,800,278,92,True,784,1059.6634733096073
ba,200,784,3,8.0,134,2840824026,96,4,800,269,104,True,784,1059.6634733096073
ba,200,784,3,8.0,135,288026011,89,6,1200,267,92,True,784,1059.6634733096073
ba,200,784,3,8.0,136,525897117,92,4,800,242,87,True,784,1059.6634733096073
ba,200,784,3,8.0,137,2192943800,96,5,1000,260,99,True,784,1059.6634733096073
ba,200,784,3,8.0,138,465448005,100,4,800,265,98,True,784,1059.6634733096073
ba,200,784,3,8.0,139,2752070357,88,4,800,248,103,True,784,1059.6634733096073
ba,200,784,3,8.0,140,3051440687,113,4,800,279,91,True,784,1059.6634733096073
ba,200,784,3,8.0,141,3330844026,113,4,800,270,89,True,784,1059.6634733096073
ba,200,784,3,8.0,142,3891354520,90,4,800,264,110,True,784,1059.6634733096073
ba,200,784,3,8.0,143,1477019888,92,5,1000,259,91,True,784,1059.6634733096073
ba,200,784,3,8.0,144,3089612976,77,3,600,257,94,True,784,1059.6634733096073
ba,200,784,3,8.0,145,2028124672,105,4,800,268,94,True,784,1059.6634733096073
ba,200,784,3,8.0,146,221923564,111,8,1600,267,87,True,784,1059.6634733096073
ba,200,784,3,8.0,147,699428374,100,6,1200,245,83,True,784,1059.6634733096073
ba,200,784,3,8.0,148,306544739,87,5,1000,252,93,True,784,1059.6634733096073
ba,200,784,3,8.0,149,3180809302,93,5,1000,269,95,True,784,1059.6634733096073
ba,200,784,3,8.0,150,2217208702,91,4,800,254,93,True,784,1059.6634733096073
ba,200,784,3,8.0,151,2429001731,94,5,1000,267,98,True,784,1059.6634733096073
ba,200,784,3,8.0,152,2205015557,88,5,1000,242,94,True,784,1059.6634733096073
ba,200,784,3,8.0,153,2275334227,97,4,800,248,78,True,784,1059.6634733096073
ba,200,784,3,8.0,154,4027196313,99,7,1400,278,91,True,784,1059.6634733096073
ba,200,784,3,8.0,155,3577025759,98,4,800,241,87,True,784,1059.6634733096073
ba,200,784,3,8.0,156,2962254345,96,5,1000,267,91,True,784,1059.6634733096073
ba,200,784,3,8.0,157,1339391056,82,3,600,243,91,True,784,1059.6634733096073
ba,200,784,3,8.0,158,3281645511,105,5,1000,265,96,True,784,1059.6634733096073
ba,200,784,3,8.0,159,228892002,90,4,800,252,96,True,784,1059.6634733096073
ba,200,784,3,8.0,160,3463043504,87,4,800,247,101,True,784,1059.6634733096073
ba,200,784,3,8.0,161,2742891016,111,5,1000,275,78,True,784,1059.6634733096073
ba,200,784,3,8.0,162,403711064,94,5,1000,249,98,True,784,1059.6634733096073
ba,200,784,3,8.0,163,1053473916,96,4,800,243,85,True,784,1059.6634733096073
ba,200,784,3,8.0,164,2538115479,83,4,800,242,85,True,784,1059.6634733096073
ba,200,784,3,8.0,165,2216588079,75,4,800,237,106,True,784,1059.6634733096073
ba,200,784,3,8.0,166,4265032728,98,4,800,259,103,True,784,1059.6634733096073
ba,200,784,3,8.0,167,4134797628,98,4,800,267,92,True,784,1059.6634733096073
ba,200,784,3,8.0,168,944781569,98,3,600,275,89,True,784,1059.6634733096073
ba,200,784,3,8.0,169,227093501,102,5,1000,268,90,True,784,1059.6634733096073
ba,200,784,3,8.0,170,2258803636,96,4,800,266,90,True,784,1059.6634733096073
ba,200,784,3,8.0,171,2332835205,90,3,600,258,91,True,784,1059.6634733096073
ba,200,784,3,8.0,172,2653489723,94,3,600,255,86,True,784,1059.6634733096073
ba,200,784,3,8.0,173,1314191687,103,5,1000,297,93,True,784,1059.6634733096073
ba,200,784,3,8.0,174,3620965896,97,3,600,258,97,True,784,1059.6634733096073
ba,200,784,3,8.0,175,3024961554,94,3,600,247,81,True,784,1059.6634733096073
ba,200,784,3,8.0,176,224391478,86,4,800,248,100,True,784,1059.6634733096073
ba,200,784,3,8.0,177,3099485833,97,4,800,268,96,True,784,1059.6634733096073
ba,200,784,3,8.0,178,3087356971,118,4,800,307,98,True,784,1059.6634733096073
ba,200,784,3,8.0,179,1178093410,88,4,800,253,105,True,784,1059.6634733096073
ba,200,784,3,8.0,180,2840396392,81,4,800,246,94,True,784,1059.6634733096073
ba,200,784,3,8.0,181,3634209047,92,4,800,269,106,True,784,1059.6634733096073
ba,200,784,3,8.0,182,3138886371,90,5,1000,247,96,True,784,1059.6634733096073
ba,200,784,3,8.0,183,2589510028,90,4,800,259,92,True,784,1059.6634733096073
ba,200,784,3,8.0,184,3766969685,103,4,800,276,91,True,784,1059.6634733096073
ba,200,784,3,8.0,185,1376188587,95,4,800,267,100,True,784,1059.6634733096073
ba,200,784,3,8.0,186,4028890720,82,3,600,253,95,True,784,1059.6634733096073
ba,200,784,3,8.0,187,811020261,99,5,1000,267,91,True,784,1059.6634733096073
ba,200,784,3,8.0,188,2064650211,84,6,1200,242,98,True,784,1059.6634733096073
ba,200,784,3,8.0,189,1961248110,100,4,800,274,87,True,784,1059.6634733096073
ba,200,784,3,8.0,190,2656604925,80,4,800,238,96,True,784,1059.6634733096073
ba,200,784,3,8.0,191,984079239,83,4,800,249,91,True,784,1059.6634733096073
ba,200,784,3,8.0,192,2463671394,93,4,800,249,92,True,784,1059.6634733096073
ba,200,784,3,8.0,193,1106636640,92,4,800,277,99,True,784,1059.6634733096073
ba,200,784,3,8.0,194,239936659,97,3,600,281,93,True,784,1059.6634733096073
ba,200,784,3,8.0,195,684075810,92,5,1000,250,105,True,784,1059.6634733096073
ba,200,784,3,8.0,196,3773930432,98,4,800,259,85,True,784,1059.6634733096073
ba,200,784,3,8.0,197,2951825082,95,4,800,251,91,True,784,1059.6634733096073
ba,200,784,3,8.0,198,362511139,99,4,800,267,99,True,784,1059.6634733096073
ba,200,784,3,8.0,199,2041524275,88,4,800,259,102,True,784,1059.6634733096073
ba,200,784,3,8.0,200,191220255,95,5,1000,260,95,True,784,1059.6634733096073
ba,200,784,3,8.0,201,4066052657,98,5,1000,272,94,True,784,1059.6634733096073
ba,200,784,3,8.0,202,2352608963,77,3,600,244,104,True,784,1059.6634733096073
ba,200,784,3,8.0,203,1520933358,81,3,600,250,102,True,784,1059.6634733096073
ba,200,784,3,8.0,204,1214546730,72,4,800,246,110,True,784,1059.6634733096073
ba,200,784,3,8.0,205,1749049460,96,4,800,260,82,True,784,1059.6634733096073
ba,200,784,3,8.0,206,3829911467,95,4,800,253,86,True,784,1059.6634733096073
ba,200,784,3,8.0,207,4235377506,86,3,600,238,94,True,784,1059.6634733096073
ba,200,784,3,8.0,208,314177646,97,5,1000,257,89,True,784,1059.6634733096073
ba,200,784,3,8.0,209,4093589243,95,4,800,260,91,True,784,1059.6634733096073
ba,200,784,3,8.0,210,2083786208,106,5,1000,267,79,True,784,1059.6634733096073
ba,200,784,3,8.0,211,2212724928,103,5,1000,285,89,True,784,1059.6634733096073
ba,200,784,3,8.0,212,3521755052,83,3,600,237,98,True,784,1059.6634733096073
ba,200,784,3,8.0,213,952012629,102,5,1000,263,97,True,784,1059.6634733096073
ba,200,784,3,8.0,214,4082133734,97,4,800,250,93,True,784,1059.6634733096073
ba,200,784,3,8.0,215,2798174859,94,4,800,257,100,True,784,1059.6634733096073
ba,200,784,3,8.0,216,3713064379,99,4,800,254,78,True,784,1059.6634733096073
ba,200,784,3,8.0,217,2705315356,95,4,800,269,99,True,784,1059.6634733096073
ba,200,784,3,8.0,218,3116651291,93,3,600,263,97,True,784,1059.6634733096073
ba,200,784,3,8.0,219,1805087947,104,5,1000,273,91,True,784,1059.6634733096073
ba,200,784,3,8.0,220,611542401,101,4,800,256,91,True,784,1059.6634733096073
ba,200,784,3,8.0,221,3378320237,99,6,1200,273,81,True,784,1059.6634733096073
ba,200,784,3,8.0,222,1043614808,79,5,1000,243,97,True,784,1059.6634733096073
ba,200,784,3,8.0,223,3229335207,101,5,1000,274,91,True,784,1059.6634733096073
ba,200,784,3,8.0,224,1177398493,100,6,1200,282,89,True,784,1059.6634733096073
ba,200,784,3,8.0,225,3351578520,108,5,1000,267,85,True,784,1059.6634733096073
ba,200,784,3,8.0,226,3558215139,93,3,600,246,103,True,784,1059.6634733096073
ba,200,784,3,8.0,227,152489385,92,4,800,247,88,True,784,1059.6634733096073
ba,200,784,3,8.0,228,692947616,105,5,1000,272,89,True,784,1059.6634733096073
ba,200,784,3,8.0,229,1373850766,99,5,1000,268,98,True,784,1059.6634733096073
ba,200,784,3,8.0,230,2525935901,94,4,800,275,91,True,784,1059.6634733096073
ba,200,784,3,8.0,231,1644690325,81,3,600,241,97,True,784,1059.6634733096073
ba,200,784,3,8.0,232,2991921949,81,3,600,240,102,True,784,1059.6634733096073
ba,200,784,3,8.0,233,3692376254,94,3,600,280,99,True,784,1059.6634733096073
ba,200,784,3,8.0,234,3620219544,91,5,1000,263,90,True,784,1059.6634733096073
ba,200,784,3,8.0,235,2278252919,103,4,800,261,93,True,784,1059.6634733096073
ba,200,784,3,8.0,236,3567606099,97,4,800,275,89,True,784,1059.6634733096073
ba,200,784,3,8.0,237,2304066760,104,5,1000,256,84,True,784,1059.6634733096073
ba,200,784,3,8.0,238,3904617348,104,3,600,262,82,True,784,1059.6634733096073
ba,200,784,3,8.0,239,3425163370,98,4,800,259,97,True,784,1059.6634733096073
ba,200,784,3,8.0,240,1550900059,90,4,800,250,93,True,784,1059.6634733096073
ba,200,784,3,8.0,241,977663418,83,4,800,256,100,True,784,1059.6634733096073
ba,200,784,3,8.0,242,3448988418,83,4,800,249,97,True,784,1059.6634733096073
ba,200,784,3,8.0,243,3366437742,99,5,1000,264,88,True,784,1059.6634733096073
ba,200,784,3,8.0,244,526237578,87,5,1000,247,102,True,784,1059.6634733096073
ba,200,784,3,8.0,245,560445617,95,5,1000,260,89,True,784,1059.6634733096073
ba,200,784,3,8.0,246,3259438290,101,4,800,258,95,True,784,1059.6634733096073
ba,200,784,3,8.0,247,3779650776,89,5,1000,237,98,True,784,1059.6634733096073
ba,200,784,3,8.0,248,1002064268,101,5,1000,259,90,True,784,1059.6634733096073
ba,200,784,3,8.0,249,901529445,88,3,600,253,95,True,784,1059.6634733096073
ba,200,784,3,8.0,250,332538417,107,5,1000,285,92,True,784,1059.6634733096073
ba,200,784,3,8.0,251,3863700181,100,5,1000,239,87,True,784,1059.6634733096073
ba,200,784,3,8.0,252,2424087682,91,4,800,249,96,True,784,1059.6634733096073
ba,200,784,3,8.0,253,3506293261,93,4,800,263,90,True,784,1059.6634733096073
ba,200,784,3,8.0,254,1276896199,96,4,800,276,104,True,784,1059.6634733096073
ba,200,784,3,8.0,255,662855834,97,3,600,266,94,True,784,1059.6634733096073
ba,200,784,3,8.0,256,1533628165,99,5,1000,260,99,True,784,1059.6634733096073
ba,200,784,3,8.0,257,3873348595,110,6,1200,244,82,True,784,1059.6634733096073
ba,200,784,3,8.0,258,144087000,87,4,800,273,99,True,784,1059.6634733096073
ba,200,784,3,8.0,259,428615313,92,5,1000,257,101,True,784,1059.6634733096073
ba,200,784,3,8.0,260,1632139975,90,4,800,259,99,True,784,1059.6634733096073
ba,200,784,3,8.0,261,1680159117,97,6,1200,248,92,True,784,1059.6634733096073
ba,200,784,3,8.0,262,1018970696,94,3,600,259,86,True,784,1059.6634733096073
ba,200,784,3,8.0,263,2311303308,96,4,800,267,97,True,784,1059.6634733096073
ba,200,784,3,8.0,264,3156210204,108,4,800,277,89,True,784,1059.6634733096073
ba,200,784,3,8.0,265,2298477807,95,5,1000,246,85,True,784,1059.6634733096073
ba,200,784,3,8.0,266,2050551743,90,5,1000,258,92,True,784,1059.6634733096073
ba,200,784,3,8.0,267,4283506314,95,5,1000,267,103,True,784,1059.6634733096073
ba,200,784,3,8.0,268,1632231226,100,6,1200,283,92,True,784,1059.6634733096073
ba,200,784,3,8.0,269,176907838,90,4,800,268,105,True,784,1059.6634733096073
ba,200,784,3,8.0,270,1026873534,88,5,1000,243,89,True,784,1059.6634733096073
ba,200,784,3,8.0,271,2675602475,84,3,600,258,97,True,784,1059.6634733096073
ba,200,784,3,8.0,272,3156447092,105,4,800,277,99,True,784,1059.6634733096073
ba,200,784,3,8.0,273,3003036014,93,4,800,252,102,True,784,1059.6634733096073
ba,200,784,3,8.0,274,3556144787,96,4,800,281,108,True,784,1059.6634733096073
ba,200,784,3,8.0,275,2913730722,86,4,800,254,80,True,784,1059.6634733096073
ba,200,784,3,8.0,276,1299869218,91,4,800,249,84,True,784,1059.6634733096073
ba,200,784,3,8.0,277,118824695,106,5,1000,264,93,True,784,1059.6634733096073
ba,200,784,3,8.0,278,1190105485,90,5,1000,255,104,True,784,1059.6634733096073
ba,200,784,3,8.0,279,3398460514,97,5,1000,247,78,True,784,1059.6634733096073
ba,200,784,3,8.0,280,2988026689,101,5,1000,269,89,True,784,1059.6634733096073
ba,200,784,3,8.0,281,2598287344,114,4,800,276,86,True,784,1059.6634733096073
ba,200,784,3,8.0,282,3605206053,109,4,800,297,91,True,784,1059.6634733096073
ba,200,784,3,8.0,283,4013989573,94,6,1200,257,103,True,784,1059.6634733096073
ba,200,784,3,8.0,284,59806376,101,4,800,264,90,True,784,1059.6634733096073
ba,200,784,3,8.0,285,3322197902,93,4,800,269,100,True,784,1059.6634733096073
ba,200,784,3,8.0,286,1959101400,96,4,800,273,93,True,784,1059.6634733096073
ba,200,784,3,8.0,287,1681596052,116,6,1200,296,84,True,784,1059.6634733096073
ba,200,784,3,8.0,288,720288493,92,5,1000,272,106,True,784,1059.6634733096073
ba,200,784,3,8.0,289,1592427381,82,4,800,240,97,True,784,1059.6634733096073
ba,200,784,3,8.0,290,1375810720,86,5,1000,251,95,True,784,1059.6634733096073
ba,200,784,3,8.0,291,2901190161,89,4,800,255,85,True,784,1059.6634733096073
ba,200,784,3,8.0,292,276296671,100,4,800,284,87,True,784,1059.6634733096073
ba,200,784,3,8.0,293,3513773235,86,3,600,248,98,True,784,1059.6634733096073
ba,200,784,3,8.0,294,3600400671,108,6,1200,267,87,True,784,1059.6634733096073
ba,200,784,3,8.0,295,1161364495,91,5,1000,256,97,True,784,1059.6634733096073
ba,200,784,3,8.0,296,4262891612,109,5,1000,271,88,True,784,1059.6634733096073
ba,200,784,3,8.0,297,3617138109,101,4,800,263,82,True,784,1059.6634733096073
ba,200,784,3,8.0,298,1939654155,103,4,800,273,97,True,784,1059.6634733096073
ba,200,784,3,8.0,299,166474753,103,4,800,281,97,True,784,1059.6634733096073
ba,200,784,3,8.0,300,1352167540,88,4,800,250,98,True,784,1059.6634733096073
ba,200,784,3,8.0,301,2846674644,104,4,800,283,90,True,784,1059.6634733096073
ba,200,784,3,8.0,302,3069648093,98,4,800,271,87,True,784,1059.6634733096073
ba,200,784,3,8.0,303,742200257,109,7,1400,269,85,True,784,1059.6634733096073
ba,200,784,3,8.0,304,2056283681,94,4,800,265,90,True,784,1059.6634733096073
ba,200,784,3,8.0,305,3880642299,78,4,800,255,109,True,784,1059.6634733096073
ba,200,784,3,8.0,306,1211505942,88,4,800,255,98,True,784,1059.6634733096073
ba,200,784,3,8.0,307,2896851469,91,3,600,258,98,True,784,1059.6634733096073
ba,200,784,3,8.0,308,1622078210,91,5,1000,250,95,True,784,1059.6634733096073
ba,200,784,3,8.0,309,4025675081,93,4,800,265,102,True,784,1059.6634733096073
ba,200,784,3,8.0,310,131661778,99,4,800,277,89,True,784,1059.6634733096073
ba,200,784,3,8.0,311,1127780143,104,8,1600,263,89,True,784,1059.6634733096073
ba,200,784,3,8.0,312,2574937432,89,5,1000,236,100,True,784,1059.6634733096073
ba,200,784,3,8.0,313,2739561457,95,4,800,268,98,True,784,1059.6634733096073
ba,200,784,3,8.0,314,347038993,104,5,1000,281,85,True,784,1059.6634733096073
ba,200,784,3,8.0,315,2622407062,75,3,600,252,101,True,784,1059.6634733096073
ba,200,784,3,8.0,316,3604472182,110,4,800,269,87,True,784,1059.6634733096073
ba,200,784,3,8.0,317,2495300901,95,5,1000,253,96,True,784,1059.6634733096073
ba,200,784,3,8.0,318,1827153010,91,4,800,245,94,True,784,1059.6634733096073
ba,200,784,3,8.0,319,3311438661,88,5,1000,243,92,True,784,1059.6634733096073
ba,200,784,3,8.0,320,2841911166,91,5,1000,255,96,True,784,1059.6634733096073
ba,200,784,3,8.0,321,839126843,105,4,800,280,88,True,784,1059.6634733096073
ba,200,784,3,8.0,322,2768349609,87,3,600,261,99,True,784,1059.6634733096073
ba,200,784,3,8.0,323,3029634658,98,5,1000,264,98,True,784,1059.6634733096073
ba,200,784,3,8.0,324,1723853852,93,4,800,266,95,True,784,1059.6634733096073
ba,200,784,3,8.0,325,2543163759,93,4,800,251,100,True,784,1059.6634733096073
ba,200,784,3,8.0,326,2108912233,100,4,800,264,93,True,784,1059.6634733096073
ba,200,784,3,8.0,327,935685007,87,6,1200,237,91,True,784,1059.6634733096073
ba,200,784,3,8.0,328,3499944480,85,4,800,248,93,True,784,1059.6634733096073
ba,200,784,3,8.0,329,3903860176,80,3,600,237,98,True,784,1059.6634733096073
ba,200,784,3,8.0,330,1199428618,101,4,800,286,90,True,784,1059.6634733096073
ba,200,784,3,8.0,331,3329630840,88,3,600,256,105,True,784,1059.6634733096073
ba,200,784,3,8.0,332,747023763,109,5,1000,266,92,True,784,1059.6634733096073
ba,200,784,3,8.0,333,3863748073,98,4,800,259,88,True,784,1059.6634733096073
ba,200,784,3,8.0,334,2465161028,93,4,800,249,90,True,784,1059.6634733096073
ba,200,784,3,8.0,335,2834385723,109,4,800,287,90,True,784,1059.6634733096073
ba,200,784,3,8.0,336,2850102976,111,4,800,284,86,True,784,1059.6634733096073
ba,200,784,3,8.0,337,463794148,90,5,1000,255,95,True,784,1059.6634733096073
ba,200,784,3,8.0,338,3588543935,87,4,800,258,103,True,784,1059.6634733096073
ba,200,784,3,8.0,339,4026244907,92,5,1000,261,92,True,784,1059.6634733096073
ba,200,784,3,8.0,340,4043390901,82,5,1000,233,81,True,784,1059.6634733096073
ba,200,784,3,8.0,341,627502901,105,5,1000,290,100,True,784,1059.6634733096073
ba,200,784,3,8.0,342,1663859470,100,5,1000,251,89,True,784,1059.6634733096073
ba,200,784,3,8.0,343,3495039502,95,3,600,273,100,True,784,1059.6634733096073
ba,200,784,3,8.0,344,792753207,88,5,1000,246,108,True,784,1059.6634733096073
ba,200,784,3,8.0,345,842655075,110,5,1000,268,86,True,784,1059.6634733096073
ba,200,784,3,8.0,346,388972490,92,4,800,269,104,True,784,1059.6634733096073
ba,200,784,3,8.0,347,3251058193,99,4,800,259,93,True,784,1059.6634733096073
ba,200,784,3,8.0,348,4206040552,91,5,1000,250,82,True,784,1059.6634733096073
ba,200,784,3,8.0,349,3363339069,101,5,1000,278,93,True,784,1059.6634733096073
ba,200,784,3,8.0,350,30443455,90,4,800,262,98,True,784,1059.6634733096073
ba,200,784,3,8.0,351,4198013964,89,4,800,255,98,True,784,1059.6634733096073
ba,200,784,3,8.0,352,1654488925,102,5,1000,266,95,True,784,1059.6634733096073
ba,200,784,3,8.0,353,729745046,87,6,1200,254,105,True,784,1059.6634733096073
ba,200,784,3,8.0,354,791838726,109,4,800,275,91,True,784,1059.6634733096073
ba,200,784,3,8.0,355,3108217922,84,4,800,243,96,True,784,1059.6634733096073
ba,200,784,3,8.0,356,1351830370,80,3,600,241,100,True,784,1059.6634733096073
ba,200,784,3,8.0,357,3108032855,109,5,1000,283,95,True,784,1059.6634733096073
ba,200,784,3,8.0,358,2213537993,92,3,600,265,102,True,784,1059.6634733096073
ba,200,784,3,8.0,359,4003322081,94,5,1000,265,81,True,784,1059.6634733096073
ba,200,784,3,8.0,360,1464745070,95,5,1000,257,88,True,784,1059.6634733096073
ba,200,784,3,8.0,361,3821849265,88,6,1200,224,93,True,784,1059.6634733096073
ba,200,784,3,8.0,362,3628571996,97,5,1000,251,82,True,784,1059.6634733096073
ba,200,784,3,8.0,363,2804305906,102,5,1000,260,97,True,784,1059.6634733096073
ba,200,784,3,8.0,364,1633549943,87,4,800,233,99,True,784,1059.6634733096073
ba,200,784,3,8.0,365,3856731848,95,5,1000,262,94,True,784,1059.6634733096073
ba,200,784,3,8.0,366,344288098,99,4,800,260,99,True,784,1059.6634733096073
ba,200,784,3,8.0,367,2324588546,99,4,800,266,96,True,784,1059.6634733096073
ba,200,784,3,8.0,368,329503231,99,4,800,265,87,True,784,1059.6634733096073
ba,200,784,3,8.0,369,58743389,88,5,1000,264,97,True,784,1059.6634733096073
ba,200,784,3,8.0,370,282802012,85,5,1000,252,92,True,784,1059.6634733096073
ba,200,784,3,8.0,371,856181677,107,4,800,279,95,True,784,1059.6634733096073
ba,200,784,3,8.0,372,1512078164,108,6,1200,270,97,True,784,1059.6634733096073
ba,200,784,3,8.0,373,1227164629,104,6,1200,279,87,True,784,1059.6634733096073
ba,200,784,3,8.0,374,3492213581,97,4,800,260,90,True,784,1059.6634733096073
ba,200,784,3,8.0,375,553586781,100,4,800,275,92,True,784,1059.6634733096073
ba,200,784,3,8.0,376,3338207511,88,4,800,261,96,True,784,1059.6634733096073
ba,200,784,3,8.0,377,509606684,92,4,800,268,96,True,784,1059.6634733096073
ba,200,784,3,8.0,378,2592154823,80,4,800,234,93,True,784,1059.6634733096073
ba,200,784,3,8.0,379,193160677,104,4,800,268,78,True,784,1059.6634733096073
ba,200,784,3,8.0,380,95217888,82,3,600,232,83,True,784,1059.6634733096073
ba,200,784,3,8.0,381,1584368302,100,3,600,260,90,True,784,1059.6634733096073
ba,200,784,3,8.0,382,1462858894,98,4,800,268,77,True,784,1059.6634733096073
ba,200,784,3,8.0,383,917975212,106,4,800,275,88,True,784,1059.6634733096073
ba,200,784,3,8.0,384,2551956649,95,4,800,253,102,True,784,1059.6634733096073
ba,200,784,3,8.0,385,2746148833,98,3,600,265,88,True,784,1059.6634733096073
ba,200,784,3,8.0,386,113838168,104,5,1000,272,82,True,784,1059.6634733096073
ba,200,784,3,8.0,387,3398042783,101,4,800,276,93,True,784,1059.6634733096073
ba,200,784,3,8.0,388,3323186454,108,4,800,268,91,True,784,1059.6634733096073
ba,200,784,3,8.0,389,3661950407,91,4,800,257,87,True,784,1059.6634733096073
ba,200,784,3,8.0,390,2490351583,89,3,600,247,99,True,784,1059.6634733096073
ba,200,784,3,8.0,391,3472085704,92,4,800,243,88,True,784,1059.6634733096073
ba,200,784,3,8.0,392,2667703623,94,5,1000,266,95,True,784,1059.6634733096073
ba,200,784,3,8.0,393,1498294832,92,4,800,269,106,True,784,1059.6634733096073
ba,200,784,3,8.0,394,3640206615,105,4,800,255,80,True,784,1059.6634733096073
ba,200,784,3,8.0,395,3870716410,90,3,600,253,96,True,784,1059.6634733096073
ba,200,784,3,8.0,396,1954439685,99,5,1000,270,86,True,784,1059.6634733096073
ba,200,784,3,8.0,397,3432789672,81,4,800,246,94,True,784,1059.6634733096073
ba,200,784,3,8.0,398,1361106577,97,5,1000,258,93,True,784,1059.6634733096073
ba,200,784,3,8.0,399,1342362176,87,4,800,256,96,True,784,1059.6634733096073
ba,200,784,3,8.0,400,2875067329,93,4,800,266,96,True,784,1059.6634733096073
ba,200,784,3,8.0,401,1386459650,105,3,600,297,95,True,784,1059.6634733096073
ba,200,784,3,8.0,402,819176442,94,4,800,256,86,True,784,1059.6634733096073
ba,200,784,3,8.0,403,1565026178,102,5,1000,270,98,True,784,1059.6634733096073
ba,200,784,3,8.0,404,2311466868,98,4,800,274,101,True,784,1059.6634733096073
ba,200,784,3,8.0,405,3692701167,100,4,800,268,99,True,784,1059.6634733096073
ba,200,784,3,8.0,406,3406234873,95,4,800,265,97,True,784,1059.6634733096073
ba,200,784,3,8.0,407,1111088362,93,3,600,266,99,True,784,1059.6634733096073
ba,200,784,3,8.0,408,849422372,95,5,1000,268,93,True,784,1059.6634733096073
ba,200,784,3,8.0,409,2538926302,94,3,600,267,102,True,784,1059.6634733096073
ba,200,784,3,8.0,410,1376801311,97,4,800,264,89,True,784,1059.6634733096073
ba,200,784,3,8.0,411,3744906017,94,5,1000,259,103,True,784,1059.6634733096073
ba,200,784,3,8.0,412,1327791580,86,4,800,250,102,True,784,1059.6634733096073
ba,200,784,3,8.0,413,1110594826,96,6,1200,255,93,True,784,1059.6634733096073
ba,200,784,3,8.0,414,2971741163,95,6,1200,275,97,True,784,1059.6634733096073
ba,200,784,3,8.0,415,3999094810,99,4,800,272,86,True,784,1059.6634733096073
ba,200,784,3,8.0,416,2424417354,101,4,800,270,97,True,784,1059.6634733096073
ba,200,784,3,8.0,417,1708094196,101,4,800,258,87,True,784,1059.6634733096073
ba,200,784,3,8.0,418,1871047201,84,3,600,271,97,True,784,1059.6634733096073
ba,200,784,3,8.0,419,154868191,103,3,600,274,91,True,784,1059.6634733096073
ba,200,784,3,8.0,420,2369984293,88,4,800,247,97,True,784,1059.6634733096073
ba,200,784,3,8.0,421,786479246,81,4,800,238,102,True,784,1059.6634733096073
ba,200,784,3,8.0,422,4199267930,93,4,800,257,89,True,784,1059.6634733096073
ba,200,784,3,8.0,423,4145525829,82,3,600,249,94,True,784,1059.6634733096073
ba,200,784,3,8.0,424,1599019752,77,4,800,247,100,True,784,1059.6634733096073
ba,200,784,3,8.0,425,1274689599,77,3,600,264,106,True,784,1059.6634733096073
ba,200,784,3,8.0,426,3429489372,92,4,800,276,103,True,784,1059.6634733096073
ba,200,784,3,8.0,427,3217749684,116,5,1000,285,90,True,784,1059.6634733096073
ba,200,784,3,8.0,428,1147183177,79,6,1200,228,96,True,784,1059.6634733096073
ba,200,784,3,8.0,429,984609952,102,5,1000,272,99,True,784,1059.6634733096073
ba,200,784,3,8.0,430,3155245739,81,4,800,240,98,True,784,1059.6634733096073
ba,200,784,3,8.0,431,1092107688,99,4,800,273,92,True,784,1059.6634733096073
ba,200,784,3,8.0,432,1765700045,96,5,1000,271,96,True,784,1059.6634733096073
ba,200,784,3,8.0,433,3803473708,92,4,800,254,94,True,784,1059.6634733096073
ba,200,784,3,8.0,434,474887883,100,4,800,252,87,True,784,1059.6634733096073
ba,200,784,3,8.0,435,3209620143,94,5,1000,251,85,True,784,1059.6634733096073
ba,200,784,3,8.0,436,3879176834,99,4,800,254,96,True,784,1059.6634733096073
ba,200,784,3,8.0,437,1504890929,104,4,800,263,92,True,784,1059.6634733096073
ba,200,784,3,8.0,438,543575913,95,5,1000,262,101,True,784,1059.6634733096073
ba,200,784,3,8.0,439,2684458827,98,4,800,272,95,True,784,1059.6634733096073
ba,200,784,3,8.0,440,148006271,110,4,800,277,88,True,784,1059.6634733096073
ba,200,784,3,8.0,441,1184790089,90,4,800,267,91,True,784,1059.6634733096073
ba,200,784,3,8.0,442,491823607,82,4,800,247,104,True,784,1059.6634733096073
ba,200,784,3,8.0,443,2575853682,107,6,1200,270,83,True,784,1059.6634733096073
ba,200,784,3,8.0,444,888778234,97,6,1200,253,100,True,784,1059.6634733096073
ba,200,784,3,8.0,445,1099638665,91,4,800,243,92,True,784,1059.6634733096073
ba,200,784,3,8.0,446,2392875755,87,6,1200,242,94,True,784,1059.6634733096073
ba,200,784,3,8.0,447,3460095201,98,4,800,269,104,True,784,1059.6634733096073
ba,200,784,3,8.0,448,2913479481,105,3,600,282,94,True,784,1059.6634733096073
ba,200,784,3,8.0,449,1628603581,90,5,1000,247,86,True,784,1059.6634733096073
ba,200,784,3,8.0,450,3543903146,99,4,800,267,104,True,784,1059.6634733096073
ba,200,784,3,8.0,451,2549808724,104,5,1000,270,91,True,784,1059.6634733096073
ba,200,784,3,8.0,452,1562705308,97,4,800,265,91,True,784,1059.6634733096073
ba,200,784,3,8.0,453,381260886,89,5,1000,252,91,True,784,1059.6634733096073
ba,200,784,3,8.0,454,1889659669,89,5,1000,269,99,True,784,1059.6634733096073
ba,200,784,3,8.0,455,251839475,95,4,800,258,91,True,784,1059.6634733096073
ba,200,784,3,8.0,456,470075511,101,6,1200,290,95,True,784,1059.6634733096073
ba,200,784,3,8.0,457,1244293285,114,3,600,303,97,True,784,1059.6634733096073
ba,200,784,3,8.0,458,2529272225,89,4,800,258,102,True,784,1059.6634733096073
ba,200,784,3,8.0,459,537597104,86,4,800,242,99,True,784,1059.6634733096073
ba,200,784,3,8.0,460,798012812,103,4,800,274,88,True,784,1059.6634733096073
ba,200,784,3,8.0,461,3611545916,96,4,800,255,88,True,784,1059.6634733096073
ba,200,784,3,8.0,462,1674376125,99,4,800,263,91,True,784,1059.6634733096073
ba,200,784,3,8.0,463,2016904162,100,5,1000,287,99,True,784,1059.6634733096073
ba,200,784,3,8.0,464,3515243589,101,5,1000,253,84,True,784,1059.6634733096073
ba,200,784,3,8.0,465,3835644485,93,5,1000,260,94,True,784,1059.6634733096073
ba,200,784,3,8.0,466,562453467,89,3,600,270,102,True,784,1059.6634733096073
ba,200,784,3,8.0,467,139385684,107,7,1400,258,91,True,784,1059.6634733096073
ba,200,784,3,8.0,468,1863327883,89,4,800,246,104,True,784,1059.6634733096073
ba,200,784,3,8.0,469,182462232,94,4,800,253,98,True,784,1059.6634733096073
ba,200,784,3,8.0,470,4112141630,99,4,800,277,84,True,784,1059.6634733096073
ba,200,784,3,8.0,471,1976810102,86,3,600,240,95,True,784,1059.6634733096073
ba,200,784,3,8.0,472,3435631058,105,5,1000,267,102,True,784,1059.6634733096073
ba,200,784,3,8.0,473,3811092981,94,5,1000,261,91,True,784,1059.6634733096073
ba,200,784,3,8.0,474,3974846782,98,4,800,257,85,True,784,1059.6634733096073
ba,200,784,3,8.0,475,1099357777,83,4,800,247,98,True,784,1059.6634733096073
ba,200,784,3,8.0,476,2214644451,94,4,800,268,98,True,784,1059.6634733096073
ba,200,784,3,8.0,477,711614523,103,5,1000,272,90,True,784,1059.6634733096073
ba,200,784,3,8.0,478,3254933915,86,4,800,245,95,True,784,1059.6634733096073
ba,200,784,3,8.0,479,3441215515,75,4,800,238,98,True,784,1059.6634733096073
ba,200,784,3,8.0,480,611872052,113,4,800,297,92,True,784,1059.6634733096073
ba,200,784,3,8.0,481,3532037583,99,4,800,265,104,True,784,1059.6634733096073
ba,200,784,3,8.0,482,2401123835,87,3,600,253,100,True,784,1059.6634733096073
ba,200,784,3,8.0,483,3673361378,85,4,800,248,90,True,784,1059.6634733096073
ba,200,784,3,8.0,484,2222524890,100,9,1800,277,91,True,784,1059.6634733096073
ba,200,784,3,8.0,485,3858752743,88,3,600,262,99,True,784,1059.6634733096073
ba,200,784,3,8.0,486,290713588,80,4,800,251,104,True,784,1059.6634733096073
ba,200,784,3,8.0,487,1084180476,97,3,600,261,92,True,784,1059.6634733096073
ba,200,784,3,8.0,488,1951895479,108,4,800,277,98,True,784,1059.6634733096073
ba,200,784,3,8.0,489,981619791,97,4,800,268,98,True,784,1059.6634733096073
ba,200,784,3,8.0,490,452518682,96,5,1000,239,89,True,784,1059.6634733096073
ba,200,784,3,8.0,491,2140632017,104,4,800,266,86,True,784,1059.6634733096073
ba,200,784,3,8.0,492,4058521467,96,4,800,268,94,True,784,1059.6634733096073
ba,200,784,3,8.0,493,1027190314,92,4,800,252,100,True,784,1059.6634733096073
ba,200,784,3,8.0,494,2584286587,101,8,1600,244,85,True,784,1059.6634733096073
ba,200,784,3,8.0,495,200412343,88,3,600,258,93,True,784,1059.6634733096073
ba,200,784,3,8.0,496,1481602548,89,4,800,259,89,True,784,1059.6634733096073
ba,200,784,3,8.0,497,3207922331,100,4,800,278,95,True,784,1059.6634733096073
ba,200,784,3,8.0,498,1843006409,97,3,600,281,103,True,784,1059.6634733096073
ba,200,784,3,8.0,499,1654095811,96,4,800,240,91,True,784,1059.6634733096073
ba,200,784,3,8.0,500,1180527281,90,3,600,266,102,True,784,1059.6634733096073
ba,200,784,3,8.0,501,585435980,82,4,800,246,103,True,784,1059.6634733096073
ba,200,784,3,8.0,502,1581115748,85,4,800,238,97,True,784,1059.6634733096073
ba,200,784,3,8.0,503,2545473787,100,4,800,270,89,True,784,1059.6634733096073
ba,200,784,3,8.0,504,1808140835,108,5,1000,277,90,True,784,1059.6634733096073
ba,200,784,3,8.0,505,2489357907,101,3,600,264,96,True,784,1059.6634733096073
ba,200,784,3,8.0,506,2691678244,101,6,1200,253,83,True,784,1059.6634733096073
ba,200,784,3,8.0,507,3790543417,97,5,1000,260,86,True,784,1059.6634733096073
ba,200,784,3,8.0,508,1009400462,97,5,1000,267,97,True,784,1059.6634733096073
ba,200,784,3,8.0,509,588867946,97,4,800,272,102,True,784,1059.6634733096073
ba,200,784,3,8.0,510,460925242,90,4,800,258,87,True,784,1059.6634733096073
ba,200,784,3,8.0,511,1614628849,103,4,800,257,99,True,784,1059.6634733096073
ba,200,784,3,8.0,512,3799539650,82,4,800,245,89,True,784,1059.6634733096073
ba,200,784,3,8.0,513,1203123360,94,4,800,252,92,True,784,1059.6634733096073
ba,200,784,3,8.0,514,3082899954,86,4,800,251,103,True,784,1059.6634733096073
ba,200,784,3,8.0,515,1068374433,95,4,800,259,103,True,784,1059.6634733096073
ba,200,784,3,8.0,516,3012121134,102,3,600,277,82,True,784,1059.6634733096073
ba,200,784,3,8.0,517,3216090005,98,4,800,272,102,True,784,1059.6634733096073
ba,200,784,3,8.0,518,1577991757,79,4,800,243,95,True,784,1059.6634733096073
ba,200,784,3,8.0,519,2683302372,108,5,1000,270,93,True,784,1059.6634733096073
ba,200,784,3,8.0,520,3248339698,86,3,600,240,100,True,784,1059.6634733096073
ba,200,784,3,8.0,521,4164536199,96,6,1200,262,99,True,784,1059.6634733096073
ba,200,784,3,8.0,522,4131802895,103,4,800,277,102,True,784,1059.6634733096073
ba,200,784,3,8.0,523,663615433,80,5,1000,239,101,True,784,1059.6634733096073
ba,200,784,3,8.0,524,827336963,79,4,800,242,95,True,784,1059.6634733096073
ba,200,784,3,8.0,525,3366024827,115,5,1000,278,86,True,784,1059.6634733096073
ba,200,784,3,8.0,526,2228841945,87,4,800,258,102,True,784,1059.6634733096073
ba,200,784,3,8.0,527,4271846845,102,5,1000,258,91,True,784,1059.6634733096073
ba,200,784,3,8.0,528,2916560459,95,4,800,263,97,True,784,1059.6634733096073
ba,200,784,3,8.0,529,4048776311,103,4,800,281,101,True,784,1059.6634733096073
ba,200,784,3,8.0,530,2423424230,96,5,1000,247,77,True,784,1059.6634733096073
ba,200,784,3,8.0,531,525811338,105,4,800,280,89,True,784,1059.6634733096073
ba,200,784,3,8.0,532,3881663637,92,4,800,269,102,True,784,1059.6634733096073
ba,200,784,3,8.0,533,1362902985,109,5,1000,278,89,True,784,1059.6634733096073
ba,200,784,3,8.0,534,2006167658,100,5,1000,284,95,True,784,1059.6634733096073
ba,200,784,3,8.0,535,1019166508,120,5,1000,285,85,True,784,1059.6634733096073
ba,200,784,3,8.0,536,948221021,90,4,800,261,105,True,784,1059.6634733096073
ba,200,784,3,8.0,537,2639166652,88,4,800,247,96,True,784,1059.6634733096073
ba,200,784,3,8.0,538,1984358491,115,5,1000,290,84,True,784,1059.6634733096073
ba,200,784,3,8.0,539,1501556840,101,5,1000,287,96,True,784,1059.6634733096073
ba,200,784,3,8.0,540,1121840823,93,4,800,265,98,True,784,1059.6634733096073
ba,200,784,3,8.0,541,2004815385,89,4,800,252,96,True,784,1059.6634733096073
ba,200,784,3,8.0,542,1712512885,93,5,1000,258,97,True,784,1059.6634733096073
ba,200,784,3,8.0,543,1679340425,95,5,1000,264,101,True,784,1059.6634733096073
ba,200,784,3,8.0,544,2841679142,99,5,1000,282,94,True,784,1059.6634733096073
ba,200,784,3,8.0,545,566155846,106,4,800,259,86,True,784,1059.6634733096073
ba,200,784,3,8.0,546,1971054740,110,4,800,278,97,True,784,1059.6634733096073
ba,200,784,3,8.0,547,3740065742,113,5,1000,262,74,True,784,1059.6634733096073
ba,200,784,3,8.0,548,3135833668,91,4,800,271,100,True,784,1059.6634733096073
ba,200,784,3,8.0,549,3729124387,86,4,800,250,106,True,784,1059.6634733096073
ba,200,784,3,8.0,550,81313481,93,3,600,243,93,True,784,1059.6634733096073
ba,200,784,3,8.0,551,2791703965,83,4,800,245,96,True,784,1059.6634733096073
ba,200,784,3,8.0,552,1393705091,90,4,800,255,98,True,784,1059.6634733096073
ba,200,784,3,8.0,553,1846709938,92,4,800,255,96,True,784,1059.6634733096073
ba,200,784,3,8.0,554,1558258223,93,5,1000,237,77,True,784,1059.6634733096073
ba,200,784,3,8.0,555,1268729304,108,4,800,267,83,True,784,1059.6634733096073
ba,200,784,3,8.0,556,571842274,92,4,800,248,93,True,784,1059.6634733096073
ba,200,784,3,8.0,557,3102739428,96,5,1000,269,95,True,784,1059.6634733096073
ba,200,784,3,8.0,558,2551880707,103,5,1000,278,90,True,784,1059.6634733096073
ba,200,784,3,8.0,559,1273046647,103,5,1000,256,85,True,784,1059.6634733096073
ba,200,784,3,8.0,560,2438033380,104,4,800,267,89,True,784,1059.6634733096073
ba,200,784,3,8.0,561,3166756698,117,4,800,290,81,True,784,1059.6634733096073
ba,200,784,3,8.0,562,3233876843,93,3,600,272,96,True,784,1059.6634733096073
ba,200,784,3,8.0,563,2673036148,109,4,800,260,83,True,784,1059.6634733096073
ba,200,784,3,8.0,564,3392728610,92,4,800,281,95,True,784,1059.6634733096073
ba,200,784,3,8.0,565,1470786754,89,5,1000,258,94,True,784,1059.6634733096073
ba,200,784,3,8.0,566,717908067,105,3,600,274,95,True,784,1059.6634733096073
ba,200,784,3,8.0,567,3677066170,102,4,800,282,99,True,784,1059.6634733096073
ba,200,784,3,8.0,568,3034299543,118,4,800,288,89,True,784,1059.6634733096073
ba,200,784,3,8.0,569,2402650992,89,4,800,247,92,True,784,1059.6634733096073
ba,200,784,3,8.0,570,2780006552,93,4,800,269,97,True,784,1059.6634733096073
ba,200,784,3,8.0,571,1667527647,99,5,1000,268,88,True,784,1059.6634733096073
ba,200,784,3,8.0,572,3323481487,86,4,800,253,104,True,784,1059.6634733096073
ba,200,784,3,8.0,573,949464616,94,5,1000,260,89,True,784,1059.6634733096073
ba,200,784,3,8.0,574,473012403,87,3,600,248,91,True,784,1059.6634733096073
ba,200,784,3,8.0,575,900352870,93,4,800,255,90,True,784,1059.6634733096073
ba,200,784,3,8.0,576,1979773985,94,4,800,262,93,True,784,1059.6634733096073
ba,200,784,3,8.0,577,283711474,100,6,1200,254,96,True,784,1059.6634733096073
ba,200,784,3,8.0,578,2275914309,88,4,800,251,98,True,784,1059.6634733096073
ba,200,784,3,8.0,579,3763848875,95,5,1000,247,86,True,784,1059.6634733096073
ba,200,784,3,8.0,580,3718292594,81,3,600,248,96,True,784,1059.6634733096073
ba,200,784,3,8.0,581,3643547891,109,5,1000,271,86,True,784,1059.6634733096073
ba,200,784,3,8.0,582,587338720,93,4,800,263,98,True,784,1059.6634733096073
ba,200,784,3,8.0,583,3094994154,95,3,600,249,92,True,784,1059.6634733096073
ba,200,784,3,8.0,584,3488122975,83,4,800,257,107,True,784,1059.6634733096073
ba,200,784,3,8.0,585,2229960925,111,5,1000,250,87,True,784,1059.6634733096073
ba,200,784,3,8.0,586,3036480855,99,6,1200,275,93,True,784,1059.6634733096073
ba,200,784,3,8.0,587,4283530666,98,4,800,251,93,True,784,1059.6634733096073
ba,200,784,3,8.0,588,532024584,95,4,800,280,86,True,784,1059.6634733096073
ba,200,784,3,8.0,589,3937663912,89,3,600,254,85,True,784,1059.6634733096073
ba,200,784,3,8.0,590,3069939453,92,4,800,255,96,True,784,1059.6634733096073
ba,200,784,3,8.0,591,1705468061,101,8,1600,250,86,True,784,1059.6634733096073
ba,200,784,3,8.0,592,1525393126,101,4,800,269,88,True,784,1059.6634733096073
ba,200,784,3,8.0,593,1798884434,85,4,800,262,104,True,784,1059.6634733096073
ba,200,784,3,8.0,594,1178341553,107,5,1000,265,87,True,784,1059.6634733096073
ba,200,784,3,8.0,595,105391853,98,5,1000,247,94,True,784,1059.6634733096073
ba,200,784,3,8.0,596,2376597544,93,4,800,267,90,True,784,1059.6634733096073
ba,200,784,3,8.0,597,1000171009,90,3,600,250,92,True,784,1059.6634733096073
ba,200,784,3,8.0,598,705500173,93,7,1400,246,89,True,784,1059.6634733096073
ba,200,784,3,8.0,599,359591346,103,4,800,275,90,True,784,1059.6634733096073
ba,200,784,3,8.0,600,1272362965,95,3,600,267,97,True,784,1059.6634733096073
ba,200,784,3,8.0,601,3314409335,88,5,1000,254,96,True,784,1059.6634733096073
ba,200,784,3,8.0,602,2967573790,102,5,1000,260,97,True,784,1059.6634733096073
ba,200,784,3,8.0,603,4211110171,93,6,1200,235,82,True,784,1059.6634733096073
ba,200,784,3,8.0,604,3903058067,96,4,800,255,96,True,784,1059.6634733096073
ba,200,784,3,8.0,605,3637673105,110,4,800,289,92,True,784,1059.6634733096073
ba,200,784,3,8.0,606,219270266,107,4,800,296,93,True,784,1059.6634733096073
ba,200,784,3,8.0,607,2907484084,79,4,800,260,106,True,784,1059.6634733096073
ba,200,784,3,8.0,608,1304926474,121,5,1000,288,81,True,784,1059.6634733096073
ba,200,784,3,8.0,609,2172513959,86,5,1000,245,91,True,784,1059.6634733096073
ba,200,784,3,8.0,610,532038650,92,6,1200,240,88,True,784,1059.6634733096073
ba,200,784,3,8.0,611,646903714,95,4,800,254,101,True,784,1059.6634733096073
ba,200,784,3,8.0,612,3361973584,95,4,800,263,94,True,784,1059.6634733096073
ba,200,784,3,8.0,613,407008072,92,4,800,271,110,True,784,1059.6634733096073
ba,200,784,3,8.0,614,3345165669,96,5,1000,258,98,True,784,1059.6634733096073
ba,200,784,3,8.0,615,1411531328,92,5,1000,267,101,True,784,1059.6634733096073
ba,200,784,3,8.0,616,3985624691,115,5,1000,286,81,True,784,1059.6634733096073
ba,200,784,3,8.0,617,2897534780,105,5,1000,268,99,True,784,1059.6634733096073
ba,200,784,3,8.0,618,2439785846,97,4,800,280,99,True,784,1059.6634733096073
ba,200,784,3,8.0,619,3825182568,96,4,800,277,93,True,784,1059.6634733096073
ba,200,784,3,8.0,620,2219521601,106,4,800,251,78,True,784,1059.6634733096073
ba,200,784,3,8.0,621,4063436794,98,5,1000,276,99,True,784,1059.6634733096073
ba,200,784,3,8.0,622,1214496898,97,4,800,263,85,True,784,1059.6634733096073
ba,200,784,3,8.0,623,2910135357,102,4,800,268,84,True,784,1059.6634733096073
ba,200,784,3,8.0,624,2025134738,108,5,1000,260,85,True,784,1059.6634733096073
ba,200,784,3,8.0,625,2559716066,85,5,1000,238,99,True,784,1059.6634733096073
ba,200,784,3,8.0,626,3040691162,93,4,800,250,83,True,784,1059.6634733096073
ba,200,784,3,8.0,627,707376692,90,4,800,250,93,True,784,1059.6634733096073
ba,200,784,3,8.0,628,4280317205,101,5,1000,278,97,True,784,1059.6634733096073
ba,200,784,3,8.0,629,1897540328,95,5,1000,250,89,True,784,1059.6634733096073
ba,200,784,3,8.0,630,2476067088,103,6,1200,256,83,True,784,1059.6634733096073
ba,200,784,3,8.0,631,2075425390,92,4,800,270,89,True,784,1059.6634733096073
ba,200,784,3,8.0,632,3141979080,96,4,800,272,100,True,784,1059.6634733096073
ba,200,784,3,8.0,633,280601965,85,4,800,250,102,True,784,1059.6634733096073
ba,200,784,3,8.0,634,3742462520,85,3,600,262,105,True,784,1059.6634733096073
ba,200,784,3,8.0,635,2132452319,89,4,800,250,90,True,784,1059.6634733096073
ba,200,784,3,8.0,636,2867302802,100,5,1000,269,98,True,784,1059.6634733096073
ba,200,784,3,8.0,637,1190962844,89,6,1200,231,83,True,784,1059.6634733096073
ba,200,784,3,8.0,638,760525429,83,4,800,244,101,True,784,1059.6634733096073
ba,200,784,3,8.0,639,1574077169,97,4,800,247,83,True,784,1059.6634733096073
ba,200,784,3,8.0,640,1704545986,93,3,600,244,95,True,784,1059.6634733096073
ba,200,784,3,8.0,641,1859075256,78,3,600,223,92,True,784,1059.6634733096073
ba,200,784,3,8.0,642,3329418736,82,3,600,257,96,True,784,1059.6634733096073
ba,200,784,3,8.0,643,3085927810,104,4,800,284,87,True,784,1059.6634733096073
ba,200,784,3,8.0,644,3172403983,86,3,600,255,90,True,784,1059.6634733096073
ba,200,784,3,8.0,645,2479502829,93,4,800,248,90,True,784,1059.6634733096073
ba,200,784,3,8.0,646,2051237696,88,4,800,272,105,True,784,1059.6634733096073
ba,200,784,3,8.0,647,4280682302,96,4,800,273,98,True,784,1059.6634733096073
ba,200,784,3,8.0,648,1493973232,90,5,1000,268,91,True,784,1059.6634733096073
ba,200,784,3,8.0,649,2534089849,95,4,800,271,90,True,784,1059.6634733096073
ba,200,784,3,8.0,650,3842854181,101,4,800,294,95,True,784,1059.6634733096073
ba,200,784,3,8.0,651,3162276914,101,7,1400,246,89,True,784,1059.6634733096073
ba,200,784,3,8.0,652,1014985197,104,4,800,275,97,True,784,1059.6634733096073
ba,200,784,3,8.0,653,1711263410,82,3,600,252,107,True,784,1059.6634733096073
ba,200,784,3,8.0,654,516695574,94,5,1000,258,96,True,784,1059.6634733096073
ba,200,784,3,8.0,655,1618588921,89,3,600,266,92,True,784,1059.6634733096073
ba,200,784,3,8.0,656,873725983,86,4,800,249,92,True,784,1059.6634733096073
ba,200,784,3,8.0,657,2049771705,86,3,600,271,99,True,784,1059.6634733096073
ba,200,784,3,8.0,658,3452799937,97,6,1200,259,88,True,784,1059.6634733096073
ba,200,784,3,8.0,659,4013936936,101,5,1000,252,89,True,784,1059.6634733096073
ba,200,784,3,8.0,660,3943268932,104,5,1000,263,99,True,784,1059.6634733096073
ba,200,784,3,8.0,661,1554568680,85,3,600,258,93,True,784,1059.6634733096073
ba,200,784,3,8.0,662,2038936904,102,5,1000,273,91,True,784,1059.6634733096073
ba,200,784,3,8.0,663,2008148908,86,4,800,244,95,True,784,1059.6634733096073
ba,200,784,3,8.0,664,4006503403,80,3,600,235,103,True,784,1059.6634733096073
ba,200,784,3,8.0,665,3685761466,96,4,800,259,91,True,784,1059.6634733096073
ba,200,784,3,8.0,666,2376493121,99,4,800,277,87,True,784,1059.6634733096073
ba,200,784,3,8.0,667,2166238828,88,3,600,266,92,True,784,1059.6634733096073
ba,200,784,3,8.0,668,3341164621,85,3,600,261,98,True,784,1059.6634733096073
ba,200,784,3,8.0,669,2920184570,92,5,1000,248,92,True,784,1059.6634733096073
ba,200,784,3,8.0,670,3289074468,87,4,800,238,101,True,784,1059.6634733096073
ba,200,784,3,8.0,671,3296424359,90,4,800,240,84,True,784,1059.6634733096073
ba,200,784,3,8.0,672,2819906635,89,3,600,242,89,True,784,1059.6634733096073
ba,200,784,3,8.0,673,3720624598,94,5,1000,257,90,True,784,1059.6634733096073
ba,200,784,3,8.0,674,3981185860,91,5,1000,252,88,True,784,1059.6634733096073
ba,200,784,3,8.0,675,927303870,103,4,800,272,88,True,784,1059.6634733096073
ba,200,784,3,8.0,676,3947882675,93,3,600,279,101,True,784,1059.6634733096073
ba,200,784,3,8.0,677,2774669363,109,4,800,282,90,True,784,1059.6634733096073
ba,200,784,3,8.0,678,3087745913,94,4,800,248,91,True,784,1059.6634733096073
ba,200,784,3,8.0,679,2369538073,92,4,800,259,90,True,784,1059.6634733096073
ba,200,784,3,8.0,680,282990888,104,3,600,260,89,True,784,1059.6634733096073
ba,200,784,3,8.0,681,700692883,84,3,600,231,95,True,784,1059.6634733096073
ba,200,784,3,8.0,682,2481029132,117,5,1000,297,95,True,784,1059.6634733096073
ba,200,784,3,8.0,683,2234539943,117,4,800,278,97,True,784,1059.6634733096073
ba,200,784,3,8.0,684,1902875466,101,4,800,277,99,True,784,1059.6634733096073
ba,200,784,3,8.0,685,2976991924,97,4,800,267,91,True,784,1059.6634733096073
ba,200,784,3,8.0,686,2702662069,92,4,800,258,104,True,784,1059.6634733096073
ba,200,784,3,8.0,687,3241388457,96,4,800,266,107,True,784,1059.6634733096073
ba,200,784,3,8.0,688,1026187151,104,4,800,264,88,True,784,1059.6634733096073
ba,200,784,3,8.0,689,105338021,101,5,1000,268,83,True,784,1059.6634733096073
ba,200,784,3,8.0,690,3133108135,80,4,800,255,109,True,784,1059.6634733096073
ba,200,784,3,8.0,691,2722789979,108,4,800,290,85,True,784,1059.6634733096073
ba,200,784,3,8.0,692,908122105,90,6,1200,249,88,True,784,1059.6634733096073
ba,200,784,3,8.0,693,2393084313,92,4,800,246,95,True,784,1059.6634733096073
ba,200,784,3,8.0,694,1719175984,89,5,1000,257,94,True,784,1059.6634733096073
ba,200,784,3,8.0,695,3509667099,87,3,600,269,103,True,784,1059.6634733096073
ba,200,784,3,8.0,696,3724747451,99,4,800,278,86,True,784,1059.6634733096073
ba,200,784,3,8.0,697,1863642344,93,4,800,250,90,True,784,1059.6634733096073
ba,200,784,3,8.0,698,2230362162,79,3,600,256,99,True,784,1059.6634733096073
ba,200,784,3,8.0,699,900491899,81,4,800,249,99,True,784,1059.6634733096073
ba,200,784,3,8.0,700,1847792048,97,4,800,278,85,True,784,1059.6634733096073
ba,200,784,3,8.0,701,2712251470,88,5,1000,262,94,True,784,1059.6634733096073
ba,200,784,3,8.0,702,828464416,84,3,600,249,96,True,784,1059.6634733096073
ba,200,784,3,8.0,703,4215578306,104,6,1200,269,96,True,784,1059.6634733096073
ba,200,784,3,8.0,704,3111654604,101,5,1000,280,86,True,784,1059.6634733096073
ba,200,784,3,8.0,705,325791027,105,5,1000,283,88,True,784,1059.6634733096073
ba,200,784,3,8.0,706,2251042223,92,4,800,237,101,True,784,1059.6634733096073
ba,200,784,3,8.0,707,641709266,91,3,600,250,95,True,784,1059.6634733096073
ba,200,784,3,8.0,708,3013040262,110,6,1200,272,92,True,784,1059.6634733096073
ba,200,784,3,8.0,709,2280653043,93,5,1000,263,102,True,784,1059.6634733096073
ba,200,784,3,8.0,710,4201205739,81,3,600,247,110,True,784,1059.6634733096073
ba,200,784,3,8.0,711,457209831,101,6,1200,267,93,True,784,1059.6634733096073
ba,200,784,3,8.0,712,3952251585,84,5,1000,245,102,True,784,1059.6634733096073
ba,200,784,3,8.0,713,1211551857,94,3,600,246,91,True,784,1059.6634733096073
ba,200,784,3,8.0,714,3327180236,85,4,800,239,92,True,784,1059.6634733096073
ba,200,784,3,8.0,715,1198733617,92,6,1200,264,87,True,784,1059.6634733096073
ba,200,784,3,8.0,716,736771410,90,4,800,271,110,True,784,1059.6634733096073
ba,200,784,3,8.0,717,700790157,77,3,600,246,103,True,784,1059.6634733096073
ba,200,784,3,8.0,718,836728745,103,4,800,253,103,True,784,1059.6634733096073
ba,200,784,3,8.0,719,384986065,91,3,600,256,96,True,784,1059.6634733096073
ba,200,784,3,8.0,720,2977071125,89,6,1200,229,83,True,784,1059.6634733096073
ba,200,784,3,8.0,721,995590226,115,5,1000,292,85,True,784,1059.6634733096073
ba,200,784,3,8.0,722,3842534525,93,4,800,263,92,True,784,1059.6634733096073
ba,200,784,3,8.0,723,3108756346,90,4,800,255,92,True,784,1059.6634733096073
ba,200,784,3,8.0,724,2745238260,101,5,1000,252,87,True,784,1059.6634733096073
ba,200,784,3,8.0,725,426083247,103,4,800,257,92,True,784,1059.6634733096073
ba,200,784,3,8.0,726,3301372226,96,4,800,268,101,True,784,1059.6634733096073
ba,200,784,3,8.0,727,534458867,101,4,800,255,93,True,784,1059.6634733096073
ba,200,784,3,8.0,728,2822552908,103,4,800,274,92,True,784,1059.6634733096073
ba,200,784,3,8.0,729,3076769100,100,3,600,264,88,True,784,1059.6634733096073
ba,200,784,3,8.0,730,2225408709,96,4,800,257,98,True,784,1059.6634733096073
ba,200,784,3,8.0,731,436481134,93,5,1000,253,97,True,784,1059.6634733096073
ba,200,784,3,8.0,732,541512591,111,8,1600,274,78,True,784,1059.6634733096073
ba,200,784,3,8.0,733,2773855480,118,4,800,290,99,True,784,1059.6634733096073
ba,200,784,3,8.0,734,2645425981,95,4,800,264,97,True,784,1059.6634733096073
ba,200,784,3,8.0,735,2876280774,104,5,1000,273,96,True,784,1059.6634733096073
ba,200,784,3,8.0,736,226629230,102,4,800,266,85,True,784,1059.6634733096073
ba,200,784,3,8.0,737,199526979,86,5,1000,245,94,True,784,1059.6634733096073
ba,200,784,3,8.0,738,3612539600,100,5,1000,268,94,True,784,1059.6634733096073
ba,200,784,3,8.0,739,3597827866,93,4,800,263,94,True,784,1059.6634733096073
ba,200,784,3,8.0,740,369373783,103,4,800,277,96,True,784,1059.6634733096073
ba,200,784,3,8.0,741,2727525134,98,5,1000,270,88,True,784,1059.6634733096073
ba,200,784,3,8.0,742,3900575453,88,6,1200,273,103,True,784,1059.6634733096073
ba,200,784,3,8.0,743,2935479689,84,4,800,248,94,True,784,1059.6634733096073
ba,200,784,3,8.0,744,4074466936,81,4,800,248,101,True,784,1059.6634733096073
ba,200,784,3,8.0,745,3574107254,96,3,600,265,86,True,784,1059.6634733096073
ba,200,784,3,8.0,746,1155767706,90,6,1200,262,91,True,784,1059.6634733096073
ba,200,784,3,8.0,747,3501144556,110,4,800,289,91,True,784,1059.6634733096073
ba,200,784,3,8.0,748,158407153,86,3,600,256,94,True,784,1059.6634733096073
ba,200,784,3,8.0,749,4102134630,87,3,600,257,103,True,784,1059.6634733096073
ba,200,784,3,8.0,750,653950265,122,5,1000,284,80,True,784,1059.6634733096073
ba,200,784,3,8.0,751,2281711002,88,4,800,251,103,True,784,1059.6634733096073
ba,200,784,3,8.0,752,926567657,97,3,600,260,90,True,784,1059.6634733096073
ba,200,784,3,8.0,753,2471423104,78,4,800,252,108,True,784,1059.6634733096073
ba,200,784,3,8.0,754,1553554632,101,5,1000,256,90,True,784,1059.6634733096073
ba,200,784,3,8.0,755,2956679946,104,4,800,276,91,True,784,1059.6634733096073
ba,200,784,3,8.0,756,810111059,105,5,1000,279,88,True,784,1059.6634733096073
ba,200,784,3,8.0,757,1169095728,94,4,800,254,93,True,784,1059.6634733096073
ba,200,784,3,8.0,758,1974858321,96,5,1000,255,81,True,784,1059.6634733096073
ba,200,784,3,8.0,759,901556211,98,4,800,274,100,True,784,1059.6634733096073
ba,200,784,3,8.0,760,4266485315,96,4,800,263,89,True,784,1059.6634733096073
ba,200,784,3,8.0,761,181716890,89,5,1000,253,102,True,784,1059.6634733096073
ba,200,784,3,8.0,762,4155205597,94,3,600,256,101,True,784,1059.6634733096073
ba,200,784,3,8.0,763,288771343,90,5,1000,256,98,True,784,1059.6634733096073
ba,200,784,3,8.0,764,77845191,88,5,1000,255,88,True,784,1059.6634733096073
ba,200,784,3,8.0,765,1037193757,95,4,800,275,92,True,784,1059.6634733096073
ba,200,784,3,8.0,766,1268594446,92,4,800,262,102,True,784,1059.6634733096073
ba,200,784,3,8.0,767,4002805686,101,5,1000,266,90,True,784,1059.6634733096073
ba,200,784,3,8.0,768,2911165447,80,4,800,253,102,True,784,1059.6634733096073
ba,200,784,3,8.0,769,1592819229,87,4,800,250,96,True,784,1059.6634733096073
ba,200,784,3,8.0,770,1565621542,91,5,1000,270,100,True,784,1059.6634733096073
ba,200,784,3,8.0,771,1878127090,98,4,800,271,109,True,784,1059.6634733096073
ba,200,784,3,8.0,772,1448214095,107,4,800,264,100,True,784,1059.6634733096073
ba,200,784,3,8.0,773,1428529701,98,5,1000,266,100,True,784,1059.6634733096073
ba,200,784,3,8.0,774,3659515155,95,4,800,259,92,True,784,1059.6634733096073
ba,200,784,3,8.0,775,3811692169,97,4,800,272,95,True,784,1059.6634733096073
ba,200,784,3,8.0,776,1713642285,97,5,1000,264,97,True,784,1059.6634733096073
ba,200,784,3,8.0,777,1382073466,92,4,800,252,92,True,784,1059.6634733096073
ba,200,784,3,8.0,778,748740556,88,4,800,252,92,True,784,1059.6634733096073
ba,200,784,3,8.0,779,3337087693,114,5,1000,282,79,True,784,1059.6634733096073
ba,200,784,3,8.0,780,3920964325,84,6,1200,239,92,True,784,1059.6634733096073
ba,200,784,3,8.0,781,2718599391,98,4,800,278,101,True,784,1059.6634733096073
ba,200,784,3,8.0,782,3656455469,100,4,800,260,86,True,784,1059.6634733096073
ba,200,784,3,8.0,783,969725770,106,4,800,294,93,True,784,1059.6634733096073
ba,200,784,3,8.0,784,595846626,87,4,800,249,102,True,784,1059.6634733096073
ba,200,784,3,8.0,785,3165152673,99,4,800,261,90,True,784,1059.6634733096073
ba,200,784,3,8.0,786,239220937,91,4,800,260,95,True,784,1059.6634733096073
ba,200,784,3,8.0,787,2284098952,100,3,600,243,85,True,784,1059.6634733096073
ba,200,784,3,8.0,788,1801156249,105,4,800,275,94,True,784,1059.6634733096073
ba,200,784,3,8.0,789,1372756712,106,5,1000,278,103,True,784,1059.6634733096073
ba,200,784,3,8.0,790,1214678956,95,4,800,264,95,True,784,1059.6634733096073
ba,200,784,3,8.0,791,246739024,89,4,800,264,95,True,784,1059.6634733096073
ba,200,784,3,8.0,792,1085650533,84,3,600,254,89,True,784,1059.6634733096073
ba,200,784,3,8.0,793,2953975482,94,4,800,270,91,True,784,1059.6634733096073
ba,200,784,3,8.0,794,1576471975,91,4,800,256,99,True,784,1059.6634733096073
ba,200,784,3,8.0,795,928402994,94,4,800,249,91,True,784,1059.6634733096073
ba,200,784,3,8.0,796,342374285,89,6,1200,274,107,True,784,1059.6634733096073
ba,200,784,3,8.0,797,3237145070,81,4,800,253,94,True,784,1059.6634733096073
ba,200,784,3,8.0,798,1483466705,114,5,1000,254,87,True,784,1059.6634733096073
ba,200,784,3,8.0,799,1228357369,79,4,800,230,95,True,784,1059.6634733096073
ba,200,784,3,8.0,800,173071613,94,4,800,268,99,True,784,1059.6634733096073
ba,200,784,3,8.0,801,4001502446,84,4,800,261,102,True,784,1059.6634733096073
ba,200,784,3,8.0,802,3989781025,86,5,1000,265,104,True,784,1059.6634733096073
ba,200,784,3,8.0,803,3100795315,100,6,1200,277,92,True,784,1059.6634733096073
ba,200,784,3,8.0,804,4050781314,102,4,800,259,84,True,784,1059.6634733096073
ba,200,784,3,8.0,805,2309005624,94,4,800,260,95,True,784,1059.6634733096073
ba,200,784,3,8.0,806,261418049,99,4,800,286,100,True,784,1059.6634733096073
ba,200,784,3,8.0,807,3470609561,91,3,600,284,108,True,784,1059.6634733096073
ba,200,784,3,8.0,808,3367109562,98,5,1000,253,95,True,784,1059.6634733096073
ba,200,784,3,8.0,809,39002319,101,4,800,266,94,True,784,1059.6634733096073
ba,200,784,3,8.0,810,3404730062,101,4,800,264,95,True,784,1059.6634733096073
ba,200,784,3,8.0,811,2537001330,94,4,800,248,90,True,784,1059.6634733096073
ba,200,784,3,8.0,812,74943983,98,5,1000,261,87,True,784,1059.6634733096073
ba,200,784,3,8.0,813,1897929135,97,4,800,274,91,True,784,1059.6634733096073
ba,200,784,3,8.0,814,593954086,94,5,1000,273,99,True,784,1059.6634733096073
ba,200,784,3,8.0,815,954469951,91,4,800,241,88,True,784,1059.6634733096073
ba,200,784,3,8.0,816,54774826,91,3,600,259,88,True,784,1059.6634733096073
ba,200,784,3,8.0,817,2970162927,89,4,800,256,85,True,784,1059.6634733096073
ba,200,784,3,8.0,818,2933708589,97,7,1400,264,96,True,784,1059.6634733096073
ba,200,784,3,8.0,819,2109088773,86,4,800,247,98,True,784,1059.6634733096073
ba,200,784,3,8.0,820,157549327,85,4,800,230,91,True,784,1059.6634733096073
ba,200,784,3,8.0,821,945829956,98,4,800,258,95,True,784,1059.6634733096073
ba,200,784,3,8.0,822,292043469,104,4,800,285,90,True,784,1059.6634733096073
ba,200,784,3,8.0,823,2477932323,77,4,800,236,102,True,784,1059.6634733096073
ba,200,784,3,8.0,824,3751872868,100,4,800,266,88,True,784,1059.6634733096073
ba,200,784,3,8.0,825,3510535510,93,5,1000,260,94,True,784,1059.6634733096073
ba,200,784,3,8.0,826,1500973656,102,5,1000,279,91,True,784,1059.6634733096073
ba,200,784,3,8.0,827,4011786214,107,5,1000,287,94,True,784,1059.6634733096073
ba,200,784,3,8.0,828,723776831,90,5,1000,267,81,True,784,1059.6634733096073
ba,200,784,3,8.0,829,75630448,91,4,800,275,103,True,784,1059.6634733096073
ba,200,784,3,8.0,830,2105945758,100,4,800,262,95,True,784,1059.6634733096073
ba,200,784,3,8.0,831,969749073,98,3,600,264,94,True,784,1059.6634733096073
ba,200,784,3,8.0,832,3755457363,102,5,1000,279,93,True,784,1059.6634733096073
ba,200,784,3,8.0,833,2398899925,98,4,800,269,93,True,784,1059.6634733096073
ba,200,784,3,8.0,834,3377288860,95,4,800,265,93,True,784,1059.6634733096073
ba,200,784,3,8.0,835,2887827855,94,4,800,253,103,True,784,1059.6634733096073
ba,200,784,3,8.0,836,4023610519,92,5,1000,245,90,True,784,1059.6634733096073
ba,200,784,3,8.0,837,2495300574,92,4,800,278,102,True,784,1059.6634733096073
ba,200,784,3,8.0,838,1885994980,81,4,800,245,98,True,784,1059.6634733096073
ba,200,784,3,8.0,839,2193355419,115,4,800,296,92,True,784,1059.6634733096073
ba,200,784,3,8.0,840,578076744,96,4,800,274,97,True,784,1059.6634733096073
ba,200,784,3,8.0,841,2542161229,105,5,1000,267,88,True,784,1059.6634733096073
ba,200,784,3,8.0,842,998612666,97,4,800,251,92,True,784,1059.6634733096073
ba,200,784,3,8.0,843,1551871685,95,4,800,267,87,True,784,1059.6634733096073
ba,200,784,3,8.0,844,2563702383,85,3,600,243,109,True,784,1059.6634733096073
ba,200,784,3,8.0,845,2019125485,103,4,800,266,91,True,784,1059.6634733096073
ba,200,784,3,8.0,846,2568988519,97,4,800,270,96,True,784,1059.6634733096073
ba,200,784,3,8.0,847,500903939,90,4,800,256,106,True,784,1059.6634733096073
ba,200,784,3,8.0,848,1245692138,87,3,600,238,101,True,784,1059.6634733096073
ba,200,784,3,8.0,849,3578596584,95,4,800,257,85,True,784,1059.6634733096073
ba,200,784,3,8.0,850,3190886232,97,4,800,276,105,True,784,1059.6634733096073
ba,200,784,3,8.0,851,2448251678,88,4,800,267,106,True,784,1059.6634733096073
ba,200,784,3,8.0,852,3788494884,94,4,800,249,90,True,784,1059.6634733096073
ba,200,784,3,8.0,853,2993970738,91,4,800,242,90,True,784,1059.6634733096073
ba,200,784,3,8.0,854,2556184230,86,4,800,257,102,True,784,1059.6634733096073
ba,200,784,3,8.0,855,581146422,79,5,1000,245,106,True,784,1059.6634733096073
ba,200,784,3,8.0,856,3067210492,92,4,800,263,96,True,784,1059.6634733096073
ba,200,784,3,8.0,857,1313083772,96,5,1000,268,113,True,784,1059.6634733096073
ba,200,784,3,8.0,858,425132908,99,5,1000,267,94,True,784,1059.6634733096073
ba,200,784,3,8.0,859,1027652496,93,3,600,263,85,True,784,1059.6634733096073
ba,200,784,3,8.0,860,1155945244,94,4,800,269,98,True,784,1059.6634733096073
ba,200,784,3,8.0,861,575091767,100,4,800,262,92,True,784,1059.6634733096073
ba,200,784,3,8.0,862,2974502131,96,4,800,264,108,True,784,1059.6634733096073
ba,200,784,3,8.0,863,1429610628,102,4,800,265,94,True,784,1059.6634733096073
ba,200,784,3,8.0,864,2305429381,86,5,1000,233,93,True,784,1059.6634733096073
ba,200,784,3,8.0,865,1154023683,110,5,1000,281,100,True,784,1059.6634733096073
ba,200,784,3,8.0,866,2821053004,97,4,800,273,97,True,784,1059.6634733096073
ba,200,784,3,8.0,867,4182451291,99,4,800,271,93,True,784,1059.6634733096073
ba,200,784,3,8.0,868,962198916,103,4,800,270,95,True,784,1059.6634733096073
ba,200,784,3,8.0,869,2428983603,118,4,800,284,89,True,784,1059.6634733096073
ba,200,784,3,8.0,870,3204191681,108,4,800,276,93,True,784,1059.6634733096073
ba,200,784,3,8.0,871,2041665439,86,4,800,242,89,True,784,1059.6634733096073
ba,200,784,3,8.0,872,2242133166,98,5,1000,256,92,True,784,1059.6634733096073
ba,200,784,3,8.0,873,3008896915,94,4,800,259,93,True,784,1059.6634733096073
ba,200,784,3,8.0,874,866892068,108,5,1000,271,92,True,784,1059.6634733096073
ba,200,784,3,8.0,875,4019155344,93,4,800,259,92,True,784,1059.6634733096073
ba,200,784,3,8.0,876,1166613490,106,4,800,269,97,True,784,1059.6634733096073
ba,200,784,3,8.0,877,654419663,91,4,800,259,92,True,784,1059.6634733096073
ba,200,784,3,8.0,878,3421048992,92,4,800,264,97,True,784,1059.6634733096073
ba,200,784,3,8.0,879,204540262,95,3,600,255,99,True,784,1059.6634733096073
ba,200,784,3,8.0,880,619267778,96,4,800,278,103,True,784,1059.6634733096073
ba,200,784,3,8.0,881,2326862023,94,4,800,256,101,True,784,1059.6634733096073
ba,200,784,3,8.0,882,2833521851,102,5,1000,257,86,True,784,1059.6634733096073
ba,200,784,3,8.0,883,3484888915,93,4,800,251,88,True,784,1059.6634733096073
ba,200,784,3,8.0,884,1017911197,103,6,1200,284,100,True,784,1059.6634733096073
ba,200,784,3,8.0,885,3055575987,91,3,600,259,98,True,784,1059.6634733096073
ba,200,784,3,8.0,886,1847289185,93,4,800,256,94,True,784,1059.6634733096073
ba,200,784,3,8.0,887,1973699632,98,5,1000,262,92,True,784,1059.6634733096073
ba,200,784,3,8.0,888,3885415991,91,4,800,240,82,True,784,1059.6634733096073
ba,200,784,3,8.0,889,2850254616,89,4,800,252,96,True,784,1059.6634733096073
ba,200,784,3,8.0,890,3092171349,105,6,1200,268,91,True,784,1059.6634733096073
ba,200,784,3,8.0,891,3623861,95,4,800,280,100,True,784,1059.6634733096073
ba,200,784,3,8.0,892,3721400670,109,5,1000,265,84,True,784,1059.6634733096073
ba,200,784,3,8.0,893,2184224120,84,4,800,250,83,True,784,1059.6634733096073
ba,200,784,3,8.0,894,1044919355,100,5,1000,271,102,True,784,1059.6634733096073
ba,200,784,3,8.0,895,2758609,93,4,800,253,96,True,784,1059.6634733096073
ba,200,784,3,8.0,896,1173719365,96,3,600,276,108,True,784,1059.6634733096073
ba,200,784,3,8.0,897,611008420,90,3,600,278,101,True,784,1059.6634733096073
ba,200,784,3,8.0,898,1410131150,98,4,800,250,76,True,784,1059.6634733096073
ba,200,784,3,8.0,899,3984818733,89,4,800,262,101,True,784,1059.6634733096073
ba,200,784,3,8.0,900,1644620349,84,4,800,265,98,True,784,1059.6634733096073
ba,200,784,3,8.0,901,3658235429,90,4,800,250,84,True,784,1059.6634733096073
ba,200,784,3,8.0,902,1545035202,100,3,600,266,92,True,784,1059.6634733096073
ba,200,784,3,8.0,903,2799487920,96,4,800,261,95,True,784,1059.6634733096073
ba,200,784,3,8.0,904,2338799808,89,4,800,254,95,True,784,1059.6634733096073
ba,200,784,3,8.0,905,2362592778,97,3,600,265,96,True,784,1059.6634733096073
ba,200,784,3,8.0,906,2560537809,76,4,800,244,105,True,784,1059.6634733096073
ba,200,784,3,8.0,907,2784814269,92,3,600,264,105,True,784,1059.6634733096073
ba,200,784,3,8.0,908,3032610427,92,3,600,254,92,True,784,1059.6634733096073
ba,200,784,3,8.0,909,1035738326,86,4,800,255,103,True,784,1059.6634733096073
ba,200,784,3,8.0,910,2000837738,96,4,800,248,92,True,784,1059.6634733096073
ba,200,784,3,8.0,911,2771113462,94,7,1400,242,88,True,784,1059.6634733096073
ba,200,784,3,8.0,912,1510040692,98,5,1000,268,103,True,784,1059.6634733096073
ba,200,784,3,8.0,913,1616071392,103,5,1000,266,98,True,784,1059.6634733096073
ba,200,784,3,8.0,914,838377251,96,5,1000,241,79,True,784,1059.6634733096073
ba,200,784,3,8.0,915,1855780919,92,4,800,285,92,True,784,1059.6634733096073
ba,200,784,3,8.0,916,2810847323,91,4,800,268,99,True,784,1059.6634733096073
ba,200,784,3,8.0,917,1708944408,109,5,1000,286,85,True,784,1059.6634733096073
ba,200,784,3,8.0,918,631932878,111,6,1200,266,95,True,784,1059.6634733096073
ba,200,784,3,8.0,919,758522068,92,6,1200,252,91,True,784,1059.6634733096073
ba,200,784,3,8.0,920,4190576158,105,6,1200,268,89,True,784,1059.6634733096073
ba,200,784,3,8.0,921,1277386191,99,4,800,240,84,True,784,1059.6634733096073
ba,200,784,3,8.0,922,408626153,83,4,800,253,97,True,784,1059.6634733096073
ba,200,784,3,8.0,923,2999906364,97,5,1000,276,101,True,784,1059.6634733096073
ba,200,784,3,8.0,924,2551346433,95,5,1000,260,102,True,784,1059.6634733096073
ba,200,784,3,8.0,925,751742761,97,4,800,258,96,True,784,1059.6634733096073
ba,200,784,3,8.0,926,2229174865,92,6,1200,256,103,True,784,1059.6634733096073
ba,200,784,3,8.0,927,1675861723,85,4,800,249,93,True,784,1059.6634733096073
ba,200,784,3,8.0,928,1921904524,100,4,800,281,96,True,784,1059.6634733096073
ba,200,784,3,8.0,929,796365892,88,4,800,233,94,True,784,1059.6634733096073
ba,200,784,3,8.0,930,3156385638,108,6,1200,284,98,True,784,1059.6634733096073
ba,200,784,3,8.0,931,2537216160,95,4,800,264,98,True,784,1059.6634733096073
ba,200,784,3,8.0,932,2607078300,98,4,800,256,91,True,784,1059.6634733096073
ba,200,784,3,8.0,933,683695503,114,4,800,269,83,True,784,1059.6634733096073
ba,200,784,3,8.0,934,1800380063,98,5,1000,251,94,True,784,1059.6634733096073
ba,200,784,3,8.0,935,4046643003,86,4,800,250,87,True,784,1059.6634733096073
ba,200,784,3,8.0,936,4270899501,94,3,600,262,106,True,784,1059.6634733096073
ba,200,784,3,8.0,937,3933234437,87,6,1200,244,98,True,784,1059.6634733096073
ba,200,784,3,8.0,938,788514906,98,4,800,259,85,True,784,1059.6634733096073
ba,200,784,3,8.0,939,4205512799,84,4,800,260,101,True,784,1059.6634733096073
ba,200,784,3,8.0,940,308499824,94,5,1000,248,96,True,784,1059.6634733096073
ba,200,784,3,8.0,941,390207903,103,4,800,278,92,True,784,1059.6634733096073
ba,200,784,3,8.0,942,4196450529,99,4,800,269,98,True,784,1059.6634733096073
ba,200,784,3,8.0,943,127392754,110,5,1000,272,105,True,784,1059.6634733096073
ba,200,784,3,8.0,944,2331216569,113,6,1200,286,88,True,784,1059.6634733096073
ba,200,784,3,8.0,945,1065529651,106,4,800,272,92,True,784,1059.6634733096073
ba,200,784,3,8.0,946,2946422016,103,4,800,265,79,True,784,1059.6634733096073
ba,200,784,3,8.0,947,4157621842,91,4,800,257,94,True,784,1059.6634733096073
ba,200,784,3,8.0,948,2702037152,87,3,600,261,93,True,784,1059.6634733096073
ba,200,784,3,8.0,949,2212685706,83,3,600,245,103,True,784,1059.6634733096073
ba,200,784,3,8.0,950,1434983792,89,4,800,276,105,True,784,1059.6634733096073
ba,200,784,3,8.0,951,983637050,99,5,1000,268,95,True,784,1059.6634733096073
ba,200,784,3,8.0,952,3902282342,86,4,800,266,97,True,784,1059.6634733096073
ba,200,784,3,8.0,953,2869809482,94,4,800,274,102,True,784,1059.6634733096073
ba,200,784,3,8.0,954,2710419680,102,4,800,272,96,True,784,1059.6634733096073
ba,200,784,3,8.0,955,1980562764,90,4,800,256,85,True,784,1059.6634733096073
ba,200,784,3,8.0,956,1964130113,97,4,800,273,84,True,784,1059.6634733096073
ba,200,784,3,8.0,957,519290218,91,4,800,245,95,True,784,1059.6634733096073
ba,200,784,3,8.0,958,472525494,96,5,1000,273,104,True,784,1059.6634733096073
ba,200,784,3,8.0,959,4145178284,78,4,800,253,95,True,784,1059.6634733096073
ba,200,784,3,8.0,960,119372839,96,4,800,250,98,True,784,1059.6634733096073
ba,200,784,3,8.0,961,1054367398,90,4,800,264,89,True,784,1059.6634733096073
ba,200,784,3,8.0,962,2235743776,105,6,1200,272,82,True,784,1059.6634733096073
ba,200,784,3,8.0,963,1645832305,102,4,800,266,90,True,784,1059.6634733096073
ba,200,784,3,8.0,964,3107377889,103,5,1000,274,94,True,784,1059.6634733096073
ba,200,784,3,8.0,965,280897399,93,3,600,258,98,True,784,1059.6634733096073
ba,200,784,3,8.0,966,3896788176,76,4,800,252,102,True,784,1059.6634733096073
ba,200,784,3,8.0,967,1820578442,81,3,600,246,91,True,784,1059.6634733096073
ba,200,784,3,8.0,968,3453789025,82,4,800,244,103,True,784,1059.6634733096073
ba,200,784,3,8.0,969,3216728016,89,5,1000,239,96,True,784,1059.6634733096073
ba,200,784,3,8.0,970,3713476476,84,3,600,257,91,True,784,1059.6634733096073
ba,200,784,3,8.0,971,1587468168,91,4,800,254,94,True,784,1059.6634733096073
ba,200,784,3,8.0,972,3433768173,84,4,800,258,95,True,784,1059.6634733096073
ba,200,784,3,8.0,973,919557226,84,4,800,267,103,True,784,1059.6634733096073
ba,200,784,3,8.0,974,1123417083,97,4,800,268,96,True,784,1059.6634733096073
ba,200,784,3,8.0,975,3703916505,108,4,800,268,84,True,784,1059.6634733096073
ba,200,784,3,8.0,976,1975284298,95,4,800,273,96,True,784,1059.6634733096073
ba,200,784,3,8.0,977,1165508029,86,4,800,251,97,True,784,1059.6634733096073
ba,200,784,3,8.0,978,211735602,92,4,800,261,97,True,784,1059.6634733096073
ba,200,784,3,8.0,979,101590091,95,4,800,271,95,True,784,1059.6634733096073
ba,200,784,3,8.0,980,1841512800,86,5,1000,257,99,True,784,1059.6634733096073
ba,200,784,3,8.0,981,1980697353,100,5,1000,254,90,True,784,1059.6634733096073
ba,200,784,3,8.0,982,919557838,92,5,1000,261,102,True,784,1059.6634733096073
ba,200,784,3,8.0,983,2903054228,97,6,1200,254,82,True,784,1059.6634733096073
ba,200,784,3,8.0,984,1904308631,89,4,800,254,105,True,784,1059.6634733096073
ba,200,784,3,8.0,985,3179167472,100,7,1400,248,89,True,784,1059.6634733096073
ba,200,784,3,8.0,986,3694788560,81,4,800,244,95,True,784,1059.6634733096073
ba,200,784,3,8.0,987,3625570937,107,4,800,274,86,True,784,1059.6634733096073
ba,200,784,3,8.0,988,4158137313,97,6,1200,272,98,True,784,1059.6634733096073
ba,200,784,3,8.0,989,1443263209,85,4,800,258,111,True,784,1059.6634733096073
ba,200,784,3,8.0,990,3214234986,82,4,800,268,93,True,784,1059.6634733096073
ba,200,784,3,8.0,991,1324695061,97,6,1200,249,81,True,784,1059.6634733096073
ba,200,784,3,8.0,992,1589041665,94,3,600,263,97,True,784,1059.6634733096073
ba,200,784,3,8.0,993,549189103,105,5,1000,280,94,True,784,1059.6634733096073
ba,200,784,3,8.0,994,3537150739,103,4,800,265,84,True,784,1059.6634733096073
ba,200,784,3,8.0,995,3039192995,95,4,800,255,96,True,784,1059.6634733096073
ba,200,784,3,8.0,996,592764924,102,3,600,271,86,True,784,1059.6634733096073
ba,200,784,3,8.0,997,3886722592,96,5,1000,253,88,True,784,1059.6634733096073
ba,200,784,3,8.0,998,782212581,97,4,800,266,97,True,784,1059.6634733096073
ba,200,784,3,8.0,999,4207730028,83,3,600,249,100,True,784,1059.6634733096073
ba,400,1584,3,8.0,0,2389733185,186,5,2000,493,186,True,1584,2396.5858188431926
ba,400,1584,3,8.0,1,712937736,192,4,1600,546,172,True,1584,2396.5858188431926
ba,400,1584,3,8.0,2,2051378236,186,5,2000,550,202,True,1584,2396.5858188431926
ba,400,1584,3,8.0,3,3018069075,196,6,2400,519,185,True,1584,2396.5858188431926
ba,400,1584,3,8.0,4,445756045,182,3,1200,538,201,True,1584,2396.5858188431926
ba,400,1584,3,8.0,5,342849352,210,6,2400,578,188,True,1584,2396.5858188431926
ba,400,1584,3,8.0,6,3794257078,181,6,2400,522,189,True,1584,2396.5858188431926
ba,400,1584,3,8.0,7,2675827254,215,5,2000,560,186,True,1584,2396.5858188431926
ba,400,1584,3,8.0,8,3308269593,189,5,2000,528,178,True,1584,2396.5858188431926
ba,400,1584,3,8.0,9,1210142586,202,3,1200,559,190,True,1584,2396.5858188431926
ba,400,1584,3,8.0,10,143439801,194,5,2000,557,196,True,1584,2396.5858188431926
ba,400,1584,3,8.0,11,722689623,203,4,1600,547,191,True,1584,2396.5858188431926
ba,400,1584,3,8.0,12,3705237163,184,5,2000,529,179,True,1584,2396.5858188431926
ba,400,1584,3,8.0,13,2027658770,191,4,1600,539,199,True,1584,2396.5858188431926
ba,400,1584,3,8.0,14,3778521435,200,4,1600,519,170,True,1584,2396.5858188431926
ba,400,1584,3,8.0,15,233656967,217,4,1600,562,183,True,1584,2396.5858188431926
ba,400,1584,3,8.0,16,1269493829,206,5,2000,559,179,True,1584,2396.5858188431926
ba,400,1584,3,8.0,17,3332063084,210,5,2000,546,184,True,1584,2396.5858188431926
ba,400,1584,3,8.0,18,1981304764,190,7,2800,540,198,True,1584,2396.5858188431926
ba,400,1584,3,8.0,19,1814448143,197,4,1600,532,185,True,1584,2396.5858188431926
ba,400,1584,3,8.0,20,3242168123,204,4,1600,514,175,True,1584,2396.5858188431926
ba,400,1584,3,8.0,21,3299010987,192,4,1600,539,199,True,1584,2396.5858188431926
ba,400,1584,3,8.0,22,4058238458,188,4,1600,532,192,True,1584,2396.5858188431926
ba,400,1584,3,8.0,23,307872389,195,5,2000,500,163,True,1584,2396.5858188431926
ba,400,1584,3,8.0,24,3030973520,185,4,1600,541,195,True,1584,2396.5858188431926
ba,400,1584,3,8.0,25,2575122329,181,4,1600,542,201,True,1584,2396.5858188431926
ba,400,1584,3,8.0,26,2181433415,184,4,1600,519,189,True,1584,2396.5858188431926
ba,400,1584,3,8.0,27,2144943606,165,5,2000,516,200,True,1584,2396.5858188431926
ba,400,1584,3,8.0,28,1087164917,192,4,1600,529,189,True,1584,2396.5858188431926
ba,400,1584,3,8.0,29,1999448392,184,4,1600,530,197,True,1584,2396.5858188431926
ba,400,1584,3,8.0,30,3662318947,199,4,1600,532,198,True,1584,2396.5858188431926
ba,400,1584,3,8.0,31,1670086199,194,6,2400,496,180,True,1584,2396.5858188431926
ba,400,1584,3,8.0,32,1372954692,187,4,1600,529,213,True,1584,2396.5858188431926
ba,400,1584,3,8.0,33,18034057,178,4,1600,502,191,True,1584,2396.5858188431926
ba,400,1584,3,8.0,34,3072825998,194,5,2000,533,178,True,1584,2396.5858188431926
ba,400,1584,3,8.0,35,3620426325,199,5,2000,545,178,True,1584,2396.5858188431926
ba,400,1584,3,8.0,36,2684654637,213,5,2000,535,183,True,1584,2396.5858188431926
ba,400,1584,3,8.0,37,1989071379,187,4,1600,545,205,True,1584,2396.5858188431926
ba,400,1584,3,8.0,38,2510950672,183,4,1600,532,195,True,1584,2396.5858188431926
ba,400,1584,3,8.0,39,1311050757,180,4,1600,533,216,True,1584,2396.5858188431926
ba,400,1584,3,8.0,40,2208003766,200,6,2400,535,189,True,1584,2396.5858188431926
ba,400,1584,3,8.0,41,1687387436,198,5,2000,553,185,True,1584,2396.5858188431926
ba,400,1584,3,8.0,42,308917198,205,4,1600,535,178,True,1584,2396.5858188431926
ba,400,1584,3,8.0,43,2627332040,175,4,1600,498,184,True,1584,2396.5858188431926
ba,400,1584,3,8.0,44,3084851885,198,4,1600,526,181,True,1584,2396.5858188431926
ba,400,1584,3,8.0,45,2076283346,173,5,2000,493,190,True,1584,2396.5858188431926
ba,400,1584,3,8.0,46,4286021663,199,5,2000,539,175,True,1584,2396.5858188431926
ba,400,1584,3,8.0,47,136044236,185,9,3600,546,203,True,1584,2396.5858188431926
ba,400,1584,3,8.0,48,2714315631,176,4,1600,495,206,True,1584,2396.5858188431926
ba,400,1584,3,8.0,49,2657022923,200,5,2000,512,188,True,1584,2396.5858188431926
ba,400,1584,3,8.0,50,3813547654,182,5,2000,503,173,True,1584,2396.5858188431926
ba,400,1584,3,8.0,51,582711987,175,4,1600,523,195,True,1584,2396.5858188431926
ba,400,1584,3,8.0,52,2809458691,177,4,1600,524,195,True,1584,2396.5858188431926
ba,400,1584,3,8.0,53,1249128926,182,4,1600,512,185,True,1584,2396.5858188431926
ba,400,1584,3,8.0,54,1578718531,197,5,2000,556,181,True,1584,2396.5858188431926
ba,400,1584,3,8.0,55,2490260474,200,5,2000,541,200,True,1584,2396.5858188431926
ba,400,1584,3,8.0,56,669114083,185,5,2000,509,191,True,1584,2396.5858188431926
ba,400,1584,3,8.0,57,1617148279,196,4,1600,558,189,True,1584,2396.5858188431926
ba,400,1584,3,8.0,58,1909165229,207,4,1600,533,183,True,1584,2396.5858188431926
ba,400,1584,3,8.0,59,4231175081,208,4,1600,560,187,True,1584,2396.5858188431926
ba,400,1584,3,8.0,60,3145456850,212,6,2400,546,185,True,1584,2396.5858188431926
ba,400,1584,3,8.0,61,2065294804,218,7,2800,544,172,True,1584,2396.5858188431926
ba,400,1584,3,8.0,62,3621471031,176,5,2000,525,201,True,1584,2396.5858188431926
ba,400,1584,3,8.0,63,622535324,201,7,2800,572,199,True,1584,2396.5858188431926
ba,400,1584,3,8.0,64,3513807623,188,5,2000,562,196,True,1584,2396.5858188431926
ba,400,1584,3,8.0,65,1492993053,184,5,2000,535,202,True,1584,2396.5858188431926
ba,400,1584,3,8.0,66,2206135927,197,6,2400,507,185,True,1584,2396.5858188431926
ba,400,1584,3,8.0,67,2187042566,173,4,1600,530,193,True,1584,2396.5858188431926
ba,400,1584,3,8.0,68,498450140,178,4,1600,517,194,True,1584,2396.5858188431926
ba,400,1584,3,8.0,69,2041974925,175,3,1200,520,209,True,1584,2396.5858188431926
ba,400,1584,3,8.0,70,3882004829,208,5,2000,533,190,True,1584,2396.5858188431926
ba,400,1584,3,8.0,71,2288122337,189,4,1600,536,178,True,1584,2396.5858188431926
ba,400,1584,3,8.0,72,1055570791,204,6,2400,534,190,True,1584,2396.5858188431926
ba,400,1584,3,8.0,73,1571629581,204,4,1600,535,193,True,1584,2396.5858188431926
ba,400,1584,3,8.0,74,3268941461,187,4,1600,539,200,True,1584,2396.5858188431926
ba,400,1584,3,8.0,75,1846250098,163,4,1600,498,180,True,1584,2396.5858188431926
ba,400,1584,3,8.0,76,3272535433,196,5,2000,534,183,True,1584,2396.5858188431926
ba,400,1584,3,8.0,77,2598314522,182,5,2000,503,189,True,1584,2396.5858188431926
ba,400,1584,3,8.0,78,2075036068,208,4,1600,535,170,True,1584,2396.5858188431926
ba,400,1584,3,8.0,79,245062791,177,4,1600,521,180,True,1584,2396.5858188431926
ba,400,1584,3,8.0,80,2158574319,177,5,2000,514,186,True,1584,2396.5858188431926
ba,400,1584,3,8.0,81,308070246,191,5,2000,525,190,True,1584,2396.5858188431926
ba,400,1584,3,8.0,82,1804053030,179,5,2000,539,195,True,1584,2396.5858188431926
ba,400,1584,3,8.0,83,799018814,177,4,1600,526,197,True,1584,2396.5858188431926
ba,400,1584,3,8.0,84,2375043884,203,5,2000,545,197,True,1584,2396.5858188431926
ba,400,1584,3,8.0,85,2737016324,174,7,2800,486,179,True,1584,2396.5858188431926
ba,400,1584,3,8.0,86,2625865746,186,5,2000,510,191,True,1584,2396.5858188431926
ba,400,1584,3,8.0,87,776317222,173,4,1600,496,203,True,1584,2396.5858188431926
ba,400,1584,3,8.0,88,1211121045,202,5,2000,510,165,True,1584,2396.5858188431926
ba,400,1584,3,8.0,89,1600963581,199,4,1600,513,183,True,1584,2396.5858188431926
ba,400,1584,3,8.0,90,4031712726,212,3,1200,561,186,True,1584,2396.5858188431926
ba,400,1584,3,8.0,91,2775320338,183,4,1600,528,203,True,1584,2396.5858188431926
ba,400,1584,3,8.0,92,4180717985,187,4,1600,526,194,True,1584,2396.5858188431926
ba,400,1584,3,8.0,93,2019702502,204,5,2000,550,199,True,1584,2396.5858188431926
ba,400,1584,3,8.0,94,1057373523,187,6,2400,518,185,True,1584,2396.5858188431926
ba,400,1584,3,8.0,95,3365641524,187,5,2000,538,199,True,1584,2396.5858188431926
ba,400,1584,3,8.0,96,1739716496,188,4,1600,526,192,True,1584,2396.5858188431926
ba,400,1584,3,8.0,97,1698222400,207,4,1600,533,173,True,1584,2396.5858188431926
ba,400,1584,3,8.0,98,739101763,188,4,1600,526,194,True,1584,2396.5858188431926
ba,400,1584,3,8.0,99,3751677134,207,7,2800,496,161,True,1584,2396.5858188431926
ba,400,1584,3,8.0,100,254266797,186,6,2400,527,212,True,1584,2396.5858188431926
ba,400,1584,3,8.0,101,1923408673,189,4,1600,527,192,True,1584,2396.5858188431926
ba,400,1584,3,8.0,102,2970199672,221,5,2000,567,185,True,1584,2396.5858188431926
ba,400,1584,3,8.0,103,1886379711,195,4,1600,532,182,True,1584,2396.5858188431926
ba,400,1584,3,8.0,104,2181341203,178,4,1600,503,182,True,1584,2396.5858188431926
ba,400,1584,3,8.0,105,1976483659,181,5,2000,529,190,True,1584,2396.5858188431926
ba,400,1584,3,8.0,106,1338913750,207,4,1600,546,177,True,1584,2396.5858188431926
ba,400,1584,3,8.0,107,498973056,201,5,2000,534,191,True,1584,2396.5858188431926
ba,400,1584,3,8.0,108,500973094,202,5,2000,546,196,True,1584,2396.5858188431926
ba,400,1584,3,8.0,109,1773954494,191,4,1600,521,190,True,1584,2396.5858188431926
ba,400,1584,3,8.0,110,4229970918,181,4,1600,510,194,True,1584,2396.5858188431926
ba,400,1584,3,8.0,111,1352287223,193,4,1600,516,190,True,1584,2396.5858188431926
ba,400,1584,3,8.0,112,4128759734,185,4,1600,545,202,True,1584,2396.5858188431926
ba,400,1584,3,8.0,113,3615611906,184,4,1600,529,199,True,1584,2396.5858188431926
ba,400,1584,3,8.0,114,796653159,193,7,2800,521,179,True,1584,2396.5858188431926
ba,400,1584,3,8.0,115,1478366832,192,5,2000,526,182,True,1584,2396.5858188431926
ba,400,1584,3,8.0,116,1576652074,194,4,1600,529,182,True,1584,2396.5858188431926
ba,400,1584,3,8.0,117,3972934116,193,4,1600,547,176,True,1584,2396.5858188431926
ba,400,1584,3,8.0,118,2732744114,193,5,2000,510,171,True,1584,2396.5858188431926
ba,400,1584,3,8.0,119,142105640,197,5,2000,524,185,True,1584,2396.5858188431926
ba,400,1584,3,8.0,120,2465470450,194,5,2000,546,171,True,1584,2396.5858188431926
ba,400,1584,3,8.0,121,734106593,205,5,2000,544,185,True,1584,2396.5858188431926
ba,400,1584,3,8.0,122,2700850445,198,4,1600,530,195,True,1584,2396.5858188431926
ba,400,1584,3,8.0,123,2731288744,195,6,2400,530,187,True,1584,2396.5858188431926
ba,400,1584,3,8.0,124,1662935341,203,5,2000,549,194,True,1584,2396.5858188431926
ba,400,1584,3,8.0,125,3895612300,203,6,2400,513,171,True,1584,2396.5858188431926
ba,400,1584,3,8.0,126,848526040,202,4,1600,548,203,True,1584,2396.5858188431926
ba,400,1584,3,8.0,127,2214061257,196,6,2400,521,187,True,1584,2396.5858188431926
ba,400,1584,3,8.0,128,3009542145,200,5,2000,530,199,True,1584,2396.5858188431926
ba,400,1584,3,8.0,129,2231014762,181,5,2000,520,203,True,1584,2396.5858188431926
ba,400,1584,3,8.0,130,12602290,193,4,1600,518,188,True,1584,2396.5858188431926
ba,400,1584,3,8.0,131,1150078432,181,5,2000,515,208,True,1584,2396.5858188431926
ba,400,1584,3,8.0,132,1460946708,201,4,1600,553,185,True,1584,2396.5858188431926
ba,400,1584,3,8.0,133,4230223579,178,4,1600,515,193,True,1584,2396.5858188431926
ba,400,1584,3,8.0,134,1618176741,192,4,1600,534,193,True,1584,2396.5858188431926
ba,400,1584,3,8.0,135,2760943503,193,5,2000,539,190,True,1584,2396.5858188431926
ba,400,1584,3,8.0,136,619277427,185,5,2000,506,178,True,1584,2396.5858188431926
ba,400,1584,3,8.0,137,3004115453,177,4,1600,493,176,True,1584,2396.5858188431926
ba,400,1584,3,8.0,138,506032765,183,5,2000,508,177,True,1584,2396.5858188431926
ba,400,1584,3,8.0,139,278398446,187,6,2400,519,176,True,1584,2396.5858188431926
ba,400,1584,3,8.0,140,453238081,198,6,2400,545,197,True,1584,2396.5858188431926
ba,400,1584,3,8.0,141,3374270759,194,4,1600,549,198,True,1584,2396.5858188431926
ba,400,1584,3,8.0,142,4213177163,188,4,1600,547,198,True,1584,2396.5858188431926
ba,400,1584,3,8.0,143,641857608,186,4,1600,519,194,True,1584,2396.5858188431926
ba,400,1584,3,8.0,144,502279892,208,6,2400,533,189,True,1584,2396.5858188431926
ba,400,1584,3,8.0,145,3216616620,181,4,1600,533,197,True,1584,2396.5858188431926
ba,400,1584,3,8.0,146,3791629273,176,5,2000,515,195,True,1584,2396.5858188431926
ba,400,1584,3,8.0,147,476166856,195,6,2400,520,196,True,1584,2396.5858188431926
ba,400,1584,3,8.0,148,2627012614,196,6,2400,508,193,True,1584,2396.5858188431926
ba,400,1584,3,8.0,149,460866886,189,4,1600,500,192,True,1584,2396.5858188431926
ba,400,1584,3,8.0,150,3555171449,217,4,1600,540,187,True,1584,2396.5858188431926
ba,400,1584,3,8.0,151,4128397026,190,6,2400,513,181,True,1584,2396.5858188431926
ba,400,1584,3,8.0,152,3401387984,176,5,2000,497,184,True,1584,2396.5858188431926
ba,400,1584,3,8.0,153,1565777950,187,4,1600,513,192,True,1584,2396.5858188431926
ba,400,1584,3,8.0,154,3906762089,193,5,2000,538,180,True,1584,2396.5858188431926
ba,400,1584,3,8.0,155,505710565,190,5,2000,520,185,True,1584,2396.5858188431926
ba,400,1584,3,8.0,156,4246166697,205,5,2000,538,182,True,1584,2396.5858188431926
ba,400,1584,3,8.0,157,3017802217,196,4,1600,519,186,True,1584,2396.5858188431926
ba,400,1584,3,8.0,158,493799434,193,5,2000,545,187,True,1584,2396.5858188431926
ba,400,1584,3,8.0,159,739697347,177,5,2000,518,203,True,1584,2396.5858188431926
ba,400,1584,3,8.0,160,3707288444,175,4,1600,504,192,True,1584,2396.5858188431926
ba,400,1584,3,8.0,161,4292415730,173,4,1600,511,184,True,1584,2396.5858188431926
ba,400,1584,3,8.0,162,1600682545,188,7,2800,528,178,True,1584,2396.5858188431926
ba,400,1584,3,8.0,163,4108951991,180,5,2000,531,201,True,1584,2396.5858188431926
ba,400,1584,3,8.0,164,3717079983,185,5,2000,527,200,True,1584,2396.5858188431926
ba,400,1584,3,8.0,165,656033389,180,4,1600,508,185,True,1584,2396.5858188431926
ba,400,1584,3,8.0,166,1429018180,185,7,2800,536,198,True,1584,2396.5858188431926
ba,400,1584,3,8.0,167,2291666295,200,5,2000,528,191,True,1584,2396.5858188431926
ba,400,1584,3,8.0,168,2512966496,186,5,2000,507,194,True,1584,2396.5858188431926
ba,400,1584,3,8.0,169,1315752525,185,4,1600,512,187,True,1584,2396.5858188431926
ba,400,1584,3,8.0,170,2942313304,209,4,1600,560,192,True,1584,2396.5858188431926
ba,400,1584,3,8.0,171,1142073760,197,4,1600,546,195,True,1584,2396.5858188431926
ba,400,1584,3,8.0,172,791198385,209,5,2000,534,193,True,1584,2396.5858188431926
ba,400,1584,3,8.0,173,2508397962,169,4,1600,504,201,True,1584,2396.5858188431926
ba,400,1584,3,8.0,174,3098937090,190,4,1600,534,194,True,1584,2396.5858188431926
ba,400,1584,3,8.0,175,120216584,195,5,2000,501,181,True,1584,2396.5858188431926
ba,400,1584,3,8.0,176,2149134677,183,5,2000,539,208,True,1584,2396.5858188431926
ba,400,1584,3,8.0,177,533493057,192,5,2000,546,175,True,1584,2396.5858188431926
ba,400,1584,3,8.0,178,659811610,173,4,1600,537,203,True,1584,2396.5858188431926
ba,400,1584,3,8.0,179,3264657598,201,5,2000,510,180,True,1584,2396.5858188431926
ba,400,1584,3,8.0,180,541112362,204,5,2000,521,168,True,1584,2396.5858188431926
ba,400,1584,3,8.0,181,1338818654,213,5,2000,545,175,True,1584,2396.5858188431926
ba,400,1584,3,8.0,182,3579082520,195,4,1600,512,183,True,1584,2396.5858188431926
ba,400,1584,3,8.0,183,633925359,223,5,2000,560,181,True,1584,2396.5858188431926
ba,400,1584,3,8.0,184,3826591148,188,6,2400,501,188,True,1584,2396.5858188431926
ba,400,1584,3,8.0,185,2882947334,185,4,1600,532,189,True,1584,2396.5858188431926
ba,400,1584,3,8.0,186,2100609768,211,5,2000,550,186,True,1584,2396.5858188431926
ba,400,1584,3,8.0,187,50293105,186,4,1600,533,181,True,1584,2396.5858188431926
ba,400,1584,3,8.0,188,1923778082,186,4,1600,511,196,True,1584,2396.5858188431926
ba,400,1584,3,8.0,189,3247534278,185,5,2000,503,176,True,1584,2396.5858188431926
ba,400,1584,3,8.0,190,2598886181,177,5,2000,522,193,True,1584,2396.5858188431926
ba,400,1584,3,8.0,191,983401193,174,3,1200,515,200,True,1584,2396.5858188431926
ba,400,1584,3,8.0,192,2831698318,196,6,2400,513,184,True,1584,2396.5858188431926
ba,400,1584,3,8.0,193,3808879361,188,5,2000,548,190,True,1584,2396.5858188431926
ba,400,1584,3,8.0,194,3190813675,189,4,1600,536,194,True,1584,2396.5858188431926
ba,400,1584,3,8.0,195,1873111398,182,4,1600,522,192,True,1584,2396.5858188431926
ba,400,1584,3,8.0,196,167606284,203,5,2000,544,186,True,1584,2396.5858188431926
ba,400,1584,3,8.0,197,2757970609,190,3,1200,532,190,True,1584,2396.5858188431926
ba,400,1584,3,8.0,198,1328504296,174,3,1200,496,190,True,1584,2396.5858188431926
ba,400,1584,3,8.0,199,4205467635,175,6,2400,524,203,True,1584,2396.5858188431926
ba,400,1584,3,8.0,200,2791956447,193,5,2000,521,190,True,1584,2396.5858188431926
ba,400,1584,3,8.0,201,3266929205,183,6,2400,503,185,True,1584,2396.5858188431926
ba,400,1584,3,8.0,202,2046149539,205,5,2000,536,184,True,1584,2396.5858188431926
ba,400,1584,3,8.0,203,1843462340,196,7,2800,507,190,True,1584,2396.5858188431926
ba,400,1584,3,8.0,204,1636039193,214,7,2800,559,173,True,1584,2396.5858188431926
ba,400,1584,3,8.0,205,2222537153,180,4,1600,515,194,True,1584,2396.5858188431926
ba,400,1584,3,8.0,206,1842900515,205,6,2400,534,186,True,1584,2396.5858188431926
ba,400,1584,3,8.0,207,464806963,205,5,2000,545,181,True,1584,2396.5858188431926
ba,400,1584,3,8.0,208,3569665359,201,4,1600,550,179,True,1584,2396.5858188431926
ba,400,1584,3,8.0,209,4236397269,200,6,2400,535,182,True,1584,2396.5858188431926
ba,400,1584,3,8.0,210,3477522377,177,4,1600,512,182,True,1584,2396.5858188431926
ba,400,1584,3,8.0,211,857038883,188,5,2000,537,198,True,1584,2396.5858188431926
ba,400,1584,3,8.0,212,325909416,201,5,2000,548,181,True,1584,2396.5858188431926
ba,400,1584,3,8.0,213,2906743745,189,4,1600,530,198,True,1584,2396.5858188431926
ba,400,1584,3,8.0,214,1689361141,179,6,2400,518,186,True,1584,2396.5858188431926
ba,400,1584,3,8.0,215,519963892,172,4,1600,497,202,True,1584,2396.5858188431926
ba,400,1584,3,8.0,216,1316280404,197,5,2000,535,186,True,1584,2396.5858188431926
ba,400,1584,3,8.0,217,3072314358,199,4,1600,534,197,True,1584,2396.5858188431926
ba,400,1584,3,8.0,218,1458144008,195,4,1600,505,178,True,1584,2396.5858188431926
ba,400,1584,3,8.0,219,2214270889,181,4,1600,525,190,True,1584,2396.5858188431926
ba,400,1584,3,8.0,220,1920346025,188,4,1600,518,204,True,1584,2396.5858188431926
ba,400,1584,3,8.0,221,1746599513,200,7,2800,533,187,True,1584,2396.5858188431926
ba,400,1584,3,8.0,222,1089979817,194,4,1600,547,190,True,1584,2396.5858188431926
ba,400,1584,3,8.0,223,3319940842,188,4,1600,514,168,True,1584,2396.5858188431926
ba,400,1584,3,8.0,224,1238250620,180,4,1600,507,185,True,1584,2396.5858188431926
ba,400,1584,3,8.0,225,2354098148,210,7,2800,536,188,True,1584,2396.5858188431926
ba,400,1584,3,8.0,226,2143184954,198,4,1600,536,186,True,1584,2396.5858188431926
ba,400,1584,3,8.0,227,427885364,200,4,1600,518,191,True,1584,2396.5858188431926
ba,400,1584,3,8.0,228,37191901,175,4,1600,519,190,True,1584,2396.5858188431926
ba,400,1584,3,8.0,229,1028675776,187,4,1600,532,189,True,1584,2396.5858188431926
ba,400,1584,3,8.0,230,1841535078,188,5,2000,528,177,True,1584,2396.5858188431926
ba,400,1584,3,8.0,231,2043955241,190,4,1600,496,190,True,1584,2396.5858188431926
ba,400,1584,3,8.0,232,2345017831,186,5,2000,515,181,True,1584,2396.5858188431926
ba,400,1584,3,8.0,233,3186349978,171,5,2000,491,185,True,1584,2396.5858188431926
ba,400,1584,3,8.0,234,3119496868,184,4,1600,510,206,True,1584,2396.5858188431926
ba,400,1584,3,8.0,235,2616782468,186,5,2000,500,176,True,1584,2396.5858188431926
ba,400,1584,3,8.0,236,3313127490,194,4,1600,540,201,True,1584,2396.5858188431926
ba,400,1584,3,8.0,237,685487234,201,5,2000,529,174,True,1584,2396.5858188431926
ba,400,1584,3,8.0,238,2195302740,189,5,2000,527,199,True,1584,2396.5858188431926
ba,400,1584,3,8.0,239,3607117061,205,6,2400,523,175,True,1584,2396.5858188431926
ba,400,1584,3,8.0,240,1069115514,190,5,2000,513,179,True,1584,2396.5858188431926
ba,400,1584,3,8.0,241,2238607613,188,4,1600,535,208,True,1584,2396.5858188431926
ba,400,1584,3,8.0,242,3698669432,188,5,2000,530,194,True,1584,2396.5858188431926
ba,400,1584,3,8.0,243,2367524068,216,6,2400,526,174,True,1584,2396.5858188431926
ba,400,1584,3,8.0,244,1673269871,195,5,2000,542,198,True,1584,2396.5858188431926
ba,400,1584,3,8.0,245,2495939206,186,5,2000,555,202,True,1584,2396.5858188431926
ba,400,1584,3,8.0,246,3095698057,185,5,2000,512,185,True,1584,2396.5858188431926
ba,400,1584,3,8.0,247,2365769646,181,4,1600,537,204,True,1584,2396.5858188431926
ba,400,1584,3,8.0,248,3115000786,169,4,1600,506,188,True,1584,2396.5858188431926
ba,400,1584,3,8.0,249,883205797,187,4,1600,518,187,True,1584,2396.5858188431926
ba,400,1584,3,8.0,250,380113043,201,5,2000,524,160,True,1584,2396.5858188431926
ba,400,1584,3,8.0,251,1476925504,188,6,2400,512,194,True,1584,2396.5858188431926
ba,400,1584,3,8.0,252,3903829765,210,4,1600,511,178,True,1584,2396.5858188431926
ba,400,1584,3,8.0,253,642726403,187,5,2000,526,187,True,1584,2396.5858188431926
ba,400,1584,3,8.0,254,2744062370,183,4,1600,511,191,True,1584,2396.5858188431926
ba,400,1584,3,8.0,255,1146981866,195,4,1600,522,181,True,1584,2396.5858188431926
ba,400,1584,3,8.0,256,2866317275,183,4,1600,523,203,True,1584,2396.5858188431926
ba,400,1584,3,8.0,257,2039594883,170,4,1600,488,171,True,1584,2396.5858188431926
ba,400,1584,3,8.0,258,3224257690,193,4,1600,545,192,True,1584,2396.5858188431926
ba,400,1584,3,8.0,259,94456621,185,5,2000,504,202,True,1584,2396.5858188431926
ba,400,1584,3,8.0,260,2569789693,196,4,1600,518,180,True,1584,2396.5858188431926
ba,400,1584,3,8.0,261,3148699381,200,6,2400,527,176,True,1584,2396.5858188431926
ba,400,1584,3,8.0,262,364473658,193,5,2000,504,158,True,1584,2396.5858188431926
ba,400,1584,3,8.0,263,2392241216,169,4,1600,474,197,True,1584,2396.5858188431926
ba,400,1584,3,8.0,264,2210076756,196,5,2000,532,165,True,1584,2396.5858188431926
ba,400,1584,3,8.0,265,1356622110,204,5,2000,561,195,True,1584,2396.5858188431926
ba,400,1584,3,8.0,266,1153080820,207,4,1600,549,181,True,1584,2396.5858188431926
ba,400,1584,3,8.0,267,2666880019,214,4,1600,564,196,True,1584,2396.5858188431926
ba,400,1584,3,8.0,268,3655186422,194,4,1600,520,183,True,1584,2396.5858188431926
ba,400,1584,3,8.0,269,856085560,199,4,1600,531,190,True,1584,2396.5858188431926
ba,400,1584,3,8.0,270,2461365653,175,4,1600,526,192,True,1584,2396.5858188431926
ba,400,1584,3,8.0,271,2501978137,191,5,2000,551,186,True,1584,2396.5858188431926
ba,400,1584,3,8.0,272,414855771,198,4,1600,540,192,True,1584,2396.5858188431926
ba,400,1584,3,8.0,273,1206357688,199,5,2000,516,166,True,1584,2396.5858188431926
ba,400,1584,3,8.0,274,4124724074,169,4,1600,503,203,True,1584,2396.5858188431926
ba,400,1584,3,8.0,275,1273798563,178,5,2000,525,193,True,1584,2396.5858188431926
ba,400,1584,3,8.0,276,779874653,209,6,2400,525,169,True,1584,2396.5858188431926
ba,400,1584,3,8.0,277,2851183097,188,5,2000,511,180,True,1584,2396.5858188431926
ba,400,1584,3,8.0,278,3329102377,178,4,1600,542,204,True,1584,2396.5858188431926
ba,400,1584,3,8.0,279,3571669710,180,4,1600,527,176,True,1584,2396.5858188431926
ba,400,1584,3,8.0,280,2109785810,195,5,2000,527,179,True,1584,2396.5858188431926
ba,400,1584,3,8.0,281,2603250296,194,4,1600,522,192,True,1584,2396.5858188431926
ba,400,1584,3,8.0,282,3195437482,164,5,2000,494,191,True,1584,2396.5858188431926
ba,400,1584,3,8.0,283,1721484547,186,6,2400,539,197,True,1584,2396.5858188431926
ba,400,1584,3,8.0,284,1370860433,182,6,2400,523,191,True,1584,2396.5858188431926
ba,400,1584,3,8.0,285,3985907933,190,5,2000,546,201,True,1584,2396.5858188431926
ba,400,1584,3,8.0,286,77972534,198,5,2000,530,203,True,1584,2396.5858188431926
ba,400,1584,3,8.0,287,2357728035,213,5,2000,560,171,True,1584,2396.5858188431926
ba,400,1584,3,8.0,288,1578149708,197,4,1600,525,188,True,1584,2396.5858188431926
ba,400,1584,3,8.0,289,2022413575,190,4,1600,529,186,True,1584,2396.5858188431926
ba,400,1584,3,8.0,290,4056782520,182,4,1600,509,178,True,1584,2396.5858188431926
ba,400,1584,3,8.0,291,1610066711,196,5,2000,536,189,True,1584,2396.5858188431926
ba,400,1584,3,8.0,292,1768443157,183,4,1600,508,181,True,1584,2396.5858188431926
ba,400,1584,3,8.0,293,2318938696,201,6,2400,532,172,True,1584,2396.5858188431926
ba,400,1584,3,8.0,294,3582712585,178,6,2400,520,201,True,1584,2396.5858188431926
ba,400,1584,3,8.0,295,2040313199,222,8,3200,535,191,True,1584,2396.5858188431926
ba,400,1584,3,8.0,296,3830051294,191,5,2000,547,207,True,1584,2396.5858188431926
ba,400,1584,3,8.0,297,2680485267,200,6,2400,518,157,True,1584,2396.5858188431926
ba,400,1584,3,8.0,298,3291102298,185,4,1600,549,190,True,1584,2396.5858188431926
ba,400,1584,3,8.0,299,2398384755,209,5,2000,541,186,True,1584,2396.5858188431926
ba,400,1584,3,8.0,300,2786265096,204,4,1600,541,171,True,1584,2396.5858188431926
ba,400,1584,3,8.0,301,4170979970,171,5,2000,489,199,True,1584,2396.5858188431926
ba,400,1584,3,8.0,302,672175557,197,5,2000,543,196,True,1584,2396.5858188431926
ba,400,1584,3,8.0,303,2287666172,193,4,1600,511,181,True,1584,2396.5858188431926
ba,400,1584,3,8.0,304,2743405570,202,4,1600,522,202,True,1584,2396.5858188431926
ba,400,1584,3,8.0,305,3929748580,173,5,2000,493,196,True,1584,2396.5858188431926
ba,400,1584,3,8.0,306,3334567907,180,4,1600,517,192,True,1584,2396.5858188431926
ba,400,1584,3,8.0,307,2572023328,185,4,1600,517,194,True,1584,2396.5858188431926
ba,400,1584,3,8.0,308,2192105917,194,4,1600,546,177,True,1584,2396.5858188431926
ba,400,1584,3,8.0,309,534956116,169,5,2000,491,183,True,1584,2396.5858188431926
ba,400,1584,3,8.0,310,3271064138,187,5,2000,541,188,True,1584,2396.5858188431926
ba,400,1584,3,8.0,311,2637533451,194,4,1600,506,177,True,1584,2396.5858188431926
ba,400,1584,3,8.0,312,314031077,201,4,1600,555,197,True,1584,2396.5858188431926
ba,400,1584,3,8.0,313,2378498898,184,4,1600,538,196,True,1584,2396.5858188431926
ba,400,1584,3,8.0,314,642500550,201,7,2800,543,193,True,1584,2396.5858188431926
ba,400,1584,3,8.0,315,2314606922,178,4,1600,509,192,True,1584,2396.5858188431926
ba,400,1584,3,8.0,316,39176267,199,5,2000,554,198,True,1584,2396.5858188431926
ba,400,1584,3,8.0,317,275165767,186,5,2000,511,184,True,1584,2396.5858188431926
ba,400,1584,3,8.0,318,694564215,207,5,2000,539,196,True,1584,2396.5858188431926
ba,400,1584,3,8.0,319,1032150397,192,5,2000,558,181,True,1584,2396.5858188431926
ba,400,1584,3,8.0,320,2702372485,187,4,1600,512,187,True,1584,2396.5858188431926
ba,400,1584,3,8.0,321,4221509526,206,6,2400,522,179,True,1584,2396.5858188431926
ba,400,1584,3,8.0,322,2843505685,229,4,1600,550,180,True,1584,2396.5858188431926
ba,400,1584,3,8.0,323,3284396253,176,4,1600,519,186,True,1584,2396.5858188431926
ba,400,1584,3,8.0,324,731671009,199,8,3200,504,174,True,1584,2396.5858188431926
ba,400,1584,3,8.0,325,1361339404,191,4,1600,515,189,True,1584,2396.5858188431926
ba,400,1584,3,8.0,326,2696586234,184,4,1600,497,183,True,1584,2396.5858188431926
ba,400,1584,3,8.0,327,2177490903,183,5,2000,524,189,True,1584,2396.5858188431926
ba,400,1584,3,8.0,328,2797714772,176,5,2000,515,215,True,1584,2396.5858188431926
ba,400,1584,3,8.0,329,245202161,196,5,2000,537,204,True,1584,2396.5858188431926
ba,400,1584,3,8.0,330,379326999,172,4,1600,508,198,True,1584,2396.5858188431926
ba,400,1584,3,8.0,331,1849981627,203,4,1600,551,177,True,1584,2396.5858188431926
ba,400,1584,3,8.0,332,3660887221,181,4,1600,479,182,True,1584,2396.5858188431926
ba,400,1584,3,8.0,333,1433617804,196,5,2000,541,191,True,1584,2396.5858188431926
ba,400,1584,3,8.0,334,1259273815,201,5,2000,564,175,True,1584,2396.5858188431926
ba,400,1584,3,8.0,335,3256670432,184,4,1600,511,199,True,1584,2396.5858188431926
ba,400,1584,3,8.0,336,1050325600,184,6,2400,504,182,True,1584,2396.5858188431926
ba,400,1584,3,8.0,337,600588938,195,5,2000,544,190,True,1584,2396.5858188431926
ba,400,1584,3,8.0,338,168320191,227,5,2000,556,170,True,1584,2396.5858188431926
ba,400,1584,3,8.0,339,2295878503,212,4,1600,567,196,True,1584,2396.5858188431926
ba,400,1584,3,8.0,340,491477100,192,4,1600,539,200,True,1584,2396.5858188431926
ba,400,1584,3,8.0,341,3218086086,176,4,1600,521,194,True,1584,2396.5858188431926
ba,400,1584,3,8.0,342,3633747964,211,4,1600,554,175,True,1584,2396.5858188431926
ba,400,1584,3,8.0,343,1440915653,191,4,1600,516,182,True,1584,2396.5858188431926
ba,400,1584,3,8.0,344,2557710384,196,4,1600,522,201,True,1584,2396.5858188431926
ba,400,1584,3,8.0,345,758346006,178,6,2400,509,189,True,1584,2396.5858188431926
ba,400,1584,3,8.0,346,2782477501,186,4,1600,529,185,True,1584,2396.5858188431926
ba,400,1584,3,8.0,347,2487320467,182,4,1600,505,199,True,1584,2396.5858188431926
ba,400,1584,3,8.0,348,1678311057,190,5,2000,538,194,True,1584,2396.5858188431926
ba,400,1584,3,8.0,349,4004129229,181,4,1600,518,192,True,1584,2396.5858188431926
ba,400,1584,3,8.0,350,2074428839,192,4,1600,528,189,True,1584,2396.5858188431926
ba,400,1584,3,8.0,351,238436724,193,5,2000,511,183,True,1584,2396.5858188431926
ba,400,1584,3,8.0,352,397382361,195,4,1600,516,191,True,1584,2396.5858188431926
ba,400,1584,3,8.0,353,857775965,207,5,2000,541,186,True,1584,2396.5858188431926
ba,400,1584,3,8.0,354,1531287808,182,4,1600,567,194,True,1584,2396.5858188431926
ba,400,1584,3,8.0,355,3484537,175,4,1600,534,191,True,1584,2396.5858188431926
ba,400,1584,3,8.0,356,3705234710,204,4,1600,567,179,True,1584,2396.5858188431926
ba,400,1584,3,8.0,357,2512938998,191,4,1600,538,189,True,1584,2396.5858188431926
ba,400,1584,3,8.0,358,2732387100,189,3,1200,532,193,True,1584,2396.5858188431926
ba,400,1584,3,8.0,359,3617076542,191,5,2000,516,183,True,1584,2396.5858188431926
ba,400,1584,3,8.0,360,4170812072,183,4,1600,514,188,True,1584,2396.5858188431926
ba,400,1584,3,8.0,361,281802829,199,6,2400,548,189,True,1584,2396.5858188431926
ba,400,1584,3,8.0,362,724079019,207,4,1600,543,184,True,1584,2396.5858188431926
ba,400,1584,3,8.0,363,141064324,167,4,1600,506,189,True,1584,2396.5858188431926
ba,400,1584,3,8.0,364,1825429604,203,6,2400,547,169,True,1584,2396.5858188431926
ba,400,1584,3,8.0,365,3114152225,196,4,1600,539,188,True,1584,2396.5858188431926
ba,400,1584,3,8.0,366,1879226302,194,4,1600,527,178,True,1584,2396.5858188431926
ba,400,1584,3,8.0,367,4213465732,184,6,2400,516,185,True,1584,2396.5858188431926
ba,400,1584,3,8.0,368,3428934915,198,7,2800,506,177,True,1584,2396.5858188431926
ba,400,1584,3,8.0,369,1762505473,185,4,1600,524,195,True,1584,2396.5858188431926
ba,400,1584,3,8.0,370,3466904482,178,4,1600,507,192,True,1584,2396.5858188431926
ba,400,1584,3,8.0,371,2755562800,174,4,1600,509,204,True,1584,2396.5858188431926
ba,400,1584,3,8.0,372,164082531,201,6,2400,544,195,True,1584,2396.5858188431926
ba,400,1584,3,8.0,373,813637834,197,4,1600,529,196,True,1584,2396.5858188431926
ba,400,1584,3,8.0,374,1749799607,216,5,2000,544,174,True,1584,2396.5858188431926
ba,400,1584,3,8.0,375,2997610017,190,4,1600,516,193,True,1584,2396.5858188431926
ba,400,1584,3,8.0,376,2088595856,194,4,1600,505,179,True,1584,2396.5858188431926
ba,400,1584,3,8.0,377,917407546,159,4,1600,511,208,True,1584,2396.5858188431926
ba,400,1584,3,8.0,378,3026539384,219,5,2000,553,187,True,1584,2396.5858188431926
ba,400,1584,3,8.0,379,1993808655,197,4,1600,544,203,True,1584,2396.5858188431926
ba,400,1584,3,8.0,380,12229131,190,4,1600,528,185,True,1584,2396.5858188431926
ba,400,1584,3,8.0,381,3311144110,207,5,2000,511,179,True,1584,2396.5858188431926
ba,400,1584,3,8.0,382,1094549776,187,4,1600,545,207,True,1584,2396.5858188431926
ba,400,1584,3,8.0,383,1109600218,187,6,2400,514,170,True,1584,2396.5858188431926
ba,400,1584,3,8.0,384,1249944288,188,4,1600,520,193,True,1584,2396.5858188431926
ba,400,1584,3,8.0,385,2193105827,189,4,1600,516,197,True,1584,2396.5858188431926
ba,400,1584,3,8.0,386,4244881611,186,5,2000,516,183,True,1584,2396.5858188431926
ba,400,1584,3,8.0,387,3077174571,172,4,1600,529,195,True,1584,2396.5858188431926
ba,400,1584,3,8.0,388,2121788985,194,5,2000,527,190,True,1584,2396.5858188431926
ba,400,1584,3,8.0,389,4096835048,204,5,2000,543,185,True,1584,2396.5858188431926
ba,400,1584,3,8.0,390,3427988409,190,4,1600,510,184,True,1584,2396.5858188431926
ba,400,1584,3,8.0,391,574606771,200,6,2400,532,199,True,1584,2396.5858188431926
ba,400,1584,3,8.0,392,650025053,195,5,2000,544,193,True,1584,2396.5858188431926
ba,400,1584,3,8.0,393,2253652216,206,4,1600,530,181,True,1584,2396.5858188431926
ba,400,1584,3,8.0,394,2924933713,209,6,2400,541,183,True,1584,2396.5858188431926
ba,400,1584,3,8.0,395,190419370,188,5,2000,549,204,True,1584,2396.5858188431926
ba,400,1584,3,8.0,396,4039036118,204,4,1600,543,172,True,1584,2396.5858188431926
ba,400,1584,3,8.0,397,1961125780,186,4,1600,529,175,True,1584,2396.5858188431926
ba,400,1584,3,8.0,398,280298339,182,4,1600,555,200,True,1584,2396.5858188431926
ba,400,1584,3,8.0,399,1204628526,189,4,1600,508,200,True,1584,2396.5858188431926
ba,400,1584,3,8.0,400,2489124816,189,5,2000,514,189,True,1584,2396.5858188431926
ba,400,1584,3,8.0,401,4252636484,190,3,1200,543,195,True,1584,2396.5858188431926
ba,400,1584,3,8.0,402,663112606,188,4,1600,534,202,True,1584,2396.5858188431926
ba,400,1584,3,8.0,403,2567000337,179,4,1600,535,190,True,1584,2396.5858188431926
ba,400,1584,3,8.0,404,2431757494,184,4,1600,531,187,True,1584,2396.5858188431926
ba,400,1584,3,8.0,405,505076511,203,5,2000,574,186,True,1584,2396.5858188431926
ba,400,1584,3,8.0,406,3282837397,202,9,3600,561,188,True,1584,2396.5858188431926
ba,400,1584,3,8.0,407,1062070052,192,4,1600,522,189,True,1584,2396.5858188431926
ba,400,1584,3,8.0,408,662798555,194,4,1600,536,181,True,1584,2396.5858188431926
ba,400,1584,3,8.0,409,2098555156,178,3,1200,532,194,True,1584,2396.5858188431926
ba,400,1584,3,8.0,410,3831760198,187,4,1600,566,195,True,1584,2396.5858188431926
ba,400,1584,3,8.0,411,2865764248,188,5,2000,512,173,True,1584,2396.5858188431926
ba,400,1584,3,8.0,412,3056716564,205,5,2000,520,178,True,1584,2396.5858188431926
ba,400,1584,3,8.0,413,3324009929,190,4,1600,517,187,True,1584,2396.5858188431926
ba,400,1584,3,8.0,414,3523605816,184,4,1600,503,177,True,1584,2396.5858188431926
ba,400,1584,3,8.0,415,869147281,188,4,1600,530,189,True,1584,2396.5858188431926
ba,400,1584,3,8.0,416,239002427,188,4,1600,522,202,True,1584,2396.5858188431926
ba,400,1584,3,8.0,417,2422236709,172,4,1600,515,194,True,1584,2396.5858188431926
ba,400,1584,3,8.0,418,2893661501,202,6,2400,544,188,True,1584,2396.5858188431926
ba,400,1584,3,8.0,419,2566008978,172,3,1200,525,184,True,1584,2396.5858188431926
ba,400,1584,3,8.0,420,3007013123,180,5,2000,508,198,True,1584,2396.5858188431926
ba,400,1584,3,8.0,421,3467686119,212,4,1600,562,199,True,1584,2396.5858188431926
ba,400,1584,3,8.0,422,712934631,185,5,2000,551,188,True,1584,2396.5858188431926
ba,400,1584,3,8.0,423,722875549,186,4,1600,553,202,True,1584,2396.5858188431926
ba,400,1584,3,8.0,424,64499537,192,4,1600,514,181,True,1584,2396.5858188431926
ba,400,1584,3,8.0,425,193603090,202,5,2000,538,191,True,1584,2396.5858188431926
ba,400,1584,3,8.0,426,1493879370,209,4,1600,553,198,True,1584,2396.5858188431926
ba,400,1584,3,8.0,427,299533128,187,4,1600,523,186,True,1584,2396.5858188431926
ba,400,1584,3,8.0,428,3178150894,193,4,1600,527,196,True,1584,2396.5858188431926
ba,400,1584,3,8.0,429,782950166,181,5,2000,521,179,True,1584,2396.5858188431926
ba,400,1584,3,8.0,430,2359257746,214,6,2400,547,178,True,1584,2396.5858188431926
ba,400,1584,3,8.0,431,1174263453,209,5,2000,550,193,True,1584,2396.5858188431926
ba,400,1584,3,8.0,432,2424673282,198,5,2000,565,194,True,1584,2396.5858188431926
ba,400,1584,3,8.0,433,3745693945,187,5,2000,489,184,True,1584,2396.5858188431926
ba,400,1584,3,8.0,434,1831149586,182,4,1600,552,200,True,1584,2396.5858188431926
ba,400,1584,3,8.0,435,3380565478,196,5,2000,543,176,True,1584,2396.5858188431926
ba,400,1584,3,8.0,436,25413413,200,4,1600,532,171,True,1584,2396.5858188431926
ba,400,1584,3,8.0,437,3732363523,205,6,2400,538,186,True,1584,2396.5858188431926
ba,400,1584,3,8.0,438,2540021510,183,5,2000,527,209,True,1584,2396.5858188431926
ba,400,1584,3,8.0,439,3608868310,178,4,1600,526,205,True,1584,2396.5858188431926
ba,400,1584,3,8.0,440,169445335,200,5,2000,537,185,True,1584,2396.5858188431926
ba,400,1584,3,8.0,441,2596696768,211,5,2000,575,200,True,1584,2396.5858188431926
ba,400,1584,3,8.0,442,1364892565,181,4,1600,502,198,True,1584,2396.5858188431926
ba,400,1584,3,8.0,443,1314159778,177,4,1600,510,185,True,1584,2396.5858188431926
ba,400,1584,3,8.0,444,3684135586,197,4,1600,533,177,True,1584,2396.5858188431926
ba,400,1584,3,8.0,445,3293198790,192,4,1600,537,196,True,1584,2396.5858188431926
ba,400,1584,3,8.0,446,3455992991,180,4,1600,536,225,True,1584,2396.5858188431926
ba,400,1584,3,8.0,447,2059589594,182,4,1600,516,193,True,1584,2396.5858188431926
ba,400,1584,3,8.0,448,2803802837,181,5,2000,489,192,True,1584,2396.5858188431926
ba,400,1584,3,8.0,449,3878314246,188,5,2000,536,193,True,1584,2396.5858188431926
ba,400,1584,3,8.0,450,254091208,195,4,1600,540,177,True,1584,2396.5858188431926
ba,400,1584,3,8.0,451,2489680919,177,4,1600,519,206,True,1584,2396.5858188431926
ba,400,1584,3,8.0,452,2247312612,192,4,1600,565,197,True,1584,2396.5858188431926
ba,400,1584,3,8.0,453,511418293,180,6,2400,505,194,True,1584,2396.5858188431926
ba,400,1584,3,8.0,454,971034630,204,4,1600,539,172,True,1584,2396.5858188431926
ba,400,1584,3,8.0,455,2610688410,199,5,2000,518,178,True,1584,2396.5858188431926
ba,400,1584,3,8.0,456,4007978867,189,4,1600,520,186,True,1584,2396.5858188431926
ba,400,1584,3,8.0,457,3615651995,205,5,2000,540,196,True,1584,2396.5858188431926
ba,400,1584,3,8.0,458,2723018179,198,5,2000,537,185,True,1584,2396.5858188431926
ba,400,1584,3,8.0,459,4286902553,195,4,1600,553,182,True,1584,2396.5858188431926
ba,400,1584,3,8.0,460,560940925,185,5,2000,502,192,True,1584,2396.5858188431926
ba,400,1584,3,8.0,461,3681870415,196,5,2000,539,184,True,1584,2396.5858188431926
ba,400,1584,3,8.0,462,2986785342,184,4,1600,507,179,True,1584,2396.5858188431926
ba,400,1584,3,8.0,463,1639213560,190,5,2000,525,192,True,1584,2396.5858188431926
ba,400,1584,3,8.0,464,782918371,173,4,1600,507,180,True,1584,2396.5858188431926
ba,400,1584,3,8.0,465,2512694174,175,4,1600,505,199,True,1584,2396.5858188431926
ba,400,1584,3,8.0,466,197553994,179,5,2000,523,195,True,1584,2396.5858188431926
ba,400,1584,3,8.0,467,196196941,193,5,2000,521,167,True,1584,2396.5858188431926
ba,400,1584,3,8.0,468,408181210,182,4,1600,515,189,True,1584,2396.5858188431926
ba,400,1584,3,8.0,469,4174948471,202,5,2000,509,177,True,1584,2396.5858188431926
ba,400,1584,3,8.0,470,3742568383,181,4,1600,536,206,True,1584,2396.5858188431926
ba,400,1584,3,8.0,471,3228115819,192,4,1600,526,208,True,1584,2396.5858188431926
ba,400,1584,3,8.0,472,2562571817,195,7,2800,508,184,True,1584,2396.5858188431926
ba,400,1584,3,8.0,473,970135053,186,8,3200,544,196,True,1584,2396.5858188431926
ba,400,1584,3,8.0,474,3742408829,212,4,1600,545,172,True,1584,2396.5858188431926
ba,400,1584,3,8.0,475,2620346585,201,4,1600,512,179,True,1584,2396.5858188431926
ba,400,1584,3,8.0,476,2173706830,220,5,2000,564,179,True,1584,2396.5858188431926
ba,400,1584,3,8.0,477,1419040842,179,4,1600,500,195,True,1584,2396.5858188431926
ba,400,1584,3,8.0,478,1864083104,184,4,1600,512,192,True,1584,2396.5858188431926
ba,400,1584,3,8.0,479,1412461781,191,4,1600,544,187,True,1584,2396.5858188431926
ba,400,1584,3,8.0,480,3603123693,203,4,1600,532,197,True,1584,2396.5858188431926
ba,400,1584,3,8.0,481,865341506,176,4,1600,534,202,True,1584,2396.5858188431926
ba,400,1584,3,8.0,482,243778150,201,5,2000,536,197,True,1584,2396.5858188431926
ba,400,1584,3,8.0,483,1267311641,189,5,2000,505,185,True,1584,2396.5858188431926
ba,400,1584,3,8.0,484,2837510039,200,4,1600,526,178,True,1584,2396.5858188431926
ba,400,1584,3,8.0,485,3529948769,187,6,2400,523,191,True,1584,2396.5858188431926
ba,400,1584,3,8.0,486,2161829010,192,5,2000,566,212,True,1584,2396.5858188431926
ba,400,1584,3,8.0,487,2362034136,197,5,2000,533,202,True,1584,2396.5858188431926
ba,400,1584,3,8.0,488,2156224406,193,6,2400,505,187,True,1584,2396.5858188431926
ba,400,1584,3,8.0,489,2016832261,195,4,1600,530,198,True,1584,2396.5858188431926
ba,400,1584,3,8.0,490,3153863549,213,6,2400,555,184,True,1584,2396.5858188431926
ba,400,1584,3,8.0,491,4284178125,184,5,2000,511,192,True,1584,2396.5858188431926
ba,400,1584,3,8.0,492,2979839778,193,5,2000,555,194,True,1584,2396.5858188431926
ba,400,1584,3,8.0,493,2009776693,204,5,2000,536,183,True,1584,2396.5858188431926
ba,400,1584,3,8.0,494,705869438,186,4,1600,506,183,True,1584,2396.5858188431926
ba,400,1584,3,8.0,495,4123675162,205,5,2000,535,178,True,1584,2396.5858188431926
ba,400,1584,3,8.0,496,1969208843,188,5,2000,520,193,True,1584,2396.5858188431926
ba,400,1584,3,8.0,497,1226928277,207,5,2000,560,182,True,1584,2396.5858188431926
ba,400,1584,3,8.0,498,2547225764,183,5,2000,503,197,True,1584,2396.5858188431926
ba,400,1584,3,8.0,499,1017302427,192,5,2000,533,185,True,1584,2396.5858188431926
ba,400,1584,3,8.0,500,1725438323,162,4,1600,479,199,True,1584,2396.5858188431926
ba,400,1584,3,8.0,501,3859570726,201,4,1600,535,203,True,1584,2396.5858188431926
ba,400,1584,3,8.0,502,362467795,185,6,2400,499,181,True,1584,2396.5858188431926
ba,400,1584,3,8.0,503,3152418003,182,5,2000,507,180,True,1584,2396.5858188431926
ba,400,1584,3,8.0,504,66672949,191,5,2000,541,197,True,1584,2396.5858188431926
ba,400,1584,3,8.0,505,4218130366,190,4,1600,563,187,True,1584,2396.5858188431926
ba,400,1584,3,8.0,506,2791872502,190,5,2000,501,185,True,1584,2396.5858188431926
ba,400,1584,3,8.0,507,2614890020,176,5,2000,523,191,True,1584,2396.5858188431926
ba,400,1584,3,8.0,508,3914288466,183,4,1600,539,206,True,1584,2396.5858188431926
ba,400,1584,3,8.0,509,65004529,175,3,1200,527,193,True,1584,2396.5858188431926
ba,400,1584,3,8.0,510,2172592411,196,4,1600,532,189,True,1584,2396.5858188431926
ba,400,1584,3,8.0,511,2216814016,212,6,2400,547,185,True,1584,2396.5858188431926
ba,400,1584,3,8.0,512,2477332249,185,5,2000,500,184,True,1584,2396.5858188431926
ba,400,1584,3,8.0,513,2522593838,204,4,1600,575,183,True,1584,2396.5858188431926
ba,400,1584,3,8.0,514,396687214,199,4,1600,515,198,True,1584,2396.5858188431926
ba,400,1584,3,8.0,515,505153563,194,6,2400,506,168,True,1584,2396.5858188431926
ba,400,1584,3,8.0,516,3363946496,181,4,1600,532,198,True,1584,2396.5858188431926
ba,400,1584,3,8.0,517,1059896172,192,5,2000,558,183,True,1584,2396.5858188431926
ba,400,1584,3,8.0,518,1734709296,180,6,2400,516,183,True,1584,2396.5858188431926
ba,400,1584,3,8.0,519,3634272256,195,5,2000,517,181,True,1584,2396.5858188431926
ba,400,1584,3,8.0,520,2939821774,202,5,2000,542,182,True,1584,2396.5858188431926
ba,400,1584,3,8.0,521,1881659800,177,4,1600,532,209,True,1584,2396.5858188431926
ba,400,1584,3,8.0,522,2879987042,179,5,2000,515,182,True,1584,2396.5858188431926
ba,400,1584,3,8.0,523,3485337185,186,7,2800,529,179,True,1584,2396.5858188431926
ba,400,1584,3,8.0,524,820630274,220,5,2000,536,187,True,1584,2396.5858188431926
ba,400,1584,3,8.0,525,815575321,199,5,2000,516,176,True,1584,2396.5858188431926
ba,400,1584,3,8.0,526,3822128925,186,4,1600,523,174,True,1584,2396.5858188431926
ba,400,1584,3,8.0,527,176644874,180,4,1600,511,197,True,1584,2396.5858188431926
ba,400,1584,3,8.0,528,1818095719,185,4,1600,503,187,True,1584,2396.5858188431926
ba,400,1584,3,8.0,529,1504079356,183,5,2000,529,198,True,1584,2396.5858188431926
ba,400,1584,3,8.0,530,219438854,178,5,2000,530,197,True,1584,2396.5858188431926
ba,400,1584,3,8.0,531,47977229,175,3,1200,507,196,True,1584,2396.5858188431926
ba,400,1584,3,8.0,532,4104893496,211,5,2000,525,167,True,1584,2396.5858188431926
ba,400,1584,3,8.0,533,1367025170,173,4,1600,489,193,True,1584,2396.5858188431926
ba,400,1584,3,8.0,534,1140454560,185,4,1600,530,184,True,1584,2396.5858188431926
ba,400,1584,3,8.0,535,2117980301,201,5,2000,520,169,True,1584,2396.5858188431926
ba,400,1584,3,8.0,536,2225479052,172,5,2000,528,189,True,1584,2396.5858188431926
ba,400,1584,3,8.0,537,1238643120,178,4,1600,488,189,True,1584,2396.5858188431926
ba,400,1584,3,8.0,538,3857698776,186,4,1600,532,189,True,1584,2396.5858188431926
ba,400,1584,3,8.0,539,3932252291,172,5,2000,494,196,True,1584,2396.5858188431926
ba,400,1584,3,8.0,540,2983793530,193,4,1600,519,183,True,1584,2396.5858188431926
ba,400,1584,3,8.0,541,3349552343,211,5,2000,552,181,True,1584,2396.5858188431926
ba,400,1584,3,8.0,542,1987124998,186,4,1600,532,190,True,1584,2396.5858188431926
ba,400,1584,3,8.0,543,2580385378,172,5,2000,509,175,True,1584,2396.5858188431926
ba,400,1584,3,8.0,544,2897878607,183,5,2000,516,182,True,1584,2396.5858188431926
ba,400,1584,3,8.0,545,2158912346,193,6,2400,530,187,True,1584,2396.5858188431926
ba,400,1584,3,8.0,546,3820299374,169,3,1200,529,193,True,1584,2396.5858188431926
ba,400,1584,3,8.0,547,3902257945,181,6,2400,521,193,True,1584,2396.5858188431926
ba,400,1584,3,8.0,548,2375325435,178,4,1600,526,191,True,1584,2396.5858188431926
ba,400,1584,3,8.0,549,3540383879,181,5,2000,529,207,True,1584,2396.5858188431926
ba,400,1584,3,8.0,550,3287756829,192,4,1600,528,190,True,1584,2396.5858188431926
ba,400,1584,3,8.0,551,1912324834,168,5,2000,536,195,True,1584,2396.5858188431926
ba,400,1584,3,8.0,552,560288543,203,5,2000,523,169,True,1584,2396.5858188431926
ba,400,1584,3,8.0,553,2920491580,202,7,2800,530,182,True,1584,2396.5858188431926
ba,400,1584,3,8.0,554,1517643487,182,4,1600,547,206,True,1584,2396.5858188431926
ba,400,1584,3,8.0,555,3583067761,203,5,2000,534,173,True,1584,2396.5858188431926
ba,400,1584,3,8.0,556,3093076411,187,5,2000,519,177,True,1584,2396.5858188431926
ba,400,1584,3,8.0,557,1608426774,195,4,1600,527,200,True,1584,2396.5858188431926
ba,400,1584,3,8.0,558,4140039479,178,5,2000,533,202,True,1584,2396.5858188431926
ba,400,1584,3,8.0,559,288553408,197,5,2000,524,186,True,1584,2396.5858188431926
ba,400,1584,3,8.0,560,1374813574,218,4,1600,577,173,True,1584,2396.5858188431926
ba,400,1584,3,8.0,561,2083728675,173,5,2000,498,203,True,1584,2396.5858188431926
ba,400,1584,3,8.0,562,2156679654,174,4,1600,514,195,True,1584,2396.5858188431926
ba,400,1584,3,8.0,563,1194712394,194,5,2000,512,191,True,1584,2396.5858188431926
ba,400,1584,3,8.0,564,1463537044,217,5,2000,544,188,True,1584,2396.5858188431926
ba,400,1584,3,8.0,565,3264019326,182,5,2000,517,186,True,1584,2396.5858188431926
ba,400,1584,3,8.0,566,2773433802,183,5,2000,520,193,True,1584,2396.5858188431926
ba,400,1584,3,8.0,567,227924046,205,6,2400,526,190,True,1584,2396.5858188431926
ba,400,1584,3,8.0,568,652576645,165,5,2000,506,206,True,1584,2396.5858188431926
ba,400,1584,3,8.0,569,1477551128,200,4,1600,540,195,True,1584,2396.5858188431926
ba,400,1584,3,8.0,570,3143004564,199,5,2000,517,184,True,1584,2396.5858188431926
ba,400,1584,3,8.0,571,1569472253,190,4,1600,531,191,True,1584,2396.5858188431926
ba,400,1584,3,8.0,572,2683373312,197,4,1600,510,184,True,1584,2396.5858188431926
ba,400,1584,3,8.0,573,266320039,190,4,1600,530,185,True,1584,2396.5858188431926
ba,400,1584,3,8.0,574,640891769,203,4,1600,546,186,True,1584,2396.5858188431926
ba,400,1584,3,8.0,575,4269506104,187,5,2000,509,188,True,1584,2396.5858188431926
ba,400,1584,3,8.0,576,134121424,194,4,1600,529,189,True,1584,2396.5858188431926
ba,400,1584,3,8.0,577,1226984699,194,5,2000,536,181,True,1584,2396.5858188431926
ba,400,1584,3,8.0,578,3106135261,171,4,1600,502,195,True,1584,2396.5858188431926
ba,400,1584,3,8.0,579,145306294,187,4,1600,529,189,True,1584,2396.5858188431926
ba,400,1584,3,8.0,580,3430801799,195,4,1600,532,194,True,1584,2396.5858188431926
ba,400,1584,3,8.0,581,3497600838,175,5,2000,518,199,True,1584,2396.5858188431926
ba,400,1584,3,8.0,582,2912441910,215,5,2000,535,169,True,1584,2396.5858188431926
ba,400,1584,3,8.0,583,4162769990,199,4,1600,558,205,True,1584,2396.5858188431926
ba,400,1584,3,8.0,584,3068489,192,4,1600,519,187,True,1584,2396.5858188431926
ba,400,1584,3,8.0,585,4187388635,184,4,1600,528,205,True,1584,2396.5858188431926
ba,400,1584,3,8.0,586,4245191262,211,4,1600,574,181,True,1584,2396.5858188431926
ba,400,1584,3,8.0,587,3256630241,188,4,1600,529,181,True,1584,2396.5858188431926
ba,400,1584,3,8.0,588,3736985062,207,4,1600,559,186,True,1584,2396.5858188431926
ba,400,1584,3,8.0,589,13902620,206,5,2000,521,165,True,1584,2396.5858188431926
ba,400,1584,3,8.0,590,3315032678,222,5,2000,541,165,True,1584,2396.5858188431926
ba,400,1584,3,8.0,591,2901938771,178,5,2000,500,191,True,1584,2396.5858188431926
ba,400,1584,3,8.0,592,3327179736,191,4,1600,521,192,True,1584,2396.5858188431926
ba,400,1584,3,8.0,593,1540243010,190,5,2000,518,197,True,1584,2396.5858188431926
ba,400,1584,3,8.0,594,1509425967,188,5,2000,537,185,True,1584,2396.5858188431926
ba,400,1584,3,8.0,595,2279362478,191,4,1600,515,197,True,1584,2396.5858188431926
ba,400,1584,3,8.0,596,1062914040,193,4,1600,516,190,True,1584,2396.5858188431926
ba,400,1584,3,8.0,597,2853063623,195,5,2000,528,183,True,1584,2396.5858188431926
ba,400,1584,3,8.0,598,1131530534,190,5,2000,519,189,True,1584,2396.5858188431926
ba,400,1584,3,8.0,599,2657238059,206,6,2400,526,188,True,1584,2396.5858188431926
ba,400,1584,3,8.0,600,3018959654,188,4,1600,512,183,True,1584,2396.5858188431926
ba,400,1584,3,8.0,601,654898036,186,4,1600,529,186,True,1584,2396.5858188431926
ba,400,1584,3,8.0,602,1450649702,199,4,1600,518,173,True,1584,2396.5858188431926
ba,400,1584,3,8.0,603,2900945835,214,5,2000,591,196,True,1584,2396.5858188431926
ba,400,1584,3,8.0,604,882612767,169,4,1600,512,220,True,1584,2396.5858188431926
ba,400,1584,3,8.0,605,1194164442,199,5,2000,551,177,True,1584,2396.5858188431926
ba,400,1584,3,8.0,606,4289049482,190,5,2000,521,180,True,1584,2396.5858188431926
ba,400,1584,3,8.0,607,332849878,211,5,2000,550,183,True,1584,2396.5858188431926
ba,400,1584,3,8.0,608,4125593767,173,6,2400,501,199,True,1584,2396.5858188431926
ba,400,1584,3,8.0,609,2808669009,199,5,2000,514,175,True,1584,2396.5858188431926
ba,400,1584,3,8.0,610,4021855624,191,5,2000,526,199,True,1584,2396.5858188431926
ba,400,1584,3,8.0,611,923823941,206,6,2400,529,186,True,1584,2396.5858188431926
ba,400,1584,3,8.0,612,3893192754,184,7,2800,502,189,True,1584,2396.5858188431926
ba,400,1584,3,8.0,613,2166238426,190,4,1600,526,195,True,1584,2396.5858188431926
ba,400,1584,3,8.0,614,3891858341,195,4,1600,540,201,True,1584,2396.5858188431926
ba,400,1584,3,8.0,615,314115120,198,5,2000,540,194,True,1584,2396.5858188431926
ba,400,1584,3,8.0,616,3541476875,192,4,1600,532,176,True,1584,2396.5858188431926
ba,400,1584,3,8.0,617,4190897832,178,4,1600,531,191,True,1584,2396.5858188431926
ba,400,1584,3,8.0,618,1962660493,198,6,2400,535,176,True,1584,2396.5858188431926
ba,400,1584,3,8.0,619,1246861587,181,5,2000,540,202,True,1584,2396.5858188431926
ba,400,1584,3,8.0,620,1547075005,221,7,2800,537,171,True,1584,2396.5858188431926
ba,400,1584,3,8.0,621,400383498,194,6,2400,519,173,True,1584,2396.5858188431926
ba,400,1584,3,8.0,622,2965370522,186,5,2000,486,179,True,1584,2396.5858188431926
ba,400,1584,3,8.0,623,3342955277,166,4,1600,478,183,True,1584,2396.5858188431926
ba,400,1584,3,8.0,624,4229083159,203,4,1600,537,197,True,1584,2396.5858188431926
ba,400,1584,3,8.0,625,3747315741,185,5,2000,536,202,True,1584,2396.5858188431926
ba,400,1584,3,8.0,626,3125915450,184,4,1600,518,199,True,1584,2396.5858188431926
ba,400,1584,3,8.0,627,1351187279,193,4,1600,514,203,True,1584,2396.5858188431926
ba,400,1584,3,8.0,628,2245952400,183,4,1600,514,196,True,1584,2396.5858188431926
ba,400,1584,3,8.0,629,2687267691,184,5,2000,541,205,True,1584,2396.5858188431926
ba,400,1584,3,8.0,630,3014340586,194,4,1600,526,192,True,1584,2396.5858188431926
ba,400,1584,3,8.0,631,983744962,186,4,1600,529,205,True,1584,2396.5858188431926
ba,400,1584,3,8.0,632,3070102610,185,4,1600,514,174,True,1584,2396.5858188431926
ba,400,1584,3,8.0,633,1832493592,193,4,1600,529,198,True,1584,2396.5858188431926
ba,400,1584,3,8.0,634,4222998643,169,6,2400,503,193,True,1584,2396.5858188431926
ba,400,1584,3,8.0,635,2977446825,177,5,2000,502,203,True,1584,2396.5858188431926
ba,400,1584,3,8.0,636,1910778723,179,3,1200,523,203,True,1584,2396.5858188431926
ba,400,1584,3,8.0,637,580300660,191,6,2400,530,182,True,1584,2396.5858188431926
ba,400,1584,3,8.0,638,997972052,188,4,1600,531,194,True,1584,2396.5858188431926
ba,400,1584,3,8.0,639,3104783520,181,5,2000,520,202,True,1584,2396.5858188431926
ba,400,1584,3,8.0,640,92441304,173,5,2000,481,179,True,1584,2396.5858188431926
ba,400,1584,3,8.0,641,2581333432,182,4,1600,530,205,True,1584,2396.5858188431926
ba,400,1584,3,8.0,642,1160805747,189,4,1600,545,196,True,1584,2396.5858188431926
ba,400,1584,3,8.0,643,3419369037,186,4,1600,536,192,True,1584,2396.5858188431926
ba,400,1584,3,8.0,644,2928991496,205,4,1600,550,185,True,1584,2396.5858188431926
ba,400,1584,3,8.0,645,509720366,204,5,2000,545,185,True,1584,2396.5858188431926
ba,400,1584,3,8.0,646,1492609187,178,4,1600,526,193,True,1584,2396.5858188431926
ba,400,1584,3,8.0,647,766644427,213,6,2400,571,191,True,1584,2396.5858188431926
ba,400,1584,3,8.0,648,2013060568,180,4,1600,512,189,True,1584,2396.5858188431926
ba,400,1584,3,8.0,649,1216788199,185,6,2400,504,178,True,1584,2396.5858188431926
ba,400,1584,3,8.0,650,2345282540,208,6,2400,543,197,True,1584,2396.5858188431926
ba,400,1584,3,8.0,651,3080414019,183,4,1600,507,182,True,1584,2396.5858188431926
ba,400,1584,3,8.0,652,3403672989,195,4,1600,501,180,True,1584,2396.5858188431926
ba,400,1584,3,8.0,653,2709104237,191,5,2000,516,185,True,1584,2396.5858188431926
ba,400,1584,3,8.0,654,3850790317,174,4,1600,511,177,True,1584,2396.5858188431926
ba,400,1584,3,8.0,655,3466794626,190,5,2000,560,211,True,1584,2396.5858188431926
ba,400,1584,3,8.0,656,1468567088,191,5,2000,527,173,True,1584,2396.5858188431926
ba,400,1584,3,8.0,657,1227403774,196,4,1600,522,186,True,1584,2396.5858188431926
ba,400,1584,3,8.0,658,125726835,198,5,2000,527,164,True,1584,2396.5858188431926
ba,400,1584,3,8.0,659,2603971216,186,4,1600,511,193,True,1584,2396.5858188431926
ba,400,1584,3,8.0,660,3625066932,171,5,2000,504,187,True,1584,2396.5858188431926
ba,400,1584,3,8.0,661,959305578,194,4,1600,529,191,True,1584,2396.5858188431926
ba,400,1584,3,8.0,662,4133277337,181,4,1600,520,196,True,1584,2396.5858188431926
ba,400,1584,3,8.0,663,225180797,188,5,2000,541,191,True,1584,2396.5858188431926
ba,400,1584,3,8.0,664,3059893464,193,5,2000,530,194,True,1584,2396.5858188431926
ba,400,1584,3,8.0,665,2792810664,183,4,1600,506,209,True,1584,2396.5858188431926
ba,400,1584,3,8.0,666,1167038277,184,5,2000,542,184,True,1584,2396.5858188431926
ba,400,1584,3,8.0,667,1412281602,177,4,1600,539,192,True,1584,2396.5858188431926
ba,400,1584,3,8.0,668,429378023,199,5,2000,546,184,True,1584,2396.5858188431926
ba,400,1584,3,8.0,669,2870850961,199,4,1600,542,176,True,1584,2396.5858188431926
ba,400,1584,3,8.0,670,3806454662,187,5,2000,517,193,True,1584,2396.5858188431926
ba,400,1584,3,8.0,671,2325864360,202,5,2000,538,181,True,1584,2396.5858188431926
ba,400,1584,3,8.0,672,1084174840,194,5,2000,522,191,True,1584,2396.5858188431926
ba,400,1584,3,8.0,673,2380519119,195,6,2400,520,176,True,1584,2396.5858188431926
ba,400,1584,3,8.0,674,3827848944,179,5,2000,510,195,True,1584,2396.5858188431926
ba,400,1584,3,8.0,675,3906534753,165,4,1600,515,212,True,1584,2396.5858188431926
ba,400,1584,3,8.0,676,1957657050,157,4,1600,503,218,True,1584,2396.5858188431926
ba,400,1584,3,8.0,677,59540672,186,4,1600,531,200,True,1584,2396.5858188431926
ba,400,1584,3,8.0,678,1780247665,178,6,2400,517,197,True,1584,2396.5858188431926
ba,400,1584,3,8.0,679,2568444924,184,6,2400,529,197,True,1584,2396.5858188431926
ba,400,1584,3,8.0,680,197183006,191,4,1600,510,190,True,1584,2396.5858188431926
ba,400,1584,3,8.0,681,1725374628,200,6,2400,534,171,True,1584,2396.5858188431926
ba,400,1584,3,8.0,682,3715613878,208,5,2000,546,191,True,1584,2396.5858188431926
ba,400,1584,3,8.0,683,1463022825,211,5,2000,540,175,True,1584,2396.5858188431926
ba,400,1584,3,8.0,684,1758606838,193,6,2400,513,182,True,1584,2396.5858188431926
ba,400,1584,3,8.0,685,3865100985,190,4,1600,544,188,True,1584,2396.5858188431926
ba,400,1584,3,8.0,686,266706627,181,5,2000,504,181,True,1584,2396.5858188431926
ba,400,1584,3,8.0,687,823222302,180,4,1600,539,188,True,1584,2396.5858188431926
ba,400,1584,3,8.0,688,1625570249,204,4,1600,528,178,True,1584,2396.5858188431926
ba,400,1584,3,8.0,689,52726859,186,5,2000,527,196,True,1584,2396.5858188431926
ba,400,1584,3,8.0,690,3753832648,199,8,3200,519,180,True,1584,2396.5858188431926
ba,400,1584,3,8.0,691,3081402942,194,5,2000,529,162,True,1584,2396.5858188431926
ba,400,1584,3,8.0,692,948905810,190,5,2000,543,209,True,1584,2396.5858188431926
ba,400,1584,3,8.0,693,1370026193,189,8,3200,524,187,True,1584,2396.5858188431926
ba,400,1584,3,8.0,694,1240442766,181,4,1600,543,196,True,1584,2396.5858188431926
ba,400,1584,3,8.0,695,3389437686,197,4,1600,541,199,True,1584,2396.5858188431926
ba,400,1584,3,8.0,696,410185769,199,6,2400,556,179,True,1584,2396.5858188431926
ba,400,1584,3,8.0,697,96280357,181,4,1600,547,200,True,1584,2396.5858188431926
ba,400,1584,3,8.0,698,2413869069,186,5,2000,514,187,True,1584,2396.5858188431926
ba,400,1584,3,8.0,699,2368640650,197,6,2400,559,192,True,1584,2396.5858188431926
ba,400,1584,3,8.0,700,1809979878,185,4,1600,523,192,True,1584,2396.5858188431926
ba,400,1584,3,8.0,701,854344613,182,4,1600,511,176,True,1584,2396.5858188431926
ba,400,1584,3,8.0,702,1441651574,182,4,1600,527,183,True,1584,2396.5858188431926
ba,400,1584,3,8.0,703,2638207226,199,5,2000,535,175,True,1584,2396.5858188431926
ba,400,1584,3,8.0,704,3059289201,190,5,2000,522,182,True,1584,2396.5858188431926
ba,400,1584,3,8.0,705,1647868566,209,5,2000,547,170,True,1584,2396.5858188431926
ba,400,1584,3,8.0,706,3239389665,174,4,1600,507,193,True,1584,2396.5858188431926
ba,400,1584,3,8.0,707,3192204255,190,5,2000,531,180,True,1584,2396.5858188431926
ba,400,1584,3,8.0,708,476731420,179,5,2000,517,205,True,1584,2396.5858188431926
ba,400,1584,3,8.0,709,3197788345,182,5,2000,533,178,True,1584,2396.5858188431926
ba,400,1584,3,8.0,710,2858281575,188,4,1600,520,185,True,1584,2396.5858188431926
ba,400,1584,3,8.0,711,3853751548,189,4,1600,542,199,True,1584,2396.5858188431926
ba,400,1584,3,8.0,712,3119711195,179,4,1600,512,189,True,1584,2396.5858188431926
ba,400,1584,3,8.0,713,3386148330,212,7,2800,536,179,True,1584,2396.5858188431926
ba,400,1584,3,8.0,714,4006584733,208,4,1600,558,192,True,1584,2396.5858188431926
ba,400,1584,3,8.0,715,3729379081,196,5,2000,535,190,True,1584,2396.5858188431926
ba,400,1584,3,8.0,716,3842165482,183,5,2000,515,186,True,1584,2396.5858188431926
ba,400,1584,3,8.0,717,1527505067,212,7,2800,564,169,True,1584,2396.5858188431926
ba,400,1584,3,8.0,718,669609872,203,5,2000,533,186,True,1584,2396.5858188431926
ba,400,1584,3,8.0,719,1972972559,203,3,1200,560,176,True,1584,2396.5858188431926
ba,400,1584,3,8.0,720,2601742975,175,4,1600,513,203,True,1584,2396.5858188431926
ba,400,1584,3,8.0,721,3907151555,207,6,2400,560,175,True,1584,2396.5858188431926
ba,400,1584,3,8.0,722,3850517557,196,5,2000,535,193,True,1584,2396.5858188431926
ba,400,1584,3,8.0,723,736523094,179,4,1600,516,191,True,1584,2396.5858188431926
ba,400,1584,3,8.0,724,1334393325,189,4,1600,524,180,True,1584,2396.5858188431926
ba,400,1584,3,8.0,725,256758248,207,5,2000,523,170,True,1584,2396.5858188431926
ba,400,1584,3,8.0,726,3595238936,205,6,2400,532,187,True,1584,2396.5858188431926
ba,400,1584,3,8.0,727,3758028990,179,4,1600,504,188,True,1584,2396.5858188431926
ba,400,1584,3,8.0,728,2794063748,196,5,2000,538,191,True,1584,2396.5858188431926
ba,400,1584,3,8.0,729,3865793455,176,4,1600,512,185,True,1584,2396.5858188431926
ba,400,1584,3,8.0,730,373357378,204,4,1600,547,181,True,1584,2396.5858188431926
ba,400,1584,3,8.0,731,4244080756,191,4,1600,538,204,True,1584,2396.5858188431926
ba,400,1584,3,8.0,732,622758907,199,5,2000,522,181,True,1584,2396.5858188431926
ba,400,1584,3,8.0,733,4219090052,194,5,2000,515,177,True,1584,2396.5858188431926
ba,400,1584,3,8.0,734,3483548120,201,5,2000,535,171,True,1584,2396.5858188431926
ba,400,1584,3,8.0,735,1429409588,186,5,2000,523,191,True,1584,2396.5858188431926
ba,400,1584,3,8.0,736,2330710615,179,7,2800,518,185,True,1584,2396.5858188431926
ba,400,1584,3,8.0,737,3932952774,208,5,2000,560,183,True,1584,2396.5858188431926
ba,400,1584,3,8.0,738,2621740534,166,4,1600,503,210,True,1584,2396.5858188431926
ba,400,1584,3,8.0,739,2527659964,179,5,2000,514,188,True,1584,2396.5858188431926
ba,400,1584,3,8.0,740,2658597834,170,5,2000,505,187,True,1584,2396.5858188431926
ba,400,1584,3,8.0,741,1446417103,197,5,2000,536,181,True,1584,2396.5858188431926
ba,400,1584,3,8.0,742,2658562543,193,4,1600,534,187,True,1584,2396.5858188431926
ba,400,1584,3,8.0,743,4174427587,205,4,1600,518,201,True,1584,2396.5858188431926
ba,400,1584,3,8.0,744,1017101187,199,4,1600,545,194,True,1584,2396.5858188431926
ba,400,1584,3,8.0,745,3845945743,188,5,2000,526,178,True,1584,2396.5858188431926
ba,400,1584,3,8.0,746,154307409,200,5,2000,497,175,True,1584,2396.5858188431926
ba,400,1584,3,8.0,747,2722505853,173,4,1600,517,196,True,1584,2396.5858188431926
ba,400,1584,3,8.0,748,3100329061,180,4,1600,532,210,True,1584,2396.5858188431926
ba,400,1584,3,8.0,749,3209582215,194,7,2800,553,191,True,1584,2396.5858188431926
ba,400,1584,3,8.0,750,218536620,189,5,2000,521,194,True,1584,2396.5858188431926
ba,400,1584,3,8.0,751,4084224649,190,5,2000,511,192,True,1584,2396.5858188431926
ba,400,1584,3,8.0,752,2200107675,231,5,2000,579,177,True,1584,2396.5858188431926
ba,400,1584,3,8.0,753,2321772774,193,6,2400,554,173,True,1584,2396.5858188431926
ba,400,1584,3,8.0,754,3322296348,208,5,2000,520,167,True,1584,2396.5858188431926
ba,400,1584,3,8.0,755,810029294,181,4,1600,510,190,True,1584,2396.5858188431926
ba,400,1584,3,8.0,756,472172348,173,4,1600,517,192,True,1584,2396.5858188431926
ba,400,1584,3,8.0,757,1448732194,178,4,1600,527,193,True,1584,2396.5858188431926
ba,400,1584,3,8.0,758,915855986,196,5,2000,551,196,True,1584,2396.5858188431926
ba,400,1584,3,8.0,759,2007011753,189,5,2000,504,179,True,1584,2396.5858188431926
ba,400,1584,3,8.0,760,2461477252,205,4,1600,553,209,True,1584,2396.5858188431926
ba,400,1584,3,8.0,761,1263191766,193,6,2400,536,198,True,1584,2396.5858188431926
ba,400,1584,3,8.0,762,2318802281,182,4,1600,500,178,True,1584,2396.5858188431926
ba,400,1584,3,8.0,763,208489794,184,4,1600,528,192,True,1584,2396.5858188431926
ba,400,1584,3,8.0,764,3388752228,185,5,2000,520,191,True,1584,2396.5858188431926
ba,400,1584,3,8.0,765,2014780541,189,4,1600,546,177,True,1584,2396.5858188431926
ba,400,1584,3,8.0,766,2072115874,191,4,1600,525,198,True,1584,2396.5858188431926
ba,400,1584,3,8.0,767,276148624,182,4,1600,535,192,True,1584,2396.5858188431926
ba,400,1584,3,8.0,768,4155787855,194,4,1600,536,180,True,1584,2396.5858188431926
ba,400,1584,3,8.0,769,4094574601,195,4,1600,529,195,True,1584,2396.5858188431926
ba,400,1584,3,8.0,770,2166809497,196,7,2800,499,169,True,1584,2396.5858188431926
ba,400,1584,3,8.0,771,4245934165,193,5,2000,538,202,True,1584,2396.5858188431926
ba,400,1584,3,8.0,772,393627406,185,4,1600,487,184,True,1584,2396.5858188431926
ba,400,1584,3,8.0,773,1014719582,185,5,2000,496,195,True,1584,2396.5858188431926
ba,400,1584,3,8.0,774,1231696965,198,6,2400,535,188,True,1584,2396.5858188431926
ba,400,1584,3,8.0,775,2857256805,179,5,2000,507,202,True,1584,2396.5858188431926
ba,400,1584,3,8.0,776,276655198,186,4,1600,532,194,True,1584,2396.5858188431926
ba,400,1584,3,8.0,777,1194210924,187,5,2000,513,195,True,1584,2396.5858188431926
ba,400,1584,3,8.0,778,2391612092,194,4,1600,520,187,True,1584,2396.5858188431926
ba,400,1584,3,8.0,779,3280906966,197,4,1600,512,178,True,1584,2396.5858188431926
ba,400,1584,3,8.0,780,2528827534,199,8,3200,547,184,True,1584,2396.5858188431926
ba,400,1584,3,8.0,781,1180746703,208,4,1600,553,184,True,1584,2396.5858188431926
ba,400,1584,3,8.0,782,1912490074,195,7,2800,529,185,True,1584,2396.5858188431926
ba,400,1584,3,8.0,783,1970308845,184,4,1600,517,190,True,1584,2396.5858188431926
ba,400,1584,3,8.0,784,918644508,171,5,2000,526,197,True,1584,2396.5858188431926
ba,400,1584,3,8.0,785,4240271461,174,4,1600,533,201,True,1584,2396.5858188431926
ba,400,1584,3,8.0,786,1081160201,178,4,1600,506,191,True,1584,2396.5858188431926
ba,400,1584,3,8.0,787,1534414899,205,4,1600,552,197,True,1584,2396.5858188431926
ba,400,1584,3,8.0,788,1729791443,181,5,2000,486,187,True,1584,2396.5858188431926
ba,400,1584,3,8.0,789,2932937182,183,4,1600,522,194,True,1584,2396.5858188431926
ba,400,1584,3,8.0,790,69476783,192,4,1600,535,192,True,1584,2396.5858188431926
ba,400,1584,3,8.0,791,3779614401,194,6,2400,536,185,True,1584,2396.5858188431926
ba,400,1584,3,8.0,792,427792799,162,5,2000,491,196,True,1584,2396.5858188431926
ba,400,1584,3,8.0,793,481013737,192,5,2000,501,183,True,1584,2396.5858188431926
ba,400,1584,3,8.0,794,3154650879,197,5,2000,520,192,True,1584,2396.5858188431926
ba,400,1584,3,8.0,795,3782995381,194,5,2000,563,187,True,1584,2396.5858188431926
ba,400,1584,3,8.0,796,1741060086,176,4,1600,502,189,True,1584,2396.5858188431926
ba,400,1584,3,8.0,797,2621947975,206,5,2000,530,191,True,1584,2396.5858188431926
ba,400,1584,3,8.0,798,2167299704,184,4,1600,499,175,True,1584,2396.5858188431926
ba,400,1584,3,8.0,799,583130931,176,4,1600,509,194,True,1584,2396.5858188431926
ba,400,1584,3,8.0,800,3694232631,193,5,2000,531,183,True,1584,2396.5858188431926
ba,400,1584,3,8.0,801,698058220,213,5,2000,533,181,True,1584,2396.5858188431926
ba,400,1584,3,8.0,802,3179570316,205,6,2400,539,189,True,1584,2396.5858188431926
ba,400,1584,3,8.0,803,900436832,197,4,1600,501,176,True,1584,2396.5858188431926
ba,400,1584,3,8.0,804,1167561902,188,5,2000,521,190,True,1584,2396.5858188431926
ba,400,1584,3,8.0,805,2192954624,208,5,2000,569,193,True,1584,2396.5858188431926
ba,400,1584,3,8.0,806,2298977330,201,6,2400,518,164,True,1584,2396.5858188431926
ba,400,1584,3,8.0,807,218074552,177,5,2000,534,193,True,1584,2396.5858188431926
ba,400,1584,3,8.0,808,2340912208,179,4,1600,487,191,True,1584,2396.5858188431926
ba,400,1584,3,8.0,809,1333690110,189,4,1600,503,197,True,1584,2396.5858188431926
ba,400,1584,3,8.0,810,3884185343,196,4,1600,546,193,True,1584,2396.5858188431926
ba,400,1584,3,8.0,811,298776766,167,4,1600,522,211,True,1584,2396.5858188431926
ba,400,1584,3,8.0,812,2223509751,212,5,2000,537,176,True,1584,2396.5858188431926
ba,400,1584,3,8.0,813,2197999857,201,6,2400,524,180,True,1584,2396.5858188431926
ba,400,1584,3,8.0,814,2264482642,178,3,1200,516,194,True,1584,2396.5858188431926
ba,400,1584,3,8.0,815,317101522,190,5,2000,539,176,True,1584,2396.5858188431926
ba,400,1584,3,8.0,816,847265335,206,6,2400,560,182,True,1584,2396.5858188431926
ba,400,1584,3,8.0,817,3658189350,180,4,1600,528,197,True,1584,2396.5858188431926
ba,400,1584,3,8.0,818,1618550226,172,4,1600,495,189,True,1584,2396.5858188431926
ba,400,1584,3,8.0,819,1357778096,178,4,1600,540,202,True,1584,2396.5858188431926
ba,400,1584,3,8.0,820,169374797,193,4,1600,545,190,True,1584,2396.5858188431926
ba,400,1584,3,8.0,821,526171766,194,5,2000,512,179,True,1584,2396.5858188431926
ba,400,1584,3,8.0,822,146068873,198,4,1600,520,197,True,1584,2396.5858188431926
ba,400,1584,3,8.0,823,1100514874,197,5,2000,549,197,True,1584,2396.5858188431926
ba,400,1584,3,8.0,824,1275061673,204,5,2000,566,194,True,1584,2396.5858188431926
ba,400,1584,3,8.0,825,2226642731,190,4,1600,512,198,True,1584,2396.5858188431926
ba,400,1584,3,8.0,826,3034322521,192,6,2400,504,185,True,1584,2396.5858188431926
ba,400,1584,3,8.0,827,411395566,212,6,2400,588,179,True,1584,2396.5858188431926
ba,400,1584,3,8.0,828,58281385,190,6,2400,520,189,True,1584,2396.5858188431926
ba,400,1584,3,8.0,829,3519444985,191,7,2800,557,202,True,1584,2396.5858188431926
ba,400,1584,3,8.0,830,3256003286,197,5,2000,528,181,True,1584,2396.5858188431926
ba,400,1584,3,8.0,831,1261180712,192,4,1600,530,195,True,1584,2396.5858188431926
ba,400,1584,3,8.0,832,3784482465,192,4,1600,525,184,True,1584,2396.5858188431926
ba,400,1584,3,8.0,833,2806644574,200,5,2000,541,181,True,1584,2396.5858188431926
ba,400,1584,3,8.0,834,3589719526,194,4,1600,523,195,True,1584,2396.5858188431926
ba,400,1584,3,8.0,835,1506917202,207,5,2000,555,188,True,1584,2396.5858188431926
ba,400,1584,3,8.0,836,3901873340,193,5,2000,542,193,True,1584,2396.5858188431926
ba,400,1584,3,8.0,837,1425924792,176,4,1600,494,195,True,1584,2396.5858188431926
ba,400,1584,3,8.0,838,1221876363,187,4,1600,501,175,True,1584,2396.5858188431926
ba,400,1584,3,8.0,839,917973677,191,4,1600,563,186,True,1584,2396.5858188431926
ba,400,1584,3,8.0,840,952603804,160,3,1200,481,210,True,1584,2396.5858188431926
ba,400,1584,3,8.0,841,2880806880,193,4,1600,550,194,True,1584,2396.5858188431926
ba,400,1584,3,8.0,842,1588126379,192,4,1600,515,182,True,1584,2396.5858188431926
ba,400,1584,3,8.0,843,3392432731,197,6,2400,518,182,True,1584,2396.5858188431926
ba,400,1584,3,8.0,844,2122824414,204,5,2000,526,184,True,1584,2396.5858188431926
ba,400,1584,3,8.0,845,3289589204,199,6,2400,540,181,True,1584,2396.5858188431926
ba,400,1584,3,8.0,846,3915146967,217,5,2000,539,171,True,1584,2396.5858188431926
ba,400,1584,3,8.0,847,751904580,200,3,1200,534,189,True,1584,2396.5858188431926
ba,400,1584,3,8.0,848,1621518542,185,6,2400,517,189,True,1584,2396.5858188431926
ba,400,1584,3,8.0,849,832280996,212,6,2400,552,177,True,1584,2396.5858188431926
ba,400,1584,3,8.0,850,1200081460,180,4,1600,540,187,True,1584,2396.5858188431926
ba,400,1584,3,8.0,851,2626602595,214,5,2000,536,179,True,1584,2396.5858188431926
ba,400,1584,3,8.0,852,456268055,185,4,1600,532,201,True,1584,2396.5858188431926
ba,400,1584,3,8.0,853,402266283,198,4,1600,517,202,True,1584,2396.5858188431926
ba,400,1584,3,8.0,854,1036823288,170,5,2000,493,189,True,1584,2396.5858188431926
ba,400,1584,3,8.0,855,360900840,188,4,1600,511,184,True,1584,2396.5858188431926
ba,400,1584,3,8.0,856,3370384473,185,4,1600,530,194,True,1584,2396.5858188431926
ba,400,1584,3,8.0,857,1265028898,187,4,1600,556,206,True,1584,2396.5858188431926
ba,400,1584,3,8.0,858,1735363337,209,5,2000,565,194,True,1584,2396.5858188431926
ba,400,1584,3,8.0,859,2600974819,200,4,1600,531,189,True,1584,2396.5858188431926
ba,400,1584,3,8.0,860,2882098852,193,4,1600,496,171,True,1584,2396.5858188431926
ba,400,1584,3,8.0,861,3643798003,193,4,1600,540,191,True,1584,2396.5858188431926
ba,400,1584,3,8.0,862,3839626108,189,4,1600,535,167,True,1584,2396.5858188431926
ba,400,1584,3,8.0,863,1306864785,195,5,2000,520,181,True,1584,2396.5858188431926
ba,400,1584,3,8.0,864,2096546581,178,5,2000,511,179,True,1584,2396.5858188431926
ba,400,1584,3,8.0,865,3404824969,194,4,1600,550,206,True,1584,2396.5858188431926
ba,400,1584,3,8.0,866,2892789076,169,4,1600,503,204,True,1584,2396.5858188431926
ba,400,1584,3,8.0,867,2289811372,194,4,1600,540,211,True,1584,2396.5858188431926
ba,400,1584,3,8.0,868,3975662420,182,7,2800,508,188,True,1584,2396.5858188431926
ba,400,1584,3,8.0,869,1350175111,180,6,2400,520,202,True,1584,2396.5858188431926
ba,400,1584,3,8.0,870,3385008680,205,4,1600,526,192,True,1584,2396.5858188431926
ba,400,1584,3,8.0,871,1510742973,194,4,1600,533,186,True,1584,2396.5858188431926
ba,400,1584,3,8.0,872,3048526727,190,4,1600,519,188,True,1584,2396.5858188431926
ba,400,1584,3,8.0,873,45097952,196,4,1600,523,167,True,1584,2396.5858188431926
ba,400,1584,3,8.0,874,1800569438,192,5,2000,518,191,True,1584,2396.5858188431926
ba,400,1584,3,8.0,875,3998940394,204,5,2000,540,182,True,1584,2396.5858188431926
ba,400,1584,3,8.0,876,1081870793,191,5,2000,496,182,True,1584,2396.5858188431926
ba,400,1584,3,8.0,877,2215775681,196,6,2400,518,193,True,1584,2396.5858188431926
ba,400,1584,3,8.0,878,4143380519,194,5,2000,538,197,True,1584,2396.5858188431926
ba,400,1584,3,8.0,879,108480403,190,4,1600,524,202,True,1584,2396.5858188431926
ba,400,1584,3,8.0,880,3608776851,195,4,1600,538,188,True,1584,2396.5858188431926
ba,400,1584,3,8.0,881,1715089360,211,5,2000,535,181,True,1584,2396.5858188431926
ba,400,1584,3,8.0,882,3029945150,165,3,1200,518,189,True,1584,2396.5858188431926
ba,400,1584,3,8.0,883,2843409087,193,6,2400,482,177,True,1584,2396.5858188431926
ba,400,1584,3,8.0,884,3599305183,188,5,2000,512,188,True,1584,2396.5858188431926
ba,400,1584,3,8.0,885,2008806529,175,4,1600,516,191,True,1584,2396.5858188431926
ba,400,1584,3,8.0,886,1496169003,217,4,1600,531,185,True,1584,2396.5858188431926
ba,400,1584,3,8.0,887,1869256263,223,7,2800,517,178,True,1584,2396.5858188431926
ba,400,1584,3,8.0,888,3670882391,196,5,2000,530,179,True,1584,2396.5858188431926
ba,400,1584,3,8.0,889,1099015726,195,4,1600,534,193,True,1584,2396.5858188431926
ba,400,1584,3,8.0,890,2160277605,195,5,2000,527,186,True,1584,2396.5858188431926
ba,400,1584,3,8.0,891,786191065,188,4,1600,517,201,True,1584,2396.5858188431926
ba,400,1584,3,8.0,892,2317407903,191,4,1600,526,181,True,1584,2396.5858188431926
ba,400,1584,3,8.0,893,2346646695,194,4,1600,538,167,True,1584,2396.5858188431926
ba,400,1584,3,8.0,894,1372472980,206,5,2000,547,182,True,1584,2396.5858188431926
ba,400,1584,3,8.0,895,1787562443,185,5,2000,506,177,True,1584,2396.5858188431926
ba,400,1584,3,8.0,896,3672852263,177,4,1600,550,217,True,1584,2396.5858188431926
ba,400,1584,3,8.0,897,1843325058,199,5,2000,543,188,True,1584,2396.5858188431926
ba,400,1584,3,8.0,898,3288855080,196,5,2000,514,183,True,1584,2396.5858188431926
ba,400,1584,3,8.0,899,3923702041,179,5,2000,513,195,True,1584,2396.5858188431926
ba,400,1584,3,8.0,900,1337877795,195,5,2000,527,188,True,1584,2396.5858188431926
ba,400,1584,3,8.0,901,2380663327,164,4,1600,506,197,True,1584,2396.5858188431926
ba,400,1584,3,8.0,902,3361886686,215,4,1600,550,189,True,1584,2396.5858188431926
ba,400,1584,3,8.0,903,3756331427,186,4,1600,529,191,True,1584,2396.5858188431926
ba,400,1584,3,8.0,904,3772338682,198,6,2400,509,189,True,1584,2396.5858188431926
ba,400,1584,3,8.0,905,3140583891,185,4,1600,539,184,True,1584,2396.5858188431926
ba,400,1584,3,8.0,906,1265201335,188,4,1600,517,181,True,1584,2396.5858188431926
ba,400,1584,3,8.0,907,1859587395,211,5,2000,538,193,True,1584,2396.5858188431926
ba,400,1584,3,8.0,908,45855372,203,5,2000,560,193,True,1584,2396.5858188431926
ba,400,1584,3,8.0,909,1591295150,191,4,1600,525,182,True,1584,2396.5858188431926
ba,400,1584,3,8.0,910,4078439448,183,4,1600,515,188,True,1584,2396.5858188431926
ba,400,1584,3,8.0,911,3616583919,195,5,2000,530,186,True,1584,2396.5858188431926
ba,400,1584,3,8.0,912,837852234,188,5,2000,532,199,True,1584,2396.5858188431926
ba,400,1584,3,8.0,913,2219241592,212,7,2800,526,175,True,1584,2396.5858188431926
ba,400,1584,3,8.0,914,1250849597,193,4,1600,538,195,True,1584,2396.5858188431926
ba,400,1584,3,8.0,915,3142640878,197,7,2800,521,180,True,1584,2396.5858188431926
ba,400,1584,3,8.0,916,655020365,185,5,2000,519,184,True,1584,2396.5858188431926
ba,400,1584,3,8.0,917,3764587450,191,9,3600,528,184,True,1584,2396.5858188431926
ba,400,1584,3,8.0,918,4247349051,197,5,2000,531,195,True,1584,2396.5858188431926
ba,400,1584,3,8.0,919,2344743047,203,5,2000,564,200,True,1584,2396.5858188431926
ba,400,1584,3,8.0,920,3055020708,202,5,2000,571,187,True,1584,2396.5858188431926
ba,400,1584,3,8.0,921,2376820341,192,4,1600,529,188,True,1584,2396.5858188431926
ba,400,1584,3,8.0,922,1297452566,192,4,1600,527,186,True,1584,2396.5858188431926
ba,400,1584,3,8.0,923,3310934089,194,5,2000,505,185,True,1584,2396.5858188431926
ba,400,1584,3,8.0,924,431436341,199,4,1600,541,184,True,1584,2396.5858188431926
ba,400,1584,3,8.0,925,3507177237,225,6,2400,577,185,True,1584,2396.5858188431926
ba,400,1584,3,8.0,926,3027687982,189,5,2000,530,194,True,1584,2396.5858188431926
ba,400,1584,3,8.0,927,2296653426,184,4,1600,520,191,True,1584,2396.5858188431926
ba,400,1584,3,8.0,928,4107552347,209,5,2000,550,199,True,1584,2396.5858188431926
ba,400,1584,3,8.0,929,2794784532,180,4,1600,513,186,True,1584,2396.5858188431926
ba,400,1584,3,8.0,930,144579248,183,4,1600,519,185,True,1584,2396.5858188431926
ba,400,1584,3,8.0,931,920350535,201,5,2000,535,182,True,1584,2396.5858188431926
ba,400,1584,3,8.0,932,944498150,205,4,1600,559,192,True,1584,2396.5858188431926
ba,400,1584,3,8.0,933,646054554,188,4,1600,516,201,True,1584,2396.5858188431926
ba,400,1584,3,8.0,934,978607993,203,5,2000,563,194,True,1584,2396.5858188431926
ba,400,1584,3,8.0,935,1457369684,189,5,2000,519,201,True,1584,2396.5858188431926
ba,400,1584,3,8.0,936,3042162767,192,5,2000,528,191,True,1584,2396.5858188431926
ba,400,1584,3,8.0,937,275267604,192,4,1600,527,207,True,1584,2396.5858188431926
ba,400,1584,3,8.0,938,554728259,196,6,2400,531,188,True,1584,2396.5858188431926
ba,400,1584,3,8.0,939,2893487221,188,4,1600,544,201,True,1584,2396.5858188431926
ba,400,1584,3,8.0,940,1975202570,218,5,2000,556,186,True,1584,2396.5858188431926
ba,400,1584,3,8.0,941,311602999,204,5,2000,561,188,True,1584,2396.5858188431926
ba,400,1584,3,8.0,942,1907657019,181,5,2000,529,201,True,1584,2396.5858188431926
ba,400,1584,3,8.0,943,2693590362,212,6,2400,544,168,True,1584,2396.5858188431926
ba,400,1584,3,8.0,944,1897889464,189,8,3200,544,190,True,1584,2396.5858188431926
ba,400,1584,3,8.0,945,1959646102,191,4,1600,527,199,True,1584,2396.5858188431926
ba,400,1584,3,8.0,946,4110065497,214,7,2800,534,191,True,1584,2396.5858188431926
ba,400,1584,3,8.0,947,1303139443,188,4,1600,506,189,True,1584,2396.5858188431926
ba,400,1584,3,8.0,948,1833779858,189,4,1600,506,187,True,1584,2396.5858188431926
ba,400,1584,3,8.0,949,473395291,186,4,1600,530,192,True,1584,2396.5858188431926
ba,400,1584,3,8.0,950,3949527560,192,5,2000,513,178,True,1584,2396.5858188431926
ba,400,1584,3,8.0,951,62620223,184,5,2000,516,193,True,1584,2396.5858188431926
ba,400,1584,3,8.0,952,1185214152,206,4,1600,527,183,True,1584,2396.5858188431926
ba,400,1584,3,8.0,953,1982814645,183,5,2000,503,190,True,1584,2396.5858188431926
ba,400,1584,3,8.0,954,83139406,187,4,1600,517,187,True,1584,2396.5858188431926
ba,400,1584,3,8.0,955,799285000,191,6,2400,535,191,True,1584,2396.5858188431926
ba,400,1584,3,8.0,956,3709330505,189,6,2400,507,188,True,1584,2396.5858188431926
ba,400,1584,3,8.0,957,211474637,195,5,2000,544,188,True,1584,2396.5858188431926
ba,400,1584,3,8.0,958,1995599768,184,4,1600,527,197,True,1584,2396.5858188431926
ba,400,1584,3,8.0,959,680872685,197,4,1600,526,192,True,1584,2396.5858188431926
ba,400,1584,3,8.0,960,2398107787,186,4,1600,520,193,True,1584,2396.5858188431926
ba,400,1584,3,8.0,961,3783523699,191,4,1600,539,208,True,1584,2396.5858188431926
ba,400,1584,3,8.0,962,2136106721,185,4,1600,526,188,True,1584,2396.5858188431926
ba,400,1584,3,8.0,963,3670030061,185,5,2000,513,196,True,1584,2396.5858188431926
ba,400,1584,3,8.0,964,1157781446,185,6,2400,515,188,True,1584,2396.5858188431926
ba,400,1584,3,8.0,965,2107717186,177,4,1600,524,203,True,1584,2396.5858188431926
ba,400,1584,3,8.0,966,2774858574,185,4,1600,535,193,True,1584,2396.5858188431926
ba,400,1584,3,8.0,967,105298061,190,5,2000,511,184,True,1584,2396.5858188431926
ba,400,1584,3,8.0,968,2926850864,191,4,1600,544,179,True,1584,2396.5858188431926
ba,400,1584,3,8.0,969,3219705832,210,7,2800,540,166,True,1584,2396.5858188431926
ba,400,1584,3,8.0,970,2358371519,180,5,2000,513,177,True,1584,2396.5858188431926
ba,400,1584,3,8.0,971,3498645302,199,4,1600,547,193,True,1584,2396.5858188431926
ba,400,1584,3,8.0,972,2900509681,208,5,2000,561,186,True,1584,2396.5858188431926
ba,400,1584,3,8.0,973,4113376830,187,5,2000,533,202,True,1584,2396.5858188431926
ba,400,1584,3,8.0,974,2153018508,193,4,1600,527,197,True,1584,2396.5858188431926
ba,400,1584,3,8.0,975,3927592412,181,5,2000,493,190,True,1584,2396.5858188431926
ba,400,1584,3,8.0,976,784674228,180,4,1600,536,199,True,1584,2396.5858188431926
ba,400,1584,3,8.0,977,3826605355,185,4,1600,518,182,True,1584,2396.5858188431926
ba,400,1584,3,8.0,978,2253594035,200,5,2000,551,189,True,1584,2396.5858188431926
ba,400,1584,3,8.0,979,4115557998,202,4,1600,545,194,True,1584,2396.5858188431926
ba,400,1584,3,8.0,980,3164112196,206,4,1600,534,193,True,1584,2396.5858188431926
ba,400,1584,3,8.0,981,937007621,202,4,1600,552,192,True,1584,2396.5858188431926
ba,400,1584,3,8.0,982,1425938930,198,4,1600,551,192,True,1584,2396.5858188431926
ba,400,1584,3,8.0,983,2327787681,175,5,2000,493,193,True,1584,2396.5858188431926
ba,400,1584,3,8.0,984,2961056744,211,7,2800,549,173,True,1584,2396.5858188431926
ba,400,1584,3,8.0,985,3930142224,204,6,2400,524,179,True,1584,2396.5858188431926
ba,400,1584,3,8.0,986,4213203144,215,5,2000,566,184,True,1584,2396.5858188431926
ba,400,1584,3,8.0,987,2659148365,217,5,2000,553,169,True,1584,2396.5858188431926
ba,400,1584,3,8.0,988,196380666,188,4,1600,521,181,True,1584,2396.5858188431926
ba,400,1584,3,8.0,989,2315087422,181,5,2000,510,196,True,1584,2396.5858188431926
ba,400,1584,3,8.0,990,3466678745,190,4,1600,517,192,True,1584,2396.5858188431926
ba,400,1584,3,8.0,991,1326819899,186,5,2000,538,199,True,1584,2396.5858188431926
ba,400,1584,3,8.0,992,3509825097,175,4,1600,518,203,True,1584,2396.5858188431926
ba,400,1584,3,8.0,993,3054395195,216,4,1600,553,183,True,1584,2396.5858188431926
ba,400,1584,3,8.0,994,977474733,190,5,2000,529,196,True,1584,2396.5858188431926
ba,400,1584,3,8.0,995,3548400216,175,4,1600,524,198,True,1584,2396.5858188431926
ba,400,1584,3,8.0,996,2138222782,185,4,1600,512,169,True,1584,2396.5858188431926
ba,400,1584,3,8.0,997,2218279990,191,4,1600,508,180,True,1584,2396.5858188431926
ba,400,1584,3,8.0,998,2210525554,208,5,2000,549,183,True,1584,2396.5858188431926
ba,400,1584,3,8.0,999,1392964292,190,4,1600,547,205,True,1584,2396.5858188431926
ba,800,3184,3,8.0,0,2886758836,394,5,4000,1077,371,True,3184,5347.689382134342
ba,800,3184,3,8.0,1,301017315,429,5,4000,1098,349,True,3184,5347.689382134342
ba,800,3184,3,8.0,2,728023157,360,5,4000,1047,393,True,3184,5347.689382134342
ba,800,3184,3,8.0,3,1653210062,386,6,4800,1064,394,True,3184,5347.689382134342
ba,800,3184,3,8.0,4,2956848127,390,5,4000,1038,370,True,3184,5347.689382134342
ba,800,3184,3,8.0,5,916782185,377,6,4800,1048,373,True,3184,5347.689382134342
ba,800,3184,3,8.0,6,3734631070,375,4,3200,1046,353,True,3184,5347.689382134342
ba,800,3184,3,8.0,7,1118723029,396,5,4000,1077,358,True,3184,5347.689382134342
ba,800,3184,3,8.0,8,252805583,414,5,4000,1080,375,True,3184,5347.689382134342
ba,800,3184,3,8.0,9,635379387,379,5,4000,1035,371,True,3184,5347.689382134342
ba,800,3184,3,8.0,10,1603262345,390,5,4000,1058,385,True,3184,5347.689382134342
ba,800,3184,3,8.0,11,879815467,370,6,4800,1078,383,True,3184,5347.689382134342
ba,800,3184,3,8.0,12,3926261309,364,5,4000,1034,383,True,3184,5347.689382134342
ba,800,3184,3,8.0,13,2293561192,379,5,4000,1049,377,True,3184,5347.689382134342
ba,800,3184,3,8.0,14,1738107801,417,7,5600,1064,364,True,3184,5347.689382134342
ba,800,3184,3,8.0,15,4095660705,367,5,4000,1044,376,True,3184,5347.689382134342
ba,800,3184,3,8.0,16,1745289649,367,5,4000,1012,357,True,3184,5347.689382134342
ba,800,3184,3,8.0,17,1183934319,400,6,4800,1064,375,True,3184,5347.689382134342
ba,800,3184,3,8.0,18,3665644954,386,6,4800,1044,372,True,3184,5347.689382134342
ba,800,3184,3,8.0,19,3946065792,374,5,4000,1052,374,True,3184,5347.689382134342
ba,800,3184,3,8.0,20,2882331825,381,6,4800,1062,385,True,3184,5347.689382134342
ba,800,3184,3,8.0,21,4289166093,387,5,4000,1088,378,True,3184,5347.689382134342
ba,800,3184,3,8.0,22,2316506029,388,4,3200,1055,378,True,3184,5347.689382134342
ba,800,3184,3,8.0,23,104674527,399,5,4000,1075,372,True,3184,5347.689382134342
ba,800,3184,3,8.0,24,2072742166,398,5,4000,1063,337,True,3184,5347.689382134342
ba,800,3184,3,8.0,25,3513889863,379,6,4800,1060,390,True,3184,5347.689382134342
ba,800,3184,3,8.0,26,1502485710,367,5,4000,1024,370,True,3184,5347.689382134342
ba,800,3184,3,8.0,27,115698902,405,6,4800,1084,371,True,3184,5347.689382134342
ba,800,3184,3,8.0,28,1057018605,399,5,4000,1059,372,True,3184,5347.689382134342
ba,800,3184,3,8.0,29,3104632714,407,5,4000,1118,373,True,3184,5347.689382134342
ba,800,3184,3,8.0,30,1513931387,344,5,4000,1042,384,True,3184,5347.689382134342
ba,800,3184,3,8.0,31,3653161333,368,4,3200,1059,395,True,3184,5347.689382134342
ba,800,3184,3,8.0,32,1661663113,390,6,4800,1073,385,True,3184,5347.689382134342
ba,800,3184,3,8.0,33,1789176762,383,5,4000,1035,383,True,3184,5347.689382134342
ba,800,3184,3,8.0,34,4086457689,400,5,4000,1066,369,True,3184,5347.689382134342
ba,800,3184,3,8.0,35,3718053234,376,4,3200,1034,381,True,3184,5347.689382134342
ba,800,3184,3,8.0,36,3287996248,377,5,4000,1057,382,True,3184,5347.689382134342
ba,800,3184,3,8.0,37,2809411041,358,4,3200,1022,366,True,3184,5347.689382134342
ba,800,3184,3,8.0,38,1900994583,396,6,4800,1112,375,True,3184,5347.689382134342
ba,800,3184,3,8.0,39,2567179524,369,5,4000,1028,363,True,3184,5347.689382134342
ba,800,3184,3,8.0,40,3313687598,366,5,4000,1065,396,True,3184,5347.689382134342
ba,800,3184,3,8.0,41,635468692,411,7,5600,1106,363,True,3184,5347.689382134342
ba,800,3184,3,8.0,42,1527098258,408,5,4000,1104,375,True,3184,5347.689382134342
ba,800,3184,3,8.0,43,3124511196,395,8,6400,1041,368,True,3184,5347.689382134342
ba,800,3184,3,8.0,44,893821435,397,5,4000,1053,384,True,3184,5347.689382134342
ba,800,3184,3,8.0,45,691327612,381,5,4000,1035,382,True,3184,5347.689382134342
ba,800,3184,3,8.0,46,795903002,384,5,4000,1062,381,True,3184,5347.689382134342
ba,800,3184,3,8.0,47,4046216369,411,5,4000,1116,379,True,3184,5347.689382134342
ba,800,3184,3,8.0,48,720306798,380,5,4000,1042,376,True,3184,5347.689382134342
ba,800,3184,3,8.0,49,2407003533,373,4,3200,1052,374,True,3184,5347.689382134342
ba,800,3184,3,8.0,50,1192987455,387,5,4000,1069,383,True,3184,5347.689382134342
ba,800,3184,3,8.0,51,2562249728,390,4,3200,1054,369,True,3184,5347.689382134342
ba,800,3184,3,8.0,52,3546083423,381,5,4000,1039,389,True,3184,5347.689382134342
ba,800,3184,3,8.0,53,3867521121,405,6,4800,1071,372,True,3184,5347.689382134342
ba,800,3184,3,8.0,54,1146451459,408,5,4000,1048,370,True,3184,5347.689382134342
ba,800,3184,3,8.0,55,1144498270,369,5,4000,1063,390,True,3184,5347.689382134342
ba,800,3184,3,8.0,56,2910021231,404,5,4000,1106,378,True,3184,5347.689382134342
ba,800,3184,3,8.0,57,643609121,401,8,6400,1070,375,True,3184,5347.689382134342
ba,800,3184,3,8.0,58,2217293396,396,6,4800,1109,367,True,3184,5347.689382134342
ba,800,3184,3,8.0,59,3442498013,359,4,3200,1001,388,True,3184,5347.689382134342
ba,800,3184,3,8.0,60,1483663554,388,4,3200,1056,379,True,3184,5347.689382134342
ba,800,3184,3,8.0,61,2534623215,389,6,4800,1097,388,True,3184,5347.689382134342
ba,800,3184,3,8.0,62,2328390587,397,4,3200,1078,377,True,3184,5347.689382134342
ba,800,3184,3,8.0,63,117635039,350,4,3200,1017,365,True,3184,5347.689382134342
ba,800,3184,3,8.0,64,3067775232,395,5,4000,1095,411,True,3184,5347.689382134342
ba,800,3184,3,8.0,65,2659344097,401,7,5600,1026,356,True,3184,5347.689382134342
ba,800,3184,3,8.0,66,383858325,365,4,3200,1059,386,True,3184,5347.689382134342
ba,800,3184,3,8.0,67,1874130169,405,5,4000,1091,372,True,3184,5347.689382134342
ba,800,3184,3,8.0,68,2407494406,395,5,4000,1062,379,True,3184,5347.689382134342
ba,800,3184,3,8.0,69,3854938779,405,5,4000,1099,386,True,3184,5347.689382134342
ba,800,3184,3,8.0,70,1725844415,407,7,5600,1085,386,True,3184,5347.689382134342
ba,800,3184,3,8.0,71,3094770333,388,5,4000,1053,380,True,3184,5347.689382134342
ba,800,3184,3,8.0,72,498983295,406,7,5600,1107,379,True,3184,5347.689382134342
ba,800,3184,3,8.0,73,3979281993,352,4,3200,1044,411,True,3184,5347.689382134342
ba,800,3184,3,8.0,74,3479208368,370,6,4800,1017,355,True,3184,5347.689382134342
ba,800,3184,3,8.0,75,2648178924,389,5,4000,1102,389,True,3184,5347.689382134342
ba,800,3184,3,8.0,76,2424190937,368,6,4800,1072,386,True,3184,5347.689382134342
ba,800,3184,3,8.0,77,3911828453,372,5,4000,1090,386,True,3184,5347.689382134342
ba,800,3184,3,8.0,78,2550957847,377,4,3200,1031,387,True,3184,5347.689382134342
ba,800,3184,3,8.0,79,2873254803,386,5,4000,1069,376,True,3184,5347.689382134342
ba,800,3184,3,8.0,80,360211984,360,4,3200,1034,359,True,3184,5347.689382134342
ba,800,3184,3,8.0,81,770020191,403,6,4800,1088,381,True,3184,5347.689382134342
ba,800,3184,3,8.0,82,2080304844,391,7,5600,1092,390,True,3184,5347.689382134342
ba,800,3184,3,8.0,83,171536027,401,5,4000,1100,389,True,3184,5347.689382134342
ba,800,3184,3,8.0,84,1294040864,387,5,4000,1029,372,True,3184,5347.689382134342
ba,800,3184,3,8.0,85,995708297,381,4,3200,1040,373,True,3184,5347.689382134342
ba,800,3184,3,8.0,86,3680682824,378,5,4000,1050,376,True,3184,5347.689382134342
ba,800,3184,3,8.0,87,3027159654,375,5,4000,1052,371,True,3184,5347.689382134342
ba,800,3184,3,8.0,88,2188329482,386,4,3200,1054,355,True,3184,5347.689382134342
ba,800,3184,3,8.0,89,4285569488,400,5,4000,1087,375,True,3184,5347.689382134342
ba,800,3184,3,8.0,90,3678639611,402,5,4000,1090,385,True,3184,5347.689382134342
ba,800,3184,3,8.0,91,858422118,406,6,4800,1108,366,True,3184,5347.689382134342
ba,800,3184,3,8.0,92,3605876499,392,6,4800,1062,389,True,3184,5347.689382134342
ba,800,3184,3,8.0,93,600191821,376,5,4000,1046,379,True,3184,5347.689382134342
ba,800,3184,3,8.0,94,3536468621,375,5,4000,1049,382,True,3184,5347.689382134342
ba,800,3184,3,8.0,95,3054106895,384,5,4000,1068,363,True,3184,5347.689382134342
ba,800,3184,3,8.0,96,3711129554,386,4,3200,1054,388,True,3184,5347.689382134342
ba,800,3184,3,8.0,97,3418269504,358,4,3200,1071,390,True,3184,5347.689382134342
ba,800,3184,3,8.0,98,1755068843,386,5,4000,1062,378,True,3184,5347.689382134342
ba,800,3184,3,8.0,99,995246301,402,5,4000,1076,354,True,3184,5347.689382134342
ba,800,3184,3,8.0,100,965945157,386,5,4000,1073,374,True,3184,5347.689382134342
ba,800,3184,3,8.0,101,2241836256,376,4,3200,1068,395,True,3184,5347.689382134342
ba,800,3184,3,8.0,102,3894189095,382,4,3200,1070,351,True,3184,5347.689382134342
ba,800,3184,3,8.0,103,602997315,396,5,4000,1063,368,True,3184,5347.689382134342
ba,800,3184,3,8.0,104,3556028651,390,5,4000,1060,371,True,3184,5347.689382134342
ba,800,3184,3,8.0,105,1200919555,377,6,4800,1051,369,True,3184,5347.689382134342
ba,800,3184,3,8.0,106,1600251721,384,5,4000,1071,363,True,3184,5347.689382134342
ba,800,3184,3,8.0,107,1841656746,375,5,4000,1062,380,True,3184,5347.689382134342
ba,800,3184,3,8.0,108,295158667,370,4,3200,1051,385,True,3184,5347.689382134342
ba,800,3184,3,8.0,109,648145808,383,6,4800,1063,384,True,3184,5347.689382134342
ba,800,3184,3,8.0,110,17041595,415,6,4800,1064,373,True,3184,5347.689382134342
ba,800,3184,3,8.0,111,1020122438,391,5,4000,1072,363,True,3184,5347.689382134342
ba,800,3184,3,8.0,112,2111992618,376,5,4000,1054,374,True,3184,5347.689382134342
ba,800,3184,3,8.0,113,2356949483,376,4,3200,1012,363,True,3184,5347.689382134342
ba,800,3184,3,8.0,114,2228259446,403,5,4000,1055,364,True,3184,5347.689382134342
ba,800,3184,3,8.0,115,1011337922,421,6,4800,1131,360,True,3184,5347.689382134342
ba,800,3184,3,8.0,116,2300090506,380,5,4000,1053,391,True,3184,5347.689382134342
ba,800,3184,3,8.0,117,1948371593,389,6,4800,1008,362,True,3184,5347.689382134342
ba,800,3184,3,8.0,118,2945451008,387,5,4000,1067,392,True,3184,5347.689382134342
ba,800,3184,3,8.0,119,3265362967,387,4,3200,1080,399,True,3184,5347.689382134342
ba,800,3184,3,8.0,120,2830087118,396,4,3200,1081,387,True,3184,5347.689382134342
ba,800,3184,3,8.0,121,1350991600,375,5,4000,1045,376,True,3184,5347.689382134342
ba,800,3184,3,8.0,122,2124113539,392,5,4000,1087,372,True,3184,5347.689382134342
ba,800,3184,3,8.0,123,4099919720,409,4,3200,1104,366,True,3184,5347.689382134342
ba,800,3184,3,8.0,124,1522261680,379,5,4000,1048,371,True,3184,5347.689382134342
ba,800,3184,3,8.0,125,2368608570,391,5,4000,1038,367,True,3184,5347.689382134342
ba,800,3184,3,8.0,126,3475560391,382,6,4800,1035,361,True,3184,5347.689382134342
ba,800,3184,3,8.0,127,1483704129,407,4,3200,1083,377,True,3184,5347.689382134342
ba,800,3184,3,8.0,128,355092350,378,5,4000,1044,367,True,3184,5347.689382134342
ba,800,3184,3,8.0,129,1419459139,395,5,4000,1083,380,True,3184,5347.689382134342
ba,800,3184,3,8.0,130,3104293736,377,5,4000,1061,404,True,3184,5347.689382134342
ba,800,3184,3,8.0,131,2296856079,359,5,4000,1040,389,True,3184,5347.689382134342
ba,800,3184,3,8.0,132,2219039823,369,6,4800,1041,366,True,3184,5347.689382134342
ba,800,3184,3,8.0,133,2117419296,342,6,4800,1019,390,True,3184,5347.689382134342
ba,800,3184,3,8.0,134,3460269240,407,6,4800,1077,381,True,3184,5347.689382134342
ba,800,3184,3,8.0,135,601937674,393,5,4000,1055,367,True,3184,5347.689382134342
ba,800,3184,3,8.0,136,677429882,401,5,4000,1086,388,True,3184,5347.689382134342
ba,800,3184,3,8.0,137,3503633360,423,5,4000,1109,353,True,3184,5347.689382134342
ba,800,3184,3,8.0,138,2184346581,387,4,3200,1027,365,True,3184,5347.689382134342
ba,800,3184,3,8.0,139,3824607915,378,5,4000,1026,368,True,3184,5347.689382134342
ba,800,3184,3,8.0,140,1818932771,380,6,4800,1013,375,True,3184,5347.689382134342
ba,800,3184,3,8.0,141,845458177,393,5,4000,1090,392,True,3184,5347.689382134342
ba,800,3184,3,8.0,142,1205996276,355,5,4000,1029,379,True,3184,5347.689382134342
ba,800,3184,3,8.0,143,2333407073,384,6,4800,1050,390,True,3184,5347.689382134342
ba,800,3184,3,8.0,144,3139690795,435,5,4000,1131,354,True,3184,5347.689382134342
ba,800,3184,3,8.0,145,3078615343,359,4,3200,1034,395,True,3184,5347.689382134342
ba,800,3184,3,8.0,146,1797923001,371,4,3200,1055,380,True,3184,5347.689382134342
ba,800,3184,3,8.0,147,1106043989,407,5,4000,1077,379,True,3184,5347.689382134342
ba,800,3184,3,8.0,148,2372179829,400,5,4000,1079,349,True,3184,5347.689382134342
ba,800,3184,3,8.0,149,2567916123,399,5,4000,1081,391,True,3184,5347.689382134342
ba,800,3184,3,8.0,150,310415561,417,5,4000,1084,357,True,3184,5347.689382134342
ba,800,3184,3,8.0,151,81530316,358,4,3200,1035,371,True,3184,5347.689382134342
ba,800,3184,3,8.0,152,2948354528,378,6,4800,1065,375,True,3184,5347.689382134342
ba,800,3184,3,8.0,153,22539418,377,7,5600,1054,367,True,3184,5347.689382134342
ba,800,3184,3,8.0,154,2548326731,385,4,3200,1046,377,True,3184,5347.689382134342
ba,800,3184,3,8.0,155,1923665670,368,4,3200,1028,366,True,3184,5347.689382134342
ba,800,3184,3,8.0,156,2001286688,350,4,3200,1035,393,True,3184,5347.689382134342
ba,800,3184,3,8.0,157,1532670914,353,7,5600,1029,369,True,3184,5347.689382134342
ba,800,3184,3,8.0,158,539911542,380,5,4000,1031,396,True,3184,5347.689382134342
ba,800,3184,3,8.0,159,3856471627,384,4,3200,1052,371,True,3184,5347.689382134342
ba,800,3184,3,8.0,160,952393662,361,5,4000,1067,393,True,3184,5347.689382134342
ba,800,3184,3,8.0,161,1211671625,384,4,3200,1081,393,True,3184,5347.689382134342
ba,800,3184,3,8.0,162,1394890393,383,5,4000,1034,380,True,3184,5347.689382134342
ba,800,3184,3,8.0,163,2341368607,358,5,4000,1050,376,True,3184,5347.689382134342
ba,800,3184,3,8.0,164,3183846427,379,5,4000,1058,398,True,3184,5347.689382134342
ba,800,3184,3,8.0,165,589409394,413,6,4800,1087,345,True,3184,5347.689382134342
ba,800,3184,3,8.0,166,1429775411,420,5,4000,1109,357,True,3184,5347.689382134342
ba,800,3184,3,8.0,167,4001158899,356,5,4000,1036,380,True,3184,5347.689382134342
ba,800,3184,3,8.0,168,1191701064,378,6,4800,1032,387,True,3184,5347.689382134342
ba,800,3184,3,8.0,169,1587594750,374,4,3200,1062,428,True,3184,5347.689382134342
ba,800,3184,3,8.0,170,758354001,381,5,4000,1087,393,True,3184,5347.689382134342
ba,800,3184,3,8.0,171,2168784786,385,4,3200,1057,392,True,3184,5347.689382134342
ba,800,3184,3,8.0,172,1000913832,408,6,4800,1069,376,True,3184,5347.689382134342
ba,800,3184,3,8.0,173,2970825721,407,5,4000,1069,375,True,3184,5347.689382134342
ba,800,3184,3,8.0,174,1417658009,356,5,4000,1026,369,True,3184,5347.689382134342
ba,800,3184,3,8.0,175,193434986,404,4,3200,1055,335,True,3184,5347.689382134342
ba,800,3184,3,8.0,176,2629219767,367,5,4000,1041,398,True,3184,5347.689382134342
ba,800,3184,3,8.0,177,3753468751,365,5,4000,1059,406,True,3184,5347.689382134342
ba,800,3184,3,8.0,178,3311619236,388,5,4000,1113,372,True,3184,5347.689382134342
ba,800,3184,3,8.0,179,530801554,397,6,4800,1081,380,True,3184,5347.689382134342
ba,800,3184,3,8.0,180,2539589762,377,7,5600,1037,354,True,3184,5347.689382134342
ba,800,3184,3,8.0,181,3281668738,395,4,3200,1046,357,True,3184,5347.689382134342
ba,800,3184,3,8.0,182,1151935595,389,6,4800,1107,376,True,3184,5347.689382134342
ba,800,3184,3,8.0,183,1273230306,396,5,4000,1080,376,True,3184,5347.689382134342
ba,800,3184,3,8.0,184,3211505321,401,5,4000,1091,377,True,3184,5347.689382134342
ba,800,3184,3,8.0,185,4252087422,373,5,4000,1058,392,True,3184,5347.689382134342
ba,800,3184,3,8.0,186,3378815038,363,5,4000,1023,369,True,3184,5347.689382134342
ba,800,3184,3,8.0,187,2814971646,396,5,4000,1068,350,True,3184,5347.689382134342
ba,800,3184,3,8.0,188,3757332726,409,9,7200,1089,383,True,3184,5347.689382134342
ba,800,3184,3,8.0,189,3507920179,384,5,4000,1030,388,True,3184,5347.689382134342
ba,800,3184,3,8.0,190,3467686928,397,6,4800,1080,372,True,3184,5347.689382134342
ba,800,3184,3,8.0,191,1281193364,387,4,3200,1072,382,True,3184,5347.689382134342
ba,800,3184,3,8.0,192,1726788271,361,5,4000,1060,398,True,3184,5347.689382134342
ba,800,3184,3,8.0,193,3019655293,413,4,3200,1144,382,True,3184,5347.689382134342
ba,800,3184,3,8.0,194,992633238,419,7,5600,1107,354,True,3184,5347.689382134342
ba,800,3184,3,8.0,195,1671050469,364,5,4000,999,399,True,3184,5347.689382134342
ba,800,3184,3,8.0,196,2420062645,373,5,4000,1033,383,True,3184,5347.689382134342
ba,800,3184,3,8.0,197,4044201594,408,5,4000,1067,347,True,3184,5347.689382134342
ba,800,3184,3,8.0,198,563233297,350,5,4000,1033,394,True,3184,5347.689382134342
ba,800,3184,3,8.0,199,4191132998,365,4,3200,1054,397,True,3184,5347.689382134342
ba,800,3184,3,8.0,200,1154972324,368,5,4000,1076,398,True,3184,5347.689382134342
ba,800,3184,3,8.0,201,1316852381,362,5,4000,1080,392,True,3184,5347.689382134342
ba,800,3184,3,8.0,202,1993451606,380,4,3200,1066,368,True,3184,5347.689382134342
ba,800,3184,3,8.0,203,3172262874,401,5,4000,1105,385,True,3184,5347.689382134342
ba,800,3184,3,8.0,204,2106834700,373,6,4800,1047,376,True,3184,5347.689382134342
ba,800,3184,3,8.0,205,4021886707,393,4,3200,1101,375,True,3184,5347.689382134342
ba,800,3184,3,8.0,206,4020965884,391,5,4000,1061,372,True,3184,5347.689382134342
ba,800,3184,3,8.0,207,1362666785,369,6,4800,1044,370,True,3184,5347.689382134342
ba,800,3184,3,8.0,208,3332126861,380,5,4000,1066,392,True,3184,5347.689382134342
ba,800,3184,3,8.0,209,3548700765,386,6,4800,1065,406,True,3184,5347.689382134342
ba,800,3184,3,8.0,210,1078791387,388,4,3200,1054,367,True,3184,5347.689382134342
ba,800,3184,3,8.0,211,2097396204,396,5,4000,1069,359,True,3184,5347.689382134342
ba,800,3184,3,8.0,212,2379223076,395,5,4000,1049,369,True,3184,5347.689382134342
ba,800,3184,3,8.0,213,3732152602,361,4,3200,998,375,True,3184,5347.689382134342
ba,800,3184,3,8.0,214,4150345865,376,4,3200,1070,389,True,3184,5347.689382134342
ba,800,3184,3,8.0,215,405093804,370,5,4000,1077,379,True,3184,5347.689382134342
ba,800,3184,3,8.0,216,736480730,398,7,5600,1110,363,True,3184,5347.689382134342
ba,800,3184,3,8.0,217,1540343972,388,5,4000,1024,379,True,3184,5347.689382134342
ba,800,3184,3,8.0,218,2434194988,372,4,3200,1089,388,True,3184,5347.689382134342
ba,800,3184,3,8.0,219,614279425,394,5,4000,1031,357,True,3184,5347.689382134342
ba,800,3184,3,8.0,220,1240388709,392,6,4800,1055,366,True,3184,5347.689382134342
ba,800,3184,3,8.0,221,1438765442,356,4,3200,1061,408,True,3184,5347.689382134342
ba,800,3184,3,8.0,222,1009428864,389,5,4000,1051,383,True,3184,5347.689382134342
ba,800,3184,3,8.0,223,603665918,399,6,4800,1094,389,True,3184,5347.689382134342
ba,800,3184,3,8.0,224,2855043844,379,5,4000,1049,399,True,3184,5347.689382134342
ba,800,3184,3,8.0,225,2276815055,368,5,4000,1026,385,True,3184,5347.689382134342
ba,800,3184,3,8.0,226,3384401180,402,7,5600,1044,353,True,3184,5347.689382134342
ba,800,3184,3,8.0,227,3809341881,380,5,4000,1048,392,True,3184,5347.689382134342
ba,800,3184,3,8.0,228,1324584131,396,5,4000,1089,379,True,3184,5347.689382134342
ba,800,3184,3,8.0,229,4199029804,382,6,4800,1062,373,True,3184,5347.689382134342
ba,800,3184,3,8.0,230,1148336971,388,6,4800,1071,375,True,3184,5347.689382134342
ba,800,3184,3,8.0,231,3983312295,381,9,7200,1043,379,True,3184,5347.689382134342
ba,800,3184,3,8.0,232,1891759414,396,5,4000,1108,391,True,3184,5347.689382134342
ba,800,3184,3,8.0,233,41251173,392,5,4000,1091,391,True,3184,5347.689382134342
ba,800,3184,3,8.0,234,208684984,380,6,4800,1045,374,True,3184,5347.689382134342
ba,800,3184,3,8.0,235,858830725,399,4,3200,1074,370,True,3184,5347.689382134342
ba,800,3184,3,8.0,236,1396284639,395,5,4000,1057,368,True,3184,5347.689382134342
ba,800,3184,3,8.0,237,2662867455,394,6,4800,1024,384,True,3184,5347.689382134342
ba,800,3184,3,8.0,238,2204409865,363,5,4000,1007,392,True,3184,5347.689382134342
ba,800,3184,3,8.0,239,3816865394,385,5,4000,1107,400,True,3184,5347.689382134342
ba,800,3184,3,8.0,240,1062530538,388,5,4000,1037,368,True,3184,5347.689382134342
ba,800,3184,3,8.0,241,1960643032,383,5,4000,1113,397,True,3184,5347.689382134342
ba,800,3184,3,8.0,242,3409221179,372,4,3200,1055,391,True,3184,5347.689382134342
ba,800,3184,3,8.0,243,982690275,394,6,4800,1028,359,True,3184,5347.689382134342
ba,800,3184,3,8.0,244,201375387,398,5,4000,1100,369,True,3184,5347.689382134342
ba,800,3184,3,8.0,245,836207357,397,5,4000,1087,355,True,3184,5347.689382134342
ba,800,3184,3,8.0,246,1614087935,378,7,5600,1056,389,True,3184,5347.689382134342
ba,800,3184,3,8.0,247,1734877921,373,5,4000,1089,386,True,3184,5347.689382134342
ba,800,3184,3,8.0,248,2430485341,367,7,5600,1054,395,True,3184,5347.689382134342
ba,800,3184,3,8.0,249,249353969,362,4,3200,1057,409,True,3184,5347.689382134342
ba,800,3184,3,8.0,250,1475253869,397,5,4000,1060,374,True,3184,5347.689382134342
ba,800,3184,3,8.0,251,4169428460,408,4,3200,1076,371,True,3184,5347.689382134342
ba,800,3184,3,8.0,252,2014949647,369,5,4000,980,367,True,3184,5347.689382134342
ba,800,3184,3,8.0,253,2837377624,414,5,4000,1040,342,True,3184,5347.689382134342
ba,800,3184,3,8.0,254,1069413400,377,5,4000,1031,378,True,3184,5347.689382134342
ba,800,3184,3,8.0,255,818587283,377,5,4000,1062,380,True,3184,5347.689382134342
ba,800,3184,3,8.0,256,1098089772,385,5,4000,1068,373,True,3184,5347.689382134342
ba,800,3184,3,8.0,257,2978798928,407,6,4800,1045,359,True,3184,5347.689382134342
ba,800,3184,3,8.0,258,3942054869,396,5,4000,1091,372,True,3184,5347.689382134342
ba,800,3184,3,8.0,259,3690841352,363,5,4000,1018,383,True,3184,5347.689382134342
ba,800,3184,3,8.0,260,3999043569,372,4,3200,1031,386,True,3184,5347.689382134342
ba,800,3184,3,8.0,261,2737501717,380,5,4000,1064,378,True,3184,5347.689382134342
ba,800,3184,3,8.0,262,1880978326,395,5,4000,1064,364,True,3184,5347.689382134342
ba,800,3184,3,8.0,263,2126485639,399,5,4000,1073,359,True,3184,5347.689382134342
ba,800,3184,3,8.0,264,320703615,377,5,4000,995,349,True,3184,5347.689382134342
ba,800,3184,3,8.0,265,1534036899,358,4,3200,1057,398,True,3184,5347.689382134342
ba,800,3184,3,8.0,266,1648317515,365,5,4000,1070,403,True,3184,5347.689382134342
ba,800,3184,3,8.0,267,2707594076,397,9,7200,1049,378,True,3184,5347.689382134342
ba,800,3184,3,8.0,268,2439281759,352,4,3200,1031,381,True,3184,5347.689382134342
ba,800,3184,3,8.0,269,2770464925,392,5,4000,1063,364,True,3184,5347.689382134342
ba,800,3184,3,8.0,270,80359347,366,5,4000,1056,396,True,3184,5347.689382134342
ba,800,3184,3,8.0,271,4036742412,412,4,3200,1070,350,True,3184,5347.689382134342
ba,800,3184,3,8.0,272,2509332155,388,6,4800,1049,352,True,3184,5347.689382134342
ba,800,3184,3,8.0,273,2100499892,376,7,5600,1061,384,True,3184,5347.689382134342
ba,800,3184,3,8.0,274,2287343983,401,5,4000,1047,361,True,3184,5347.689382134342
ba,800,3184,3,8.0,275,3264794135,381,7,5600,1017,362,True,3184,5347.689382134342
ba,800,3184,3,8.0,276,2404504578,359,7,5600,1053,393,True,3184,5347.689382134342
ba,800,3184,3,8.0,277,1269504349,388,4,3200,1080,389,True,3184,5347.689382134342
ba,800,3184,3,8.0,278,2888558578,378,6,4800,1037,389,True,3184,5347.689382134342
ba,800,3184,3,8.0,279,1045512151,365,6,4800,1011,362,True,3184,5347.689382134342
ba,800,3184,3,8.0,280,87041429,359,6,4800,1001,346,True,3184,5347.689382134342
ba,800,3184,3,8.0,281,736293640,403,6,4800,1062,383,True,3184,5347.689382134342
ba,800,3184,3,8.0,282,3217936683,370,4,3200,1038,395,True,3184,5347.689382134342
ba,800,3184,3,8.0,283,4244227600,353,4,3200,1023,364,True,3184,5347.689382134342
ba,800,3184,3,8.0,284,2096072710,357,4,3200,1036,400,True,3184,5347.689382134342
ba,800,3184,3,8.0,285,970981233,388,5,4000,1063,373,True,3184,5347.689382134342
ba,800,3184,3,8.0,286,3531421748,402,5,4000,1055,353,True,3184,5347.689382134342
ba,800,3184,3,8.0,287,3806295087,388,6,4800,1089,374,True,3184,5347.689382134342
ba,800,3184,3,8.0,288,2230984798,383,5,4000,1059,380,True,3184,5347.689382134342
ba,800,3184,3,8.0,289,1514448615,374,4,3200,1055,379,True,3184,5347.689382134342
ba,800,3184,3,8.0,290,2473058757,377,6,4800,1026,361,True,3184,5347.689382134342
ba,800,3184,3,8.0,291,3369278513,352,4,3200,1043,395,True,3184,5347.689382134342
ba,800,3184,3,8.0,292,957831475,387,6,4800,1065,374,True,3184,5347.689382134342
ba,800,3184,3,8.0,293,609668797,376,4,3200,1051,384,True,3184,5347.689382134342
ba,800,3184,3,8.0,294,3732271334,393,5,4000,1083,359,True,3184,5347.689382134342
ba,800,3184,3,8.0,295,151955454,386,5,4000,1030,377,True,3184,5347.689382134342
ba,800,3184,3,8.0,296,183889451,402,5,4000,1114,374,True,3184,5347.689382134342
ba,800,3184,3,8.0,297,1425592664,357,6,4800,1071,363,True,3184,5347.689382134342
ba,800,3184,3,8.0,298,1753299646,382,5,4000,1031,370,True,3184,5347.689382134342
ba,800,3184,3,8.0,299,1899876311,399,5,4000,1070,380,True,3184,5347.689382134342
ba,800,3184,3,8.0,300,3919090568,391,4,3200,1096,383,True,3184,5347.689382134342
ba,800,3184,3,8.0,301,1696921505,408,5,4000,1076,366,True,3184,5347.689382134342
ba,800,3184,3,8.0,302,481848016,377,5,4000,1053,360,True,3184,5347.689382134342
ba,800,3184,3,8.0,303,2450933438,383,4,3200,1062,374,True,3184,5347.689382134342
ba,800,3184,3,8.0,304,2020494804,382,5,4000,1045,377,True,3184,5347.689382134342
ba,800,3184,3,8.0,305,1325679086,344,6,4800,1057,422,True,3184,5347.689382134342
ba,800,3184,3,8.0,306,3204460874,379,5,4000,1090,387,True,3184,5347.689382134342
ba,800,3184,3,8.0,307,2803057918,388,5,4000,1050,379,True,3184,5347.689382134342
ba,800,3184,3,8.0,308,3038967416,388,6,4800,1060,375,True,3184,5347.689382134342
ba,800,3184,3,8.0,309,2330582767,381,5,4000,1080,383,True,3184,5347.689382134342
ba,800,3184,3,8.0,310,1390558641,362,4,3200,1059,415,True,3184,5347.689382134342
ba,800,3184,3,8.0,311,1823163005,386,5,4000,1060,380,True,3184,5347.689382134342
ba,800,3184,3,8.0,312,4008363557,360,5,4000,1029,374,True,3184,5347.689382134342
ba,800,3184,3,8.0,313,2576358243,372,7,5600,1030,378,True,3184,5347.689382134342
ba,800,3184,3,8.0,314,2979553180,370,4,3200,1012,387,True,3184,5347.689382134342
ba,800,3184,3,8.0,315,61992438,399,5,4000,1108,399,True,3184,5347.689382134342
ba,800,3184,3,8.0,316,2049495259,392,6,4800,1069,380,True,3184,5347.689382134342
ba,800,3184,3,8.0,317,3999126824,382,4,3200,1074,386,True,3184,5347.689382134342
ba,800,3184,3,8.0,318,3414895267,393,5,4000,1071,397,True,3184,5347.689382134342
ba,800,3184,3,8.0,319,2087893423,381,4,3200,1027,398,True,3184,5347.689382134342
ba,800,3184,3,8.0,320,1163852414,401,5,4000,1087,367,True,3184,5347.689382134342
ba,800,3184,3,8.0,321,2206343438,403,8,6400,1046,344,True,3184,5347.689382134342
ba,800,3184,3,8.0,322,451942344,374,5,4000,1088,406,True,3184,5347.689382134342
ba,800,3184,3,8.0,323,3613654138,394,5,4000,1046,368,True,3184,5347.689382134342
ba,800,3184,3,8.0,324,1110205055,369,4,3200,1035,378,True,3184,5347.689382134342
ba,800,3184,3,8.0,325,1864301296,407,6,4800,1058,343,True,3184,5347.689382134342
ba,800,3184,3,8.0,326,1440554945,360,5,4000,1023,384,True,3184,5347.689382134342
ba,800,3184,3,8.0,327,3842657417,399,5,4000,1073,366,True,3184,5347.689382134342
ba,800,3184,3,8.0,328,3444456834,378,6,4800,1027,343,True,3184,5347.689382134342
ba,800,3184,3,8.0,329,25036839,369,5,4000,1052,377,True,3184,5347.689382134342
ba,800,3184,3,8.0,330,3158702958,374,5,4000,1060,385,True,3184,5347.689382134342
ba,800,3184,3,8.0,331,104621598,377,6,4800,1083,384,True,3184,5347.689382134342
ba,800,3184,3,8.0,332,3359009488,399,5,4000,1087,375,True,3184,5347.689382134342
ba,800,3184,3,8.0,333,3718085138,379,5,4000,1049,374,True,3184,5347.689382134342
ba,800,3184,3,8.0,334,899958814,370,5,4000,1023,390,True,3184,5347.689382134342
ba,800,3184,3,8.0,335,953527240,409,5,4000,1072,342,True,3184,5347.689382134342
ba,800,3184,3,8.0,336,2957984292,345,5,4000,981,384,True,3184,5347.689382134342
ba,800,3184,3,8.0,337,246303313,383,7,5600,1039,369,True,3184,5347.689382134342
ba,800,3184,3,8.0,338,504009008,371,5,4000,1015,365,True,3184,5347.689382134342
ba,800,3184,3,8.0,339,2945167392,391,8,6400,1087,374,True,3184,5347.689382134342
ba,800,3184,3,8.0,340,117987855,401,6,4800,1089,375,True,3184,5347.689382134342
ba,800,3184,3,8.0,341,1452674892,382,5,4000,1071,373,True,3184,5347.689382134342
ba,800,3184,3,8.0,342,2087666528,401,6,4800,1117,353,True,3184,5347.689382134342
ba,800,3184,3,8.0,343,3292773594,411,5,4000,1065,354,True,3184,5347.689382134342
ba,800,3184,3,8.0,344,3468851896,380,5,4000,1039,387,True,3184,5347.689382134342
ba,800,3184,3,8.0,345,1455301341,363,5,4000,1062,418,True,3184,5347.689382134342
ba,800,3184,3,8.0,346,732650814,401,4,3200,1092,390,True,3184,5347.689382134342
ba,800,3184,3,8.0,347,2895609710,352,5,4000,996,376,True,3184,5347.689382134342
ba,800,3184,3,8.0,348,1724352273,359,4,3200,1078,395,True,3184,5347.689382134342
ba,800,3184,3,8.0,349,2274974883,385,6,4800,1055,371,True,3184,5347.689382134342
ba,800,3184,3,8.0,350,1264948771,394,5,4000,1082,369,True,3184,5347.689382134342
ba,800,3184,3,8.0,351,3945153048,357,6,4800,1027,397,True,3184,5347.689382134342
ba,800,3184,3,8.0,352,3385219436,393,6,4800,1076,369,True,3184,5347.689382134342
ba,800,3184,3,8.0,353,4013347475,364,5,4000,1025,390,True,3184,5347.689382134342
ba,800,3184,3,8.0,354,500073694,392,7,5600,1090,372,True,3184,5347.689382134342
ba,800,3184,3,8.0,355,4124987303,398,5,4000,1050,384,True,3184,5347.689382134342
ba,800,3184,3,8.0,356,439359026,403,5,4000,1057,381,True,3184,5347.689382134342
ba,800,3184,3,8.0,357,2324500753,388,5,4000,1077,392,True,3184,5347.689382134342
ba,800,3184,3,8.0,358,3557078000,374,4,3200,1045,372,True,3184,5347.689382134342
ba,800,3184,3,8.0,359,3571785721,403,6,4800,1093,391,True,3184,5347.689382134342
ba,800,3184,3,8.0,360,3728211264,375,5,4000,1054,373,True,3184,5347.689382134342
ba,800,3184,3,8.0,361,1189375819,379,5,4000,1046,374,True,3184,5347.689382134342
ba,800,3184,3,8.0,362,3588683366,389,7,5600,1070,367,True,3184,5347.689382134342
ba,800,3184,3,8.0,363,999518367,409,5,4000,1091,388,True,3184,5347.689382134342
ba,800,3184,3,8.0,364,364849248,361,5,4000,1049,384,True,3184,5347.689382134342
ba,800,3184,3,8.0,365,122075427,362,6,4800,1049,402,True,3184,5347.689382134342
ba,800,3184,3,8.0,366,519791983,415,5,4000,1091,351,True,3184,5347.689382134342
ba,800,3184,3,8.0,367,307261605,372,6,4800,1054,385,True,3184,5347.689382134342
ba,800,3184,3,8.0,368,1234003677,375,4,3200,1037,361,True,3184,5347.689382134342
ba,800,3184,3,8.0,369,1347498283,372,5,4000,1083,383,True,3184,5347.689382134342
ba,800,3184,3,8.0,370,3058753355,363,4,3200,1021,378,True,3184,5347.689382134342
ba,800,3184,3,8.0,371,1353582977,397,5,4000,1073,374,True,3184,5347.689382134342
ba,800,3184,3,8.0,372,349300258,365,4,3200,1052,373,True,3184,5347.689382134342
ba,800,3184,3,8.0,373,3741736475,383,4,3200,1061,384,True,3184,5347.689382134342
ba,800,3184,3,8.0,374,2507315872,398,4,3200,1077,373,True,3184,5347.689382134342
ba,800,3184,3,8.0,375,2328907208,361,5,4000,1028,401,True,3184,5347.689382134342
ba,800,3184,3,8.0,376,2738516326,377,4,3200,1067,365,True,3184,5347.689382134342
ba,800,3184,3,8.0,377,4100961611,412,5,4000,1117,356,True,3184,5347.689382134342
ba,800,3184,3,8.0,378,1312328012,350,4,3200,1036,397,True,3184,5347.689382134342
ba,800,3184,3,8.0,379,233846860,396,4,3200,1109,368,True,3184,5347.689382134342
ba,800,3184,3,8.0,380,117499811,384,6,4800,1047,353,True,3184,5347.689382134342
ba,800,3184,3,8.0,381,489299317,385,4,3200,1085,404,True,3184,5347.689382134342
ba,800,3184,3,8.0,382,3763513051,385,7,5600,1075,364,True,3184,5347.689382134342
ba,800,3184,3,8.0,383,4185896760,373,4,3200,1074,400,True,3184,5347.689382134342
ba,800,3184,3,8.0,384,482384370,407,5,4000,1090,362,True,3184,5347.689382134342
ba,800,3184,3,8.0,385,3148118904,364,5,4000,1050,391,True,3184,5347.689382134342
ba,800,3184,3,8.0,386,1576532292,390,4,3200,1084,386,True,3184,5347.689382134342
ba,800,3184,3,8.0,387,1589763365,393,5,4000,1032,378,True,3184,5347.689382134342
ba,800,3184,3,8.0,388,645638573,380,5,4000,1066,383,True,3184,5347.689382134342
ba,800,3184,3,8.0,389,1416113095,400,5,4000,1077,379,True,3184,5347.689382134342
ba,800,3184,3,8.0,390,1352309395,380,7,5600,1037,379,True,3184,5347.689382134342
ba,800,3184,3,8.0,391,65864216,397,6,4800,1112,380,True,3184,5347.689382134342
ba,800,3184,3,8.0,392,2193131814,381,5,4000,1093,384,True,3184,5347.689382134342
ba,800,3184,3,8.0,393,2086498741,367,5,4000,1081,392,True,3184,5347.689382134342
ba,800,3184,3,8.0,394,1027962992,370,5,4000,1067,395,True,3184,5347.689382134342
ba,800,3184,3,8.0,395,3892655795,376,5,4000,1082,371,True,3184,5347.689382134342
ba,800,3184,3,8.0,396,740687173,406,7,5600,1112,361,True,3184,5347.689382134342
ba,800,3184,3,8.0,397,441382762,394,4,3200,1096,375,True,3184,5347.689382134342
ba,800,3184,3,8.0,398,515052049,397,5,4000,1064,373,True,3184,5347.689382134342
ba,800,3184,3,8.0,399,593879090,386,5,4000,1096,394,True,3184,5347.689382134342
ba,800,3184,3,8.0,400,1286966879,372,5,4000,1001,344,True,3184,5347.689382134342
ba,800,3184,3,8.0,401,1016254321,383,5,4000,1002,375,True,3184,5347.689382134342
ba,800,3184,3,8.0,402,989656691,353,7,5600,1034,379,True,3184,5347.689382134342
ba,800,3184,3,8.0,403,3006023601,388,5,4000,1036,368,True,3184,5347.689382134342
ba,800,3184,3,8.0,404,522366196,417,5,4000,1103,388,True,3184,5347.689382134342
ba,800,3184,3,8.0,405,412220821,383,5,4000,1060,370,True,3184,5347.689382134342
ba,800,3184,3,8.0,406,113225113,394,5,4000,1073,376,True,3184,5347.689382134342
ba,800,3184,3,8.0,407,606881574,369,5,4000,1026,360,True,3184,5347.689382134342
ba,800,3184,3,8.0,408,711702000,395,5,4000,1039,381,True,3184,5347.689382134342
ba,800,3184,3,8.0,409,2206245799,395,7,5600,1084,380,True,3184,5347.689382134342
ba,800,3184,3,8.0,410,1436416114,381,6,4800,1100,404,True,3184,5347.689382134342
ba,800,3184,3,8.0,411,1591365806,393,5,4000,1057,362,True,3184,5347.689382134342
ba,800,3184,3,8.0,412,4032913519,403,6,4800,1042,353,True,3184,5347.689382134342
ba,800,3184,3,8.0,413,330159919,384,4,3200,1078,391,True,3184,5347.689382134342
ba,800,3184,3,8.0,414,135888364,356,6,4800,1031,387,True,3184,5347.689382134342
ba,800,3184,3,8.0,415,2727784361,408,5,4000,1074,383,True,3184,5347.689382134342
ba,800,3184,3,8.0,416,2322987493,378,7,5600,1049,375,True,3184,5347.689382134342
ba,800,3184,3,8.0,417,3152147267,408,5,4000,1085,358,True,3184,5347.689382134342
ba,800,3184,3,8.0,418,3308236604,376,5,4000,1054,380,True,3184,5347.689382134342
ba,800,3184,3,8.0,419,3148255955,386,5,4000,1022,391,True,3184,5347.689382134342
ba,800,3184,3,8.0,420,2947880109,395,4,3200,1063,380,True,3184,5347.689382134342
ba,800,3184,3,8.0,421,2617268087,395,7,5600,1077,359,True,3184,5347.689382134342
ba,800,3184,3,8.0,422,2862343389,396,5,4000,1106,382,True,3184,5347.689382134342
ba,800,3184,3,8.0,423,768708373,379,5,4000,1054,360,True,3184,5347.689382134342
ba,800,3184,3,8.0,424,155348249,367,5,4000,1028,394,True,3184,5347.689382134342
ba,800,3184,3,8.0,425,2071262952,391,6,4800,1047,378,True,3184,5347.689382134342
ba,800,3184,3,8.0,426,1029385036,384,5,4000,1045,365,True,3184,5347.689382134342
ba,800,3184,3,8.0,427,2253503271,382,4,3200,1073,390,True,3184,5347.689382134342
ba,800,3184,3,8.0,428,1829501687,377,5,4000,1057,374,True,3184,5347.689382134342
ba,800,3184,3,8.0,429,4268271376,390,4,3200,1060,371,True,3184,5347.689382134342
ba,800,3184,3,8.0,430,1484490047,367,4,3200,1003,369,True,3184,5347.689382134342
ba,800,3184,3,8.0,431,1417054484,375,5,4000,1064,389,True,3184,5347.689382134342
ba,800,3184,3,8.0,432,2941573002,391,6,4800,1076,386,True,3184,5347.689382134342
ba,800,3184,3,8.0,433,1803259675,386,5,4000,1075,369,True,3184,5347.689382134342
ba,800,3184,3,8.0,434,2280958455,374,6,4800,1081,377,True,3184,5347.689382134342
ba,800,3184,3,8.0,435,3098595036,367,5,4000,997,365,True,3184,5347.689382134342
ba,800,3184,3,8.0,436,754230696,398,5,4000,1096,348,True,3184,5347.689382134342
ba,800,3184,3,8.0,437,799082664,401,7,5600,1058,350,True,3184,5347.689382134342
ba,800,3184,3,8.0,438,190634635,363,5,4000,1059,392,True,3184,5347.689382134342
ba,800,3184,3,8.0,439,892817700,384,4,3200,1046,385,True,3184,5347.689382134342
ba,800,3184,3,8.0,440,2497338852,380,5,4000,1027,377,True,3184,5347.689382134342
ba,800,3184,3,8.0,441,1396533480,394,5,4000,1061,376,True,3184,5347.689382134342
ba,800,3184,3,8.0,442,191739089,394,6,4800,1041,364,True,3184,5347.689382134342
ba,800,3184,3,8.0,443,447969516,376,5,4000,1029,390,True,3184,5347.689382134342
ba,800,3184,3,8.0,444,1983508889,410,6,4800,1082,359,True,3184,5347.689382134342
ba,800,3184,3,8.0,445,1127520550,396,5,4000,1030,346,True,3184,5347.689382134342
ba,800,3184,3,8.0,446,1852344814,372,5,4000,1030,390,True,3184,5347.689382134342
ba,800,3184,3,8.0,447,3082605524,335,5,4000,994,417,True,3184,5347.689382134342
ba,800,3184,3,8.0,448,1185566645,389,5,4000,1096,386,True,3184,5347.689382134342
ba,800,3184,3,8.0,449,2359094065,403,6,4800,1086,371,True,3184,5347.689382134342
ba,800,3184,3,8.0,450,3915955403,420,4,3200,1095,361,True,3184,5347.689382134342
ba,800,3184,3,8.0,451,2507311225,356,5,4000,1042,384,True,3184,5347.689382134342
ba,800,3184,3,8.0,452,3833459959,355,5,4000,1030,401,True,3184,5347.689382134342
ba,800,3184,3,8.0,453,1746583764,374,4,3200,1089,392,True,3184,5347.689382134342
ba,800,3184,3,8.0,454,3637668164,365,6,4800,1073,393,True,3184,5347.689382134342
ba,800,3184,3,8.0,455,2508816934,391,6,4800,1060,397,True,3184,5347.689382134342
ba,800,3184,3,8.0,456,3929016630,401,6,4800,1080,398,True,3184,5347.689382134342
ba,800,3184,3,8.0,457,1845697286,386,5,4000,1067,392,True,3184,5347.689382134342
ba,800,3184,3,8.0,458,4104733808,377,6,4800,1012,370,True,3184,5347.689382134342
ba,800,3184,3,8.0,459,2967779049,386,5,4000,1043,378,True,3184,5347.689382134342
ba,800,3184,3,8.0,460,2473818253,384,5,4000,1058,376,True,3184,5347.689382134342
ba,800,3184,3,8.0,461,4247865814,379,7,5600,1057,376,True,3184,5347.689382134342
ba,800,3184,3,8.0,462,247126775,359,6,4800,1028,374,True,3184,5347.689382134342
ba,800,3184,3,8.0,463,175301504,376,5,4000,1065,394,True,3184,5347.689382134342
ba,800,3184,3,8.0,464,480601182,395,7,5600,1046,375,True,3184,5347.689382134342
ba,800,3184,3,8.0,465,2066522161,390,5,4000,1052,388,True,3184,5347.689382134342
ba,800,3184,3,8.0,466,3674307010,358,4,3200,1028,384,True,3184,5347.689382134342
ba,800,3184,3,8.0,467,3256064108,394,6,4800,1053,364,True,3184,5347.689382134342
ba,800,3184,3,8.0,468,2171801669,374,5,4000,1053,374,True,3184,5347.689382134342
ba,800,3184,3,8.0,469,3684735666,384,5,4000,1097,384,True,3184,5347.689382134342
ba,800,3184,3,8.0,470,1545114011,414,5,4000,1081,365,True,3184,5347.689382134342
ba,800,3184,3,8.0,471,1134237185,382,5,4000,1080,388,True,3184,5347.689382134342
ba,800,3184,3,8.0,472,420577326,405,5,4000,1103,378,True,3184,5347.689382134342
ba,800,3184,3,8.0,473,3343185133,367,4,3200,1053,405,True,3184,5347.689382134342
ba,800,3184,3,8.0,474,3056859709,381,5,4000,1057,381,True,3184,5347.689382134342
ba,800,3184,3,8.0,475,4290438146,370,5,4000,1062,379,True,3184,5347.689382134342
ba,800,3184,3,8.0,476,3612788696,408,5,4000,1058,364,True,3184,5347.689382134342
ba,800,3184,3,8.0,477,1771150886,400,5,4000,1072,351,True,3184,5347.689382134342
ba,800,3184,3,8.0,478,3758988836,377,4,3200,1031,390,True,3184,5347.689382134342
ba,800,3184,3,8.0,479,4216373366,416,6,4800,1066,345,True,3184,5347.689382134342
ba,800,3184,3,8.0,480,3153200486,373,5,4000,1108,397,True,3184,5347.689382134342
ba,800,3184,3,8.0,481,2443875644,382,5,4000,1037,379,True,3184,5347.689382134342
ba,800,3184,3,8.0,482,835325300,369,5,4000,1087,354,True,3184,5347.689382134342
ba,800,3184,3,8.0,483,906598986,354,5,4000,1046,403,True,3184,5347.689382134342
ba,800,3184,3,8.0,484,3202424936,342,5,4000,1019,389,True,3184,5347.689382134342
ba,800,3184,3,8.0,485,1681236813,393,5,4000,1082,373,True,3184,5347.689382134342
ba,800,3184,3,8.0,486,1125204396,405,5,4000,1094,367,True,3184,5347.689382134342
ba,800,3184,3,8.0,487,526344069,371,6,4800,1065,371,True,3184,5347.689382134342
ba,800,3184,3,8.0,488,3309136332,383,6,4800,1060,376,True,3184,5347.689382134342
ba,800,3184,3,8.0,489,3536637699,423,6,4800,1065,368,True,3184,5347.689382134342
ba,800,3184,3,8.0,490,642605068,394,5,4000,1101,379,True,3184,5347.689382134342
ba,800,3184,3,8.0,491,718550767,392,4,3200,1076,374,True,3184,5347.689382134342
ba,800,3184,3,8.0,492,1688063984,383,5,4000,1018,365,True,3184,5347.689382134342
ba,800,3184,3,8.0,493,1766647339,368,4,3200,1043,410,True,3184,5347.689382134342
ba,800,3184,3,8.0,494,3384895957,366,5,4000,1079,405,True,3184,5347.689382134342
ba,800,3184,3,8.0,495,132150820,402,5,4000,1064,376,True,3184,5347.689382134342
ba,800,3184,3,8.0,496,3671250269,387,6,4800,1056,376,True,3184,5347.689382134342
ba,800,3184,3,8.0,497,1524885673,382,4,3200,1051,405,True,3184,5347.689382134342
ba,800,3184,3,8.0,498,3849688386,366,6,4800,1045,368,True,3184,5347.689382134342
ba,800,3184,3,8.0,499,1371660275,392,5,4000,1111,401,True,3184,5347.689382134342
ba,800,3184,3,8.0,500,1274576724,396,6,4800,1048,361,True,3184,5347.689382134342
ba,800,3184,3,8.0,501,875742210,397,5,4000,1083,377,True,3184,5347.689382134342
ba,800,3184,3,8.0,502,1372611016,400,7,5600,1060,391,True,3184,5347.689382134342
ba,800,3184,3,8.0,503,2711565133,388,5,4000,1086,395,True,3184,5347.689382134342
ba,800,3184,3,8.0,504,2159584506,395,5,4000,1073,373,True,3184,5347.689382134342
ba,800,3184,3,8.0,505,882573192,366,5,4000,1033,385,True,3184,5347.689382134342
ba,800,3184,3,8.0,506,2984297814,364,5,4000,1046,384,True,3184,5347.689382134342
ba,800,3184,3,8.0,507,4231528219,352,6,4800,1040,384,True,3184,5347.689382134342
ba,800,3184,3,8.0,508,886318777,383,5,4000,1053,387,True,3184,5347.689382134342
ba,800,3184,3,8.0,509,1885847932,355,4,3200,1022,393,True,3184,5347.689382134342
ba,800,3184,3,8.0,510,1916496862,387,6,4800,1061,364,True,3184,5347.689382134342
ba,800,3184,3,8.0,511,1632723701,354,4,3200,997,371,True,3184,5347.689382134342
ba,800,3184,3,8.0,512,3197771483,389,5,4000,1065,377,True,3184,5347.689382134342
ba,800,3184,3,8.0,513,1238715527,391,5,4000,1094,374,True,3184,5347.689382134342
ba,800,3184,3,8.0,514,2296115738,378,6,4800,1040,390,True,3184,5347.689382134342
ba,800,3184,3,8.0,515,2960897964,372,5,4000,1083,379,True,3184,5347.689382134342
ba,800,3184,3,8.0,516,3432461505,367,4,3200,1070,393,True,3184,5347.689382134342
ba,800,3184,3,8.0,517,2218384433,366,8,6400,1085,396,True,3184,5347.689382134342
ba,800,3184,3,8.0,518,3028981765,371,6,4800,1076,387,True,3184,5347.689382134342
ba,800,3184,3,8.0,519,3797182884,360,5,4000,1057,385,True,3184,5347.689382134342
ba,800,3184,3,8.0,520,2271936336,385,5,4000,1043,373,True,3184,5347.689382134342
ba,800,3184,3,8.0,521,1373402803,415,8,6400,1086,365,True,3184,5347.689382134342
ba,800,3184,3,8.0,522,2977973588,382,5,4000,1064,397,True,3184,5347.689382134342
ba,800,3184,3,8.0,523,378731925,387,5,4000,1064,375,True,3184,5347.689382134342
ba,800,3184,3,8.0,524,2606885495,414,5,4000,1095,355,True,3184,5347.689382134342
ba,800,3184,3,8.0,525,1330461689,396,5,4000,1083,373,True,3184,5347.689382134342
ba,800,3184,3,8.0,526,2869118415,379,4,3200,1114,387,True,3184,5347.689382134342
ba,800,3184,3,8.0,527,1723231659,394,5,4000,1071,387,True,3184,5347.689382134342
ba,800,3184,3,8.0,528,1949732655,377,5,4000,1046,396,True,3184,5347.689382134342
ba,800,3184,3,8.0,529,2905634021,383,5,4000,1050,379,True,3184,5347.689382134342
ba,800,3184,3,8.0,530,488020418,391,5,4000,1056,359,True,3184,5347.689382134342
ba,800,3184,3,8.0,531,32898685,391,6,4800,1051,363,True,3184,5347.689382134342
ba,800,3184,3,8.0,532,3418904028,362,4,3200,1011,409,True,3184,5347.689382134342
ba,800,3184,3,8.0,533,3749435396,391,4,3200,1048,375,True,3184,5347.689382134342
ba,800,3184,3,8.0,534,2030039304,380,6,4800,1055,357,True,3184,5347.689382134342
ba,800,3184,3,8.0,535,575441519,386,6,4800,1031,391,True,3184,5347.689382134342
ba,800,3184,3,8.0,536,1381452636,348,4,3200,987,393,True,3184,5347.689382134342
ba,800,3184,3,8.0,537,4059238941,377,6,4800,1068,371,True,3184,5347.689382134342
ba,800,3184,3,8.0,538,3773298666,397,4,3200,1090,371,True,3184,5347.689382134342
ba,800,3184,3,8.0,539,3880894589,395,7,5600,1089,372,True,3184,5347.689382134342
ba,800,3184,3,8.0,540,693167258,395,7,5600,1078,368,True,3184,5347.689382134342
ba,800,3184,3,8.0,541,3674993211,389,5,4000,1088,391,True,3184,5347.689382134342
ba,800,3184,3,8.0,542,1767225625,395,6,4800,1070,371,True,3184,5347.689382134342
ba,800,3184,3,8.0,543,3441222474,395,5,4000,1080,383,True,3184,5347.689382134342
ba,800,3184,3,8.0,544,1390716575,377,5,4000,1030,378,True,3184,5347.689382134342
ba,800,3184,3,8.0,545,830260538,378,5,4000,1046,396,True,3184,5347.689382134342
ba,800,3184,3,8.0,546,400103872,392,5,4000,1090,385,True,3184,5347.689382134342
ba,800,3184,3,8.0,547,2594217713,403,5,4000,1051,359,True,3184,5347.689382134342
ba,800,3184,3,8.0,548,3201210182,421,7,5600,1124,370,True,3184,5347.689382134342
ba,800,3184,3,8.0,549,3665164813,353,6,4800,1001,375,True,3184,5347.689382134342
ba,800,3184,3,8.0,550,3879756933,365,6,4800,1064,383,True,3184,5347.689382134342
ba,800,3184,3,8.0,551,1024666732,411,5,4000,1079,375,True,3184,5347.689382134342
ba,800,3184,3,8.0,552,1082125232,418,5,4000,1098,365,True,3184,5347.689382134342
ba,800,3184,3,8.0,553,1713972717,370,5,4000,1086,384,True,3184,5347.689382134342
ba,800,3184,3,8.0,554,1951901609,385,4,3200,1090,374,True,3184,5347.689382134342
ba,800,3184,3,8.0,555,3809929290,403,7,5600,1067,372,True,3184,5347.689382134342
ba,800,3184,3,8.0,556,2105561483,394,6,4800,1081,373,True,3184,5347.689382134342
ba,800,3184,3,8.0,557,1846315740,387,5,4000,1090,368,True,3184,5347.689382134342
ba,800,3184,3,8.0,558,1182222372,380,4,3200,1040,405,True,3184,5347.689382134342
ba,800,3184,3,8.0,559,4237180607,385,5,4000,1027,384,True,3184,5347.689382134342
ba,800,3184,3,8.0,560,1771044658,381,6,4800,1081,367,True,3184,5347.689382134342
ba,800,3184,3,8.0,561,1139738595,387,4,3200,1043,373,True,3184,5347.689382134342
ba,800,3184,3,8.0,562,736810001,380,5,4000,1039,385,True,3184,5347.689382134342
ba,800,3184,3,8.0,563,2140174490,396,5,4000,1079,367,True,3184,5347.689382134342
ba,800,3184,3,8.0,564,92962627,384,5,4000,1090,398,True,3184,5347.689382134342
ba,800,3184,3,8.0,565,888405976,391,4,3200,1063,364,True,3184,5347.689382134342
ba,800,3184,3,8.0,566,620329259,354,5,4000,1026,388,True,3184,5347.689382134342
ba,800,3184,3,8.0,567,2707111124,378,6,4800,1004,364,True,3184,5347.689382134342
ba,800,3184,3,8.0,568,444328323,394,5,4000,1089,368,True,3184,5347.689382134342
ba,800,3184,3,8.0,569,3814822498,403,5,4000,1080,384,True,3184,5347.689382134342
ba,800,3184,3,8.0,570,582181272,389,4,3200,1060,374,True,3184,5347.689382134342
ba,800,3184,3,8.0,571,1654426421,361,5,4000,1060,394,True,3184,5347.689382134342
ba,800,3184,3,8.0,572,396078906,391,5,4000,1108,404,True,3184,5347.689382134342
ba,800,3184,3,8.0,573,1306246481,376,4,3200,1079,394,True,3184,5347.689382134342
ba,800,3184,3,8.0,574,1686024068,378,5,4000,1034,385,True,3184,5347.689382134342
ba,800,3184,3,8.0,575,1810345627,395,6,4800,1083,383,True,3184,5347.689382134342
ba,800,3184,3,8.0,576,2894080954,376,5,4000,1055,391,True,3184,5347.689382134342
ba,800,3184,3,8.0,577,1783520493,381,5,4000,1031,370,True,3184,5347.689382134342
ba,800,3184,3,8.0,578,3389581719,381,5,4000,1057,371,True,3184,5347.689382134342
ba,800,3184,3,8.0,579,530474703,365,5,4000,1051,384,True,3184,5347.689382134342
ba,800,3184,3,8.0,580,4046611173,373,4,3200,1114,400,True,3184,5347.689382134342
ba,800,3184,3,8.0,581,809915405,376,5,4000,1009,384,True,3184,5347.689382134342
ba,800,3184,3,8.0,582,2747102545,416,5,4000,1106,355,True,3184,5347.689382134342
ba,800,3184,3,8.0,583,3805199792,371,7,5600,1005,385,True,3184,5347.689382134342
ba,800,3184,3,8.0,584,2801427053,370,5,4000,1055,388,True,3184,5347.689382134342
ba,800,3184,3,8.0,585,555953435,386,5,4000,1069,353,True,3184,5347.689382134342
ba,800,3184,3,8.0,586,3511362614,381,4,3200,1055,381,True,3184,5347.689382134342
ba,800,3184,3,8.0,587,2790678145,408,5,4000,1092,377,True,3184,5347.689382134342
ba,800,3184,3,8.0,588,3699256890,408,5,4000,1113,382,True,3184,5347.689382134342
ba,800,3184,3,8.0,589,3615916300,395,5,4000,1074,379,True,3184,5347.689382134342
ba,800,3184,3,8.0,590,4091149403,376,4,3200,1089,381,True,3184,5347.689382134342
ba,800,3184,3,8.0,591,3731467386,385,6,4800,1053,373,True,3184,5347.689382134342
ba,800,3184,3,8.0,592,3126792090,401,5,4000,1081,375,True,3184,5347.689382134342
ba,800,3184,3,8.0,593,185414835,405,6,4800,1041,355,True,3184,5347.689382134342
ba,800,3184,3,8.0,594,1459205684,378,6,4800,1058,366,True,3184,5347.689382134342
ba,800,3184,3,8.0,595,1914638466,383,5,4000,1043,362,True,3184,5347.689382134342
ba,800,3184,3,8.0,596,3566867257,405,6,4800,1083,355,True,3184,5347.689382134342
ba,800,3184,3,8.0,597,1390314416,398,6,4800,1061,380,True,3184,5347.689382134342
ba,800,3184,3,8.0,598,2123515106,357,5,4000,1037,398,True,3184,5347.689382134342
ba,800,3184,3,8.0,599,112064279,412,4,3200,1070,376,True,3184,5347.689382134342
ba,800,3184,3,8.0,600,1288537011,361,4,3200,1060,375,True,3184,5347.689382134342
ba,800,3184,3,8.0,601,1990710586,401,6,4800,1075,384,True,3184,5347.689382134342
ba,800,3184,3,8.0,602,3326660108,394,4,3200,1058,373,True,3184,5347.689382134342
ba,800,3184,3,8.0,603,864058561,392,5,4000,1021,365,True,3184,5347.689382134342
ba,800,3184,3,8.0,604,2046631284,408,7,5600,1110,374,True,3184,5347.689382134342
ba,800,3184,3,8.0,605,269420369,382,5,4000,1082,383,True,3184,5347.689382134342
ba,800,3184,3,8.0,606,2697712627,394,5,4000,1060,353,True,3184,5347.689382134342
ba,800,3184,3,8.0,607,3285690660,372,6,4800,1035,356,True,3184,5347.689382134342
ba,800,3184,3,8.0,608,3353671130,373,5,4000,1057,376,True,3184,5347.689382134342
ba,800,3184,3,8.0,609,2375599660,384,7,5600,1081,389,True,3184,5347.689382134342
ba,800,3184,3,8.0,610,2980028485,390,6,4800,1038,356,True,3184,5347.689382134342
ba,800,3184,3,8.0,611,2051308428,382,5,4000,1047,389,True,3184,5347.689382134342
ba,800,3184,3,8.0,612,2863486695,391,5,4000,1054,369,True,3184,5347.689382134342
ba,800,3184,3,8.0,613,915112176,367,5,4000,1056,381,True,3184,5347.689382134342
ba,800,3184,3,8.0,614,930498457,378,5,4000,1095,373,True,3184,5347.689382134342
ba,800,3184,3,8.0,615,293327827,399,5,4000,1098,396,True,3184,5347.689382134342
ba,800,3184,3,8.0,616,1642534690,398,6,4800,1087,386,True,3184,5347.689382134342
ba,800,3184,3,8.0,617,3031362040,381,5,4000,1027,362,True,3184,5347.689382134342
ba,800,3184,3,8.0,618,2409778063,397,7,5600,1097,388,True,3184,5347.689382134342
ba,800,3184,3,8.0,619,1556585951,376,6,4800,1049,383,True,3184,5347.689382134342
ba,800,3184,3,8.0,620,1695152538,380,7,5600,1041,373,True,3184,5347.689382134342
ba,800,3184,3,8.0,621,3097373144,392,4,3200,1105,391,True,3184,5347.689382134342
ba,800,3184,3,8.0,622,923466081,380,4,3200,1067,369,True,3184,5347.689382134342
ba,800,3184,3,8.0,623,1935414265,377,5,4000,1084,372,True,3184,5347.689382134342
ba,800,3184,3,8.0,624,1475228662,375,5,4000,1064,391,True,3184,5347.689382134342
ba,800,3184,3,8.0,625,317833390,400,6,4800,1089,370,True,3184,5347.689382134342
ba,800,3184,3,8.0,626,1000401577,372,6,4800,1043,382,True,3184,5347.689382134342
ba,800,3184,3,8.0,627,1950599182,381,5,4000,1041,385,True,3184,5347.689382134342
ba,800,3184,3,8.0,628,2126464283,378,4,3200,1048,385,True,3184,5347.689382134342
ba,800,3184,3,8.0,629,1082563736,377,4,3200,1065,374,True,3184,5347.689382134342
ba,800,3184,3,8.0,630,1781980324,385,6,4800,1056,363,True,3184,5347.689382134342
ba,800,3184,3,8.0,631,2725198746,391,5,4000,1103,368,True,3184,5347.689382134342
ba,800,3184,3,8.0,632,4115242534,379,4,3200,1066,394,True,3184,5347.689382134342
ba,800,3184,3,8.0,633,3090981825,390,6,4800,1040,358,True,3184,5347.689382134342
ba,800,3184,3,8.0,634,1897797901,346,4,3200,1011,395,True,3184,5347.689382134342
ba,800,3184,3,8.0,635,525393601,390,5,4000,1044,391,True,3184,5347.689382134342
ba,800,3184,3,8.0,636,520027897,398,5,4000,1124,398,True,3184,5347.689382134342
ba,800,3184,3,8.0,637,4024483470,373,4,3200,1055,374,True,3184,5347.689382134342
ba,800,3184,3,8.0,638,3925909622,388,5,4000,1034,389,True,3184,5347.689382134342
ba,800,3184,3,8.0,639,2134257798,387,5,4000,1068,374,True,3184,5347.689382134342
ba,800,3184,3,8.0,640,2359253267,399,4,3200,1112,373,True,3184,5347.689382134342
ba,800,3184,3,8.0,641,3759894273,377,4,3200,1065,360,True,3184,5347.689382134342
ba,800,3184,3,8.0,642,1140158661,373,5,4000,1049,390,True,3184,5347.689382134342
ba,800,3184,3,8.0,643,3450238887,370,6,4800,1021,360,True,3184,5347.689382134342
ba,800,3184,3,8.0,644,1612103685,367,5,4000,1042,398,True,3184,5347.689382134342
ba,800,3184,3,8.0,645,708177044,396,6,4800,1071,361,True,3184,5347.689382134342
ba,800,3184,3,8.0,646,1773864955,397,5,4000,1074,381,True,3184,5347.689382134342
ba,800,3184,3,8.0,647,1670867356,385,6,4800,1046,381,True,3184,5347.689382134342
ba,800,3184,3,8.0,648,1207513298,405,5,4000,1103,367,True,3184,5347.689382134342
ba,800,3184,3,8.0,649,1658146531,370,5,4000,1031,387,True,3184,5347.689382134342
ba,800,3184,3,8.0,650,3255203624,410,6,4800,1052,349,True,3184,5347.689382134342
ba,800,3184,3,8.0,651,2813891963,365,5,4000,1050,382,True,3184,5347.689382134342
ba,800,3184,3,8.0,652,3881467534,383,6,4800,1042,378,True,3184,5347.689382134342
ba,800,3184,3,8.0,653,2272873458,415,4,3200,1095,376,True,3184,5347.689382134342
ba,800,3184,3,8.0,654,3741076853,390,5,4000,1077,385,True,3184,5347.689382134342
ba,800,3184,3,8.0,655,305295590,382,5,4000,1070,383,True,3184,5347.689382134342
ba,800,3184,3,8.0,656,2329634819,390,4,3200,1062,390,True,3184,5347.689382134342
ba,800,3184,3,8.0,657,2109192442,387,5,4000,1108,400,True,3184,5347.689382134342
ba,800,3184,3,8.0,658,4207578796,364,5,4000,1061,378,True,3184,5347.689382134342
ba,800,3184,3,8.0,659,2696114472,360,6,4800,1030,391,True,3184,5347.689382134342
ba,800,3184,3,8.0,660,3909122407,368,4,3200,1032,394,True,3184,5347.689382134342
ba,800,3184,3,8.0,661,3362139909,384,5,4000,1044,379,True,3184,5347.689382134342
ba,800,3184,3,8.0,662,2549447827,378,6,4800,1051,380,True,3184,5347.689382134342
ba,800,3184,3,8.0,663,2884210699,370,7,5600,1044,380,True,3184,5347.689382134342
ba,800,3184,3,8.0,664,194156543,422,6,4800,1089,377,True,3184,5347.689382134342
ba,800,3184,3,8.0,665,3836657697,416,5,4000,1094,381,True,3184,5347.689382134342
ba,800,3184,3,8.0,666,1281786596,374,4,3200,1062,362,True,3184,5347.689382134342
ba,800,3184,3,8.0,667,3925951552,369,5,4000,1046,394,True,3184,5347.689382134342
ba,800,3184,3,8.0,668,30458793,372,4,3200,1052,379,True,3184,5347.689382134342
ba,800,3184,3,8.0,669,4186532314,377,4,3200,1073,384,True,3184,5347.689382134342
ba,800,3184,3,8.0,670,3187507658,375,6,4800,1037,367,True,3184,5347.689382134342
ba,800,3184,3,8.0,671,3934117538,385,6,4800,1080,376,True,3184,5347.689382134342
ba,800,3184,3,8.0,672,2792871776,353,8,6400,1008,386,True,3184,5347.689382134342
ba,800,3184,3,8.0,673,3172078326,390,8,6400,1074,350,True,3184,5347.689382134342
ba,800,3184,3,8.0,674,378167275,388,6,4800,1067,373,True,3184,5347.689382134342
ba,800,3184,3,8.0,675,1383392024,398,5,4000,1069,365,True,3184,5347.689382134342
ba,800,3184,3,8.0,676,3681597052,386,5,4000,1036,381,True,3184,5347.689382134342
ba,800,3184,3,8.0,677,4100378391,375,7,5600,1102,376,True,3184,5347.689382134342
ba,800,3184,3,8.0,678,1038386013,385,6,4800,1080,387,True,3184,5347.689382134342
ba,800,3184,3,8.0,679,1192360764,379,5,4000,1057,368,True,3184,5347.689382134342
ba,800,3184,3,8.0,680,1545599730,395,4,3200,1085,383,True,3184,5347.689382134342
ba,800,3184,3,8.0,681,1027359565,405,4,3200,1098,359,True,3184,5347.689382134342
ba,800,3184,3,8.0,682,1755321310,403,6,4800,1093,388,True,3184,5347.689382134342
ba,800,3184,3,8.0,683,357684689,387,4,3200,1033,357,True,3184,5347.689382134342
ba,800,3184,3,8.0,684,2112063473,365,6,4800,1034,375,True,3184,5347.689382134342
ba,800,3184,3,8.0,685,3186197849,378,4,3200,1099,396,True,3184,5347.689382134342
ba,800,3184,3,8.0,686,393401961,375,4,3200,1040,371,True,3184,5347.689382134342
ba,800,3184,3,8.0,687,734226361,379,4,3200,1060,357,True,3184,5347.689382134342
ba,800,3184,3,8.0,688,3264018613,341,5,4000,994,384,True,3184,5347.689382134342
ba,800,3184,3,8.0,689,1047917353,403,4,3200,1104,373,True,3184,5347.689382134342
ba,800,3184,3,8.0,690,1078663112,379,5,4000,1059,388,True,3184,5347.689382134342
ba,800,3184,3,8.0,691,101356404,389,7,5600,1064,387,True,3184,5347.689382134342
ba,800,3184,3,8.0,692,822129893,386,5,4000,1061,366,True,3184,5347.689382134342
ba,800,3184,3,8.0,693,3806664993,405,5,4000,1040,382,True,3184,5347.689382134342
ba,800,3184,3,8.0,694,4206137445,389,5,4000,1079,389,True,3184,5347.689382134342
ba,800,3184,3,8.0,695,764358419,375,5,4000,1004,396,True,3184,5347.689382134342
ba,800,3184,3,8.0,696,2920413412,389,5,4000,1067,404,True,3184,5347.689382134342
ba,800,3184,3,8.0,697,824340063,393,4,3200,1046,364,True,3184,5347.689382134342
ba,800,3184,3,8.0,698,869381448,356,5,4000,1052,409,True,3184,5347.689382134342
ba,800,3184,3,8.0,699,80371339,389,5,4000,1081,376,True,3184,5347.689382134342
ba,800,3184,3,8.0,700,1143510590,383,4,3200,1039,387,True,3184,5347.689382134342
ba,800,3184,3,8.0,701,3019530621,392,5,4000,1060,355,True,3184,5347.689382134342
ba,800,3184,3,8.0,702,733517901,381,5,4000,1037,368,True,3184,5347.689382134342
ba,800,3184,3,8.0,703,2668806192,370,5,4000,1048,371,True,3184,5347.689382134342
ba,800,3184,3,8.0,704,1681113577,379,5,4000,1045,393,True,3184,5347.689382134342
ba,800,3184,3,8.0,705,465710750,405,6,4800,1113,370,True,3184,5347.689382134342
ba,800,3184,3,8.0,706,1540120134,370,4,3200,1082,400,True,3184,5347.689382134342
ba,800,3184,3,8.0,707,2766671845,378,6,4800,1063,387,True,3184,5347.689382134342
ba,800,3184,3,8.0,708,2494338305,367,6,4800,1043,382,True,3184,5347.689382134342
ba,800,3184,3,8.0,709,1355328406,363,5,4000,1055,391,True,3184,5347.689382134342
ba,800,3184,3,8.0,710,3064902896,419,5,4000,1098,378,True,3184,5347.689382134342
ba,800,3184,3,8.0,711,3942463131,402,5,4000,1069,363,True,3184,5347.689382134342
ba,800,3184,3,8.0,712,2249733074,376,5,4000,1084,395,True,3184,5347.689382134342
ba,800,3184,3,8.0,713,2619633612,388,5,4000,1061,380,True,3184,5347.689382134342
ba,800,3184,3,8.0,714,2613768261,414,6,4800,1151,382,True,3184,5347.689382134342
ba,800,3184,3,8.0,715,597846538,389,6,4800,1078,397,True,3184,5347.689382134342
ba,800,3184,3,8.0,716,3705127071,397,4,3200,1045,383,True,3184,5347.689382134342
ba,800,3184,3,8.0,717,4294519750,390,5,4000,1039,380,True,3184,5347.689382134342
ba,800,3184,3,8.0,718,427226418,386,5,4000,1061,400,True,3184,5347.689382134342
ba,800,3184,3,8.0,719,1950187943,396,7,5600,1084,375,True,3184,5347.689382134342
ba,800,3184,3,8.0,720,1100390814,405,6,4800,1101,383,True,3184,5347.689382134342
ba,800,3184,3,8.0,721,2205673609,424,4,3200,1105,362,True,3184,5347.689382134342
ba,800,3184,3,8.0,722,1209626517,380,5,4000,1077,370,True,3184,5347.689382134342
ba,800,3184,3,8.0,723,2425897049,414,5,4000,1067,367,True,3184,5347.689382134342
ba,800,3184,3,8.0,724,4155111716,390,6,4800,1073,360,True,3184,5347.689382134342
ba,800,3184,3,8.0,725,2670677979,392,5,4000,1058,378,True,3184,5347.689382134342
ba,800,3184,3,8.0,726,2902984031,368,6,4800,1041,379,True,3184,5347.689382134342
ba,800,3184,3,8.0,727,2917456887,397,6,4800,1053,370,True,3184,5347.689382134342
ba,800,3184,3,8.0,728,1282567757,380,5,4000,1072,400,True,3184,5347.689382134342
ba,800,3184,3,8.0,729,979763482,379,4,3200,1082,393,True,3184,5347.689382134342
ba,800,3184,3,8.0,730,3007783556,367,6,4800,1083,397,True,3184,5347.689382134342
ba,800,3184,3,8.0,731,1804304453,406,5,4000,1151,382,True,3184,5347.689382134342
ba,800,3184,3,8.0,732,3682356711,371,4,3200,1019,374,True,3184,5347.689382134342
ba,800,3184,3,8.0,733,1322150170,398,7,5600,1041,359,True,3184,5347.689382134342
ba,800,3184,3,8.0,734,2443469485,399,6,4800,1070,372,True,3184,5347.689382134342
ba,800,3184,3,8.0,735,3268373039,382,5,4000,1059,390,True,3184,5347.689382134342
ba,800,3184,3,8.0,736,2394671340,395,5,4000,1081,395,True,3184,5347.689382134342
ba,800,3184,3,8.0,737,2079252794,389,4,3200,1031,352,True,3184,5347.689382134342
ba,800,3184,3,8.0,738,392007505,394,4,3200,1069,356,True,3184,5347.689382134342
ba,800,3184,3,8.0,739,289735748,370,4,3200,1050,387,True,3184,5347.689382134342
ba,800,3184,3,8.0,740,4082811941,357,4,3200,1022,354,True,3184,5347.689382134342
ba,800,3184,3,8.0,741,2351017786,344,5,4000,1029,388,True,3184,5347.689382134342
ba,800,3184,3,8.0,742,1380113504,373,6,4800,1039,381,True,3184,5347.689382134342
ba,800,3184,3,8.0,743,1295501079,370,4,3200,1043,380,True,3184,5347.689382134342
ba,800,3184,3,8.0,744,2467609441,376,4,3200,1058,386,True,3184,5347.689382134342
ba,800,3184,3,8.0,745,3675208077,394,5,4000,1102,376,True,3184,5347.689382134342
ba,800,3184,3,8.0,746,4092096121,368,5,4000,1046,377,True,3184,5347.689382134342
ba,800,3184,3,8.0,747,987951267,383,7,5600,1072,365,True,3184,5347.689382134342
ba,800,3184,3,8.0,748,1382523379,361,4,3200,1061,410,True,3184,5347.689382134342
ba,800,3184,3,8.0,749,1257977865,363,4,3200,1029,388,True,3184,5347.689382134342
ba,800,3184,3,8.0,750,729240545,357,5,4000,1016,368,True,3184,5347.689382134342
ba,800,3184,3,8.0,751,2862592456,382,6,4800,1058,369,True,3184,5347.689382134342
ba,800,3184,3,8.0,752,2332744418,373,4,3200,1048,388,True,3184,5347.689382134342
ba,800,3184,3,8.0,753,3686256945,372,6,4800,1041,383,True,3184,5347.689382134342
ba,800,3184,3,8.0,754,3816278625,404,6,4800,1057,378,True,3184,5347.689382134342
ba,800,3184,3,8.0,755,505033813,378,5,4000,1019,385,True,3184,5347.689382134342
ba,800,3184,3,8.0,756,398366447,393,5,4000,1091,376,True,3184,5347.689382134342
ba,800,3184,3,8.0,757,2400495071,368,4,3200,1036,374,True,3184,5347.689382134342
ba,800,3184,3,8.0,758,4166064505,354,5,4000,991,404,True,3184,5347.689382134342
ba,800,3184,3,8.0,759,1088051020,385,5,4000,1066,367,True,3184,5347.689382134342
ba,800,3184,3,8.0,760,4019762571,380,6,4800,1033,387,True,3184,5347.689382134342
ba,800,3184,3,8.0,761,2016394375,400,6,4800,1074,354,True,3184,5347.689382134342
ba,800,3184,3,8.0,762,3107938943,370,5,4000,1060,395,True,3184,5347.689382134342
ba,800,3184,3,8.0,763,634334635,369,4,3200,1029,374,True,3184,5347.689382134342
ba,800,3184,3,8.0,764,241633164,374,4,3200,1055,390,True,3184,5347.689382134342
ba,800,3184,3,8.0,765,3672827611,382,5,4000,1036,375,True,3184,5347.689382134342
ba,800,3184,3,8.0,766,2017705543,410,7,5600,1070,353,True,3184,5347.689382134342
ba,800,3184,3,8.0,767,822147601,381,4,3200,1043,366,True,3184,5347.689382134342
ba,800,3184,3,8.0,768,1897601022,412,5,4000,1132,390,True,3184,5347.689382134342
ba,800,3184,3,8.0,769,2450948606,389,5,4000,1062,389,True,3184,5347.689382134342
ba,800,3184,3,8.0,770,1915193450,426,4,3200,1080,358,True,3184,5347.689382134342
ba,800,3184,3,8.0,771,1082226793,416,4,3200,1092,364,True,3184,5347.689382134342
ba,800,3184,3,8.0,772,1179230138,376,6,4800,1061,386,True,3184,5347.689382134342
ba,800,3184,3,8.0,773,663991639,368,5,4000,1082,388,True,3184,5347.689382134342
ba,800,3184,3,8.0,774,2226970938,427,5,4000,1113,354,True,3184,5347.689382134342
ba,800,3184,3,8.0,775,4142807484,396,4,3200,1026,353,True,3184,5347.689382134342
ba,800,3184,3,8.0,776,417371312,399,6,4800,1052,371,True,3184,5347.689382134342
ba,800,3184,3,8.0,777,3045868349,385,5,4000,1076,383,True,3184,5347.689382134342
ba,800,3184,3,8.0,778,4176021523,389,4,3200,1066,375,True,3184,5347.689382134342
ba,800,3184,3,8.0,779,1684421802,348,5,4000,1033,403,True,3184,5347.689382134342
ba,800,3184,3,8.0,780,3606966205,377,6,4800,1061,370,True,3184,5347.689382134342
ba,800,3184,3,8.0,781,992412354,414,5,4000,1110,362,True,3184,5347.689382134342
ba,800,3184,3,8.0,782,1403113114,373,6,4800,1073,380,True,3184,5347.689382134342
ba,800,3184,3,8.0,783,321709654,382,5,4000,1024,381,True,3184,5347.689382134342
ba,800,3184,3,8.0,784,2226363766,386,5,4000,1036,371,True,3184,5347.689382134342
ba,800,3184,3,8.0,785,3683941837,382,4,3200,1077,387,True,3184,5347.689382134342
ba,800,3184,3,8.0,786,3568248333,364,3,2400,1026,373,True,3184,5347.689382134342
ba,800,3184,3,8.0,787,2770553472,339,4,3200,990,378,True,3184,5347.689382134342
ba,800,3184,3,8.0,788,737859399,376,4,3200,1067,378,True,3184,5347.689382134342
ba,800,3184,3,8.0,789,2073229551,368,5,4000,1035,384,True,3184,5347.689382134342
ba,800,3184,3,8.0,790,2800513377,364,5,4000,989,357,True,3184,5347.689382134342
ba,800,3184,3,8.0,791,3647276171,388,5,4000,1062,373,True,3184,5347.689382134342
ba,800,3184,3,8.0,792,4194872100,402,5,4000,1064,387,True,3184,5347.689382134342
ba,800,3184,3,8.0,793,1732488767,384,5,4000,1046,373,True,3184,5347.689382134342
ba,800,3184,3,8.0,794,1722381318,374,5,4000,1055,381,True,3184,5347.689382134342
ba,800,3184,3,8.0,795,1538696960,390,4,3200,1142,385,True,3184,5347.689382134342
ba,800,3184,3,8.0,796,560343959,396,5,4000,1056,377,True,3184,5347.689382134342
ba,800,3184,3,8.0,797,1951688935,405,5,4000,1072,392,True,3184,5347.689382134342
ba,800,3184,3,8.0,798,3800321543,354,4,3200,1050,386,True,3184,5347.689382134342
ba,800,3184,3,8.0,799,829060793,387,6,4800,1062,376,True,3184,5347.689382134342
ba,800,3184,3,8.0,800,52945234,388,6,4800,1070,404,True,3184,5347.689382134342
ba,800,3184,3,8.0,801,80773565,397,5,4000,1094,378,True,3184,5347.689382134342
ba,800,3184,3,8.0,802,286595523,365,4,3200,1060,363,True,3184,5347.689382134342
ba,800,3184,3,8.0,803,1043499397,372,4,3200,1052,405,True,3184,5347.689382134342
ba,800,3184,3,8.0,804,1783689747,365,6,4800,1077,393,True,3184,5347.689382134342
ba,800,3184,3,8.0,805,341861354,391,7,5600,1057,391,True,3184,5347.689382134342
ba,800,3184,3,8.0,806,1519283824,383,6,4800,1037,362,True,3184,5347.689382134342
ba,800,3184,3,8.0,807,1571562590,391,5,4000,1084,381,True,3184,5347.689382134342
ba,800,3184,3,8.0,808,303421680,378,5,4000,1025,371,True,3184,5347.689382134342
ba,800,3184,3,8.0,809,734688042,391,6,4800,1047,363,True,3184,5347.689382134342
ba,800,3184,3,8.0,810,2038444889,376,6,4800,1036,379,True,3184,5347.689382134342
ba,800,3184,3,8.0,811,3156965967,378,5,4000,1054,383,True,3184,5347.689382134342
ba,800,3184,3,8.0,812,739574834,404,5,4000,1086,379,True,3184,5347.689382134342
ba,800,3184,3,8.0,813,1771292918,380,5,4000,1035,369,True,3184,5347.689382134342
ba,800,3184,3,8.0,814,4294377002,350,4,3200,1049,413,True,3184,5347.689382134342
ba,800,3184,3,8.0,815,2779758941,380,5,4000,1053,389,True,3184,5347.689382134342
ba,800,3184,3,8.0,816,1478540352,404,5,4000,1112,392,True,3184,5347.689382134342
ba,800,3184,3,8.0,817,3422914340,403,5,4000,1081,357,True,3184,5347.689382134342
ba,800,3184,3,8.0,818,3320695833,377,5,4000,1044,379,True,3184,5347.689382134342
ba,800,3184,3,8.0,819,3684373214,367,5,4000,1063,375,True,3184,5347.689382134342
ba,800,3184,3,8.0,820,2378619552,379,4,3200,1074,388,True,3184,5347.689382134342
ba,800,3184,3,8.0,821,237750033,414,6,4800,1074,368,True,3184,5347.689382134342
ba,800,3184,3,8.0,822,714444665,374,5,4000,1038,380,True,3184,5347.689382134342
ba,800,3184,3,8.0,823,1564043196,392,5,4000,1057,374,True,3184,5347.689382134342
ba,800,3184,3,8.0,824,2598417955,350,5,4000,1034,387,True,3184,5347.689382134342
ba,800,3184,3,8.0,825,1301337982,369,5,4000,1063,384,True,3184,5347.689382134342
ba,800,3184,3,8.0,826,1455856715,387,5,4000,1067,384,True,3184,5347.689382134342
ba,800,3184,3,8.0,827,1003110861,369,4,3200,1045,363,True,3184,5347.689382134342
ba,800,3184,3,8.0,828,712045979,378,5,4000,1047,394,True,3184,5347.689382134342
ba,800,3184,3,8.0,829,1217579944,352,5,4000,1022,393,True,3184,5347.689382134342
ba,800,3184,3,8.0,830,1800705463,387,5,4000,1059,369,True,3184,5347.689382134342
ba,800,3184,3,8.0,831,4025612652,386,9,7200,1026,355,True,3184,5347.689382134342
ba,800,3184,3,8.0,832,4179842644,363,5,4000,1033,389,True,3184,5347.689382134342
ba,800,3184,3,8.0,833,1461424642,408,5,4000,1099,373,True,3184,5347.689382134342
ba,800,3184,3,8.0,834,4282117394,378,5,4000,1040,375,True,3184,5347.689382134342
ba,800,3184,3,8.0,835,3837504492,388,5,4000,1051,390,True,3184,5347.689382134342
ba,800,3184,3,8.0,836,638268036,386,5,4000,1076,389,True,3184,5347.689382134342
ba,800,3184,3,8.0,837,148791034,371,5,4000,1024,381,True,3184,5347.689382134342
ba,800,3184,3,8.0,838,4238059459,396,5,4000,1082,375,True,3184,5347.689382134342
ba,800,3184,3,8.0,839,3113951953,345,5,4000,1020,402,True,3184,5347.689382134342
ba,800,3184,3,8.0,840,3869538694,402,5,4000,1086,387,True,3184,5347.689382134342
ba,800,3184,3,8.0,841,1266676815,397,5,4000,1074,378,True,3184,5347.689382134342
ba,800,3184,3,8.0,842,2276843035,373,5,4000,1041,365,True,3184,5347.689382134342
ba,800,3184,3,8.0,843,2672456009,360,6,4800,1040,385,True,3184,5347.689382134342
ba,800,3184,3,8.0,844,99366981,382,5,4000,1035,379,True,3184,5347.689382134342
ba,800,3184,3,8.0,845,3275930123,369,5,4000,1072,405,True,3184,5347.689382134342
ba,800,3184,3,8.0,846,3651333059,377,5,4000,1056,387,True,3184,5347.689382134342
ba,800,3184,3,8.0,847,2538383868,422,5,4000,1107,376,True,3184,5347.689382134342
ba,800,3184,3,8.0,848,3151098044,396,6,4800,1079,367,True,3184,5347.689382134342
ba,800,3184,3,8.0,849,269340927,390,5,4000,1088,373,True,3184,5347.689382134342
ba,800,3184,3,8.0,850,3172709080,372,4,3200,1094,389,True,3184,5347.689382134342
ba,800,3184,3,8.0,851,2459789760,401,5,4000,1051,375,True,3184,5347.689382134342
ba,800,3184,3,8.0,852,2211850504,374,6,4800,1044,380,True,3184,5347.689382134342
ba,800,3184,3,8.0,853,237465046,385,7,5600,1072,385,True,3184,5347.689382134342
ba,800,3184,3,8.0,854,574483245,405,4,3200,1082,379,True,3184,5347.689382134342
ba,800,3184,3,8.0,855,2501188549,400,5,4000,1086,353,True,3184,5347.689382134342
ba,800,3184,3,8.0,856,2114351132,402,4,3200,1091,371,True,3184,5347.689382134342
ba,800,3184,3,8.0,857,3639939099,426,7,5600,1131,358,True,3184,5347.689382134342
ba,800,3184,3,8.0,858,3909032388,400,6,4800,1073,361,True,3184,5347.689382134342
ba,800,3184,3,8.0,859,3196402756,382,6,4800,1057,392,True,3184,5347.689382134342
ba,800,3184,3,8.0,860,1122856389,394,5,4000,1063,366,True,3184,5347.689382134342
ba,800,3184,3,8.0,861,32413392,386,5,4000,1034,361,True,3184,5347.689382134342
ba,800,3184,3,8.0,862,2866712341,345,5,4000,1019,382,True,3184,5347.689382134342
ba,800,3184,3,8.0,863,4267900925,368,5,4000,1057,357,True,3184,5347.689382134342
ba,800,3184,3,8.0,864,707655217,379,5,4000,1029,379,True,3184,5347.689382134342
ba,800,3184,3,8.0,865,3430504787,384,5,4000,1014,377,True,3184,5347.689382134342
ba,800,3184,3,8.0,866,536271000,361,5,4000,1043,375,True,3184,5347.689382134342
ba,800,3184,3,8.0,867,787964951,390,4,3200,1047,377,True,3184,5347.689382134342
ba,800,3184,3,8.0,868,1761691045,363,6,4800,1034,385,True,3184,5347.689382134342
ba,800,3184,3,8.0,869,961418975,353,5,4000,1045,395,True,3184,5347.689382134342
ba,800,3184,3,8.0,870,2462687881,352,4,3200,1053,391,True,3184,5347.689382134342
ba,800,3184,3,8.0,871,697697574,396,6,4800,1062,356,True,3184,5347.689382134342
ba,800,3184,3,8.0,872,2938873972,374,6,4800,1034,385,True,3184,5347.689382134342
ba,800,3184,3,8.0,873,3633680844,375,5,4000,1071,384,True,3184,5347.689382134342
ba,800,3184,3,8.0,874,748535152,384,7,5600,1069,401,True,3184,5347.689382134342
ba,800,3184,3,8.0,875,730666305,375,5,4000,1045,394,True,3184,5347.689382134342
ba,800,3184,3,8.0,876,292579032,396,7,5600,1051,351,True,3184,5347.689382134342
ba,800,3184,3,8.0,877,1027411944,391,5,4000,1096,369,True,3184,5347.689382134342
ba,800,3184,3,8.0,878,3183963230,395,6,4800,1050,340,True,3184,5347.689382134342
ba,800,3184,3,8.0,879,3762703162,416,4,3200,1090,390,True,3184,5347.689382134342
ba,800,3184,3,8.0,880,2253193527,370,6,4800,1121,383,True,3184,5347.689382134342
ba,800,3184,3,8.0,881,2135897276,376,4,3200,1060,377,True,3184,5347.689382134342
ba,800,3184,3,8.0,882,1992252842,377,5,4000,1056,397,True,3184,5347.689382134342
ba,800,3184,3,8.0,883,870504819,397,4,3200,1099,393,True,3184,5347.689382134342
ba,800,3184,3,8.0,884,3019379203,398,5,4000,1074,357,True,3184,5347.689382134342
ba,800,3184,3,8.0,885,3066347508,382,4,3200,1063,383,True,3184,5347.689382134342
ba,800,3184,3,8.0,886,1142891299,397,4,3200,1092,368,True,3184,5347.689382134342
ba,800,3184,3,8.0,887,3769912160,371,4,3200,1055,382,True,3184,5347.689382134342
ba,800,3184,3,8.0,888,2007785773,403,5,4000,1064,374,True,3184,5347.689382134342
ba,800,3184,3,8.0,889,3522159139,378,4,3200,1058,381,True,3184,5347.689382134342
ba,800,3184,3,8.0,890,2593019142,372,4,3200,1022,381,True,3184,5347.689382134342
ba,800,3184,3,8.0,891,2859856597,385,5,4000,1065,373,True,3184,5347.689382134342
ba,800,3184,3,8.0,892,1532354399,388,5,4000,1064,379,True,3184,5347.689382134342
ba,800,3184,3,8.0,893,3926092813,397,6,4800,1069,355,True,3184,5347.689382134342
ba,800,3184,3,8.0,894,3193460324,394,5,4000,1043,341,True,3184,5347.689382134342
ba,800,3184,3,8.0,895,3576525235,369,5,4000,1068,389,True,3184,5347.689382134342
ba,800,3184,3,8.0,896,1967544118,359,4,3200,1008,373,True,3184,5347.689382134342
ba,800,3184,3,8.0,897,3034479169,356,6,4800,1050,393,True,3184,5347.689382134342
ba,800,3184,3,8.0,898,2600102174,401,5,4000,1096,367,True,3184,5347.689382134342
ba,800,3184,3,8.0,899,260778298,359,4,3200,1020,379,True,3184,5347.689382134342
ba,800,3184,3,8.0,900,4011564127,394,6,4800,1061,372,True,3184,5347.689382134342
ba,800,3184,3,8.0,901,3884649962,400,5,4000,1056,368,True,3184,5347.689382134342
ba,800,3184,3,8.0,902,1906092289,361,4,3200,1053,405,True,3184,5347.689382134342
ba,800,3184,3,8.0,903,1987957433,389,6,4800,1078,379,True,3184,5347.689382134342
ba,800,3184,3,8.0,904,852287880,383,6,4800,1033,382,True,3184,5347.689382134342
ba,800,3184,3,8.0,905,2442169305,375,4,3200,1090,371,True,3184,5347.689382134342
ba,800,3184,3,8.0,906,2147963579,401,6,4800,1047,371,True,3184,5347.689382134342
ba,800,3184,3,8.0,907,303073854,377,6,4800,1067,346,True,3184,5347.689382134342
ba,800,3184,3,8.0,908,1547754994,379,5,4000,1045,353,True,3184,5347.689382134342
ba,800,3184,3,8.0,909,2634773239,359,4,3200,1031,399,True,3184,5347.689382134342
ba,800,3184,3,8.0,910,2535392266,342,7,5600,1028,420,True,3184,5347.689382134342
ba,800,3184,3,8.0,911,620419635,387,5,4000,1064,381,True,3184,5347.689382134342
ba,800,3184,3,8.0,912,3044681650,402,7,5600,1053,365,True,3184,5347.689382134342
ba,800,3184,3,8.0,913,1011260544,396,5,4000,1061,388,True,3184,5347.689382134342
ba,800,3184,3,8.0,914,1947118260,406,6,4800,1067,366,True,3184,5347.689382134342
ba,800,3184,3,8.0,915,4259860325,390,6,4800,1047,355,True,3184,5347.689382134342
ba,800,3184,3,8.0,916,3024303290,397,5,4000,1100,357,True,3184,5347.689382134342
ba,800,3184,3,8.0,917,3933410366,392,5,4000,1111,367,True,3184,5347.689382134342
ba,800,3184,3,8.0,918,2572677963,392,8,6400,1063,388,True,3184,5347.689382134342
ba,800,3184,3,8.0,919,3438593140,394,4,3200,1049,362,True,3184,5347.689382134342
ba,800,3184,3,8.0,920,1410277728,379,4,3200,1086,374,True,3184,5347.689382134342
ba,800,3184,3,8.0,921,238238987,395,6,4800,1103,366,True,3184,5347.689382134342
ba,800,3184,3,8.0,922,3970696167,391,5,4000,1112,386,True,3184,5347.689382134342
ba,800,3184,3,8.0,923,2704357634,394,6,4800,1077,393,True,3184,5347.689382134342
ba,800,3184,3,8.0,924,2114242597,366,7,5600,1025,375,True,3184,5347.689382134342
ba,800,3184,3,8.0,925,3138049219,372,4,3200,1026,382,True,3184,5347.689382134342
ba,800,3184,3,8.0,926,2080554301,375,4,3200,1062,378,True,3184,5347.689382134342
ba,800,3184,3,8.0,927,852225374,389,5,4000,1085,378,True,3184,5347.689382134342
ba,800,3184,3,8.0,928,1594778373,357,4,3200,1016,387,True,3184,5347.689382134342
ba,800,3184,3,8.0,929,3998382667,368,5,4000,1041,355,True,3184,5347.689382134342
ba,800,3184,3,8.0,930,2446850481,377,5,4000,1109,390,True,3184,5347.689382134342
ba,800,3184,3,8.0,931,624836394,374,4,3200,1101,392,True,3184,5347.689382134342
ba,800,3184,3,8.0,932,457377610,403,4,3200,1084,369,True,3184,5347.689382134342
ba,800,3184,3,8.0,933,2575958245,375,6,4800,1019,364,True,3184,5347.689382134342
ba,800,3184,3,8.0,934,2069154135,366,4,3200,1074,402,True,3184,5347.689382134342
ba,800,3184,3,8.0,935,2085050129,387,5,4000,1073,378,True,3184,5347.689382134342
ba,800,3184,3,8.0,936,1936688611,393,4,3200,1087,366,True,3184,5347.689382134342
ba,800,3184,3,8.0,937,3459478180,366,5,4000,1031,400,True,3184,5347.689382134342
ba,800,3184,3,8.0,938,4235821527,385,4,3200,1034,364,True,3184,5347.689382134342
ba,800,3184,3,8.0,939,3643580519,410,4,3200,1046,369,True,3184,5347.689382134342
ba,800,3184,3,8.0,940,428651528,432,5,4000,1105,366,True,3184,5347.689382134342
ba,800,3184,3,8.0,941,1029188277,400,6,4800,1106,378,True,3184,5347.689382134342
ba,800,3184,3,8.0,942,3746132859,405,5,4000,1089,353,True,3184,5347.689382134342
ba,800,3184,3,8.0,943,2360812150,380,5,4000,1056,366,True,3184,5347.689382134342
ba,800,3184,3,8.0,944,3459413729,397,5,4000,1042,386,True,3184,5347.689382134342
ba,800,3184,3,8.0,945,3541669851,399,5,4000,1070,356,True,3184,5347.689382134342
ba,800,3184,3,8.0,946,2523991597,366,4,3200,1026,397,True,3184,5347.689382134342
ba,800,3184,3,8.0,947,2531872179,370,5,4000,1051,390,True,3184,5347.689382134342
ba,800,3184,3,8.0,948,228054524,357,4,3200,1035,378,True,3184,5347.689382134342
ba,800,3184,3,8.0,949,259149535,357,4,3200,1050,405,True,3184,5347.689382134342
ba,800,3184,3,8.0,950,1315607837,406,9,7200,1059,350,True,3184,5347.689382134342
ba,800,3184,3,8.0,951,2563174589,373,4,3200,1049,370,True,3184,5347.689382134342
ba,800,3184,3,8.0,952,469636024,402,5,4000,1097,384,True,3184,5347.689382134342
ba,800,3184,3,8.0,953,4083800442,366,4,3200,1063,385,True,3184,5347.689382134342
ba,800,3184,3,8.0,954,4069589398,348,5,4000,1016,400,True,3184,5347.689382134342
ba,800,3184,3,8.0,955,2785722037,381,6,4800,1089,384,True,3184,5347.689382134342
ba,800,3184,3,8.0,956,1953060123,400,5,4000,1093,394,True,3184,5347.689382134342
ba,800,3184,3,8.0,957,428637488,358,5,4000,1045,395,True,3184,5347.689382134342
ba,800,3184,3,8.0,958,1884555407,371,5,4000,1039,386,True,3184,5347.689382134342
ba,800,3184,3,8.0,959,875169544,408,5,4000,1090,360,True,3184,5347.689382134342
ba,800,3184,3,8.0,960,1987814032,374,6,4800,1032,363,True,3184,5347.689382134342
ba,800,3184,3,8.0,961,206745542,433,6,4800,1093,365,True,3184,5347.689382134342
ba,800,3184,3,8.0,962,275542934,370,4,3200,1050,374,True,3184,5347.689382134342
ba,800,3184,3,8.0,963,2306993695,386,5,4000,1035,364,True,3184,5347.689382134342
ba,800,3184,3,8.0,964,1390813404,357,5,4000,1037,399,True,3184,5347.689382134342
ba,800,3184,3,8.0,965,325216522,375,5,4000,1057,374,True,3184,5347.689382134342
ba,800,3184,3,8.0,966,242676657,381,5,4000,1019,376,True,3184,5347.689382134342
ba,800,3184,3,8.0,967,3331962701,375,5,4000,1065,375,True,3184,5347.689382134342
ba,800,3184,3,8.0,968,2805981736,393,5,4000,1065,368,True,3184,5347.689382134342
ba,800,3184,3,8.0,969,2306696043,398,7,5600,1042,370,True,3184,5347.689382134342
ba,800,3184,3,8.0,970,2798882760,387,4,3200,1045,371,True,3184,5347.689382134342
ba,800,3184,3,8.0,971,2310068993,373,5,4000,1046,386,True,3184,5347.689382134342
ba,800,3184,3,8.0,972,865710715,395,4,3200,1058,356,True,3184,5347.689382134342
ba,800,3184,3,8.0,973,3607997579,411,6,4800,1073,377,True,3184,5347.689382134342
ba,800,3184,3,8.0,974,1661521633,408,5,4000,1102,370,True,3184,5347.689382134342
ba,800,3184,3,8.0,975,3056274022,364,5,4000,1020,367,True,3184,5347.689382134342
ba,800,3184,3,8.0,976,3327558935,414,5,4000,1104,355,True,3184,5347.689382134342
ba,800,3184,3,8.0,977,308847032,374,5,4000,1046,380,True,3184,5347.689382134342
ba,800,3184,3,8.0,978,1116876167,375,6,4800,1035,368,True,3184,5347.689382134342
ba,800,3184,3,8.0,979,3470803677,350,5,4000,1020,379,True,3184,5347.689382134342
ba,800,3184,3,8.0,980,2141817510,385,5,4000,1084,383,True,3184,5347.689382134342
ba,800,3184,3,8.0,981,512236124,394,4,3200,1061,367,True,3184,5347.689382134342
ba,800,3184,3,8.0,982,937014296,384,7,5600,1070,379,True,3184,5347.689382134342
ba,800,3184,3,8.0,983,286446260,400,6,4800,1050,343,True,3184,5347.689382134342
ba,800,3184,3,8.0,984,4012739184,392,5,4000,1111,380,True,3184,5347.689382134342
ba,800,3184,3,8.0,985,2102262754,371,5,4000,1071,390,True,3184,5347.689382134342
ba,800,3184,3,8.0,986,1514317636,370,5,4000,1025,365,True,3184,5347.689382134342
ba,800,3184,3,8.0,987,247173416,371,5,4000,1043,377,True,3184,5347.689382134342
ba,800,3184,3,8.0,988,472866323,389,5,4000,1109,377,True,3184,5347.689382134342
ba,800,3184,3,8.0,989,2299210140,359,5,4000,1059,388,True,3184,5347.689382134342
ba,800,3184,3,8.0,990,1424407520,403,5,4000,1081,369,True,3184,5347.689382134342
ba,800,3184,3,8.0,991,522527877,379,5,4000,1062,401,True,3184,5347.689382134342
ba,800,3184,3,8.0,992,1659984008,360,5,4000,1058,407,True,3184,5347.689382134342
ba,800,3184,3,8.0,993,1048744709,399,5,4000,1106,371,True,3184,5347.689382134342
ba,800,3184,3,8.0,994,3817821796,384,5,4000,1078,367,True,3184,5347.689382134342
ba,800,3184,3,8.0,995,2177648409,397,7,5600,1089,371,True,3184,5347.689382134342
ba,800,3184,3,8.0,996,2739355708,409,5,4000,1063,363,True,3184,5347.689382134342
ba,800,3184,3,8.0,997,3839816758,361,5,4000,1031,364,True,3184,5347.689382134342
ba,800,3184,3,8.0,998,2940165073,373,5,4000,1039,382,True,3184,5347.689382134342
ba,800,3184,3,8.0,999,492200177,390,5,4000,1040,400,True,3184,5347.689382134342
